Source Page,Link,Status,Link Text
"https://cucatalog.org/polaris/default.aspx?ctx=6.1033.0.0.5","https://cucatalog.org/polaris/view.aspx?CN=2607551",404,"The steps : a memoir"
"https://cucatalog.org/polaris/default.aspx?ctx=6.1033.0.0.5","https://cucatalog.org/polaris/view.aspx?CN=2642532",404,"Racist by design : two centuries of U.S. immigr..."
"https://cucatalog.org/polaris/default.aspx?ctx=6.1033.0.0.5","https://cucatalog.org/polaris/view.aspx?CN=2645261",404,"Work in progress : a memoir"
"https://cucatalog.org/polaris/default.aspx?ctx=6.1033.0.0.5","https://cucatalog.org/polaris/view.aspx?CN=2638603",404,"Ply"
"https://cucatalog.org/polaris/default.aspx?ctx=6.1033.0.0.5","https://cucatalog.org/polaris/view.aspx?CN=2647703",404,"Interiors : curated spaces from start to finish"
"https://cucatalog.org/polaris/default.aspx?ctx=6.1033.0.0.5","https://cucatalog.org/polaris/view.aspx?CN=2642153",404,"This cursed beautiful land : a Russian-American..."
"https://cucatalog.org/polaris/default.aspx?ctx=6.1033.0.0.5","https://cucatalog.org/polaris/view.aspx?CN=2633869",404,"Astarion"
"https://cucatalog.org/polaris/default.aspx?ctx=6.1033.0.0.5","https://cucatalog.org/polaris/view.aspx?CN=2638567",404,"Forged in FIYAH : celebrating ten years of Blac..."
"https://cucatalog.org/polaris/default.aspx?ctx=6.1033.0.0.5","https://cucatalog.org/polaris/view.aspx?CN=2659862",404,"The American way of killing : the invention of ..."
"https://cucatalog.org/polaris/default.aspx?ctx=6.1033.0.0.5","https://cucatalog.org/polaris/view.aspx?CN=2642128",404,"The cauldron : the making of the modern Middle ..."
"https://cucatalog.org/polaris/default.aspx?ctx=6.1033.0.0.5","https://cucatalog.org/polaris/view.aspx?CN=2638600",404,"Dodge City : a novel"
"https://cucatalog.org/polaris/default.aspx?ctx=6.1033.0.0.5","https://cucatalog.org/polaris/view.aspx?CN=2645922",404,"Come closer : childhood wounds, adult love, and..."
"https://cucatalog.org/polaris/default.aspx?ctx=6.1033.0.0.5","https://cucatalog.org/polaris/view.aspx?CN=2647253",404,"Threshing day"
"https://cucatalog.org/polaris/default.aspx?ctx=6.1033.0.0.5","https://cucatalog.org/polaris/view.aspx?CN=2638684",404,"Fallen rook"
"https://cucatalog.org/polaris/default.aspx?ctx=6.1033.0.0.5","https://cucatalog.org/polaris/view.aspx?CN=2635134",404,"Countdown to Christmas murder"
"https://cucatalog.org/polaris/default.aspx?ctx=6.1033.0.0.5","https://cucatalog.org/polaris/view.aspx?CN=2642980",404,"Second generation blues"
"https://cucatalog.org/polaris/default.aspx?ctx=6.1033.0.0.5","https://cucatalog.org/polaris/view.aspx?CN=2647321",404,"You've seen me before : over 700 roles and 70 y..."
"https://cucatalog.org/polaris/default.aspx?ctx=6.1033.0.0.5","https://cucatalog.org/polaris/view.aspx?CN=2648012",404,"May we feed the king"
"https://cucatalog.org/polaris/default.aspx?ctx=6.1033.0.0.5","https://cucatalog.org/polaris/view.aspx?CN=2638597",404,"London station : a novel"
"https://cucatalog.org/polaris/default.aspx?ctx=6.1033.0.0.5","https://cucatalog.org/polaris/view.aspx?CN=2644129",404,"Solace house"
"https://cucatalog.org/polaris/default.aspx?ctx=6.1033.0.0.5","https://cucatalog.org/polaris/view.aspx?CN=2634321",404,"Hollywood, ending"
"https://cucatalog.org/polaris/default.aspx?ctx=6.1033.0.0.5","https://cucatalog.org/polaris/view.aspx?CN=2634322",404,"American hagwon"
"https://cucatalog.org/polaris/default.aspx?ctx=6.1033.0.0.5","https://cucatalog.org/polaris/view.aspx?CN=2647282",404,"Heavy cream"
"https://cucatalog.org/polaris/default.aspx?ctx=6.1033.0.0.5","https://cucatalog.org/polaris/view.aspx?CN=2634320",404,"Exit party : a novel"
"https://cucatalog.org/polaris/default.aspx?ctx=6.1033.0.0.5","https://cucatalog.org/polaris/view.aspx?CN=2642156",404,"Bake anything : essential recipes and technique..."
"https://cucatalog.org/polaris/default.aspx?ctx=6.1033.0.0.5","https://cucatalog.org/polaris/view.aspx?CN=2638607",404,"Sophie, standing there"
"https://cucatalog.org/polaris/default.aspx?ctx=6.1033.0.0.5","https://cucatalog.org/polaris/view.aspx?CN=2640047",404,"The gates of midnight : A novel of the golem an..."
"https://cucatalog.org/polaris/default.aspx?ctx=6.1033.0.0.5","https://cucatalog.org/polaris/view.aspx?CN=2635136",404,"A critical conjunction"
"https://cucatalog.org/polaris/default.aspx?ctx=6.1033.0.0.5","https://cucatalog.org/polaris/view.aspx?CN=2633909",404,"Ruthless : a novel"
"https://cucatalog.org/polaris/default.aspx?ctx=6.1033.0.0.5","https://cucatalog.org/polaris/view.aspx?CN=2638576",404,"The dying light"
"https://cucatalog.org/polaris/default.aspx?ctx=6.1033.0.0.5","https://cucatalog.org/polaris/view.aspx?CN=2634330",404,"A season of secrets"
"https://cucatalog.org/polaris/default.aspx?ctx=6.1033.0.0.5","https://cucatalog.org/polaris/view.aspx?CN=2625912",404,"The French illusion"
"https://cucatalog.org/polaris/default.aspx?ctx=6.1033.0.0.5","https://cucatalog.org/polaris/view.aspx?CN=2644267",404,"Fictional selves : a memoir"
"https://cucatalog.org/polaris/default.aspx?ctx=6.1033.0.0.5","https://cucatalog.org/polaris/view.aspx?CN=2645246",404,"Artificial intimacy : who we become when we tal..."
"https://cucatalog.org/polaris/default.aspx?ctx=6.1033.0.0.5","https://cucatalog.org/polaris/view.aspx?CN=2638598",404,"Mestra : a short story"
"https://cucatalog.org/polaris/default.aspx?ctx=6.1033.0.0.5","https://cucatalog.org/polaris/view.aspx?CN=2640956",404,"Invisible List : one passion a year, every year"
"https://cucatalog.org/polaris/default.aspx?ctx=6.1033.0.0.5","https://cucatalog.org/polaris/view.aspx?CN=2638570",404,"The ghost and the dead librarian"
"https://cucatalog.org/polaris/default.aspx?ctx=6.1033.0.0.5","https://cucatalog.org/polaris/view.aspx?CN=2644288",404,"In our hands : a maker's manifesto for changing..."
"https://cucatalog.org/polaris/default.aspx?ctx=6.1033.0.0.5","https://cucatalog.org/polaris/view.aspx?CN=2648646",404,"I shoot rock stars : the wild adventures of a m..."
"https://cucatalog.org/polaris/default.aspx?ctx=6.1033.0.0.5","https://cucatalog.org/polaris/view.aspx?CN=2634331",404,"Galinda : a charmed childhood"
"https://cucatalog.org/polaris/default.aspx?ctx=6.1033.0.0.5","https://cucatalog.org/polaris/view.aspx?CN=2635137",404,"Murder at the Grand Alpine Hotel"
"https://cucatalog.org/polaris/default.aspx?ctx=6.1033.0.0.5","https://cucatalog.org/polaris/view.aspx?CN=2645592",404,"My super duper me"
"https://cucatalog.org/polaris/default.aspx?ctx=6.1033.0.0.5","https://cucatalog.org/polaris/view.aspx?CN=2644450",404,"The great pumpkin pancake party"
"https://cucatalog.org/polaris/default.aspx?ctx=6.1033.0.0.5","https://cucatalog.org/polaris/view.aspx?CN=2645600",404,"Shy"
"https://cucatalog.org/polaris/default.aspx?ctx=6.1033.0.0.5","https://cucatalog.org/polaris/view.aspx?CN=2596423",404,"Zimmy : the human fish"
"https://cucatalog.org/polaris/default.aspx?ctx=6.1033.0.0.5","https://cucatalog.org/polaris/view.aspx?CN=2647348",404,"Owls make terrible teachers!!"
"https://cucatalog.org/polaris/default.aspx?ctx=6.1033.0.0.5","https://cucatalog.org/polaris/view.aspx?CN=2651146",404,"Sketch"
"https://cucatalog.org/polaris/default.aspx?ctx=6.1033.0.0.5","https://cucatalog.org/polaris/view.aspx?CN=2626403",404,"The shark prince"
"https://cucatalog.org/polaris/default.aspx?ctx=6.1033.0.0.5","https://cucatalog.org/polaris/view.aspx?CN=2644467",404,"Ghost town in the mountains"
"https://cucatalog.org/polaris/default.aspx?ctx=6.1033.0.0.5","https://cucatalog.org/polaris/view.aspx?CN=2634226",404,"Tomato, tomato, tomato!"
"https://cucatalog.org/polaris/default.aspx?ctx=6.1033.0.0.5","https://cucatalog.org/polaris/view.aspx?CN=2643464",404,"The skeleton and the cat"
"https://cucatalog.org/polaris/default.aspx?ctx=6.1033.0.0.5","https://cucatalog.org/polaris/view.aspx?CN=2647346",404,"Hammers, drills & wrenches"
"https://cucatalog.org/polaris/default.aspx?ctx=6.1033.0.0.5","https://cucatalog.org/polaris/view.aspx?CN=2638384",404,"The travelers"
"https://cucatalog.org/polaris/default.aspx?ctx=6.1033.0.0.5","https://cucatalog.org/polaris/view.aspx?CN=1261833",404,"Beneath the bed and other scary stories"
"https://cucatalog.org/polaris/default.aspx?ctx=6.1033.0.0.5","https://cucatalog.org/polaris/view.aspx?CN=2645606",404,"Vlad is mad!"
"https://cucatalog.org/polaris/default.aspx?ctx=6.1033.0.0.5","https://cucatalog.org/polaris/view.aspx?CN=2646233",404,"Boooo fantasma : a spooky bilingual Halloween b..."
"https://cucatalog.org/polaris/default.aspx?ctx=6.1033.0.0.5","https://cucatalog.org/polaris/view.aspx?CN=2652438",404,"Pumpkin smash"
"https://cucatalog.org/polaris/default.aspx?ctx=6.1033.0.0.5","https://cucatalog.org/polaris/view.aspx?CN=2635301",404,"The Hungry Forest"
"https://cucatalog.org/polaris/default.aspx?ctx=6.1033.0.0.5","https://cucatalog.org/polaris/view.aspx?CN=2651140",404,"Crimes through time : mischief, missteps & dast..."
"https://cucatalog.org/polaris/default.aspx?ctx=6.1033.0.0.5","https://cucatalog.org/polaris/view.aspx?CN=2631730",404,"The case of the pilfered pearls"
"https://cucatalog.org/polaris/default.aspx?ctx=6.1033.0.0.5","https://cucatalog.org/polaris/view.aspx?CN=2644449",404,"A witch lives here"
"https://cucatalog.org/polaris/default.aspx?ctx=6.1033.0.0.5","https://cucatalog.org/polaris/view.aspx?CN=2612354",404,"The man in motion : how Rick Hansen's World Tou..."
"https://cucatalog.org/polaris/default.aspx?ctx=6.1033.0.0.5","https://cucatalog.org/polaris/view.aspx?CN=2645573",404,"The next shiny object"
"https://cucatalog.org/polaris/default.aspx?ctx=6.1033.0.0.5","https://cucatalog.org/polaris/view.aspx?CN=2647350",404,"Hand-me-down"
"https://cucatalog.org/polaris/default.aspx?ctx=6.1033.0.0.5","https://cucatalog.org/polaris/view.aspx?CN=2645578",404,"Three little witches and the spooky old house"
"https://cucatalog.org/polaris/default.aspx?ctx=6.1033.0.0.5","https://cucatalog.org/polaris/view.aspx?CN=2644433",404,"To knit a ghost"
"https://cucatalog.org/polaris/default.aspx?ctx=6.1033.0.0.5","https://cucatalog.org/polaris/view.aspx?CN=2622857",404,"A doctor at heart : the story of groundbreaking..."
"https://cucatalog.org/polaris/default.aspx?ctx=6.1033.0.0.5","https://cucatalog.org/polaris/view.aspx?CN=2650996",404,"Science encyclopedia : atom smashing, food chem..."
"https://cucatalog.org/polaris/default.aspx?ctx=6.1033.0.0.5","https://cucatalog.org/polaris/view.aspx?CN=2542087",404,"Worm makes a sandwich"
"https://cucatalog.org/polaris/default.aspx?ctx=6.1033.0.0.5","https://cucatalog.org/polaris/view.aspx?CN=2645584",404,"Cat's Halloween"
"https://cucatalog.org/polaris/default.aspx?ctx=6.1033.0.0.5","https://cucatalog.org/polaris/view.aspx?CN=2631904",404,"Bat planet : the mysterious life of the creatur..."
"https://cucatalog.org/polaris/default.aspx?ctx=6.1033.0.0.5","https://cucatalog.org/polaris/view.aspx?CN=2651141",404,"Ants work together"
"https://cucatalog.org/polaris/default.aspx?ctx=6.1033.0.0.5","https://cucatalog.org/polaris/view.aspx?CN=2626673",404,"What kind of queen? : a royal biography of drag..."
"https://cucatalog.org/polaris/default.aspx?ctx=6.1033.0.0.5","https://cucatalog.org/polaris/view.aspx?CN=2646240",404,"The space race"
"https://cucatalog.org/polaris/default.aspx?ctx=6.1033.0.0.5","https://cucatalog.org/polaris/view.aspx?CN=2644447",404,"School spirits"
"https://cucatalog.org/polaris/default.aspx?ctx=6.1033.0.0.5","https://cucatalog.org/polaris/view.aspx?CN=2631889",404,"B is for bibliophile"
"https://cucatalog.org/polaris/default.aspx?ctx=6.1033.0.0.5","https://cucatalog.org/polaris/view.aspx?CN=2645587",404,"Gifts from crows"
"https://cucatalog.org/polaris/default.aspx?ctx=6.1033.0.0.5","https://cucatalog.org/polaris/view.aspx?CN=2645609",404,"If the moon"
"https://cucatalog.org/polaris/default.aspx?ctx=6.1033.0.0.5","https://cucatalog.org/polaris/view.aspx?CN=2631911",404,"Ancient Greek gods and goddesses"
"https://cucatalog.org/polaris/default.aspx?ctx=6.1033.0.0.5","https://cucatalog.org/polaris/view.aspx?CN=2651130",404,"Love veggies with Jamie Oliver! : see it, say i..."
"https://cucatalog.org/polaris/default.aspx?ctx=6.1033.0.0.5","https://cucatalog.org/polaris/view.aspx?CN=2628539",404,"Cowgirl dreaming"
"https://cucatalog.org/polaris/default.aspx?ctx=6.1033.0.0.5","https://cucatalog.org/polaris/view.aspx?CN=2654415",404,"Our spectacular sukkah"
"https://cucatalog.org/polaris/default.aspx?ctx=6.1033.0.0.5","https://cucatalog.org/polaris/view.aspx?CN=2622786",404,"The nature of our national parks"
"https://cucatalog.org/polaris/default.aspx?ctx=6.1033.0.0.5","https://cucatalog.org/polaris/view.aspx?CN=2633779",404,"Sneaks"
"https://cucatalog.org/polaris/default.aspx?ctx=6.1033.0.0.5","https://cucatalog.org/polaris/view.aspx?CN=2651132",404,"The fib"
"https://cucatalog.org/polaris/default.aspx?ctx=6.1033.0.0.5","https://cucatalog.org/polaris/view.aspx?CN=2656167",404,"Pumpkin on a vine"
"https://cucatalog.org/polaris/default.aspx?ctx=6.1033.0.0.5","https://cucatalog.org/polaris/view.aspx?CN=2643030",404,"Hearts on the table"
"https://cucatalog.org/polaris/default.aspx?ctx=6.1033.0.0.5","https://cucatalog.org/polaris/view.aspx?CN=2645639",404,"We run the night"
"https://cucatalog.org/polaris/default.aspx?ctx=6.1033.0.0.5","https://cucatalog.org/polaris/view.aspx?CN=2643057",404,"Traitors' nest"
"https://cucatalog.org/polaris/default.aspx?ctx=6.1033.0.0.5","https://cucatalog.org/polaris/view.aspx?CN=2643018",404,"A season for falling"
"https://cucatalog.org/polaris/default.aspx?ctx=6.1033.0.0.5","https://cucatalog.org/polaris/view.aspx?CN=2645614",404,"Our dark unraveling"
"https://cucatalog.org/polaris/default.aspx?ctx=6.1033.0.0.5","https://cucatalog.org/polaris/view.aspx?CN=2643025",404,"Heart of thieves"
"https://cucatalog.org/polaris/default.aspx?ctx=6.1033.0.0.5","https://cucatalog.org/polaris/view.aspx?CN=2643053",404,"Escape me"
"https://cucatalog.org/polaris/default.aspx?ctx=6.1033.0.0.5","https://cucatalog.org/polaris/view.aspx?CN=2645629",404,"Deadly little lessons"
"https://cucatalog.org/polaris/default.aspx?ctx=6.1033.0.0.5","https://cucatalog.org/polaris/view.aspx?CN=2645646",404,"A thousand nights"
"https://cucatalog.org/polaris/default.aspx?ctx=6.1033.0.0.5","https://cucatalog.org/polaris/view.aspx?CN=2659528",404,"What feeds below"
"https://cucatalog.org/polaris/default.aspx?ctx=6.1033.0.0.5","https://cucatalog.org/polaris/view.aspx?CN=2643017",404,"Exchanged"
"https://cucatalog.org/polaris/default.aspx?ctx=6.1033.0.0.5","https://cucatalog.org/polaris/view.aspx?CN=2643042",404,"A taste of somewhere else"
"https://cucatalog.org/polaris/default.aspx?ctx=6.1033.0.0.5","https://cucatalog.org/polaris/view.aspx?CN=2643056",404,"Fight song"
"https://cucatalog.org/polaris/default.aspx?ctx=6.1033.0.0.5","https://cucatalog.org/polaris/view.aspx?CN=2659299",404,"Empire"
"https://cucatalog.org/polaris/default.aspx?ctx=6.1033.0.0.5","https://cucatalog.org/polaris/view.aspx?CN=2645641",404,"The velvet knife"
"https://cucatalog.org/polaris/default.aspx?ctx=6.1033.0.0.5","https://cucatalog.org/polaris/view.aspx?CN=2645655",404,"Don't print this"
"https://cucatalog.org/polaris/default.aspx?ctx=6.1033.0.0.5","https://cucatalog.org/polaris/view.aspx?CN=2643051",404,"Foreigners"
"https://cucatalog.org/polaris/default.aspx?ctx=6.1033.0.0.5","https://cucatalog.org/polaris/view.aspx?CN=2643004",404,"Feeling like an ADHD alien"
"https://cucatalog.org/polaris/default.aspx?ctx=6.1033.0.0.5","https://cucatalog.org/polaris/view.aspx?CN=2643050",404,"Adam, mine"
"https://cucatalog.org/polaris/default.aspx?ctx=6.1033.0.0.5","https://cucatalog.org/polaris/view.aspx?CN=2643044",404,"The girl in green"
"https://cucatalog.org/polaris/default.aspx?ctx=6.1033.0.0.5","https://cucatalog.org/polaris/view.aspx?CN=2645656",404,"A dangerous bargain"
"https://cucatalog.org/polaris/default.aspx?ctx=6.1033.0.0.5","https://cucatalog.org/polaris/view.aspx?CN=2638380",404,"Anger is only a shadow"
"https://cucatalog.org/polaris/default.aspx?ctx=6.1033.0.0.5","https://cucatalog.org/polaris/view.aspx?CN=2643043",404,"Winterveil"
"https://cucatalog.org/polaris/default.aspx?ctx=6.1033.0.0.5","https://cucatalog.org/polaris/view.aspx?CN=2655266",404,"War"
"https://cucatalog.org/polaris/default.aspx?ctx=6.1033.0.0.5","https://cucatalog.org/polaris/view.aspx?CN=2656658",404,"The mirror of infinite endings"
"https://cucatalog.org/polaris/default.aspx?ctx=6.1033.0.0.5","https://cucatalog.org/polaris/view.aspx?CN=2643034",404,"Ashes at the altar"
"https://cucatalog.org/polaris/default.aspx?ctx=6.1033.0.0.5","https://cucatalog.org/polaris/view.aspx?CN=2645616",404,"Children of Owl"
"https://cucatalog.org/polaris/default.aspx?ctx=6.1033.0.0.5","https://cucatalog.org/polaris/view.aspx?CN=2650591",404,"Trust fall"
"https://cucatalog.org/polaris/default.aspx?ctx=6.1033.0.0.5","https://cucatalog.org/polaris/view.aspx?CN=2657994",404,"To our untamed core"
"https://cucatalog.org/polaris/default.aspx?ctx=6.1033.0.0.5","https://cucatalog.org/polaris/view.aspx?CN=2642978",404,"Too hot to tango"
"https://cucatalog.org/polaris/default.aspx?ctx=6.1033.0.0.5","https://cucatalog.org/polaris/view.aspx?CN=2645627",404,"The house of gardenias"
"https://cucatalog.org/polaris/default.aspx?ctx=6.1033.0.0.5","https://cucatalog.org/polaris/view.aspx?CN=2643029",404,"Styx : the river"
"https://cucatalog.org/polaris/default.aspx?ctx=6.1033.0.0.5","https://cucatalog.org/polaris/view.aspx?CN=2656657",404,"Demonology for overachievers"
"https://cucatalog.org/polaris/default.aspx?ctx=6.1033.0.0.5","https://cucatalog.org/polaris/view.aspx?CN=2643020",404,"Espíritu"
"https://cucatalog.org/polaris/default.aspx?ctx=6.1033.0.0.5","https://cucatalog.org/polaris/view.aspx?CN=2645625",404,"My own kind of person"
"https://cucatalog.org/polaris/default.aspx?ctx=6.1033.0.0.5","https://cucatalog.org/polaris/view.aspx?CN=2464440",404,"Latinoland : a portrait of America's largest an..."
"https://cucatalog.org/polaris/default.aspx?ctx=6.1033.0.0.5","https://cucatalog.org/polaris/view.aspx?CN=2417750",404,"The sun and the void"
"https://cucatalog.org/polaris/default.aspx?ctx=6.1033.0.0.5","https://cucatalog.org/polaris/view.aspx?CN=2361458",404,"Harvest of empire : a history of Latinos in Ame..."
"https://cucatalog.org/polaris/default.aspx?ctx=6.1033.0.0.5","https://cucatalog.org/polaris/view.aspx?CN=2492913",404,"The ballad of Roy Benavidez : the life and time..."
"https://cucatalog.org/polaris/default.aspx?ctx=6.1033.0.0.5","https://cucatalog.org/polaris/view.aspx?CN=2398829",404,"The making of Yolanda la bruja"
"https://cucatalog.org/polaris/default.aspx?ctx=6.1033.0.0.5","https://cucatalog.org/polaris/view.aspx?CN=2390596",404,"Lucha of the night forest"
"https://cucatalog.org/polaris/default.aspx?ctx=6.1033.0.0.5","https://cucatalog.org/polaris/view.aspx?CN=2601274",404,"Citizenship : notes on an American myth"
"https://cucatalog.org/polaris/default.aspx?ctx=6.1033.0.0.5","https://cucatalog.org/polaris/view.aspx?CN=2400012",404,"Family lore : a novel"
"https://cucatalog.org/polaris/default.aspx?ctx=6.1033.0.0.5","https://cucatalog.org/polaris/view.aspx?CN=2384512",404,"Promises of gold = Promesas de oro"
"https://cucatalog.org/polaris/default.aspx?ctx=6.1033.0.0.5","https://cucatalog.org/polaris/view.aspx?CN=2386514",404,"The haunting of Alejandra : a novel"
"https://cucatalog.org/polaris/default.aspx?ctx=6.1033.0.0.5","https://cucatalog.org/polaris/view.aspx?CN=2508682",404,"Tías and primas : on knowing and loving the wo..."
"https://cucatalog.org/polaris/default.aspx?ctx=6.1033.0.0.5","https://cucatalog.org/polaris/view.aspx?CN=2400213",404,"Plantains & our becoming"
"https://cucatalog.org/polaris/default.aspx?ctx=6.1033.0.0.5","https://cucatalog.org/polaris/view.aspx?CN=2517031",404,"Latino poetry : the Library of America anthology"
"https://cucatalog.org/polaris/default.aspx?ctx=6.1033.0.0.5","https://cucatalog.org/polaris/view.aspx?CN=2312102",404,"In the shadow of the mountain : a memoir of cou..."
"https://cucatalog.org/polaris/default.aspx?ctx=6.1033.0.0.5","https://cucatalog.org/polaris/view.aspx?CN=2390608",404,"Saints of the household"
"https://cucatalog.org/polaris/default.aspx?ctx=6.1033.0.0.5","https://cucatalog.org/polaris/view.aspx?CN=2492905",404,"The Latino century : how America's largest mino..."
"https://cucatalog.org/polaris/default.aspx?ctx=6.1033.0.0.5","https://cucatalog.org/polaris/view.aspx?CN=2614512",404,"Muñeca"
"https://cucatalog.org/polaris/default.aspx?ctx=6.1033.0.0.5","https://cucatalog.org/polaris/view.aspx?CN=2611944",404,"Last night in Brooklyn : a novel"
"https://cucatalog.org/polaris/default.aspx?ctx=6.1033.0.0.5","https://cucatalog.org/polaris/view.aspx?CN=2469079",404,"Like happiness"
"https://cucatalog.org/polaris/default.aspx?ctx=6.1033.0.0.5","https://cucatalog.org/polaris/view.aspx?CN=2394164",404,"Our migrant souls : a meditation on race and th..."
"https://cucatalog.org/polaris/default.aspx?ctx=6.1033.0.0.5","https://cucatalog.org/polaris/view.aspx?CN=2386517",404,"Ana María and the fox"
"https://cucatalog.org/polaris/default.aspx?ctx=6.1033.0.0.5","https://cucatalog.org/polaris/view.aspx?CN=2390957",404,"The wind knows my name : a novel"
"https://cucatalog.org/polaris/default.aspx?ctx=6.1033.0.0.5","https://cucatalog.org/polaris/view.aspx?CN=2380011",404,"Liliana's invincible summer : a sister's search..."
"https://cucatalog.org/polaris/default.aspx?ctx=6.1033.0.0.5","https://cucatalog.org/polaris/view.aspx?CN=2469072",404,"Hija legitima : una vida entre el dolor y la risa"
"https://cucatalog.org/polaris/default.aspx?ctx=6.1033.0.0.5","https://cucatalog.org/polaris/view.aspx?CN=2409420",404,"The weight of everything"
"https://cucatalog.org/polaris/default.aspx?ctx=6.1033.0.0.5","https://cucatalog.org/polaris/view.aspx?CN=2398818",404,"Borderless"
"https://cucatalog.org/polaris/default.aspx?ctx=6.1033.0.0.5","https://cucatalog.org/polaris/view.aspx?CN=2493515",404,"Brownstone"
"https://cucatalog.org/polaris/default.aspx?ctx=6.1033.0.0.5","https://cucatalog.org/polaris/view.aspx?CN=2605712",404,"El Paso : five families and one hundred years o..."
"https://cucatalog.org/polaris/default.aspx?ctx=6.1033.0.0.5","https://cucatalog.org/polaris/view.aspx?CN=2292599",404,"Olga dies dreaming"
"https://cucatalog.org/polaris/default.aspx?ctx=6.1033.0.0.5","https://cucatalog.org/polaris/view.aspx?CN=2481925",404,"Relit : 16 Latinx remixes of classic stories"
"https://cucatalog.org/polaris/default.aspx?ctx=6.1033.0.0.5","https://cucatalog.org/polaris/view.aspx?CN=2333603",404,"The man who could move clouds : a memoir"
"https://cucatalog.org/polaris/default.aspx?ctx=6.1033.0.0.5","https://cucatalog.org/polaris/view.aspx?CN=2499126",404,"The sons of El Rey : a novel"
"https://cucatalog.org/polaris/default.aspx?ctx=6.1033.0.0.5","https://cucatalog.org/polaris/view.aspx?CN=2556532",404,"Dreaming of home : how we turn fear into pride,..."
"https://cucatalog.org/polaris/default.aspx?ctx=6.1033.0.0.5","https://cucatalog.org/polaris/view.aspx?CN=2541227",404,"Alligator tears : a memoir in essays"
"https://cucatalog.org/polaris/default.aspx?ctx=6.1033.0.0.5","https://cucatalog.org/polaris/view.aspx?CN=2481415",404,"Relentless : my story of the Latino spirit that..."
"https://cucatalog.org/polaris/default.aspx?ctx=6.1033.0.0.5","https://cucatalog.org/polaris/view.aspx?CN=2614323",404,"P FKN R : how Bad Bunny became the global voice..."
"https://cucatalog.org/polaris/default.aspx?ctx=6.1033.0.0.5","https://cucatalog.org/polaris/view.aspx?CN=2558653",404,"Latina superheroes. Volume 1, Jalisco & Santa"
"https://cucatalog.org/polaris/default.aspx?ctx=6.1033.0.0.5","https://cucatalog.org/polaris/view.aspx?CN=2366694",404,"Viva Hollywood : the legacy of Latin and Hispan..."
"https://cucatalog.org/polaris/default.aspx?ctx=6.1033.0.0.5","https://cucatalog.org/polaris/view.aspx?CN=2620636",404,"Migrant heart : essays about things I can't for..."
"https://cucatalog.org/polaris/default.aspx?ctx=6.1033.0.0.5","https://cucatalog.org/polaris/view.aspx?CN=2469140",404,"American Negra : a memoir"
"https://cucatalog.org/polaris/default.aspx?ctx=6.1033.0.0.5","https://cucatalog.org/polaris/view.aspx?CN=264705",404,"Lilith's cave : Jewish tales of the supernatural"
"https://cucatalog.org/polaris/default.aspx?ctx=6.1033.0.0.5","https://cucatalog.org/polaris/view.aspx?CN=2407772",404,"Silver nitrate"
"https://cucatalog.org/polaris/default.aspx?ctx=6.1033.0.0.5","https://cucatalog.org/polaris/view.aspx?CN=336592",404,"Children of wax : African folk tales"
"https://cucatalog.org/polaris/default.aspx?ctx=6.1033.0.0.5","https://cucatalog.org/polaris/view.aspx?CN=2556488",404,"Elektra"
"https://cucatalog.org/polaris/default.aspx?ctx=6.1033.0.0.5","https://cucatalog.org/polaris/view.aspx?CN=389048",404,"From the land of Sheba : Yemení folk tales"
"https://cucatalog.org/polaris/default.aspx?ctx=6.1033.0.0.5","https://cucatalog.org/polaris/view.aspx?CN=2588656",404,"Chronicles of Ori : an African epic"
"https://cucatalog.org/polaris/default.aspx?ctx=6.1033.0.0.5","https://cucatalog.org/polaris/view.aspx?CN=2497876",404,"Children of anguish and anarchy"
"https://cucatalog.org/polaris/default.aspx?ctx=6.1033.0.0.5","https://cucatalog.org/polaris/view.aspx?CN=1024570",404,"Circe : a novel"
"https://cucatalog.org/polaris/default.aspx?ctx=6.1033.0.0.5","https://cucatalog.org/polaris/view.aspx?CN=2527005",404,"Queer as folklore : the hidden queer history of..."
"https://cucatalog.org/polaris/default.aspx?ctx=6.1033.0.0.5","https://cucatalog.org/polaris/view.aspx?CN=2642842",404,"Crossing the wine-dark sea : journeys through a..."
"https://cucatalog.org/polaris/default.aspx?ctx=6.1033.0.0.5","https://cucatalog.org/polaris/view.aspx?CN=2184741",404,"Ariadne"
"https://cucatalog.org/polaris/default.aspx?ctx=6.1033.0.0.5","https://cucatalog.org/polaris/view.aspx?CN=1247844",404,"Heroes : the Greek myths reimagined"
"https://cucatalog.org/polaris/default.aspx?ctx=6.1033.0.0.5","https://cucatalog.org/polaris/view.aspx?CN=2390969",404,"Atalanta"
"https://cucatalog.org/polaris/default.aspx?ctx=6.1033.0.0.5","https://cucatalog.org/polaris/view.aspx?CN=545424",404,"From the forest : a search for the hidden roots..."
"https://cucatalog.org/polaris/default.aspx?ctx=6.1033.0.0.5","https://cucatalog.org/polaris/view.aspx?CN=2568624",404,"Classical mythology of the constellations : the..."
"https://cucatalog.org/polaris/default.aspx?ctx=6.1033.0.0.5","https://cucatalog.org/polaris/view.aspx?CN=2536489",404,"Live like a goddess : life lessons from legends..."
"https://cucatalog.org/polaris/default.aspx?ctx=6.1033.0.0.5","https://cucatalog.org/polaris/view.aspx?CN=2224573",404,"Greek mythology : the gods, goddesses, and hero..."
"https://cucatalog.org/polaris/default.aspx?ctx=6.1033.0.0.5","https://cucatalog.org/polaris/view.aspx?CN=1208217",404,"Children of virtue and vengeance"
"https://cucatalog.org/polaris/default.aspx?ctx=6.1033.0.0.5","https://cucatalog.org/polaris/view.aspx?CN=487566",404,"Oh my gods : a modern retelling of Greek and Ro..."
"https://cucatalog.org/polaris/default.aspx?ctx=6.1033.0.0.5","https://cucatalog.org/polaris/view.aspx?CN=2380630",404,"Clytemnestra : a novel"
"https://cucatalog.org/polaris/default.aspx?ctx=6.1033.0.0.5","https://cucatalog.org/polaris/view.aspx?CN=1065079",404,"Mythology : timeless tales of gods and heroes"
"https://cucatalog.org/polaris/default.aspx?ctx=6.1033.0.0.5","https://cucatalog.org/polaris/view.aspx?CN=78284",404,"The Penelopiad : [the myth of Penelope and Odys..."
"https://cucatalog.org/polaris/default.aspx?ctx=6.1033.0.0.5","https://cucatalog.org/polaris/view.aspx?CN=1226264",404,"Disfigured : on fairy tales, disability, and ma..."
"https://cucatalog.org/polaris/default.aspx?ctx=6.1033.0.0.5","https://cucatalog.org/polaris/view.aspx?CN=1070807",404,"The Odyssey"
"https://cucatalog.org/polaris/default.aspx?ctx=6.1033.0.0.5","https://cucatalog.org/polaris/view.aspx?CN=2560169",404,"Odyssey : the Greek myths reimagined"
"https://cucatalog.org/polaris/default.aspx?ctx=6.1033.0.0.5","https://cucatalog.org/polaris/view.aspx?CN=2390505",404,"Mythos : the Greek myths reimagined"
"https://cucatalog.org/polaris/default.aspx?ctx=6.1033.0.0.5","https://cucatalog.org/polaris/view.aspx?CN=1244205",404,"Antigone rising : the subversive power of the a..."
"https://cucatalog.org/polaris/default.aspx?ctx=6.1033.0.0.5","https://cucatalog.org/polaris/view.aspx?CN=2543119",404,"The Korean myths : a guide to the gods, heroes ..."
"https://cucatalog.org/polaris/default.aspx?ctx=6.1033.0.0.5","https://cucatalog.org/polaris/view.aspx?CN=419708",404,"The palace of illusions : a novel"
"https://cucatalog.org/polaris/default.aspx?ctx=6.1033.0.0.5","https://cucatalog.org/polaris/view.aspx?CN=2361795",404,"Galatea : a short story"
"https://cucatalog.org/polaris/default.aspx?ctx=6.1033.0.0.5","https://cucatalog.org/polaris/view.aspx?CN=700679",404,"Immortals of Meluha"
"https://cucatalog.org/polaris/default.aspx?ctx=6.1033.0.0.5","https://cucatalog.org/polaris/view.aspx?CN=411323",404,"Adventures in unhistory : conjectures on the fa..."
"https://cucatalog.org/polaris/default.aspx?ctx=6.1033.0.0.5","https://cucatalog.org/polaris/view.aspx?CN=1170496",404,"Great goddesses : life lessons from myths and m..."
"https://cucatalog.org/polaris/default.aspx?ctx=6.1033.0.0.5","https://cucatalog.org/polaris/view.aspx?CN=588800",404,"One thousand and one nights : a sparkling retel..."
"https://cucatalog.org/polaris/default.aspx?ctx=6.1033.0.0.5","https://cucatalog.org/polaris/view.aspx?CN=78268",404,"A short history of myth"
"https://cucatalog.org/polaris/default.aspx?ctx=6.1033.0.0.5","https://cucatalog.org/polaris/view.aspx?CN=2332073",404,"Pandora's jar : women in Greek myths"
"https://cucatalog.org/polaris/default.aspx?ctx=6.1033.0.0.5","https://cucatalog.org/polaris/view.aspx?CN=2444248",404,"The Iliad"
"https://cucatalog.org/polaris/default.aspx?ctx=6.1033.0.0.5","https://cucatalog.org/polaris/view.aspx?CN=179320",404,"The odyssey : a graphic novel"
"https://cucatalog.org/polaris/default.aspx?ctx=6.1033.0.0.5","https://cucatalog.org/polaris/view.aspx?CN=1016852",404,"Children of blood and bone"
"https://cucatalog.org/polaris/default.aspx?ctx=6.1033.0.0.5","https://cucatalog.org/polaris/view.aspx?CN=2529793",404,"Becoming Baba Yaga : trickster, feminist, and w..."
"https://cucatalog.org/polaris/default.aspx?ctx=6.1033.0.0.5","https://cucatalog.org/polaris/view.aspx?CN=2402854",404,"Arcadian days : gods, women, and men from Greek..."
"https://cucatalog.org/polaris/default.aspx?ctx=6.1033.0.0.5","https://cucatalog.org/polaris/view.aspx?CN=812615",404,"The secret of the Nagas"
"https://cucatalog.org/polaris/default.aspx?ctx=6.1033.0.0.5","https://cucatalog.org/polaris/view.aspx?CN=2268708",404,"Greek myths : a new retelling"
"https://cucatalog.org/polaris/default.aspx?ctx=6.1033.0.0.5","https://cucatalog.org/polaris/view.aspx?CN=2356386",404,"Alternative alamat : an anthology : myths, lege..."
"https://cucatalog.org/polaris/default.aspx?ctx=6.1033.0.0.5","https://cucatalog.org/polaris/view.aspx?CN=2483951",404,"Amazing immortals: a guide to Gods and Goddesse..."
"https://cucatalog.org/polaris/default.aspx?ctx=6.1033.0.0.5","https://cucatalog.org/polaris/view.aspx?CN=2386746",404,"Llewellyn's complete book of North American fol..."
"https://cucatalog.org/polaris/default.aspx?ctx=6.1033.0.0.5","https://cucatalog.org/polaris/view.aspx?CN=992163",404,"Norse myths : tales of Odin, Thor, and Loki"
"https://cucatalog.org/polaris/default.aspx?ctx=6.1033.0.0.5","https://urbanafreelibrary.org/library/curbside-service-faqs",403,"FAQ"
"https://cucatalog.org/polaris/default.aspx?ctx=6.1033.0.0.5","https://cucatalog.org/polaris/view.aspx?CN=356990",FAILED,"Abu Jmeel's daughter and other stories : Arab f..."
"https://cucatalog.org/polaris/default.aspx?ctx=6.1033.0.0.5","https://cucatalog.org/polaris/view.aspx?CN=2604632",FAILED,"No friend to this house : a novel"
"https://cucatalog.org/polaris/default.aspx?ctx=6.1033.0.0.5","https://cucatalog.org/polaris/view.aspx?CN=2524091",FAILED,"Aesop's fables : a new translation"
"https://cucatalog.org/polaris/default.aspx?ctx=6.1033.0.0.5","https://cucatalog.org/polaris/view.aspx?CN=2336335",FAILED,"Myths of the world : an illustrated collection ..."
"https://cucatalog.org/polaris/default.aspx?ctx=6.1033.0.0.5","https://cucatalog.org/polaris/search/searchresults.aspx?ctx=6.1033.0.0.7&type=Boolean&term=brs=120603&by=KW&sort=TI&limit=&query=&page=0&searchid=2",404,"Academy Award Winners"
"https://cucatalog.org/polaris/default.aspx?ctx=6.1033.0.0.5","https://cucatalog.org/polaris/view.aspx?ctx=6&brs=145223",404,"ALA Youth Media Awards"
"https://cucatalog.org/polaris/default.aspx?ctx=6.1033.0.0.5","https://cucatalog.org/polaris/search/searchresults.aspx?ctx=6.1033.0.0.7&type=Boolean&term=brs=123365&by=KW&sort=TI&limit=&query=&page=0&searchid=2",404,"Adapted International Films"
"https://cucatalog.org/polaris/default.aspx?ctx=6.1033.0.0.5","https://cucatalog.org/polaris/search/searchresults.aspx?ctx=6.1033.0.0.7&type=Keyword&term=criterion%20collection%20firm&by=AU&sort=TI_PD&limit=TOM=*&query=&page=0&searchid=2",404,"Criterion Collection"
"https://cucatalog.org/polaris/default.aspx?ctx=6.1033.0.0.5","https://cucatalog.org/polaris/view.aspx?ctx=6&brs=112168&sort=TI",404,"Bluestem Award"
"https://cucatalog.org/polaris/default.aspx?ctx=6.1033.0.0.5","https://cucatalog.org/polaris/view.aspx?ctx=6&brs=112166&sort=TI",404,"Monarch Award"
"https://cucatalog.org/polaris/default.aspx?ctx=6.1033.0.0.5","https://cucatalog.org/polaris/view.aspx?ctx=6&brs=54710",404,"Caldecott Award"
"https://cucatalog.org/polaris/default.aspx?ctx=6.1033.0.0.5","https://cucatalog.org/polaris/view.aspx?ctx=6&brs=140665",404,"National Book Awards 2016"
"https://cucatalog.org/polaris/default.aspx?ctx=6.1033.0.0.5","https://cucatalog.org/polaris/view.aspx?ctx=6&brs=95288",404,"Newbery Award"
"https://cucatalog.org/polaris/default.aspx?ctx=6.1033.0.0.5","https://cucatalog.org/polaris/view.aspx?ctx=6&brs=112167&sort=TI",404,"Rebecca Caudill Award"
"https://cucatalog.org/polaris/default.aspx?ctx=6.1033.0.0.5","https://cucatalog.org/polaris/search/searchresults.aspx?ctx=6.1033.0.0.7&type=Keyword&term=roger%20ebert%27s%20film%20festival.&by=KW&sort=RELEVANCE&limit=TOM=*&query=&page=0&searchid=4",404,"Film Movement"
"https://cucatalog.org/polaris/default.aspx?ctx=6.1033.0.0.5","https://cucatalog.org/polaris/search/searchresults.aspx?ctx=6.1033.0.0.7&type=Boolean&term=brs=86400&by=KW&sort=TI&limit=&query=&page=0&searchid=2",404,"Horror & Occult Films"
"https://cucatalog.org/polaris/default.aspx?ctx=6.1033.0.0.5","https://cucatalog.org/polaris/search/searchresults.aspx?ctx=6.1033.0.0.7&type=Boolean&term=COL=urndvin&by=KW&sort=TI&limit=&query=&page=0&searchid=3",404,"International Language"
"https://cucatalog.org/polaris/default.aspx?ctx=6.1033.0.0.5","https://cucatalog.org/polaris/search/searchresults.aspx?ctx=6.1033.0.0.7&type=Boolean&term=brs=121352&by=KW&sort=TI&limit=&query=&page=0&searchid=2",404,"Shakespeare on Film"
"https://cucatalog.org/polaris/default.aspx?ctx=6.1033.0.0.5","https://cucatalog.org/polaris/search/searchresults.aspx?ctx=6.1033.0.0.7&type=Boolean&term=brs=116181&by=KW&sort=TI&limit=&query=&page=0&searchid=2",404,"Santas & Scrooges"
"https://cucatalog.org/polaris/default.aspx?ctx=6.1033.0.0.5","https://cucatalog.org/polaris/search/searchresults.aspx?ctx=6.1033.0.0.7&type=Boolean&term=col=urncdfo&by=KW&sort=TI&limit=&query=&page=0&searchid=1",404,"Folk & Roots Music Favorites"
"https://cucatalog.org/polaris/default.aspx?ctx=6.1033.0.0.5","https://cucatalog.org/polaris/search/searchresults.aspx?ctx=6.1033.0.0.7&type=Boolean&term=brs=126731&by=KW&sort=TI&limit=&query=&page=0&searchid=2",404,"R&R Roll Hall of Fame Inductees"
"https://cucatalog.org/polaris/default.aspx?ctx=6.1033.0.0.5","https://cucatalog.org/polaris/search/searchresults.aspx?ctx=6.1033.0.0.7&type=Boolean&term=col=urnv*&by=KW&sort=TI&limit=&query=&page=0&searchid=1",404,"Vinyl Collection"
"https://cucatalog.org/polaris/default.aspx?ctx=6.1033.0.0.5","https://cucatalog.org/polaris/search/searchresults.aspx?ctx=6.1033.0.0.1&type=Boolean&term=brs=177207&by=KW&sort=TI&limit=&query=&page=0&searchid=1",404,"Billboard Music Award Winners"
"https://cucatalog.org/polaris/default.aspx?ctx=6.1033.0.0.5","https://cucatalog.org/polaris/search/searchresults.aspx?ctx=6.1033.0.0.7&type=Advanced&term=folk%20music%20united%20states&relation=ALL&by=KW&bool4=AND&limit=&sort=RELEVANCE&page=0&searchid=3",404,"Folk & Roots Favorites"
"https://cucatalog.org/polaris/default.aspx?ctx=6.1033.0.0.5","https://cucatalog.org/polaris/search/searchresults.aspx?ctx=6.1033.0.0.7&type=Boolean&term=MAT=1%20AND%20SU=Biography&by=KW&sort=TI&limit=&query=&page=0&searchid=19",404,"Biographies"
"https://cucatalog.org/polaris/default.aspx?ctx=6.1033.0.0.5","https://cucatalog.org/polaris/search/searchresults.aspx?ctx=6.1033.0.0.7&type=Boolean&term=MAT=1%20AND%20GENRE=Graphic%20novels&by=KW&sort=TI&limit=&query=&page=0&searchid=21",404,"Graphic Novels"
"https://cucatalog.org/polaris/default.aspx?ctx=6.1033.0.0.5","https://cucatalog.org/polaris/search/searchresults.aspx?ctx=6.1033.0.0.7&type=Boolean&term=MAT=1%20and%20GENRE=Fantasy%20fiction&by=KW&sort=TI&limit=&query=&page=0&searchid=20",404,"Fantasy Fiction"
"https://cucatalog.org/polaris/default.aspx?ctx=6.1033.0.0.5","https://cucatalog.org/polaris/view.aspx?ctx=6&brs=141790&sort=TI",404,"Rudolph, Frosty, Charlie Brown..."
"https://cucatalog.org/polaris/default.aspx?ctx=6.1033.0.0.5","https://cucatalog.org/polaris/search/searchresults.aspx?ctx=6.1033.0.0.7&type=Boolean&term=MAT=1%20and%20GENRE=Historical%20fiction&by=KW&sort=TI&limit=&query=&page=0&searchid=22",404,"Historical Fiction"
"https://cucatalog.org/polaris/default.aspx?ctx=6.1033.0.0.5","https://cucatalog.org/polaris/search/searchresults.aspx?ctx=6.1033.0.0.7&type=Boolean&term=MAT=1%20and%20GENRE=Mystery&by=KW&sort=TI&limit=&query=&page=0&searchid=23",404,"Mysteries"
"https://cucatalog.org/polaris/default.aspx?ctx=6.1033.0.0.5","https://cucatalog.org/polaris/search/searchresults.aspx?ctx=6.1033.0.0.1&type=Boolean&term=brs=116063&by=KW&sort=TI&limit=&query=&page=0&searchid=7",404,"Holiday Books"
"https://cucatalog.org/polaris/default.aspx?ctx=6.1033.0.0.5","https://cucatalog.org/polaris/search/searchresults.aspx?ctx=6.1033.0.0.7&type=Boolean&term=MAT=1%20and%20GENRE=Love%20stories&by=KW&sort=TI&limit=&query=&page=0&searchid=24",404,"Romance"
"https://cucatalog.org/polaris/default.aspx?ctx=6.1033.0.0.5","https://cucatalog.org/polaris/search/searchresults.aspx?ctx=6.1033.0.0.7&type=Boolean&term=MAT=1%20and%20GENRE=science%20fiction&by=KW&sort=TI&limit=&query=&page=0&searchid=25",404,"Science Fiction"
"https://cucatalog.org/polaris/library/events.aspx?ctx=6.1033.0.0.1","http://events.urbanafree.org/events",FAILED,"online events calendar"
"https://cucatalog.org/polaris/view.aspx?CN=2645261","https://cucatalog.org/search/browse.aspx?ctx=6.1033.0.0.1&type=Browse&by=AU&term=Rodriguez%2c+Devon%2c+1996-&page=0",404,"Rodriguez, Devon, 1996- author."
"https://cucatalog.org/polaris/view.aspx?CN=2645261","https://cucatalog.org/search/searchresults.aspx?ctx=6.1033.0.0.1&type=Keyword&page=0&by=TI&term=2645261",404,"Title Search"
"https://cucatalog.org/polaris/view.aspx?CN=2645261","https://cucatalog.org/search/searchresults.aspx?ctx=6.1033.0.0.1&type=Keyword&page=0&by=AU&term=2645261",404,"Author Search"
"https://cucatalog.org/polaris/view.aspx?CN=2645261","https://cucatalog.org/search/searchresults.aspx?ctx=6.1033.0.0.1&type=Keyword&page=0&by=NOTE&term=2645261",404,"General Notes Search"
"https://cucatalog.org/polaris/view.aspx?CN=2645261","https://cucatalog.org/search/searchresults.aspx?ctx=6.1033.0.0.1&type=Keyword&page=0&by=PUB&term=2645261",404,"Publisher Search"
"https://cucatalog.org/polaris/view.aspx?CN=2645261","https://cucatalog.org/search/searchresults.aspx?ctx=6.1033.0.0.1&type=Keyword&page=0&by=GENRE&term=2645261",404,"Genre Search"
"https://cucatalog.org/polaris/view.aspx?CN=2645261","https://cucatalog.org/search/searchresults.aspx?ctx=6.1033.0.0.1&type=Keyword&page=0&by=SU&term=2645261",404,"Subject Search"
"https://cucatalog.org/polaris/view.aspx?CN=2645261","https://cucatalog.org/search/searchresults.aspx?ctx=6.1033.0.0.1&type=Keyword&page=0&by=KW&term=2645261",404,"Any Field Search"
"https://cucatalog.org/polaris/view.aspx?CN=2645261","https://cucatalog.org/search/searchresults.aspx?ctx=6.1033.0.0.1&type=Keyword&page=0&by=SE&term=2645261",404,"Series Search"
"https://cucatalog.org/polaris/view.aspx?CN=2645261","https://cucatalog.org/search/searchresults.aspx?ctx=6.1033.0.0.1&type=Browse&by=SU&term=Autobiographies.&query=SU%3d%22AUTOBIOGRAPHIES%22&dash=1&page=0",404,"Autobiographies."
"https://cucatalog.org/polaris/view.aspx?CN=2645261","https://cucatalog.org/search/searchresults.aspx?ctx=6.1033.0.0.1&type=Browse&by=SU&term=Portrait+painters&query=SU%3d%22PORTRAIT+PAINTERS%22&dash=1&page=0",404,"Portrait painters"
"https://cucatalog.org/polaris/view.aspx?CN=2645261","https://cucatalog.org/search/searchresults.aspx?ctx=6.1033.0.0.1&type=Browse&by=SU&term=Portraitistes&query=SU%3d%22PORTRAITISTES%22&dash=1&page=0",404,"Portraitistes"
"https://cucatalog.org/polaris/view.aspx?CN=2645261","https://cucatalog.org/search/searchresults.aspx?ctx=6.1033.0.0.1&type=Browse&by=SU&term=Rodriguez%2c+Devon&query=SU%3d%22RODRIGUEZ+DEVON%22&dash=1&page=0",404,"Rodriguez, Devon"
"https://cucatalog.org/polaris/view.aspx?CN=2645261","https://cucatalog.org/search/searchresults.aspx?ctx=6.1033.0.0.1&type=Browse&by=AU&term=Rodriguez%2c+Devon%2c+1996-&query=AU%3d%22RODRIGUEZ+DEVON+1996%22&dash=1&page=0",404,"Rodriguez, Devon, 1996-"
"https://cucatalog.org/polaris/view.aspx?CN=2645261","https://cucatalog.org/search/searchresults.aspx?ctx=6.1033.0.0.1&type=Browse&by=SU&term=South+Bronx+(New+York%2c+N.Y.)&query=SU%3d%22SOUTH+BRONX+NEW+YORK+N+Y%22&dash=1&page=0",404,"South Bronx (New York, N.Y.)"
"https://cucatalog.org/polaris/view.aspx?CN=2645261","https://cucatalog.org/polaris/search/searchresults.aspx?ctx=6.1033.0.0.1&type=Keyword&term=2645261&by=CN&sort=RELEVANCE&limit=TOM%3d*&query=&page=0&searchid=1&lp=0",404,"Regular Text"
"https://cucatalog.org/polaris/view.aspx?CN=2638567","https://cucatalog.org/search/searchresults.aspx?ctx=6.1033.0.0.1&type=Keyword&page=0&by=KW&term=2638567",404,"Any Field Search"
"https://cucatalog.org/polaris/view.aspx?CN=2638567","https://cucatalog.org/search/searchresults.aspx?ctx=6.1033.0.0.1&type=Keyword&page=0&by=TI&term=2638567",404,"Title Search"
"https://cucatalog.org/polaris/view.aspx?CN=2638567","https://cucatalog.org/search/searchresults.aspx?ctx=6.1033.0.0.1&type=Keyword&page=0&by=SE&term=2638567",404,"Series Search"
"https://cucatalog.org/polaris/view.aspx?CN=2638567","https://cucatalog.org/search/searchresults.aspx?ctx=6.1033.0.0.1&type=Browse&by=SU&term=Fiction.&query=SU%3d%22FICTION%22&dash=1&page=0",404,"Fiction."
"https://cucatalog.org/polaris/view.aspx?CN=2638567","https://cucatalog.org/search/searchresults.aspx?ctx=6.1033.0.0.1&type=Browse&by=SU&term=Fantasy+fiction.&query=SU%3d%22FANTASY+FICTION%22&dash=1&page=0",404,"Fantasy fiction."
"https://cucatalog.org/polaris/view.aspx?CN=2638567","https://cucatalog.org/search/searchresults.aspx?ctx=6.1033.0.0.1&type=Browse&by=SU&term=Romans.&query=SU%3d%22ROMANS%22&dash=1&page=0",404,"Romans."
"https://cucatalog.org/polaris/view.aspx?CN=2638567","https://cucatalog.org/search/searchresults.aspx?ctx=6.1033.0.0.1&type=Keyword&page=0&by=SU&term=2638567",404,"Subject Search"
"https://cucatalog.org/polaris/view.aspx?CN=2638567","https://cucatalog.org/search/searchresults.aspx?ctx=6.1033.0.0.1&type=Browse&by=SU&term=Science+fiction.&query=SU%3d%22SCIENCE+FICTION%22&dash=1&page=0",404,"Science fiction."
"https://cucatalog.org/polaris/view.aspx?CN=2638567","https://cucatalog.org/search/searchresults.aspx?ctx=6.1033.0.0.1&type=Keyword&page=0&by=AU&term=2638567",404,"Author Search"
"https://cucatalog.org/polaris/view.aspx?CN=2638567","https://cucatalog.org/search/searchresults.aspx?ctx=6.1033.0.0.1&type=Browse&by=SU&term=Speculative+fiction.&query=SU%3d%22SPECULATIVE+FICTION%22&dash=1&page=0",404,"Speculative fiction."
"https://cucatalog.org/polaris/view.aspx?CN=2638567","https://cucatalog.org/search/searchresults.aspx?ctx=6.1033.0.0.1&type=Keyword&page=0&by=GENRE&term=2638567",404,"Genre Search"
"https://cucatalog.org/polaris/view.aspx?CN=2638567","https://cucatalog.org/search/searchresults.aspx?ctx=6.1033.0.0.1&type=Keyword&page=0&by=PUB&term=2638567",404,"Publisher Search"
"https://cucatalog.org/polaris/view.aspx?CN=2638567","https://cucatalog.org/search/searchresults.aspx?ctx=6.1033.0.0.1&type=Browse&by=AU&term=Sanders%2c+DaVaun&query=AU%3d%22SANDERS+DAVAUN%22&dash=1&page=0",404,"Sanders, DaVaun"
"https://cucatalog.org/polaris/view.aspx?CN=2638567","https://cucatalog.org/search/searchresults.aspx?ctx=6.1033.0.0.1&type=Keyword&page=0&by=NOTE&term=2638567",404,"General Notes Search"
"https://cucatalog.org/polaris/view.aspx?CN=2638567","https://cucatalog.org/polaris/search/searchresults.aspx?ctx=6.1033.0.0.1&type=Keyword&term=2638567&by=CN&sort=RELEVANCE&limit=TOM%3d*&query=&page=0&searchid=2&using=452",404,"Local History Online"
"https://cucatalog.org/polaris/view.aspx?CN=2638567","https://cucatalog.org/polaris/search/searchresults.aspx?ctx=6.1033.0.0.1&type=Keyword&term=2638567&by=CN&sort=RELEVANCE&limit=TOM%3d*&query=&page=0&searchid=2&using=93",404,"WorldCat"
"https://cucatalog.org/polaris/view.aspx?CN=2638567","https://cucatalog.org/polaris/search/searchresults.aspx?ctx=6.1033.0.0.1&type=Keyword&term=2638567&by=CN&sort=RELEVANCE&limit=TOM%3d*&query=&page=0&searchid=2&using=92",404,"PAC"
"https://cucatalog.org/polaris/view.aspx?CN=2638567","https://cucatalog.org/polaris/search/searchresults.aspx?ctx=6.1033.0.0.1&type=Keyword&term=2638567&by=CN&sort=RELEVANCE&limit=TOM%3d*&query=&page=0&searchid=2&lp=0",404,"Regular Text"
"https://cucatalog.org/polaris/view.aspx?CN=2607551","https://cucatalog.org/search/searchresults.aspx?ctx=6.1033.0.0.1&type=Keyword&page=0&by=KW&term=2607551",404,"Any Field Search"
"https://cucatalog.org/polaris/view.aspx?CN=2607551","https://cucatalog.org/search/browse.aspx?ctx=6.1033.0.0.1&type=Browse&by=AU&term=Stallone%2c+Sylvester%2c&page=0",404,"Stallone, Sylvester, author."
"https://cucatalog.org/polaris/view.aspx?CN=2607551","https://cucatalog.org/search/searchresults.aspx?ctx=6.1033.0.0.1&type=Keyword&page=0&by=GENRE&term=2607551",404,"Genre Search"
"https://cucatalog.org/polaris/view.aspx?CN=2607551","https://cucatalog.org/search/searchresults.aspx?ctx=6.1033.0.0.1&type=Keyword&page=0&by=SU&term=2607551",404,"Subject Search"
"https://cucatalog.org/polaris/view.aspx?CN=2607551","https://cucatalog.org/search/searchresults.aspx?ctx=6.1033.0.0.1&type=Keyword&page=0&by=SE&term=2607551",404,"Series Search"
"https://cucatalog.org/polaris/view.aspx?CN=2607551","https://cucatalog.org/search/searchresults.aspx?ctx=6.1033.0.0.1&type=Browse&by=SU&term=Memoirs.&query=SU%3d%22MEMOIRS%22&dash=1&page=0",404,"Memoirs."
"https://cucatalog.org/polaris/view.aspx?CN=2607551","https://cucatalog.org/search/searchresults.aspx?ctx=6.1033.0.0.1&type=Browse&by=SU&term=Actors&query=SU%3d%22ACTORS%22&dash=1&page=0",404,"Actors"
"https://cucatalog.org/polaris/view.aspx?CN=2607551","https://cucatalog.org/search/searchresults.aspx?ctx=6.1033.0.0.1&type=Keyword&page=0&by=TI&term=2607551",404,"Title Search"
"https://cucatalog.org/polaris/view.aspx?CN=2607551","https://cucatalog.org/search/searchresults.aspx?ctx=6.1033.0.0.1&type=Keyword&page=0&by=PUB&term=2607551",404,"Publisher Search"
"https://cucatalog.org/polaris/view.aspx?CN=2607551","https://cucatalog.org/search/searchresults.aspx?ctx=6.1033.0.0.1&type=Keyword&page=0&by=AU&term=2607551",404,"Author Search"
"https://cucatalog.org/polaris/view.aspx?CN=2607551","https://cucatalog.org/search/searchresults.aspx?ctx=6.1033.0.0.1&type=Keyword&page=0&by=NOTE&term=2607551",404,"General Notes Search"
"https://cucatalog.org/polaris/view.aspx?CN=2607551","https://cucatalog.org/search/searchresults.aspx?ctx=6.1033.0.0.1&type=Browse&by=SU&term=Stallone%2c+Sylvester&query=SU%3d%22STALLONE+SYLVESTER%22&dash=1&page=0",404,"Stallone, Sylvester"
"https://cucatalog.org/polaris/view.aspx?CN=2607551","https://cucatalog.org/search/searchresults.aspx?ctx=6.1033.0.0.1&type=Browse&by=AU&term=Stallone%2c+Sylvester&query=AU%3d%22STALLONE+SYLVESTER%22&dash=1&page=0",404,"Stallone, Sylvester"
"https://cucatalog.org/polaris/view.aspx?CN=2607551","https://cucatalog.org/polaris/search/searchresults.aspx?ctx=6.1033.0.0.1&type=Keyword&term=2607551&by=CN&sort=RELEVANCE&limit=TOM%3d*&query=&page=0&searchid=3&lp=0",404,"Regular Text"
"https://cucatalog.org/polaris/view.aspx?CN=2607551","https://cucatalog.org/polaris/search/searchresults.aspx?ctx=6.1033.0.0.1&type=Keyword&term=2607551&by=CN&sort=RELEVANCE&limit=TOM%3d*&query=&page=0&searchid=3&using=93",404,"WorldCat"
"https://cucatalog.org/polaris/view.aspx?CN=2607551","https://cucatalog.org/polaris/search/searchresults.aspx?ctx=6.1033.0.0.1&type=Keyword&term=2607551&by=CN&sort=RELEVANCE&limit=TOM%3d*&query=&page=0&searchid=3&using=92",404,"PAC"
"https://cucatalog.org/polaris/view.aspx?CN=2607551","https://cucatalog.org/polaris/search/searchresults.aspx?ctx=6.1033.0.0.1&type=Keyword&term=2607551&by=CN&sort=RELEVANCE&limit=TOM%3d*&query=&page=0&searchid=3&using=452",404,"Local History Online"
"https://cucatalog.org/polaris/view.aspx?CN=2642532","https://cucatalog.org/search/browse.aspx?ctx=6.1033.0.0.1&type=Browse&by=AU&term=Herna%cc%81ndez%2c+Kelly+Lytle%2c&page=0",404,"Hernández, Kelly Lytle, author."
"https://cucatalog.org/polaris/view.aspx?CN=2642532","https://cucatalog.org/search/searchresults.aspx?ctx=6.1033.0.0.1&type=Keyword&page=0&by=KW&term=2642532",404,"Any Field Search"
"https://cucatalog.org/polaris/view.aspx?CN=2642532","https://cucatalog.org/search/searchresults.aspx?ctx=6.1033.0.0.1&type=Keyword&page=0&by=GENRE&term=2642532",404,"Genre Search"
"https://cucatalog.org/polaris/view.aspx?CN=2642532","https://cucatalog.org/search/searchresults.aspx?ctx=6.1033.0.0.1&type=Keyword&page=0&by=SE&term=2642532",404,"Series Search"
"https://cucatalog.org/polaris/view.aspx?CN=2642532","https://cucatalog.org/search/searchresults.aspx?ctx=6.1033.0.0.1&type=Keyword&page=0&by=TI&term=2642532",404,"Title Search"
"https://cucatalog.org/polaris/view.aspx?CN=2642532","https://cucatalog.org/search/searchresults.aspx?ctx=6.1033.0.0.1&type=Keyword&page=0&by=AU&term=2642532",404,"Author Search"
"https://cucatalog.org/polaris/view.aspx?CN=2642532","https://cucatalog.org/search/searchresults.aspx?ctx=6.1033.0.0.1&type=Keyword&page=0&by=SU&term=2642532",404,"Subject Search"
"https://cucatalog.org/polaris/view.aspx?CN=2642532","https://cucatalog.org/search/searchresults.aspx?ctx=6.1033.0.0.1&type=Browse&by=SU&term=Emigration+and+immigration+law&query=SU%3d%22EMIGRATION+AND+IMMIGRATION+LAW%22&dash=1&page=0",404,"Emigration and immigration law"
"https://cucatalog.org/polaris/view.aspx?CN=2642532","https://cucatalog.org/search/searchresults.aspx?ctx=6.1033.0.0.1&type=Browse&by=SU&term=E%cc%81tats-Unis&query=SU%3d%22ETATS+UNIS%22&dash=1&page=0",404,"États-Unis"
"https://cucatalog.org/polaris/view.aspx?CN=2642532","https://cucatalog.org/search/searchresults.aspx?ctx=6.1033.0.0.1&type=Browse&by=SU&term=HISTORY+%2f+United+States+%2f+General.&query=SU%3d%22HISTORY+UNITED+STATES+GENERAL%22&dash=1&page=0",404,"HISTORY / United States / General."
"https://cucatalog.org/polaris/view.aspx?CN=2642532","https://cucatalog.org/search/searchresults.aspx?ctx=6.1033.0.0.1&type=Browse&by=SU&term=United+States&query=SU%3d%22UNITED+STATES%22&dash=1&page=0",404,"United States"
"https://cucatalog.org/polaris/view.aspx?CN=2642532","https://cucatalog.org/search/searchresults.aspx?ctx=6.1033.0.0.1&type=Keyword&page=0&by=NOTE&term=2642532",404,"General Notes Search"
"https://cucatalog.org/polaris/view.aspx?CN=2642532","https://cucatalog.org/search/searchresults.aspx?ctx=6.1033.0.0.1&type=Keyword&page=0&by=PUB&term=2642532",404,"Publisher Search"
"https://cucatalog.org/polaris/view.aspx?CN=2642532","https://cucatalog.org/search/searchresults.aspx?ctx=6.1033.0.0.1&type=Browse&by=AU&term=Herna%cc%81ndez%2c+Kelly+Lytle&query=AU%3d%22HERNANDEZ+KELLY+LYTLE%22&dash=1&page=0",404,"Hernández, Kelly Lytle"
"https://cucatalog.org/polaris/view.aspx?CN=2642532","https://cucatalog.org/polaris/search/searchresults.aspx?ctx=6.1033.0.0.1&type=Keyword&term=2642532&by=CN&sort=RELEVANCE&limit=TOM%3d*&query=&page=0&searchid=4&lp=0",404,"Regular Text"
"https://cucatalog.org/polaris/view.aspx?CN=2642532","https://cucatalog.org/polaris/search/searchresults.aspx?ctx=6.1033.0.0.1&type=Keyword&term=2642532&by=CN&sort=RELEVANCE&limit=TOM%3d*&query=&page=0&searchid=4&using=93",404,"WorldCat"
"https://cucatalog.org/polaris/view.aspx?CN=2642532","https://cucatalog.org/polaris/search/searchresults.aspx?ctx=6.1033.0.0.1&type=Keyword&term=2642532&by=CN&sort=RELEVANCE&limit=TOM%3d*&query=&page=0&searchid=4&using=92",404,"PAC"
"https://cucatalog.org/polaris/view.aspx?CN=2642532","https://cucatalog.org/polaris/search/searchresults.aspx?ctx=6.1033.0.0.1&type=Keyword&term=2642532&by=CN&sort=RELEVANCE&limit=TOM%3d*&query=&page=0&searchid=4&using=452",404,"Local History Online"
"https://cucatalog.org/polaris/view.aspx?CN=2638603","https://cucatalog.org/search/searchresults.aspx?ctx=6.1033.0.0.1&type=Keyword&page=0&by=KW&term=2638603",404,"Any Field Search"
"https://cucatalog.org/polaris/view.aspx?CN=2638603","https://cucatalog.org/search/browse.aspx?ctx=6.1033.0.0.1&type=Browse&by=AU&term=Di%cc%81az%2c+Herna%cc%81n%2c+1973-&page=0",404,"Díaz, Hernán, 1973- author."
"https://cucatalog.org/polaris/view.aspx?CN=2638603","https://cucatalog.org/search/searchresults.aspx?ctx=6.1033.0.0.1&type=Keyword&page=0&by=GENRE&term=2638603",404,"Genre Search"
"https://cucatalog.org/polaris/view.aspx?CN=2638603","https://cucatalog.org/search/searchresults.aspx?ctx=6.1033.0.0.1&type=Keyword&page=0&by=SE&term=2638603",404,"Series Search"
"https://cucatalog.org/polaris/view.aspx?CN=2638603","https://cucatalog.org/search/searchresults.aspx?ctx=6.1033.0.0.1&type=Keyword&page=0&by=PUB&term=2638603",404,"Publisher Search"
"https://cucatalog.org/polaris/view.aspx?CN=2638603","https://cucatalog.org/search/searchresults.aspx?ctx=6.1033.0.0.1&type=Browse&by=SU&term=Novels.&query=SU%3d%22NOVELS%22&dash=1&page=0",404,"Novels."
"https://cucatalog.org/polaris/view.aspx?CN=2638603","https://cucatalog.org/search/searchresults.aspx?ctx=6.1033.0.0.1&type=Keyword&page=0&by=TI&term=2638603",404,"Title Search"
"https://cucatalog.org/polaris/view.aspx?CN=2638603","https://cucatalog.org/search/searchresults.aspx?ctx=6.1033.0.0.1&type=Browse&by=SU&term=Orphans&query=SU%3d%22ORPHANS%22&dash=1&page=0",404,"Orphans"
"https://cucatalog.org/polaris/view.aspx?CN=2638603","https://cucatalog.org/search/searchresults.aspx?ctx=6.1033.0.0.1&type=Keyword&page=0&by=SU&term=2638603",404,"Subject Search"
"https://cucatalog.org/polaris/view.aspx?CN=2638603","https://cucatalog.org/search/related.aspx?facetTypeID=2",404,"More..."
"https://cucatalog.org/polaris/view.aspx?CN=2638603","https://cucatalog.org/search/searchresults.aspx?ctx=6.1033.0.0.1&type=Keyword&page=0&by=NOTE&term=2638603",404,"General Notes Search"
"https://cucatalog.org/polaris/view.aspx?CN=2638603","https://cucatalog.org/search/searchresults.aspx?ctx=6.1033.0.0.1&type=Browse&by=AU&term=Diaz%2c+Hernan&query=AU%3d%22DIAZ+HERNAN%22&dash=1&page=0",404,"Diaz, Hernan"
"https://cucatalog.org/polaris/view.aspx?CN=2638603","https://cucatalog.org/search/searchresults.aspx?ctx=6.1033.0.0.1&type=Browse&by=AU&term=Diaz%2c+Hernan%2c+1973-&query=AU%3d%22DIAZ+HERNAN+1973%22&dash=1&page=0",404,"Diaz, Hernan, 1973-"
"https://cucatalog.org/polaris/view.aspx?CN=2638603","https://cucatalog.org/search/searchresults.aspx?ctx=6.1033.0.0.1&type=Keyword&page=0&by=AU&term=2638603",404,"Author Search"
"https://cucatalog.org/polaris/view.aspx?CN=2638603","https://cucatalog.org/polaris/search/searchresults.aspx?ctx=6.1033.0.0.1&type=Keyword&term=2638603&by=CN&sort=RELEVANCE&limit=TOM%3d*&query=&page=0&searchid=5&lp=0",404,"Regular Text"
"https://cucatalog.org/polaris/view.aspx?CN=2638603","https://cucatalog.org/polaris/search/searchresults.aspx?ctx=6.1033.0.0.1&type=Keyword&term=2638603&by=CN&sort=RELEVANCE&limit=TOM%3d*&query=&page=0&searchid=5&using=92",404,"PAC"
"https://cucatalog.org/polaris/view.aspx?CN=2638603","https://cucatalog.org/polaris/search/searchresults.aspx?ctx=6.1033.0.0.1&type=Keyword&term=2638603&by=CN&sort=RELEVANCE&limit=TOM%3d*&query=&page=0&searchid=5&using=452",404,"Local History Online"
"https://cucatalog.org/polaris/view.aspx?CN=2638603","https://cucatalog.org/polaris/search/searchresults.aspx?ctx=6.1033.0.0.1&type=Keyword&term=2638603&by=CN&sort=RELEVANCE&limit=TOM%3d*&query=&page=0&searchid=5&using=93",404,"WorldCat"
"https://cucatalog.org/polaris/view.aspx?CN=2642153","https://cucatalog.org/search/browse.aspx?ctx=6.1033.0.0.1&type=Browse&by=AU&term=Gershkovich%2c+Evan%2c+1991-&page=0",404,"Gershkovich, Evan, 1991- author."
"https://cucatalog.org/polaris/view.aspx?CN=2642153","https://cucatalog.org/search/searchresults.aspx?ctx=6.1033.0.0.1&type=Keyword&page=0&by=KW&term=2642153",404,"Any Field Search"
"https://cucatalog.org/polaris/view.aspx?CN=2642153","https://cucatalog.org/search/searchresults.aspx?ctx=6.1033.0.0.1&type=Keyword&page=0&by=GENRE&term=2642153",404,"Genre Search"
"https://cucatalog.org/polaris/view.aspx?CN=2642153","https://cucatalog.org/search/searchresults.aspx?ctx=6.1033.0.0.1&type=Keyword&page=0&by=SE&term=2642153",404,"Series Search"
"https://cucatalog.org/polaris/view.aspx?CN=2642153","https://cucatalog.org/search/searchresults.aspx?ctx=6.1033.0.0.1&type=Browse&by=SU&term=Foreign+correspondents&query=SU%3d%22FOREIGN+CORRESPONDENTS%22&dash=1&page=0",404,"Foreign correspondents"
"https://cucatalog.org/polaris/view.aspx?CN=2642153","https://cucatalog.org/search/searchresults.aspx?ctx=6.1033.0.0.1&type=Keyword&page=0&by=AU&term=2642153",404,"Author Search"
"https://cucatalog.org/polaris/view.aspx?CN=2642153","https://cucatalog.org/search/searchresults.aspx?ctx=6.1033.0.0.1&type=Browse&by=SU&term=Gershkovich%2c+Evan&query=SU%3d%22GERSHKOVICH+EVAN%22&dash=1&page=0",404,"Gershkovich, Evan"
"https://cucatalog.org/polaris/view.aspx?CN=2642153","https://cucatalog.org/search/searchresults.aspx?ctx=6.1033.0.0.1&type=Keyword&page=0&by=NOTE&term=2642153",404,"General Notes Search"
"https://cucatalog.org/polaris/view.aspx?CN=2642153","https://cucatalog.org/search/searchresults.aspx?ctx=6.1033.0.0.1&type=Keyword&page=0&by=TI&term=2642153",404,"Title Search"
"https://cucatalog.org/polaris/view.aspx?CN=2642153","https://cucatalog.org/search/searchresults.aspx?ctx=6.1033.0.0.1&type=Keyword&page=0&by=PUB&term=2642153",404,"Publisher Search"
"https://cucatalog.org/polaris/view.aspx?CN=2642153","https://cucatalog.org/search/searchresults.aspx?ctx=6.1033.0.0.1&type=Keyword&page=0&by=SU&term=2642153",404,"Subject Search"
"https://cucatalog.org/polaris/view.aspx?CN=2642153","https://cucatalog.org/search/searchresults.aspx?ctx=6.1033.0.0.1&type=Browse&by=SU&term=HISTORY+%2f+Russia+%2f+General.&query=SU%3d%22HISTORY+RUSSIA+GENERAL%22&dash=1&page=0",404,"HISTORY / Russia / General."
"https://cucatalog.org/polaris/view.aspx?CN=2642153","https://cucatalog.org/search/searchresults.aspx?ctx=6.1033.0.0.1&type=Browse&by=AU&term=Gershkovich%2c+Evan%2c+1991-&query=AU%3d%22GERSHKOVICH+EVAN+1991%22&dash=1&page=0",404,"Gershkovich, Evan, 1991-"
"https://cucatalog.org/polaris/view.aspx?CN=2642153","https://cucatalog.org/polaris/search/searchresults.aspx?ctx=6.1033.0.0.1&type=Keyword&term=2642153&by=CN&sort=RELEVANCE&limit=TOM%3d*&query=&page=0&searchid=6&lp=0",404,"Regular Text"
"https://cucatalog.org/polaris/view.aspx?CN=2642153","https://cucatalog.org/polaris/search/searchresults.aspx?ctx=6.1033.0.0.1&type=Keyword&term=2642153&by=CN&sort=RELEVANCE&limit=TOM%3d*&query=&page=0&searchid=6&using=92",404,"PAC"
"https://cucatalog.org/polaris/view.aspx?CN=2642153","https://cucatalog.org/polaris/search/searchresults.aspx?ctx=6.1033.0.0.1&type=Keyword&term=2642153&by=CN&sort=RELEVANCE&limit=TOM%3d*&query=&page=0&searchid=6&using=452",404,"Local History Online"
"https://cucatalog.org/polaris/view.aspx?CN=2642153","https://cucatalog.org/polaris/search/searchresults.aspx?ctx=6.1033.0.0.1&type=Keyword&term=2642153&by=CN&sort=RELEVANCE&limit=TOM%3d*&query=&page=0&searchid=6&using=93",404,"WorldCat"
"https://cucatalog.org/polaris/view.aspx?CN=2647703","https://cucatalog.org/search/browse.aspx?ctx=6.1033.0.0.1&type=Browse&by=AU&term=Lewis%2c+Amber%2c&page=0",404,"Lewis, Amber, author."
"https://cucatalog.org/polaris/view.aspx?CN=2647703","https://cucatalog.org/search/searchresults.aspx?ctx=6.1033.0.0.1&type=Keyword&page=0&by=KW&term=2647703",404,"Any Field Search"
"https://cucatalog.org/polaris/view.aspx?CN=2647703","https://cucatalog.org/search/searchresults.aspx?ctx=6.1033.0.0.1&type=Keyword&page=0&by=GENRE&term=2647703",404,"Genre Search"
"https://cucatalog.org/polaris/view.aspx?CN=2647703","https://cucatalog.org/search/searchresults.aspx?ctx=6.1033.0.0.1&type=Keyword&page=0&by=SE&term=2647703",404,"Series Search"
"https://cucatalog.org/polaris/view.aspx?CN=2647703","https://cucatalog.org/search/searchresults.aspx?ctx=6.1033.0.0.1&type=Browse&by=SU&term=De%cc%81coration+inte%cc%81rieure.&query=SU%3d%22DECORATION+INTERIEURE%22&dash=1&page=0",404,"Décoration intérieure."
"https://cucatalog.org/polaris/view.aspx?CN=2647703","https://cucatalog.org/search/searchresults.aspx?ctx=6.1033.0.0.1&type=Keyword&page=0&by=SU&term=2647703",404,"Subject Search"
"https://cucatalog.org/polaris/view.aspx?CN=2647703","https://cucatalog.org/search/searchresults.aspx?ctx=6.1033.0.0.1&type=Keyword&page=0&by=PUB&term=2647703",404,"Publisher Search"
"https://cucatalog.org/polaris/view.aspx?CN=2647703","https://cucatalog.org/search/searchresults.aspx?ctx=6.1033.0.0.1&type=Browse&by=SU&term=Interior+decoration&query=SU%3d%22INTERIOR+DECORATION%22&dash=1&page=0",404,"Interior decoration"
"https://cucatalog.org/polaris/view.aspx?CN=2647703","https://cucatalog.org/search/searchresults.aspx?ctx=6.1033.0.0.1&type=Keyword&page=0&by=AU&term=2647703",404,"Author Search"
"https://cucatalog.org/polaris/view.aspx?CN=2647703","https://cucatalog.org/search/searchresults.aspx?ctx=6.1033.0.0.1&type=Keyword&page=0&by=TI&term=2647703",404,"Title Search"
"https://cucatalog.org/polaris/view.aspx?CN=2647703","https://cucatalog.org/search/searchresults.aspx?ctx=6.1033.0.0.1&type=Browse&by=AU&term=Lewis%2c+Amber&query=AU%3d%22LEWIS+AMBER%22&dash=1&page=0",404,"Lewis, Amber"
"https://cucatalog.org/polaris/view.aspx?CN=2647703","https://cucatalog.org/search/searchresults.aspx?ctx=6.1033.0.0.1&type=Browse&by=AU&term=Degges%2c+Shade&query=AU%3d%22DEGGES+SHADE%22&dash=1&page=0",404,"Degges, Shade"
"https://cucatalog.org/polaris/view.aspx?CN=2647703","https://cucatalog.org/search/searchresults.aspx?ctx=6.1033.0.0.1&type=Keyword&page=0&by=NOTE&term=2647703",404,"General Notes Search"
"https://cucatalog.org/polaris/view.aspx?CN=2647703","https://cucatalog.org/polaris/search/searchresults.aspx?ctx=6.1033.0.0.1&type=Keyword&term=2647703&by=CN&sort=RELEVANCE&limit=TOM%3d*&query=&page=0&searchid=7&lp=0",404,"Regular Text"
"https://cucatalog.org/polaris/view.aspx?CN=2647703","https://cucatalog.org/polaris/search/searchresults.aspx?ctx=6.1033.0.0.1&type=Keyword&term=2647703&by=CN&sort=RELEVANCE&limit=TOM%3d*&query=&page=0&searchid=7&using=92",404,"PAC"
"https://cucatalog.org/polaris/view.aspx?CN=2647703","https://cucatalog.org/polaris/search/searchresults.aspx?ctx=6.1033.0.0.1&type=Keyword&term=2647703&by=CN&sort=RELEVANCE&limit=TOM%3d*&query=&page=0&searchid=7&using=452",404,"Local History Online"
"https://cucatalog.org/polaris/view.aspx?CN=2647703","https://cucatalog.org/polaris/search/searchresults.aspx?ctx=6.1033.0.0.1&type=Keyword&term=2647703&by=CN&sort=RELEVANCE&limit=TOM%3d*&query=&page=0&searchid=7&using=93",404,"WorldCat"
"https://cucatalog.org/polaris/view.aspx?CN=2633869","https://cucatalog.org/search/browse.aspx?ctx=6.1033.0.0.1&type=Browse&by=SE&term=Baldur%27s+Gate+3&page=0",404,"Baldur's Gate 3"
"https://cucatalog.org/polaris/view.aspx?CN=2633869","https://cucatalog.org/search/browse.aspx?ctx=6.1033.0.0.1&type=Browse&by=AU&term=Kingfisher%2c+T.&page=0",404,"Kingfisher, T. author"
"https://cucatalog.org/polaris/view.aspx?CN=2633869","https://cucatalog.org/search/searchresults.aspx?ctx=6.1033.0.0.1&type=Keyword&page=0&by=PUB&term=2633869",404,"Publisher Search"
"https://cucatalog.org/polaris/view.aspx?CN=2633869","https://cucatalog.org/search/searchresults.aspx?ctx=6.1033.0.0.1&type=Keyword&page=0&by=GENRE&term=2633869",404,"Genre Search"
"https://cucatalog.org/polaris/view.aspx?CN=2633869","https://cucatalog.org/search/searchresults.aspx?ctx=6.1033.0.0.1&type=Keyword&page=0&by=SE&term=2633869",404,"Series Search"
"https://cucatalog.org/polaris/view.aspx?CN=2633869","https://cucatalog.org/search/searchresults.aspx?ctx=6.1033.0.0.1&type=Browse&by=SU&term=Deals&query=SU%3d%22DEALS%22&dash=1&page=0",404,"Deals"
"https://cucatalog.org/polaris/view.aspx?CN=2633869","https://cucatalog.org/search/searchresults.aspx?ctx=6.1033.0.0.1&type=Keyword&page=0&by=SU&term=2633869",404,"Subject Search"
"https://cucatalog.org/polaris/view.aspx?CN=2633869","https://cucatalog.org/search/searchresults.aspx?ctx=6.1033.0.0.1&type=Keyword&page=0&by=KW&term=2633869",404,"Any Field Search"
"https://cucatalog.org/polaris/view.aspx?CN=2633869","https://cucatalog.org/search/searchresults.aspx?ctx=6.1033.0.0.1&type=Keyword&page=0&by=TI&term=2633869",404,"Title Search"
"https://cucatalog.org/polaris/view.aspx?CN=2633869","https://cucatalog.org/search/searchresults.aspx?ctx=6.1033.0.0.1&type=Keyword&page=0&by=AU&term=2633869",404,"Author Search"
"https://cucatalog.org/polaris/view.aspx?CN=2633869","https://cucatalog.org/search/searchresults.aspx?ctx=6.1033.0.0.1&type=Browse&by=SU&term=Dieux&query=SU%3d%22DIEUX%22&dash=1&page=0",404,"Dieux"
"https://cucatalog.org/polaris/view.aspx?CN=2633869","https://cucatalog.org/search/searchresults.aspx?ctx=6.1033.0.0.1&type=Browse&by=SU&term=Gods&query=SU%3d%22GODS%22&dash=1&page=0",404,"Gods"
"https://cucatalog.org/polaris/view.aspx?CN=2633869","https://cucatalog.org/search/searchresults.aspx?ctx=6.1033.0.0.1&type=Keyword&page=0&by=NOTE&term=2633869",404,"General Notes Search"
"https://cucatalog.org/polaris/view.aspx?CN=2633869","https://cucatalog.org/search/searchresults.aspx?ctx=6.1033.0.0.1&type=Browse&by=AU&term=Kingfisher%2c+T.&query=AU%3d%22KINGFISHER+T%22&dash=1&page=0",404,"Kingfisher, T."
"https://cucatalog.org/polaris/view.aspx?CN=2633869","https://cucatalog.org/search/searchresults.aspx?ctx=6.1033.0.0.1&type=Browse&by=SE&term=Baldur%27s+Gate+3&query=SE%3d%22BALDURS+GATE+3%22&dash=1&page=0",404,"Baldur's Gate 3"
"https://cucatalog.org/polaris/view.aspx?CN=2633869","https://cucatalog.org/polaris/search/searchresults.aspx?ctx=6.1033.0.0.1&type=Keyword&term=2633869&by=CN&sort=RELEVANCE&limit=TOM%3d*&query=&page=0&searchid=8&lp=0",404,"Regular Text"
"https://cucatalog.org/polaris/view.aspx?CN=2633869","https://cucatalog.org/polaris/search/searchresults.aspx?ctx=6.1033.0.0.1&type=Keyword&term=2633869&by=CN&sort=RELEVANCE&limit=TOM%3d*&query=&page=0&searchid=8&using=452",404,"Local History Online"
"https://cucatalog.org/polaris/view.aspx?CN=2633869","https://cucatalog.org/polaris/search/searchresults.aspx?ctx=6.1033.0.0.1&type=Keyword&term=2633869&by=CN&sort=RELEVANCE&limit=TOM%3d*&query=&page=0&searchid=8&using=92",404,"PAC"
"https://cucatalog.org/polaris/view.aspx?CN=2633869","https://cucatalog.org/polaris/search/searchresults.aspx?ctx=6.1033.0.0.1&type=Keyword&term=2633869&by=CN&sort=RELEVANCE&limit=TOM%3d*&query=&page=0&searchid=8&using=93",404,"WorldCat"
"https://cucatalog.org/polaris/view.aspx?CN=2659862","https://cucatalog.org/search/searchresults.aspx?ctx=6.1033.0.0.1&type=Keyword&page=0&by=KW&term=2659862",404,"Any Field Search"
"https://cucatalog.org/polaris/view.aspx?CN=2659862","https://cucatalog.org/search/browse.aspx?ctx=6.1033.0.0.1&type=Browse&by=AU&term=Gladwell%2c+Malcolm%2c+1963-&page=0",404,"Gladwell, Malcolm, 1963- author."
"https://cucatalog.org/polaris/view.aspx?CN=2659862","https://cucatalog.org/search/searchresults.aspx?ctx=6.1033.0.0.1&type=Keyword&page=0&by=GENRE&term=2659862",404,"Genre Search"
"https://cucatalog.org/polaris/view.aspx?CN=2659862","https://cucatalog.org/search/searchresults.aspx?ctx=6.1033.0.0.1&type=Keyword&page=0&by=SE&term=2659862",404,"Series Search"
"https://cucatalog.org/polaris/view.aspx?CN=2659862","https://cucatalog.org/search/searchresults.aspx?ctx=6.1033.0.0.1&type=Keyword&page=0&by=SU&term=2659862",404,"Subject Search"
"https://cucatalog.org/polaris/view.aspx?CN=2659862","https://cucatalog.org/search/searchresults.aspx?ctx=6.1033.0.0.1&type=Keyword&page=0&by=AU&term=2659862",404,"Author Search"
"https://cucatalog.org/polaris/view.aspx?CN=2659862","https://cucatalog.org/search/searchresults.aspx?ctx=6.1033.0.0.1&type=Keyword&page=0&by=NOTE&term=2659862",404,"General Notes Search"
"https://cucatalog.org/polaris/view.aspx?CN=2659862","https://cucatalog.org/search/searchresults.aspx?ctx=6.1033.0.0.1&type=Keyword&page=0&by=TI&term=2659862",404,"Title Search"
"https://cucatalog.org/polaris/view.aspx?CN=2659862","https://cucatalog.org/search/searchresults.aspx?ctx=6.1033.0.0.1&type=Browse&by=SU&term=Armes+a%cc%80+feu&query=SU%3d%22ARMES+A+FEU%22&dash=1&page=0",404,"Armes à feu"
"https://cucatalog.org/polaris/view.aspx?CN=2659862","https://cucatalog.org/search/searchresults.aspx?ctx=6.1033.0.0.1&type=Browse&by=SU&term=Crimes+violents&query=SU%3d%22CRIMES+VIOLENTS%22&dash=1&page=0",404,"Crimes violents"
"https://cucatalog.org/polaris/view.aspx?CN=2659862","https://cucatalog.org/search/searchresults.aspx?ctx=6.1033.0.0.1&type=Browse&by=SU&term=Firearms&query=SU%3d%22FIREARMS%22&dash=1&page=0",404,"Firearms"
"https://cucatalog.org/polaris/view.aspx?CN=2659862","https://cucatalog.org/search/searchresults.aspx?ctx=6.1033.0.0.1&type=Keyword&page=0&by=PUB&term=2659862",404,"Publisher Search"
"https://cucatalog.org/polaris/view.aspx?CN=2659862","https://cucatalog.org/search/searchresults.aspx?ctx=6.1033.0.0.1&type=Browse&by=SU&term=Gun+control&query=SU%3d%22GUN+CONTROL%22&dash=1&page=0",404,"Gun control"
"https://cucatalog.org/polaris/view.aspx?CN=2659862","https://cucatalog.org/search/searchresults.aspx?ctx=6.1033.0.0.1&type=Browse&by=SU&term=POLITICAL+SCIENCE+%2f+Public+Policy+%2f+Social+Policy.&query=SU%3d%22POLITICAL+SCIENCE+PUBLIC+POLICY+SOCIAL+POLICY%22&dash=1&page=0",404,"POLITICAL SCIENCE / Public Policy / Social Policy."
"https://cucatalog.org/polaris/view.aspx?CN=2659862","https://cucatalog.org/search/searchresults.aspx?ctx=6.1033.0.0.1&type=Browse&by=AU&term=Gladwell%2c+Malcolm%2c+1963-&query=AU%3d%22GLADWELL+MALCOLM+1963%22&dash=1&page=0",404,"Gladwell, Malcolm, 1963-"
"https://cucatalog.org/polaris/view.aspx?CN=2659862","https://cucatalog.org/polaris/search/searchresults.aspx?ctx=6.1033.0.0.1&type=Keyword&term=2659862&by=CN&sort=RELEVANCE&limit=TOM%3d*&query=&page=0&searchid=9&lp=0",404,"Regular Text"
"https://cucatalog.org/polaris/view.aspx?CN=2659862","https://cucatalog.org/polaris/search/searchresults.aspx?ctx=6.1033.0.0.1&type=Keyword&term=2659862&by=CN&sort=RELEVANCE&limit=TOM%3d*&query=&page=0&searchid=9&using=452",404,"Local History Online"
"https://cucatalog.org/polaris/view.aspx?CN=2659862","https://cucatalog.org/polaris/search/searchresults.aspx?ctx=6.1033.0.0.1&type=Keyword&term=2659862&by=CN&sort=RELEVANCE&limit=TOM%3d*&query=&page=0&searchid=9&using=93",404,"WorldCat"
"https://cucatalog.org/polaris/view.aspx?CN=2659862","https://cucatalog.org/polaris/search/searchresults.aspx?ctx=6.1033.0.0.1&type=Keyword&term=2659862&by=CN&sort=RELEVANCE&limit=TOM%3d*&query=&page=0&searchid=9&using=92",404,"PAC"
"https://cucatalog.org/polaris/view.aspx?CN=2642128","https://cucatalog.org/search/browse.aspx?ctx=6.1033.0.0.1&type=Browse&by=AU&term=Sebag+Montefiore%2c+Simon%2c+1965-&page=0",404,"Sebag Montefiore, Simon, 1965- author."
"https://cucatalog.org/polaris/view.aspx?CN=2642128","https://cucatalog.org/search/searchresults.aspx?ctx=6.1033.0.0.1&type=Keyword&page=0&by=KW&term=2642128",404,"Any Field Search"
"https://cucatalog.org/polaris/view.aspx?CN=2642128","https://cucatalog.org/search/searchresults.aspx?ctx=6.1033.0.0.1&type=Keyword&page=0&by=GENRE&term=2642128",404,"Genre Search"
"https://cucatalog.org/polaris/view.aspx?CN=2642128","https://cucatalog.org/search/searchresults.aspx?ctx=6.1033.0.0.1&type=Keyword&page=0&by=SE&term=2642128",404,"Series Search"
"https://cucatalog.org/polaris/view.aspx?CN=2642128","https://cucatalog.org/search/searchresults.aspx?ctx=6.1033.0.0.1&type=Keyword&page=0&by=TI&term=2642128",404,"Title Search"
"https://cucatalog.org/polaris/view.aspx?CN=2642128","https://cucatalog.org/search/searchresults.aspx?ctx=6.1033.0.0.1&type=Browse&by=SU&term=Arab+countries&query=SU%3d%22ARAB+COUNTRIES%22&dash=1&page=0",404,"Arab countries"
"https://cucatalog.org/polaris/view.aspx?CN=2642128","https://cucatalog.org/search/searchresults.aspx?ctx=6.1033.0.0.1&type=Keyword&page=0&by=NOTE&term=2642128",404,"General Notes Search"
"https://cucatalog.org/polaris/view.aspx?CN=2642128","https://cucatalog.org/search/searchresults.aspx?ctx=6.1033.0.0.1&type=Browse&by=SU&term=E%cc%81tats+arabes&query=SU%3d%22ETATS+ARABES%22&dash=1&page=0",404,"États arabes"
"https://cucatalog.org/polaris/view.aspx?CN=2642128","https://cucatalog.org/search/searchresults.aspx?ctx=6.1033.0.0.1&type=Browse&by=SU&term=HISTORY+%2f+Middle+East+%2f+General.&query=SU%3d%22HISTORY+MIDDLE+EAST+GENERAL%22&dash=1&page=0",404,"HISTORY / Middle East / General."
"https://cucatalog.org/polaris/view.aspx?CN=2642128","https://cucatalog.org/search/searchresults.aspx?ctx=6.1033.0.0.1&type=Keyword&page=0&by=AU&term=2642128",404,"Author Search"
"https://cucatalog.org/polaris/view.aspx?CN=2642128","https://cucatalog.org/search/searchresults.aspx?ctx=6.1033.0.0.1&type=Browse&by=SU&term=Middle+East&query=SU%3d%22MIDDLE+EAST%22&dash=1&page=0",404,"Middle East"
"https://cucatalog.org/polaris/view.aspx?CN=2642128","https://cucatalog.org/search/searchresults.aspx?ctx=6.1033.0.0.1&type=Browse&by=SU&term=Moyen-Orient&query=SU%3d%22MOYEN+ORIENT%22&dash=1&page=0",404,"Moyen-Orient"
"https://cucatalog.org/polaris/view.aspx?CN=2642128","https://cucatalog.org/search/searchresults.aspx?ctx=6.1033.0.0.1&type=Keyword&page=0&by=SU&term=2642128",404,"Subject Search"
"https://cucatalog.org/polaris/view.aspx?CN=2642128","https://cucatalog.org/search/searchresults.aspx?ctx=6.1033.0.0.1&type=Keyword&page=0&by=PUB&term=2642128",404,"Publisher Search"
"https://cucatalog.org/polaris/view.aspx?CN=2642128","https://cucatalog.org/search/searchresults.aspx?ctx=6.1033.0.0.1&type=Browse&by=AU&term=Sebag+Montefiore%2c+Simon%2c+1965-&query=AU%3d%22SEBAG+MONTEFIORE+SIMON+1965%22&dash=1&page=0",404,"Sebag Montefiore, Simon, 1965-"
"https://cucatalog.org/polaris/view.aspx?CN=2642128","https://cucatalog.org/polaris/search/searchresults.aspx?ctx=6.1033.0.0.1&type=Keyword&term=2642128&by=CN&sort=RELEVANCE&limit=TOM%3d*&query=&page=0&searchid=10&lp=0",404,"Regular Text"
"https://cucatalog.org/polaris/view.aspx?CN=2642128","https://cucatalog.org/polaris/search/searchresults.aspx?ctx=6.1033.0.0.1&type=Keyword&term=2642128&by=CN&sort=RELEVANCE&limit=TOM%3d*&query=&page=0&searchid=10&using=92",404,"PAC"
"https://cucatalog.org/polaris/view.aspx?CN=2642128","https://cucatalog.org/polaris/search/searchresults.aspx?ctx=6.1033.0.0.1&type=Keyword&term=2642128&by=CN&sort=RELEVANCE&limit=TOM%3d*&query=&page=0&searchid=10&using=452",404,"Local History Online"
"https://cucatalog.org/polaris/view.aspx?CN=2642128","https://cucatalog.org/polaris/search/searchresults.aspx?ctx=6.1033.0.0.1&type=Keyword&term=2642128&by=CN&sort=RELEVANCE&limit=TOM%3d*&query=&page=0&searchid=10&using=93",404,"WorldCat"
"https://cucatalog.org/polaris/view.aspx?CN=2638600","https://cucatalog.org/search/browse.aspx?ctx=6.1033.0.0.1&type=Browse&by=AU&term=deWitt%2c+Patrick%2c+1975-&page=0",404,"deWitt, Patrick, 1975- author."
"https://cucatalog.org/polaris/view.aspx?CN=2638600","https://cucatalog.org/search/searchresults.aspx?ctx=6.1033.0.0.1&type=Keyword&page=0&by=KW&term=2638600",404,"Any Field Search"
"https://cucatalog.org/polaris/view.aspx?CN=2638600","https://cucatalog.org/search/searchresults.aspx?ctx=6.1033.0.0.1&type=Keyword&page=0&by=TI&term=2638600",404,"Title Search"
"https://cucatalog.org/polaris/view.aspx?CN=2638600","https://cucatalog.org/search/searchresults.aspx?ctx=6.1033.0.0.1&type=Keyword&page=0&by=GENRE&term=2638600",404,"Genre Search"
"https://cucatalog.org/polaris/view.aspx?CN=2638600","https://cucatalog.org/search/searchresults.aspx?ctx=6.1033.0.0.1&type=Keyword&page=0&by=SE&term=2638600",404,"Series Search"
"https://cucatalog.org/polaris/view.aspx?CN=2638600","https://cucatalog.org/search/searchresults.aspx?ctx=6.1033.0.0.1&type=Keyword&page=0&by=SU&term=2638600",404,"Subject Search"
"https://cucatalog.org/polaris/view.aspx?CN=2638600","https://cucatalog.org/search/searchresults.aspx?ctx=6.1033.0.0.1&type=Browse&by=SU&term=Automobile+travel&query=SU%3d%22AUTOMOBILE+TRAVEL%22&dash=1&page=0",404,"Automobile travel"
"https://cucatalog.org/polaris/view.aspx?CN=2638600","https://cucatalog.org/search/searchresults.aspx?ctx=6.1033.0.0.1&type=Keyword&page=0&by=AU&term=2638600",404,"Author Search"
"https://cucatalog.org/polaris/view.aspx?CN=2638600","https://cucatalog.org/search/searchresults.aspx?ctx=6.1033.0.0.1&type=Browse&by=SU&term=California&query=SU%3d%22CALIFORNIA%22&dash=1&page=0",404,"California"
"https://cucatalog.org/polaris/view.aspx?CN=2638600","https://cucatalog.org/search/searchresults.aspx?ctx=6.1033.0.0.1&type=Keyword&page=0&by=PUB&term=2638600",404,"Publisher Search"
"https://cucatalog.org/polaris/view.aspx?CN=2638600","https://cucatalog.org/search/searchresults.aspx?ctx=6.1033.0.0.1&type=Browse&by=SU&term=Nineteen+sixties&query=SU%3d%22NINETEEN+SIXTIES%22&dash=1&page=0",404,"Nineteen sixties"
"https://cucatalog.org/polaris/view.aspx?CN=2638600","https://cucatalog.org/search/searchresults.aspx?ctx=6.1033.0.0.1&type=Browse&by=SU&term=Road+fiction.&query=SU%3d%22ROAD+FICTION%22&dash=1&page=0",404,"Road fiction."
"https://cucatalog.org/polaris/view.aspx?CN=2638600","https://cucatalog.org/search/searchresults.aspx?ctx=6.1033.0.0.1&type=Keyword&page=0&by=NOTE&term=2638600",404,"General Notes Search"
"https://cucatalog.org/polaris/view.aspx?CN=2638600","https://cucatalog.org/search/searchresults.aspx?ctx=6.1033.0.0.1&type=Browse&by=AU&term=deWitt%2c+Patrick%2c+1975-&query=AU%3d%22DEWITT+PATRICK+1975%22&dash=1&page=0",404,"deWitt, Patrick, 1975-"
"https://cucatalog.org/polaris/view.aspx?CN=2638600","https://cucatalog.org/polaris/search/searchresults.aspx?ctx=6.1033.0.0.1&type=Keyword&term=2638600&by=CN&sort=RELEVANCE&limit=TOM%3d*&query=&page=0&searchid=11&using=92",404,"PAC"
"https://cucatalog.org/polaris/view.aspx?CN=2638600","https://cucatalog.org/polaris/search/searchresults.aspx?ctx=6.1033.0.0.1&type=Keyword&term=2638600&by=CN&sort=RELEVANCE&limit=TOM%3d*&query=&page=0&searchid=11&lp=0",404,"Regular Text"
"https://cucatalog.org/polaris/view.aspx?CN=2638600","https://cucatalog.org/polaris/search/searchresults.aspx?ctx=6.1033.0.0.1&type=Keyword&term=2638600&by=CN&sort=RELEVANCE&limit=TOM%3d*&query=&page=0&searchid=11&using=452",404,"Local History Online"
"https://cucatalog.org/polaris/view.aspx?CN=2638600","https://cucatalog.org/polaris/search/searchresults.aspx?ctx=6.1033.0.0.1&type=Keyword&term=2638600&by=CN&sort=RELEVANCE&limit=TOM%3d*&query=&page=0&searchid=11&using=93",404,"WorldCat"
"https://cucatalog.org/polaris/view.aspx?CN=2647253","https://cucatalog.org/search/browse.aspx?ctx=6.1033.0.0.1&type=Browse&by=SE&term=Yarros%2c+Rebecca.+Empyrean.&page=0",404,"Yarros, Rebecca. Empyrean."
"https://cucatalog.org/polaris/view.aspx?CN=2647253","https://cucatalog.org/search/browse.aspx?ctx=6.1033.0.0.1&type=Browse&by=AU&term=Yarros%2c+Rebecca%2c&page=0",404,"Yarros, Rebecca, author."
"https://cucatalog.org/polaris/view.aspx?CN=2647253","https://cucatalog.org/search/searchresults.aspx?ctx=6.1033.0.0.1&type=Keyword&page=0&by=PUB&term=2647253",404,"Publisher Search"
"https://cucatalog.org/polaris/view.aspx?CN=2647253","https://cucatalog.org/search/searchresults.aspx?ctx=6.1033.0.0.1&type=Keyword&page=0&by=SE&term=2647253",404,"Series Search"
"https://cucatalog.org/polaris/view.aspx?CN=2647253","https://cucatalog.org/search/searchresults.aspx?ctx=6.1033.0.0.1&type=Keyword&page=0&by=GENRE&term=2647253",404,"Genre Search"
"https://cucatalog.org/polaris/view.aspx?CN=2647253","https://cucatalog.org/search/searchresults.aspx?ctx=6.1033.0.0.1&type=Keyword&page=0&by=KW&term=2647253",404,"Any Field Search"
"https://cucatalog.org/polaris/view.aspx?CN=2647253","https://cucatalog.org/search/searchresults.aspx?ctx=6.1033.0.0.1&type=Keyword&page=0&by=TI&term=2647253",404,"Title Search"
"https://cucatalog.org/polaris/view.aspx?CN=2647253","https://cucatalog.org/search/searchresults.aspx?ctx=6.1033.0.0.1&type=Browse&by=SU&term=Action+and+adventure+fiction.&query=SU%3d%22ACTION+AND+ADVENTURE+FICTION%22&dash=1&page=0",404,"Action and adventure fiction."
"https://cucatalog.org/polaris/view.aspx?CN=2647253","https://cucatalog.org/search/searchresults.aspx?ctx=6.1033.0.0.1&type=Browse&by=SU&term=Love+stories.&query=SU%3d%22LOVE+STORIES%22&dash=1&page=0",404,"Love stories."
"https://cucatalog.org/polaris/view.aspx?CN=2647253","https://cucatalog.org/search/searchresults.aspx?ctx=6.1033.0.0.1&type=Keyword&page=0&by=SU&term=2647253",404,"Subject Search"
"https://cucatalog.org/polaris/view.aspx?CN=2647253","https://cucatalog.org/search/searchresults.aspx?ctx=6.1033.0.0.1&type=Browse&by=SU&term=Dragons&query=SU%3d%22DRAGONS%22&dash=1&page=0",404,"Dragons"
"https://cucatalog.org/polaris/view.aspx?CN=2647253","https://cucatalog.org/search/searchresults.aspx?ctx=6.1033.0.0.1&type=Keyword&page=0&by=NOTE&term=2647253",404,"General Notes Search"
"https://cucatalog.org/polaris/view.aspx?CN=2647253","https://cucatalog.org/search/searchresults.aspx?ctx=6.1033.0.0.1&type=Browse&by=AU&term=Yarros%2c+Rebecca&query=AU%3d%22YARROS+REBECCA%22&dash=1&page=0",404,"Yarros, Rebecca"
"https://cucatalog.org/polaris/view.aspx?CN=2647253","https://cucatalog.org/search/searchresults.aspx?ctx=6.1033.0.0.1&type=Browse&by=SU&term=Magic&query=SU%3d%22MAGIC%22&dash=1&page=0",404,"Magic"
"https://cucatalog.org/polaris/view.aspx?CN=2647253","https://cucatalog.org/search/searchresults.aspx?ctx=6.1033.0.0.1&type=Keyword&page=0&by=AU&term=2647253",404,"Author Search"
"https://cucatalog.org/polaris/view.aspx?CN=2647253","https://cucatalog.org/search/searchresults.aspx?ctx=6.1033.0.0.1&type=Browse&by=SE&term=The+Empyrean+series&query=SE%3d%22THE+EMPYREAN+SERIES%22&dash=1&page=0",404,"The Empyrean series"
"https://cucatalog.org/polaris/view.aspx?CN=2647253","https://cucatalog.org/search/searchresults.aspx?ctx=6.1033.0.0.1&type=Browse&by=SE&term=Empyrean&query=SE%3d%22EMPYREAN%22&dash=1&page=0",404,"Empyrean"
"https://cucatalog.org/polaris/view.aspx?CN=2647253","https://cucatalog.org/search/searchresults.aspx?ctx=6.1033.0.0.1&type=Browse&by=SE&term=Yarros%2c+Rebecca.+Empyrean&query=SE%3d%22YARROS+REBECCA+EMPYREAN%22&dash=1&page=0",404,"Yarros, Rebecca. Empyrean"
"https://cucatalog.org/polaris/view.aspx?CN=2647253","https://cucatalog.org/polaris/search/searchresults.aspx?ctx=6.1033.0.0.1&type=Keyword&term=2647253&by=CN&sort=RELEVANCE&limit=TOM%3d*&query=&page=0&searchid=12&lp=0",404,"Regular Text"
"https://cucatalog.org/polaris/view.aspx?CN=2647253","https://cucatalog.org/polaris/search/searchresults.aspx?ctx=6.1033.0.0.1&type=Keyword&term=2647253&by=CN&sort=RELEVANCE&limit=TOM%3d*&query=&page=0&searchid=12&using=92",404,"PAC"
"https://cucatalog.org/polaris/view.aspx?CN=2647253","https://cucatalog.org/polaris/search/searchresults.aspx?ctx=6.1033.0.0.1&type=Keyword&term=2647253&by=CN&sort=RELEVANCE&limit=TOM%3d*&query=&page=0&searchid=12&using=452",404,"Local History Online"
"https://cucatalog.org/polaris/view.aspx?CN=2647253","https://cucatalog.org/polaris/search/searchresults.aspx?ctx=6.1033.0.0.1&type=Keyword&term=2647253&by=CN&sort=RELEVANCE&limit=TOM%3d*&query=&page=0&searchid=12&using=93",404,"WorldCat"
"https://cucatalog.org/polaris/view.aspx?CN=2645922","https://cucatalog.org/search/searchresults.aspx?ctx=6.1033.0.0.1&type=Keyword&page=0&by=KW&term=2645922",404,"Any Field Search"
"https://cucatalog.org/polaris/view.aspx?CN=2645922","https://cucatalog.org/search/browse.aspx?ctx=6.1033.0.0.1&type=Browse&by=AU&term=Atlas%2c+Galit%2c&page=0",404,"Atlas, Galit, author"
"https://cucatalog.org/polaris/view.aspx?CN=2645922","https://cucatalog.org/search/searchresults.aspx?ctx=6.1033.0.0.1&type=Keyword&page=0&by=GENRE&term=2645922",404,"Genre Search"
"https://cucatalog.org/polaris/view.aspx?CN=2645922","https://cucatalog.org/search/searchresults.aspx?ctx=6.1033.0.0.1&type=Browse&by=SU&term=FAMILY+%26+RELATIONSHIPS+%2f+Love+%26+Romance.&query=SU%3d%22FAMILY+%26+RELATIONSHIPS+LOVE+%26+ROMANCE%22&dash=1&page=0",404,"FAMILY & RELATIONSHIPS / Love & Romance."
"https://cucatalog.org/polaris/view.aspx?CN=2645922","https://cucatalog.org/search/searchresults.aspx?ctx=6.1033.0.0.1&type=Keyword&page=0&by=SE&term=2645922",404,"Series Search"
"https://cucatalog.org/polaris/view.aspx?CN=2645922","https://cucatalog.org/search/searchresults.aspx?ctx=6.1033.0.0.1&type=Keyword&page=0&by=AU&term=2645922",404,"Author Search"
"https://cucatalog.org/polaris/view.aspx?CN=2645922","https://cucatalog.org/search/searchresults.aspx?ctx=6.1033.0.0.1&type=Keyword&page=0&by=PUB&term=2645922",404,"Publisher Search"
"https://cucatalog.org/polaris/view.aspx?CN=2645922","https://cucatalog.org/search/searchresults.aspx?ctx=6.1033.0.0.1&type=Browse&by=SU&term=Interpersonal+relations&query=SU%3d%22INTERPERSONAL+RELATIONS%22&dash=1&page=0",404,"Interpersonal relations"
"https://cucatalog.org/polaris/view.aspx?CN=2645922","https://cucatalog.org/search/searchresults.aspx?ctx=6.1033.0.0.1&type=Keyword&page=0&by=SU&term=2645922",404,"Subject Search"
"https://cucatalog.org/polaris/view.aspx?CN=2645922","https://cucatalog.org/search/searchresults.aspx?ctx=6.1033.0.0.1&type=Keyword&page=0&by=TI&term=2645922",404,"Title Search"
"https://cucatalog.org/polaris/view.aspx?CN=2645922","https://cucatalog.org/search/searchresults.aspx?ctx=6.1033.0.0.1&type=Browse&by=AU&term=Atlas%2c+Galit&query=AU%3d%22ATLAS+GALIT%22&dash=1&page=0",404,"Atlas, Galit"
"https://cucatalog.org/polaris/view.aspx?CN=2645922","https://cucatalog.org/search/searchresults.aspx?ctx=6.1033.0.0.1&type=Keyword&page=0&by=NOTE&term=2645922",404,"General Notes Search"
"https://cucatalog.org/polaris/view.aspx?CN=2645922","https://cucatalog.org/search/searchresults.aspx?ctx=6.1033.0.0.1&type=Browse&by=SU&term=Sociabilite%cc%81&query=SU%3d%22SOCIABILITE%22&dash=1&page=0",404,"Sociabilité"
"https://cucatalog.org/polaris/view.aspx?CN=2645922","https://cucatalog.org/polaris/search/searchresults.aspx?ctx=6.1033.0.0.1&type=Keyword&term=2645922&by=CN&sort=RELEVANCE&limit=TOM%3d*&query=&page=0&searchid=13&lp=0",404,"Regular Text"
"https://cucatalog.org/polaris/view.aspx?CN=2645922","https://cucatalog.org/polaris/search/searchresults.aspx?ctx=6.1033.0.0.1&type=Keyword&term=2645922&by=CN&sort=RELEVANCE&limit=TOM%3d*&query=&page=0&searchid=13&using=452",404,"Local History Online"
"https://cucatalog.org/polaris/view.aspx?CN=2645922","https://cucatalog.org/polaris/search/searchresults.aspx?ctx=6.1033.0.0.1&type=Keyword&term=2645922&by=CN&sort=RELEVANCE&limit=TOM%3d*&query=&page=0&searchid=13&using=92",404,"PAC"
"https://cucatalog.org/polaris/view.aspx?CN=2645922","https://cucatalog.org/polaris/search/searchresults.aspx?ctx=6.1033.0.0.1&type=Keyword&term=2645922&by=CN&sort=RELEVANCE&limit=TOM%3d*&query=&page=0&searchid=13&using=93",404,"WorldCat"
"https://cucatalog.org/polaris/view.aspx?CN=2635134","https://cucatalog.org/search/browse.aspx?ctx=6.1033.0.0.1&type=Browse&by=AU&term=Meier%2c+Leslie%2c&page=0",404,"Meier, Leslie, author."
"https://cucatalog.org/polaris/view.aspx?CN=2635134","https://cucatalog.org/search/browse.aspx?ctx=6.1033.0.0.1&type=Browse&by=SE&term=Meier%2c+Leslie.+Lucy+Stone+mystery.&page=0",404,"Meier, Leslie. Lucy Stone mystery."
"https://cucatalog.org/polaris/view.aspx?CN=2635134","https://cucatalog.org/search/searchresults.aspx?ctx=6.1033.0.0.1&type=Keyword&page=0&by=PUB&term=2635134",404,"Publisher Search"
"https://cucatalog.org/polaris/view.aspx?CN=2635134","https://cucatalog.org/search/searchresults.aspx?ctx=6.1033.0.0.1&type=Keyword&page=0&by=GENRE&term=2635134",404,"Genre Search"
"https://cucatalog.org/polaris/view.aspx?CN=2635134","https://cucatalog.org/search/searchresults.aspx?ctx=6.1033.0.0.1&type=Keyword&page=0&by=KW&term=2635134",404,"Any Field Search"
"https://cucatalog.org/polaris/view.aspx?CN=2635134","https://cucatalog.org/search/searchresults.aspx?ctx=6.1033.0.0.1&type=Keyword&page=0&by=SE&term=2635134",404,"Series Search"
"https://cucatalog.org/polaris/view.aspx?CN=2635134","https://cucatalog.org/search/searchresults.aspx?ctx=6.1033.0.0.1&type=Browse&by=SU&term=Detective+and+mystery+fiction.&query=SU%3d%22DETECTIVE+AND+MYSTERY+FICTION%22&dash=1&page=0",404,"Detective and mystery fiction."
"https://cucatalog.org/polaris/view.aspx?CN=2635134","https://cucatalog.org/search/searchresults.aspx?ctx=6.1033.0.0.1&type=Browse&by=SU&term=Meurtre&query=SU%3d%22MEURTRE%22&dash=1&page=0",404,"Meurtre"
"https://cucatalog.org/polaris/view.aspx?CN=2635134","https://cucatalog.org/search/searchresults.aspx?ctx=6.1033.0.0.1&type=Browse&by=SU&term=Christmas&query=SU%3d%22CHRISTMAS%22&dash=1&page=0",404,"Christmas"
"https://cucatalog.org/polaris/view.aspx?CN=2635134","https://cucatalog.org/search/searchresults.aspx?ctx=6.1033.0.0.1&type=Keyword&page=0&by=AU&term=2635134",404,"Author Search"
"https://cucatalog.org/polaris/view.aspx?CN=2635134","https://cucatalog.org/search/searchresults.aspx?ctx=6.1033.0.0.1&type=Keyword&page=0&by=TI&term=2635134",404,"Title Search"
"https://cucatalog.org/polaris/view.aspx?CN=2635134","https://cucatalog.org/search/searchresults.aspx?ctx=6.1033.0.0.1&type=Keyword&page=0&by=SU&term=2635134",404,"Subject Search"
"https://cucatalog.org/polaris/view.aspx?CN=2635134","https://cucatalog.org/search/searchresults.aspx?ctx=6.1033.0.0.1&type=Browse&by=SU&term=Murder&query=SU%3d%22MURDER%22&dash=1&page=0",404,"Murder"
"https://cucatalog.org/polaris/view.aspx?CN=2635134","https://cucatalog.org/search/searchresults.aspx?ctx=6.1033.0.0.1&type=Browse&by=SU&term=Mystery+fiction.&query=SU%3d%22MYSTERY+FICTION%22&dash=1&page=0",404,"Mystery fiction."
"https://cucatalog.org/polaris/view.aspx?CN=2635134","https://cucatalog.org/search/searchresults.aspx?ctx=6.1033.0.0.1&type=Keyword&page=0&by=NOTE&term=2635134",404,"General Notes Search"
"https://cucatalog.org/polaris/view.aspx?CN=2635134","https://cucatalog.org/search/searchresults.aspx?ctx=6.1033.0.0.1&type=Browse&by=AU&term=Meier%2c+Leslie&query=AU%3d%22MEIER+LESLIE%22&dash=1&page=0",404,"Meier, Leslie"
"https://cucatalog.org/polaris/view.aspx?CN=2635134","https://cucatalog.org/search/searchresults.aspx?ctx=6.1033.0.0.1&type=Browse&by=SE&term=Lucy+Stone+mystery.&query=SE%3d%22LUCY+STONE+MYSTERY%22&dash=1&page=0",404,"Lucy Stone mystery."
"https://cucatalog.org/polaris/view.aspx?CN=2635134","https://cucatalog.org/search/searchresults.aspx?ctx=6.1033.0.0.1&type=Browse&by=SE&term=A+Lucy+Stone+mystery+%3b+%5b32%5d&query=SE%3d%22A+LUCY+STONE+MYSTERY+32%22&dash=1&page=0",404,"A Lucy Stone mystery ; [32]"
"https://cucatalog.org/polaris/view.aspx?CN=2635134","https://cucatalog.org/search/searchresults.aspx?ctx=6.1033.0.0.1&type=Browse&by=SE&term=Meier%2c+Leslie.+Lucy+Stone+mystery&query=SE%3d%22MEIER+LESLIE+LUCY+STONE+MYSTERY%22&dash=1&page=0",404,"Meier, Leslie. Lucy Stone mystery"
"https://cucatalog.org/polaris/view.aspx?CN=2635134","https://cucatalog.org/polaris/search/searchresults.aspx?ctx=6.1033.0.0.1&type=Keyword&term=2635134&by=CN&sort=RELEVANCE&limit=TOM%3d*&query=&page=0&searchid=14&lp=0",404,"Regular Text"
"https://cucatalog.org/polaris/view.aspx?CN=2635134","https://cucatalog.org/polaris/search/searchresults.aspx?ctx=6.1033.0.0.1&type=Keyword&term=2635134&by=CN&sort=RELEVANCE&limit=TOM%3d*&query=&page=0&searchid=14&using=92",404,"PAC"
"https://cucatalog.org/polaris/view.aspx?CN=2635134","https://cucatalog.org/polaris/search/searchresults.aspx?ctx=6.1033.0.0.1&type=Keyword&term=2635134&by=CN&sort=RELEVANCE&limit=TOM%3d*&query=&page=0&searchid=14&using=93",404,"WorldCat"
"https://cucatalog.org/polaris/view.aspx?CN=2635134","https://cucatalog.org/polaris/search/searchresults.aspx?ctx=6.1033.0.0.1&type=Keyword&term=2635134&by=CN&sort=RELEVANCE&limit=TOM%3d*&query=&page=0&searchid=14&using=452",404,"Local History Online"
"https://cucatalog.org/polaris/view.aspx?CN=2642980","https://cucatalog.org/search/searchresults.aspx?ctx=6.1033.0.0.1&type=Keyword&page=0&by=KW&term=2642980",404,"Any Field Search"
"https://cucatalog.org/polaris/view.aspx?CN=2642980","https://cucatalog.org/search/browse.aspx?ctx=6.1033.0.0.1&type=Browse&by=AU&term=Anta%2c+Julio%2c&page=0",404,"Anta, Julio, author."
"https://cucatalog.org/polaris/view.aspx?CN=2642980","https://cucatalog.org/search/searchresults.aspx?ctx=6.1033.0.0.1&type=Keyword&page=0&by=GENRE&term=2642980",404,"Genre Search"
"https://cucatalog.org/polaris/view.aspx?CN=2642980","https://cucatalog.org/search/searchresults.aspx?ctx=6.1033.0.0.1&type=Keyword&page=0&by=SE&term=2642980",404,"Series Search"
"https://cucatalog.org/polaris/view.aspx?CN=2642980","https://cucatalog.org/search/searchresults.aspx?ctx=6.1033.0.0.1&type=Keyword&page=0&by=AU&term=2642980",404,"Author Search"
"https://cucatalog.org/polaris/view.aspx?CN=2642980","https://cucatalog.org/search/searchresults.aspx?ctx=6.1033.0.0.1&type=Browse&by=SU&term=Bandes+dessine%cc%81es+familiales.&query=SU%3d%22BANDES+DESSINEES+FAMILIALES%22&dash=1&page=0",404,"Bandes dessinées familiales."
"https://cucatalog.org/polaris/view.aspx?CN=2642980","https://cucatalog.org/search/searchresults.aspx?ctx=6.1033.0.0.1&type=Keyword&page=0&by=TI&term=2642980",404,"Title Search"
"https://cucatalog.org/polaris/view.aspx?CN=2642980","https://cucatalog.org/search/searchresults.aspx?ctx=6.1033.0.0.1&type=Browse&by=SU&term=Comics+(Graphic+works)&query=SU%3d%22COMICS+GRAPHIC+WORKS%22&dash=1&page=0",404,"Comics (Graphic works)"
"https://cucatalog.org/polaris/view.aspx?CN=2642980","https://cucatalog.org/search/searchresults.aspx?ctx=6.1033.0.0.1&type=Browse&by=SU&term=Comic+books%2c+strips%2c+etc.&query=SU%3d%22COMIC+BOOKS+STRIPS+ETC%22&dash=1&page=0",404,"Comic books, strips, etc."
"https://cucatalog.org/polaris/view.aspx?CN=2642980","https://cucatalog.org/search/searchresults.aspx?ctx=6.1033.0.0.1&type=Browse&by=SU&term=Domestic+comics&query=SU%3d%22DOMESTIC+COMICS%22&dash=1&page=0",404,"Domestic comics"
"https://cucatalog.org/polaris/view.aspx?CN=2642980","https://cucatalog.org/search/searchresults.aspx?ctx=6.1033.0.0.1&type=Keyword&page=0&by=PUB&term=2642980",404,"Publisher Search"
"https://cucatalog.org/polaris/view.aspx?CN=2642980","https://cucatalog.org/search/searchresults.aspx?ctx=6.1033.0.0.1&type=Keyword&page=0&by=SU&term=2642980",404,"Subject Search"
"https://cucatalog.org/polaris/view.aspx?CN=2642980","https://cucatalog.org/search/searchresults.aspx?ctx=6.1033.0.0.1&type=Keyword&page=0&by=NOTE&term=2642980",404,"General Notes Search"
"https://cucatalog.org/polaris/view.aspx?CN=2642980","https://cucatalog.org/search/searchresults.aspx?ctx=6.1033.0.0.1&type=Browse&by=SU&term=Restaurants&query=SU%3d%22RESTAURANTS%22&dash=1&page=0",404,"Restaurants"
"https://cucatalog.org/polaris/view.aspx?CN=2642980","https://cucatalog.org/search/searchresults.aspx?ctx=6.1033.0.0.1&type=Browse&by=AU&term=Anta%2c+Julio&query=AU%3d%22ANTA+JULIO%22&dash=1&page=0",404,"Anta, Julio"
"https://cucatalog.org/polaris/view.aspx?CN=2642980","https://cucatalog.org/search/searchresults.aspx?ctx=6.1033.0.0.1&type=Browse&by=AU&term=Dryer%2c+Red&query=AU%3d%22DRYER+RED%22&dash=1&page=0",404,"Dryer, Red"
"https://cucatalog.org/polaris/view.aspx?CN=2642980","https://cucatalog.org/polaris/search/searchresults.aspx?ctx=6.1033.0.0.1&type=Keyword&term=2642980&by=CN&sort=RELEVANCE&limit=TOM%3d*&query=&page=0&searchid=15&lp=0",404,"Regular Text"
"https://cucatalog.org/polaris/view.aspx?CN=2642980","https://cucatalog.org/polaris/search/searchresults.aspx?ctx=6.1033.0.0.1&type=Keyword&term=2642980&by=CN&sort=RELEVANCE&limit=TOM%3d*&query=&page=0&searchid=15&using=92",404,"PAC"
"https://cucatalog.org/polaris/view.aspx?CN=2642980","https://cucatalog.org/polaris/search/searchresults.aspx?ctx=6.1033.0.0.1&type=Keyword&term=2642980&by=CN&sort=RELEVANCE&limit=TOM%3d*&query=&page=0&searchid=15&using=452",404,"Local History Online"
"https://cucatalog.org/polaris/view.aspx?CN=2642980","https://cucatalog.org/polaris/search/searchresults.aspx?ctx=6.1033.0.0.1&type=Keyword&term=2642980&by=CN&sort=RELEVANCE&limit=TOM%3d*&query=&page=0&searchid=15&using=93",404,"WorldCat"
"https://cucatalog.org/polaris/view.aspx?CN=2638684","https://cucatalog.org/search/browse.aspx?ctx=6.1033.0.0.1&type=Browse&by=SE&term=Society+of+villains+%3b+3&page=0",404,"Society of villains ; 3"
"https://cucatalog.org/polaris/view.aspx?CN=2638684","https://cucatalog.org/search/browse.aspx?ctx=6.1033.0.0.1&type=Browse&by=AU&term=Shen%2c+L.+J.%2c&page=0",404,"Shen, L. J., author."
"https://cucatalog.org/polaris/view.aspx?CN=2638684","https://cucatalog.org/search/searchresults.aspx?ctx=6.1033.0.0.1&type=Keyword&page=0&by=PUB&term=2638684",404,"Publisher Search"
"https://cucatalog.org/polaris/view.aspx?CN=2638684","https://cucatalog.org/search/searchresults.aspx?ctx=6.1033.0.0.1&type=Keyword&page=0&by=GENRE&term=2638684",404,"Genre Search"
"https://cucatalog.org/polaris/view.aspx?CN=2638684","https://cucatalog.org/search/searchresults.aspx?ctx=6.1033.0.0.1&type=Keyword&page=0&by=SE&term=2638684",404,"Series Search"
"https://cucatalog.org/polaris/view.aspx?CN=2638684","https://cucatalog.org/search/searchresults.aspx?ctx=6.1033.0.0.1&type=Keyword&page=0&by=TI&term=2638684",404,"Title Search"
"https://cucatalog.org/polaris/view.aspx?CN=2638684","https://cucatalog.org/search/searchresults.aspx?ctx=6.1033.0.0.1&type=Keyword&page=0&by=KW&term=2638684",404,"Any Field Search"
"https://cucatalog.org/polaris/view.aspx?CN=2638684","https://cucatalog.org/search/searchresults.aspx?ctx=6.1033.0.0.1&type=Browse&by=SU&term=New+York+(N.Y.)&query=SU%3d%22NEW+YORK+N+Y%22&dash=1&page=0",404,"New York (N.Y.)"
"https://cucatalog.org/polaris/view.aspx?CN=2638684","https://cucatalog.org/search/searchresults.aspx?ctx=6.1033.0.0.1&type=Keyword&page=0&by=SU&term=2638684",404,"Subject Search"
"https://cucatalog.org/polaris/view.aspx?CN=2638684","https://cucatalog.org/search/searchresults.aspx?ctx=6.1033.0.0.1&type=Browse&by=AU&term=Shen%2c+L.+J.&query=AU%3d%22SHEN+L+J%22&dash=1&page=0",404,"Shen, L. J."
"https://cucatalog.org/polaris/view.aspx?CN=2638684","https://cucatalog.org/search/searchresults.aspx?ctx=6.1033.0.0.1&type=Browse&by=SU&term=Romance+fiction.&query=SU%3d%22ROMANCE+FICTION%22&dash=1&page=0",404,"Romance fiction."
"https://cucatalog.org/polaris/view.aspx?CN=2638684","https://cucatalog.org/search/searchresults.aspx?ctx=6.1033.0.0.1&type=Keyword&page=0&by=AU&term=2638684",404,"Author Search"
"https://cucatalog.org/polaris/view.aspx?CN=2638684","https://cucatalog.org/search/searchresults.aspx?ctx=6.1033.0.0.1&type=Browse&by=SE&term=Society+of+villains+%3b+3&query=SE%3d%22SOCIETY+OF+VILLAINS+3%22&dash=1&page=0",404,"Society of villains ; 3"
"https://cucatalog.org/polaris/view.aspx?CN=2638684","https://cucatalog.org/search/searchresults.aspx?ctx=6.1033.0.0.1&type=Keyword&page=0&by=NOTE&term=2638684",404,"General Notes Search"
"https://cucatalog.org/polaris/view.aspx?CN=2638684","https://cucatalog.org/polaris/search/searchresults.aspx?ctx=6.1033.0.0.1&type=Keyword&term=2638684&by=CN&sort=RELEVANCE&limit=TOM%3d*&query=&page=0&searchid=16&lp=0",404,"Regular Text"
"https://cucatalog.org/polaris/view.aspx?CN=2638684","https://cucatalog.org/polaris/search/searchresults.aspx?ctx=6.1033.0.0.1&type=Keyword&term=2638684&by=CN&sort=RELEVANCE&limit=TOM%3d*&query=&page=0&searchid=16&using=92",404,"PAC"
"https://cucatalog.org/polaris/view.aspx?CN=2638684","https://cucatalog.org/polaris/search/searchresults.aspx?ctx=6.1033.0.0.1&type=Keyword&term=2638684&by=CN&sort=RELEVANCE&limit=TOM%3d*&query=&page=0&searchid=16&using=93",404,"WorldCat"
"https://cucatalog.org/polaris/view.aspx?CN=2638684","https://cucatalog.org/polaris/search/searchresults.aspx?ctx=6.1033.0.0.1&type=Keyword&term=2638684&by=CN&sort=RELEVANCE&limit=TOM%3d*&query=&page=0&searchid=16&using=452",404,"Local History Online"
"https://cucatalog.org/polaris/view.aspx?CN=2647321","https://cucatalog.org/search/browse.aspx?ctx=6.1033.0.0.1&type=Browse&by=AU&term=Hong%2c+James%2c&page=0",404,"Hong, James, author."
"https://cucatalog.org/polaris/view.aspx?CN=2647321","https://cucatalog.org/search/searchresults.aspx?ctx=6.1033.0.0.1&type=Keyword&page=0&by=KW&term=2647321",404,"Any Field Search"
"https://cucatalog.org/polaris/view.aspx?CN=2647321","https://cucatalog.org/search/searchresults.aspx?ctx=6.1033.0.0.1&type=Keyword&page=0&by=GENRE&term=2647321",404,"Genre Search"
"https://cucatalog.org/polaris/view.aspx?CN=2647321","https://cucatalog.org/search/searchresults.aspx?ctx=6.1033.0.0.1&type=Keyword&page=0&by=SE&term=2647321",404,"Series Search"
"https://cucatalog.org/polaris/view.aspx?CN=2647321","https://cucatalog.org/search/searchresults.aspx?ctx=6.1033.0.0.1&type=Keyword&page=0&by=NOTE&term=2647321",404,"General Notes Search"
"https://cucatalog.org/polaris/view.aspx?CN=2647321","https://cucatalog.org/search/searchresults.aspx?ctx=6.1033.0.0.1&type=Keyword&page=0&by=PUB&term=2647321",404,"Publisher Search"
"https://cucatalog.org/polaris/view.aspx?CN=2647321","https://cucatalog.org/search/searchresults.aspx?ctx=6.1033.0.0.1&type=Keyword&page=0&by=TI&term=2647321",404,"Title Search"
"https://cucatalog.org/polaris/view.aspx?CN=2647321","https://cucatalog.org/search/searchresults.aspx?ctx=6.1033.0.0.1&type=Browse&by=SU&term=BIOGRAPHY+%26+AUTOBIOGRAPHY+%2f+Memoirs.&query=SU%3d%22BIOGRAPHY+%26+AUTOBIOGRAPHY+MEMOIRS%22&dash=1&page=0",404,"BIOGRAPHY & AUTOBIOGRAPHY / Memoirs."
"https://cucatalog.org/polaris/view.aspx?CN=2647321","https://cucatalog.org/search/searchresults.aspx?ctx=6.1033.0.0.1&type=Browse&by=SU&term=Hong%2c+James&query=SU%3d%22HONG+JAMES%22&dash=1&page=0",404,"Hong, James"
"https://cucatalog.org/polaris/view.aspx?CN=2647321","https://cucatalog.org/search/searchresults.aspx?ctx=6.1033.0.0.1&type=Browse&by=SU&term=Ame%cc%81ricains+d%27origine+asiatique&query=SU%3d%22AMERICAINS+DORIGINE+ASIATIQUE%22&dash=1&page=0",404,"Américains d'origine asiatique"
"https://cucatalog.org/polaris/view.aspx?CN=2647321","https://cucatalog.org/search/searchresults.aspx?ctx=6.1033.0.0.1&type=Keyword&page=0&by=AU&term=2647321",404,"Author Search"
"https://cucatalog.org/polaris/view.aspx?CN=2647321","https://cucatalog.org/search/searchresults.aspx?ctx=6.1033.0.0.1&type=Browse&by=SU&term=Asian+Americans&query=SU%3d%22ASIAN+AMERICANS%22&dash=1&page=0",404,"Asian Americans"
"https://cucatalog.org/polaris/view.aspx?CN=2647321","https://cucatalog.org/search/searchresults.aspx?ctx=6.1033.0.0.1&type=Browse&by=SU&term=Motion+picture+actors+and+actresses&query=SU%3d%22MOTION+PICTURE+ACTORS+AND+ACTRESSES%22&dash=1&page=0",404,"Motion picture actors and actresses"
"https://cucatalog.org/polaris/view.aspx?CN=2647321","https://cucatalog.org/search/searchresults.aspx?ctx=6.1033.0.0.1&type=Keyword&page=0&by=SU&term=2647321",404,"Subject Search"
"https://cucatalog.org/polaris/view.aspx?CN=2647321","https://cucatalog.org/search/searchresults.aspx?ctx=6.1033.0.0.1&type=Browse&by=AU&term=Hong%2c+James&query=AU%3d%22HONG+JAMES%22&dash=1&page=0",404,"Hong, James"
"https://cucatalog.org/polaris/view.aspx?CN=2647321","https://cucatalog.org/search/searchresults.aspx?ctx=6.1033.0.0.1&type=Browse&by=AU&term=Yang%2c+Jeff&query=AU%3d%22YANG+JEFF%22&dash=1&page=0",404,"Yang, Jeff"
"https://cucatalog.org/polaris/view.aspx?CN=2647321","https://cucatalog.org/polaris/search/searchresults.aspx?ctx=6.1033.0.0.1&type=Keyword&term=2647321&by=CN&sort=RELEVANCE&limit=TOM%3d*&query=&page=0&searchid=17&lp=0",404,"Regular Text"
"https://cucatalog.org/polaris/view.aspx?CN=2647321","https://cucatalog.org/polaris/search/searchresults.aspx?ctx=6.1033.0.0.1&type=Keyword&term=2647321&by=CN&sort=RELEVANCE&limit=TOM%3d*&query=&page=0&searchid=17&using=92",404,"PAC"
"https://cucatalog.org/polaris/view.aspx?CN=2647321","https://cucatalog.org/polaris/search/searchresults.aspx?ctx=6.1033.0.0.1&type=Keyword&term=2647321&by=CN&sort=RELEVANCE&limit=TOM%3d*&query=&page=0&searchid=17&using=452",404,"Local History Online"
"https://cucatalog.org/polaris/view.aspx?CN=2647321","https://cucatalog.org/polaris/search/searchresults.aspx?ctx=6.1033.0.0.1&type=Keyword&term=2647321&by=CN&sort=RELEVANCE&limit=TOM%3d*&query=&page=0&searchid=17&using=93",404,"WorldCat"
"https://cucatalog.org/polaris/view.aspx?CN=2648012","https://cucatalog.org/search/searchresults.aspx?ctx=6.1033.0.0.1&type=Keyword&page=0&by=KW&term=2648012",404,"Any Field Search"
"https://cucatalog.org/polaris/view.aspx?CN=2648012","https://cucatalog.org/search/browse.aspx?ctx=6.1033.0.0.1&type=Browse&by=AU&term=Perry%2c+Rebecca%2c+1986-&page=0",404,"Perry, Rebecca, 1986- author."
"https://cucatalog.org/polaris/view.aspx?CN=2648012","https://cucatalog.org/search/searchresults.aspx?ctx=6.1033.0.0.1&type=Keyword&page=0&by=GENRE&term=2648012",404,"Genre Search"
"https://cucatalog.org/polaris/view.aspx?CN=2648012","https://cucatalog.org/search/searchresults.aspx?ctx=6.1033.0.0.1&type=Keyword&page=0&by=AU&term=2648012",404,"Author Search"
"https://cucatalog.org/polaris/view.aspx?CN=2648012","https://cucatalog.org/search/searchresults.aspx?ctx=6.1033.0.0.1&type=Keyword&page=0&by=SE&term=2648012",404,"Series Search"
"https://cucatalog.org/polaris/view.aspx?CN=2648012","https://cucatalog.org/search/searchresults.aspx?ctx=6.1033.0.0.1&type=Browse&by=SU&term=Curators&query=SU%3d%22CURATORS%22&dash=1&page=0",404,"Curators"
"https://cucatalog.org/polaris/view.aspx?CN=2648012","https://cucatalog.org/search/searchresults.aspx?ctx=6.1033.0.0.1&type=Browse&by=SU&term=Femmes&query=SU%3d%22FEMMES%22&dash=1&page=0",404,"Femmes"
"https://cucatalog.org/polaris/view.aspx?CN=2648012","https://cucatalog.org/search/searchresults.aspx?ctx=6.1033.0.0.1&type=Keyword&page=0&by=NOTE&term=2648012",404,"General Notes Search"
"https://cucatalog.org/polaris/view.aspx?CN=2648012","https://cucatalog.org/search/searchresults.aspx?ctx=6.1033.0.0.1&type=Keyword&page=0&by=TI&term=2648012",404,"Title Search"
"https://cucatalog.org/polaris/view.aspx?CN=2648012","https://cucatalog.org/search/searchresults.aspx?ctx=6.1033.0.0.1&type=Browse&by=SU&term=Lengends&query=SU%3d%22LENGENDS%22&dash=1&page=0",404,"Lengends"
"https://cucatalog.org/polaris/view.aspx?CN=2648012","https://cucatalog.org/search/searchresults.aspx?ctx=6.1033.0.0.1&type=Browse&by=SU&term=Kings+and+rulers&query=SU%3d%22KINGS+AND+RULERS%22&dash=1&page=0",404,"Kings and rulers"
"https://cucatalog.org/polaris/view.aspx?CN=2648012","https://cucatalog.org/search/searchresults.aspx?ctx=6.1033.0.0.1&type=Keyword&page=0&by=SU&term=2648012",404,"Subject Search"
"https://cucatalog.org/polaris/view.aspx?CN=2648012","https://cucatalog.org/search/searchresults.aspx?ctx=6.1033.0.0.1&type=Browse&by=SU&term=Medieval+times&query=SU%3d%22MEDIEVAL+TIMES%22&dash=1&page=0",404,"Medieval times"
"https://cucatalog.org/polaris/view.aspx?CN=2648012","https://cucatalog.org/search/searchresults.aspx?ctx=6.1033.0.0.1&type=Keyword&page=0&by=PUB&term=2648012",404,"Publisher Search"
"https://cucatalog.org/polaris/view.aspx?CN=2648012","https://cucatalog.org/search/searchresults.aspx?ctx=6.1033.0.0.1&type=Browse&by=AU&term=Perry%2c+Rebecca%2c+1986-&query=AU%3d%22PERRY+REBECCA+1986%22&dash=1&page=0",404,"Perry, Rebecca, 1986-"
"https://cucatalog.org/polaris/view.aspx?CN=2648012","https://cucatalog.org/polaris/search/searchresults.aspx?ctx=6.1033.0.0.1&type=Keyword&term=2648012&by=CN&sort=RELEVANCE&limit=TOM%3d*&query=&page=0&searchid=18&lp=0",404,"Regular Text"
"https://cucatalog.org/polaris/view.aspx?CN=2648012","https://cucatalog.org/polaris/search/searchresults.aspx?ctx=6.1033.0.0.1&type=Keyword&term=2648012&by=CN&sort=RELEVANCE&limit=TOM%3d*&query=&page=0&searchid=18&using=452",404,"Local History Online"
"https://cucatalog.org/polaris/view.aspx?CN=2648012","https://cucatalog.org/polaris/search/searchresults.aspx?ctx=6.1033.0.0.1&type=Keyword&term=2648012&by=CN&sort=RELEVANCE&limit=TOM%3d*&query=&page=0&searchid=18&using=93",404,"WorldCat"
"https://cucatalog.org/polaris/view.aspx?CN=2648012","https://cucatalog.org/polaris/search/searchresults.aspx?ctx=6.1033.0.0.1&type=Keyword&term=2648012&by=CN&sort=RELEVANCE&limit=TOM%3d*&query=&page=0&searchid=18&using=92",404,"PAC"
"https://cucatalog.org/polaris/view.aspx?CN=2634321","https://cucatalog.org/search/searchresults.aspx?ctx=6.1033.0.0.1&type=Keyword&page=0&by=KW&term=2634321",404,"Any Field Search"
"https://cucatalog.org/polaris/view.aspx?CN=2634321","https://cucatalog.org/search/browse.aspx?ctx=6.1033.0.0.1&type=Browse&by=AU&term=Green%2c+John%2c+1977-&page=0",404,"Green, John, 1977- author."
"https://cucatalog.org/polaris/view.aspx?CN=2634321","https://cucatalog.org/search/searchresults.aspx?ctx=6.1033.0.0.1&type=Keyword&page=0&by=GENRE&term=2634321",404,"Genre Search"
"https://cucatalog.org/polaris/view.aspx?CN=2634321","https://cucatalog.org/search/searchresults.aspx?ctx=6.1033.0.0.1&type=Keyword&page=0&by=SE&term=2634321",404,"Series Search"
"https://cucatalog.org/polaris/view.aspx?CN=2634321","https://cucatalog.org/search/searchresults.aspx?ctx=6.1033.0.0.1&type=Browse&by=SU&term=Biographical+films&query=SU%3d%22BIOGRAPHICAL+FILMS%22&dash=1&page=0",404,"Biographical films"
"https://cucatalog.org/polaris/view.aspx?CN=2634321","https://cucatalog.org/search/searchresults.aspx?ctx=6.1033.0.0.1&type=Browse&by=SU&term=Man-woman+relationships&query=SU%3d%22MAN+WOMAN+RELATIONSHIPS%22&dash=1&page=0",404,"Man-woman relationships"
"https://cucatalog.org/polaris/view.aspx?CN=2634321","https://cucatalog.org/search/searchresults.aspx?ctx=6.1033.0.0.1&type=Browse&by=SU&term=Life+change+events&query=SU%3d%22LIFE+CHANGE+EVENTS%22&dash=1&page=0",404,"Life change events"
"https://cucatalog.org/polaris/view.aspx?CN=2634321","https://cucatalog.org/search/searchresults.aspx?ctx=6.1033.0.0.1&type=Keyword&page=0&by=NOTE&term=2634321",404,"General Notes Search"
"https://cucatalog.org/polaris/view.aspx?CN=2634321","https://cucatalog.org/search/searchresults.aspx?ctx=6.1033.0.0.1&type=Keyword&page=0&by=AU&term=2634321",404,"Author Search"
"https://cucatalog.org/polaris/view.aspx?CN=2634321","https://cucatalog.org/search/searchresults.aspx?ctx=6.1033.0.0.1&type=Keyword&page=0&by=PUB&term=2634321",404,"Publisher Search"
"https://cucatalog.org/polaris/view.aspx?CN=2634321","https://cucatalog.org/search/searchresults.aspx?ctx=6.1033.0.0.1&type=Browse&by=AU&term=Green%2c+John%2c+1977-&query=AU%3d%22GREEN+JOHN+1977%22&dash=1&page=0",404,"Green, John, 1977-"
"https://cucatalog.org/polaris/view.aspx?CN=2634321","https://cucatalog.org/search/searchresults.aspx?ctx=6.1033.0.0.1&type=Keyword&page=0&by=TI&term=2634321",404,"Title Search"
"https://cucatalog.org/polaris/view.aspx?CN=2634321","https://cucatalog.org/search/searchresults.aspx?ctx=6.1033.0.0.1&type=Keyword&page=0&by=SU&term=2634321",404,"Subject Search"
"https://cucatalog.org/polaris/view.aspx?CN=2634321","https://cucatalog.org/polaris/search/searchresults.aspx?ctx=6.1033.0.0.1&type=Keyword&term=2634321&by=CN&sort=RELEVANCE&limit=TOM%3d*&query=&page=0&searchid=19&lp=0",404,"Regular Text"
"https://cucatalog.org/polaris/view.aspx?CN=2634321","https://cucatalog.org/polaris/search/searchresults.aspx?ctx=6.1033.0.0.1&type=Keyword&term=2634321&by=CN&sort=RELEVANCE&limit=TOM%3d*&query=&page=0&searchid=19&using=92",404,"PAC"
"https://cucatalog.org/polaris/view.aspx?CN=2634321","https://cucatalog.org/polaris/search/searchresults.aspx?ctx=6.1033.0.0.1&type=Keyword&term=2634321&by=CN&sort=RELEVANCE&limit=TOM%3d*&query=&page=0&searchid=19&using=452",404,"Local History Online"
"https://cucatalog.org/polaris/view.aspx?CN=2634321","https://cucatalog.org/polaris/search/searchresults.aspx?ctx=6.1033.0.0.1&type=Keyword&term=2634321&by=CN&sort=RELEVANCE&limit=TOM%3d*&query=&page=0&searchid=19&using=93",404,"WorldCat"
"https://cucatalog.org/polaris/view.aspx?CN=2644129","https://cucatalog.org/search/searchresults.aspx?ctx=6.1033.0.0.1&type=Keyword&page=0&by=KW&term=2644129",404,"Any Field Search"
"https://cucatalog.org/polaris/view.aspx?CN=2644129","https://cucatalog.org/search/browse.aspx?ctx=6.1033.0.0.1&type=Browse&by=AU&term=Maclean%2c+Will%2c&page=0",404,"Maclean, Will, author."
"https://cucatalog.org/polaris/view.aspx?CN=2644129","https://cucatalog.org/search/searchresults.aspx?ctx=6.1033.0.0.1&type=Keyword&page=0&by=GENRE&term=2644129",404,"Genre Search"
"https://cucatalog.org/polaris/view.aspx?CN=2644129","https://cucatalog.org/search/searchresults.aspx?ctx=6.1033.0.0.1&type=Keyword&page=0&by=PUB&term=2644129",404,"Publisher Search"
"https://cucatalog.org/polaris/view.aspx?CN=2644129","https://cucatalog.org/search/searchresults.aspx?ctx=6.1033.0.0.1&type=Keyword&page=0&by=SE&term=2644129",404,"Series Search"
"https://cucatalog.org/polaris/view.aspx?CN=2644129","https://cucatalog.org/search/searchresults.aspx?ctx=6.1033.0.0.1&type=Browse&by=SU&term=Missing+persons&query=SU%3d%22MISSING+PERSONS%22&dash=1&page=0",404,"Missing persons"
"https://cucatalog.org/polaris/view.aspx?CN=2644129","https://cucatalog.org/search/searchresults.aspx?ctx=6.1033.0.0.1&type=Keyword&page=0&by=TI&term=2644129",404,"Title Search"
"https://cucatalog.org/polaris/view.aspx?CN=2644129","https://cucatalog.org/search/searchresults.aspx?ctx=6.1033.0.0.1&type=Keyword&page=0&by=NOTE&term=2644129",404,"General Notes Search"
"https://cucatalog.org/polaris/view.aspx?CN=2644129","https://cucatalog.org/search/searchresults.aspx?ctx=6.1033.0.0.1&type=Browse&by=SU&term=Psychological+fiction.&query=SU%3d%22PSYCHOLOGICAL+FICTION%22&dash=1&page=0",404,"Psychological fiction."
"https://cucatalog.org/polaris/view.aspx?CN=2644129","https://cucatalog.org/search/searchresults.aspx?ctx=6.1033.0.0.1&type=Keyword&page=0&by=AU&term=2644129",404,"Author Search"
"https://cucatalog.org/polaris/view.aspx?CN=2644129","https://cucatalog.org/search/searchresults.aspx?ctx=6.1033.0.0.1&type=Keyword&page=0&by=SU&term=2644129",404,"Subject Search"
"https://cucatalog.org/polaris/view.aspx?CN=2644129","https://cucatalog.org/search/searchresults.aspx?ctx=6.1033.0.0.1&type=Browse&by=SU&term=Secrecy&query=SU%3d%22SECRECY%22&dash=1&page=0",404,"Secrecy"
"https://cucatalog.org/polaris/view.aspx?CN=2644129","https://cucatalog.org/search/searchresults.aspx?ctx=6.1033.0.0.1&type=Browse&by=AU&term=MacLean%2c+Will&query=AU%3d%22MACLEAN+WILL%22&dash=1&page=0",404,"MacLean, Will"
"https://cucatalog.org/polaris/view.aspx?CN=2644129","https://cucatalog.org/polaris/search/searchresults.aspx?ctx=6.1033.0.0.1&type=Keyword&term=2644129&by=CN&sort=RELEVANCE&limit=TOM%3d*&query=&page=0&searchid=20&lp=0",404,"Regular Text"
"https://cucatalog.org/polaris/view.aspx?CN=2644129","https://cucatalog.org/polaris/search/searchresults.aspx?ctx=6.1033.0.0.1&type=Keyword&term=2644129&by=CN&sort=RELEVANCE&limit=TOM%3d*&query=&page=0&searchid=20&using=92",404,"PAC"
"https://cucatalog.org/polaris/view.aspx?CN=2644129","https://cucatalog.org/polaris/search/searchresults.aspx?ctx=6.1033.0.0.1&type=Keyword&term=2644129&by=CN&sort=RELEVANCE&limit=TOM%3d*&query=&page=0&searchid=20&using=452",404,"Local History Online"
"https://cucatalog.org/polaris/view.aspx?CN=2644129","https://cucatalog.org/polaris/search/searchresults.aspx?ctx=6.1033.0.0.1&type=Keyword&term=2644129&by=CN&sort=RELEVANCE&limit=TOM%3d*&query=&page=0&searchid=20&using=93",404,"WorldCat"
"https://cucatalog.org/polaris/view.aspx?CN=2638597","https://cucatalog.org/search/browse.aspx?ctx=6.1033.0.0.1&type=Browse&by=AU&term=McCloskey%2c+David&page=0",404,"McCloskey, David author"
"https://cucatalog.org/polaris/view.aspx?CN=2638597","https://cucatalog.org/search/searchresults.aspx?ctx=6.1033.0.0.1&type=Keyword&page=0&by=KW&term=2638597",404,"Any Field Search"
"https://cucatalog.org/polaris/view.aspx?CN=2638597","https://cucatalog.org/search/searchresults.aspx?ctx=6.1033.0.0.1&type=Keyword&page=0&by=GENRE&term=2638597",404,"Genre Search"
"https://cucatalog.org/polaris/view.aspx?CN=2638597","https://cucatalog.org/search/searchresults.aspx?ctx=6.1033.0.0.1&type=Keyword&page=0&by=SE&term=2638597",404,"Series Search"
"https://cucatalog.org/polaris/view.aspx?CN=2638597","https://cucatalog.org/search/searchresults.aspx?ctx=6.1033.0.0.1&type=Browse&by=SU&term=London+(England)&query=SU%3d%22LONDON+ENGLAND%22&dash=1&page=0",404,"London (England)"
"https://cucatalog.org/polaris/view.aspx?CN=2638597","https://cucatalog.org/search/searchresults.aspx?ctx=6.1033.0.0.1&type=Browse&by=SU&term=Intelligence+officers&query=SU%3d%22INTELLIGENCE+OFFICERS%22&dash=1&page=0",404,"Intelligence officers"
"https://cucatalog.org/polaris/view.aspx?CN=2638597","https://cucatalog.org/search/searchresults.aspx?ctx=6.1033.0.0.1&type=Browse&by=SU&term=Officiers+de+renseignements&query=SU%3d%22OFFICIERS+DE+RENSEIGNEMENTS%22&dash=1&page=0",404,"Officiers de renseignements"
"https://cucatalog.org/polaris/view.aspx?CN=2638597","https://cucatalog.org/search/searchresults.aspx?ctx=6.1033.0.0.1&type=Browse&by=SU&term=Spy+fiction.&query=SU%3d%22SPY+FICTION%22&dash=1&page=0",404,"Spy fiction."
"https://cucatalog.org/polaris/view.aspx?CN=2638597","https://cucatalog.org/search/searchresults.aspx?ctx=6.1033.0.0.1&type=Browse&by=AU&term=McCloskey%2c+David&query=AU%3d%22MCCLOSKEY+DAVID%22&dash=1&page=0",404,"McCloskey, David"
"https://cucatalog.org/polaris/view.aspx?CN=2638597","https://cucatalog.org/search/searchresults.aspx?ctx=6.1033.0.0.1&type=Keyword&page=0&by=NOTE&term=2638597",404,"General Notes Search"
"https://cucatalog.org/polaris/view.aspx?CN=2638597","https://cucatalog.org/search/searchresults.aspx?ctx=6.1033.0.0.1&type=Keyword&page=0&by=PUB&term=2638597",404,"Publisher Search"
"https://cucatalog.org/polaris/view.aspx?CN=2638597","https://cucatalog.org/search/searchresults.aspx?ctx=6.1033.0.0.1&type=Keyword&page=0&by=SU&term=2638597",404,"Subject Search"
"https://cucatalog.org/polaris/view.aspx?CN=2638597","https://cucatalog.org/search/searchresults.aspx?ctx=6.1033.0.0.1&type=Keyword&page=0&by=TI&term=2638597",404,"Title Search"
"https://cucatalog.org/polaris/view.aspx?CN=2638597","https://cucatalog.org/search/searchresults.aspx?ctx=6.1033.0.0.1&type=Keyword&page=0&by=AU&term=2638597",404,"Author Search"
"https://cucatalog.org/polaris/view.aspx?CN=2638597","https://cucatalog.org/polaris/search/searchresults.aspx?ctx=6.1033.0.0.1&type=Keyword&term=2638597&by=CN&sort=RELEVANCE&limit=TOM%3d*&query=&page=0&searchid=21&lp=0",404,"Regular Text"
"https://cucatalog.org/polaris/view.aspx?CN=2638597","https://cucatalog.org/polaris/search/searchresults.aspx?ctx=6.1033.0.0.1&type=Keyword&term=2638597&by=CN&sort=RELEVANCE&limit=TOM%3d*&query=&page=0&searchid=21&using=92",404,"PAC"
"https://cucatalog.org/polaris/view.aspx?CN=2638597","https://cucatalog.org/polaris/search/searchresults.aspx?ctx=6.1033.0.0.1&type=Keyword&term=2638597&by=CN&sort=RELEVANCE&limit=TOM%3d*&query=&page=0&searchid=21&using=452",404,"Local History Online"
"https://cucatalog.org/polaris/view.aspx?CN=2638597","https://cucatalog.org/polaris/search/searchresults.aspx?ctx=6.1033.0.0.1&type=Keyword&term=2638597&by=CN&sort=RELEVANCE&limit=TOM%3d*&query=&page=0&searchid=21&using=93",404,"WorldCat"
"https://cucatalog.org/polaris/view.aspx?CN=2634322","https://cucatalog.org/search/searchresults.aspx?ctx=6.1033.0.0.1&type=Keyword&page=0&by=TI&term=2634322",404,"Title Search"
"https://cucatalog.org/polaris/view.aspx?CN=2634322","https://cucatalog.org/search/searchresults.aspx?ctx=6.1033.0.0.1&type=Keyword&page=0&by=KW&term=2634322",404,"Any Field Search"
"https://cucatalog.org/polaris/view.aspx?CN=2634322","https://cucatalog.org/search/browse.aspx?ctx=6.1033.0.0.1&type=Browse&by=AU&term=Lee%2c+Min+Jin%2c&page=0",404,"Lee, Min Jin, author."
"https://cucatalog.org/polaris/view.aspx?CN=2634322","https://cucatalog.org/search/searchresults.aspx?ctx=6.1033.0.0.1&type=Keyword&page=0&by=GENRE&term=2634322",404,"Genre Search"
"https://cucatalog.org/polaris/view.aspx?CN=2634322","https://cucatalog.org/search/searchresults.aspx?ctx=6.1033.0.0.1&type=Keyword&page=0&by=SE&term=2634322",404,"Series Search"
"https://cucatalog.org/polaris/view.aspx?CN=2634322","https://cucatalog.org/search/searchresults.aspx?ctx=6.1033.0.0.1&type=Browse&by=SU&term=College+students&query=SU%3d%22COLLEGE+STUDENTS%22&dash=1&page=0",404,"College students"
"https://cucatalog.org/polaris/view.aspx?CN=2634322","https://cucatalog.org/search/searchresults.aspx?ctx=6.1033.0.0.1&type=Keyword&page=0&by=SU&term=2634322",404,"Subject Search"
"https://cucatalog.org/polaris/view.aspx?CN=2634322","https://cucatalog.org/search/searchresults.aspx?ctx=6.1033.0.0.1&type=Keyword&page=0&by=AU&term=2634322",404,"Author Search"
"https://cucatalog.org/polaris/view.aspx?CN=2634322","https://cucatalog.org/search/searchresults.aspx?ctx=6.1033.0.0.1&type=Browse&by=SU&term=Emigration+and+immigration&query=SU%3d%22EMIGRATION+AND+IMMIGRATION%22&dash=1&page=0",404,"Emigration and immigration"
"https://cucatalog.org/polaris/view.aspx?CN=2634322","https://cucatalog.org/search/searchresults.aspx?ctx=6.1033.0.0.1&type=Browse&by=SU&term=Families&query=SU%3d%22FAMILIES%22&dash=1&page=0",404,"Families"
"https://cucatalog.org/polaris/view.aspx?CN=2634322","https://cucatalog.org/search/searchresults.aspx?ctx=6.1033.0.0.1&type=Browse&by=SU&term=Familles&query=SU%3d%22FAMILLES%22&dash=1&page=0",404,"Familles"
"https://cucatalog.org/polaris/view.aspx?CN=2634322","https://cucatalog.org/search/searchresults.aspx?ctx=6.1033.0.0.1&type=Browse&by=AU&term=Lee%2c+Min+Jin&query=AU%3d%22LEE+MIN+JIN%22&dash=1&page=0",404,"Lee, Min Jin"
"https://cucatalog.org/polaris/view.aspx?CN=2634322","https://cucatalog.org/search/searchresults.aspx?ctx=6.1033.0.0.1&type=Keyword&page=0&by=NOTE&term=2634322",404,"General Notes Search"
"https://cucatalog.org/polaris/view.aspx?CN=2634322","https://cucatalog.org/search/searchresults.aspx?ctx=6.1033.0.0.1&type=Keyword&page=0&by=PUB&term=2634322",404,"Publisher Search"
"https://cucatalog.org/polaris/view.aspx?CN=2634322","https://cucatalog.org/polaris/search/searchresults.aspx?ctx=6.1033.0.0.1&type=Keyword&term=2634322&by=CN&sort=RELEVANCE&limit=TOM%3d*&query=&page=0&searchid=22&lp=0",404,"Regular Text"
"https://cucatalog.org/polaris/view.aspx?CN=2634322","https://cucatalog.org/polaris/search/searchresults.aspx?ctx=6.1033.0.0.1&type=Keyword&term=2634322&by=CN&sort=RELEVANCE&limit=TOM%3d*&query=&page=0&searchid=22&using=92",404,"PAC"
"https://cucatalog.org/polaris/view.aspx?CN=2634322","https://cucatalog.org/polaris/search/searchresults.aspx?ctx=6.1033.0.0.1&type=Keyword&term=2634322&by=CN&sort=RELEVANCE&limit=TOM%3d*&query=&page=0&searchid=22&using=452",404,"Local History Online"
"https://cucatalog.org/polaris/view.aspx?CN=2634322","https://cucatalog.org/polaris/search/searchresults.aspx?ctx=6.1033.0.0.1&type=Keyword&term=2634322&by=CN&sort=RELEVANCE&limit=TOM%3d*&query=&page=0&searchid=22&using=93",404,"WorldCat"
"https://cucatalog.org/polaris/view.aspx?CN=2647282","https://cucatalog.org/search/searchresults.aspx?ctx=6.1033.0.0.1&type=Keyword&page=0&by=KW&term=2647282",404,"Any Field Search"
"https://cucatalog.org/polaris/view.aspx?CN=2647282","https://cucatalog.org/search/browse.aspx?ctx=6.1033.0.0.1&type=Browse&by=AU&term=Blakley-Cartwright%2c+Sarah%2c&page=0",404,"Blakley-Cartwright, Sarah, author."
"https://cucatalog.org/polaris/view.aspx?CN=2647282","https://cucatalog.org/search/searchresults.aspx?ctx=6.1033.0.0.1&type=Keyword&page=0&by=GENRE&term=2647282",404,"Genre Search"
"https://cucatalog.org/polaris/view.aspx?CN=2647282","https://cucatalog.org/search/searchresults.aspx?ctx=6.1033.0.0.1&type=Keyword&page=0&by=AU&term=2647282",404,"Author Search"
"https://cucatalog.org/polaris/view.aspx?CN=2647282","https://cucatalog.org/search/searchresults.aspx?ctx=6.1033.0.0.1&type=Keyword&page=0&by=SE&term=2647282",404,"Series Search"
"https://cucatalog.org/polaris/view.aspx?CN=2647282","https://cucatalog.org/search/searchresults.aspx?ctx=6.1033.0.0.1&type=Keyword&page=0&by=TI&term=2647282",404,"Title Search"
"https://cucatalog.org/polaris/view.aspx?CN=2647282","https://cucatalog.org/search/searchresults.aspx?ctx=6.1033.0.0.1&type=Browse&by=SU&term=Teenage+girls&query=SU%3d%22TEENAGE+GIRLS%22&dash=1&page=0",404,"Teenage girls"
"https://cucatalog.org/polaris/view.aspx?CN=2647282","https://cucatalog.org/search/searchresults.aspx?ctx=6.1033.0.0.1&type=Browse&by=SU&term=Mothers&query=SU%3d%22MOTHERS%22&dash=1&page=0",404,"Mothers"
"https://cucatalog.org/polaris/view.aspx?CN=2647282","https://cucatalog.org/search/searchresults.aspx?ctx=6.1033.0.0.1&type=Browse&by=AU&term=Blakley-Cartwright%2c+Sarah&query=AU%3d%22BLAKLEY+CARTWRIGHT+SARAH%22&dash=1&page=0",404,"Blakley-Cartwright, Sarah"
"https://cucatalog.org/polaris/view.aspx?CN=2647282","https://cucatalog.org/search/searchresults.aspx?ctx=6.1033.0.0.1&type=Keyword&page=0&by=SU&term=2647282",404,"Subject Search"
"https://cucatalog.org/polaris/view.aspx?CN=2647282","https://cucatalog.org/search/searchresults.aspx?ctx=6.1033.0.0.1&type=Keyword&page=0&by=NOTE&term=2647282",404,"General Notes Search"
"https://cucatalog.org/polaris/view.aspx?CN=2647282","https://cucatalog.org/search/searchresults.aspx?ctx=6.1033.0.0.1&type=Keyword&page=0&by=PUB&term=2647282",404,"Publisher Search"
"https://cucatalog.org/polaris/view.aspx?CN=2647282","https://cucatalog.org/polaris/search/searchresults.aspx?ctx=6.1033.0.0.1&type=Keyword&term=2647282&by=CN&sort=RELEVANCE&limit=TOM%3d*&query=&page=0&searchid=23&lp=0",404,"Regular Text"
"https://cucatalog.org/polaris/view.aspx?CN=2647282","https://cucatalog.org/polaris/search/searchresults.aspx?ctx=6.1033.0.0.1&type=Keyword&term=2647282&by=CN&sort=RELEVANCE&limit=TOM%3d*&query=&page=0&searchid=23&using=452",404,"Local History Online"
"https://cucatalog.org/polaris/view.aspx?CN=2647282","https://cucatalog.org/polaris/search/searchresults.aspx?ctx=6.1033.0.0.1&type=Keyword&term=2647282&by=CN&sort=RELEVANCE&limit=TOM%3d*&query=&page=0&searchid=23&using=92",404,"PAC"
"https://cucatalog.org/polaris/view.aspx?CN=2647282","https://cucatalog.org/polaris/search/searchresults.aspx?ctx=6.1033.0.0.1&type=Keyword&term=2647282&by=CN&sort=RELEVANCE&limit=TOM%3d*&query=&page=0&searchid=23&using=93",404,"WorldCat"
"https://cucatalog.org/polaris/view.aspx?CN=2634320","https://cucatalog.org/search/searchresults.aspx?ctx=6.1033.0.0.1&type=Keyword&page=0&by=KW&term=2634320",404,"Any Field Search"
"https://cucatalog.org/polaris/view.aspx?CN=2634320","https://cucatalog.org/search/browse.aspx?ctx=6.1033.0.0.1&type=Browse&by=AU&term=Mandel%2c+Emily+St.+John%2c+1979-&page=0",404,"Mandel, Emily St. John, 1979- author."
"https://cucatalog.org/polaris/view.aspx?CN=2634320","https://cucatalog.org/search/searchresults.aspx?ctx=6.1033.0.0.1&type=Keyword&page=0&by=GENRE&term=2634320",404,"Genre Search"
"https://cucatalog.org/polaris/view.aspx?CN=2634320","https://cucatalog.org/search/searchresults.aspx?ctx=6.1033.0.0.1&type=Keyword&page=0&by=SE&term=2634320",404,"Series Search"
"https://cucatalog.org/polaris/view.aspx?CN=2634320","https://cucatalog.org/search/searchresults.aspx?ctx=6.1033.0.0.1&type=Keyword&page=0&by=TI&term=2634320",404,"Title Search"
"https://cucatalog.org/polaris/view.aspx?CN=2634320","https://cucatalog.org/search/searchresults.aspx?ctx=6.1033.0.0.1&type=Keyword&page=0&by=AU&term=2634320",404,"Author Search"
"https://cucatalog.org/polaris/view.aspx?CN=2634320","https://cucatalog.org/search/searchresults.aspx?ctx=6.1033.0.0.1&type=Keyword&page=0&by=NOTE&term=2634320",404,"General Notes Search"
"https://cucatalog.org/polaris/view.aspx?CN=2634320","https://cucatalog.org/search/searchresults.aspx?ctx=6.1033.0.0.1&type=Browse&by=AU&term=Mandel%2c+Emily+St.+John%2c+1979-&query=AU%3d%22MANDEL+EMILY+ST+JOHN+1979%22&dash=1&page=0",404,"Mandel, Emily St. John, 1979-"
"https://cucatalog.org/polaris/view.aspx?CN=2634320","https://cucatalog.org/search/searchresults.aspx?ctx=6.1033.0.0.1&type=Keyword&page=0&by=SU&term=2634320",404,"Subject Search"
"https://cucatalog.org/polaris/view.aspx?CN=2634320","https://cucatalog.org/search/searchresults.aspx?ctx=6.1033.0.0.1&type=Keyword&page=0&by=PUB&term=2634320",404,"Publisher Search"
"https://cucatalog.org/polaris/view.aspx?CN=2634320","https://cucatalog.org/polaris/search/searchresults.aspx?ctx=6.1033.0.0.1&type=Keyword&term=2634320&by=CN&sort=RELEVANCE&limit=TOM%3d*&query=&page=0&searchid=24&lp=0",404,"Regular Text"
"https://cucatalog.org/polaris/view.aspx?CN=2634320","https://cucatalog.org/polaris/search/searchresults.aspx?ctx=6.1033.0.0.1&type=Keyword&term=2634320&by=CN&sort=RELEVANCE&limit=TOM%3d*&query=&page=0&searchid=24&using=92",404,"PAC"
"https://cucatalog.org/polaris/view.aspx?CN=2634320","https://cucatalog.org/polaris/search/searchresults.aspx?ctx=6.1033.0.0.1&type=Keyword&term=2634320&by=CN&sort=RELEVANCE&limit=TOM%3d*&query=&page=0&searchid=24&using=93",404,"WorldCat"
"https://cucatalog.org/polaris/view.aspx?CN=2634320","https://cucatalog.org/polaris/search/searchresults.aspx?ctx=6.1033.0.0.1&type=Keyword&term=2634320&by=CN&sort=RELEVANCE&limit=TOM%3d*&query=&page=0&searchid=24&using=452",404,"Local History Online"
"https://cucatalog.org/polaris/view.aspx?CN=2642156","https://cucatalog.org/search/browse.aspx?ctx=6.1033.0.0.1&type=Browse&by=AU&term=McDowell%2c+Erin+Jeanne%2c&page=0",404,"McDowell, Erin Jeanne, author."
"https://cucatalog.org/polaris/view.aspx?CN=2642156","https://cucatalog.org/search/searchresults.aspx?ctx=6.1033.0.0.1&type=Keyword&page=0&by=KW&term=2642156",404,"Any Field Search"
"https://cucatalog.org/polaris/view.aspx?CN=2642156","https://cucatalog.org/search/searchresults.aspx?ctx=6.1033.0.0.1&type=Keyword&page=0&by=GENRE&term=2642156",404,"Genre Search"
"https://cucatalog.org/polaris/view.aspx?CN=2642156","https://cucatalog.org/search/searchresults.aspx?ctx=6.1033.0.0.1&type=Keyword&page=0&by=AU&term=2642156",404,"Author Search"
"https://cucatalog.org/polaris/view.aspx?CN=2642156","https://cucatalog.org/search/searchresults.aspx?ctx=6.1033.0.0.1&type=Keyword&page=0&by=TI&term=2642156",404,"Title Search"
"https://cucatalog.org/polaris/view.aspx?CN=2642156","https://cucatalog.org/search/searchresults.aspx?ctx=6.1033.0.0.1&type=Keyword&page=0&by=NOTE&term=2642156",404,"General Notes Search"
"https://cucatalog.org/polaris/view.aspx?CN=2642156","https://cucatalog.org/search/searchresults.aspx?ctx=6.1033.0.0.1&type=Browse&by=SU&term=Baking&query=SU%3d%22BAKING%22&dash=1&page=0",404,"Baking"
"https://cucatalog.org/polaris/view.aspx?CN=2642156","https://cucatalog.org/search/searchresults.aspx?ctx=6.1033.0.0.1&type=Keyword&page=0&by=SE&term=2642156",404,"Series Search"
"https://cucatalog.org/polaris/view.aspx?CN=2642156","https://cucatalog.org/search/searchresults.aspx?ctx=6.1033.0.0.1&type=Keyword&page=0&by=PUB&term=2642156",404,"Publisher Search"
"https://cucatalog.org/polaris/view.aspx?CN=2642156","https://cucatalog.org/search/searchresults.aspx?ctx=6.1033.0.0.1&type=Browse&by=SU&term=COOKING+%2f+Comfort+Food.&query=SU%3d%22COOKING+COMFORT+FOOD%22&dash=1&page=0",404,"COOKING / Comfort Food."
"https://cucatalog.org/polaris/view.aspx?CN=2642156","https://cucatalog.org/search/searchresults.aspx?ctx=6.1033.0.0.1&type=Browse&by=SU&term=COOKING+%2f+Courses+%26+Dishes+%2f+Desserts.&query=SU%3d%22COOKING+COURSES+%26+DISHES+DESSERTS%22&dash=1&page=0",404,"COOKING / Courses & Dishes / Desserts."
"https://cucatalog.org/polaris/view.aspx?CN=2642156","https://cucatalog.org/search/searchresults.aspx?ctx=6.1033.0.0.1&type=Keyword&page=0&by=SU&term=2642156",404,"Subject Search"
"https://cucatalog.org/polaris/view.aspx?CN=2642156","https://cucatalog.org/search/searchresults.aspx?ctx=6.1033.0.0.1&type=Browse&by=SU&term=COOKING+%2f+Courses+%26+Dishes+%2f+Pastry.&query=SU%3d%22COOKING+COURSES+%26+DISHES+PASTRY%22&dash=1&page=0",404,"COOKING / Courses & Dishes / Pastry."
"https://cucatalog.org/polaris/view.aspx?CN=2642156","https://cucatalog.org/search/searchresults.aspx?ctx=6.1033.0.0.1&type=Browse&by=SU&term=COOKING+%2f+Methods+%2f+Baking.&query=SU%3d%22COOKING+METHODS+BAKING%22&dash=1&page=0",404,"COOKING / Methods / Baking."
"https://cucatalog.org/polaris/view.aspx?CN=2642156","https://cucatalog.org/search/searchresults.aspx?ctx=6.1033.0.0.1&type=Browse&by=AU&term=McDowell%2c+Erin+Jeanne&query=AU%3d%22MCDOWELL+ERIN+JEANNE%22&dash=1&page=0",404,"McDowell, Erin Jeanne"
"https://cucatalog.org/polaris/view.aspx?CN=2642156","https://cucatalog.org/polaris/search/searchresults.aspx?ctx=6.1033.0.0.1&type=Keyword&term=2642156&by=CN&sort=RELEVANCE&limit=TOM%3d*&query=&page=0&searchid=25&lp=0",404,"Regular Text"
"https://cucatalog.org/polaris/view.aspx?CN=2642156","https://cucatalog.org/polaris/search/searchresults.aspx?ctx=6.1033.0.0.1&type=Keyword&term=2642156&by=CN&sort=RELEVANCE&limit=TOM%3d*&query=&page=0&searchid=25&using=93",404,"WorldCat"
"https://cucatalog.org/polaris/view.aspx?CN=2642156","https://cucatalog.org/polaris/search/searchresults.aspx?ctx=6.1033.0.0.1&type=Keyword&term=2642156&by=CN&sort=RELEVANCE&limit=TOM%3d*&query=&page=0&searchid=25&using=92",404,"PAC"
"https://cucatalog.org/polaris/view.aspx?CN=2642156","https://cucatalog.org/polaris/search/searchresults.aspx?ctx=6.1033.0.0.1&type=Keyword&term=2642156&by=CN&sort=RELEVANCE&limit=TOM%3d*&query=&page=0&searchid=25&using=452",404,"Local History Online"
"https://cucatalog.org/polaris/view.aspx?CN=2638607","https://cucatalog.org/search/browse.aspx?ctx=6.1033.0.0.1&type=Browse&by=AU&term=Mason%2c+Meg%2c&page=0",404,"Mason, Meg, author."
"https://cucatalog.org/polaris/view.aspx?CN=2638607","https://cucatalog.org/search/searchresults.aspx?ctx=6.1033.0.0.1&type=Keyword&page=0&by=KW&term=2638607",404,"Any Field Search"
"https://cucatalog.org/polaris/view.aspx?CN=2638607","https://cucatalog.org/search/searchresults.aspx?ctx=6.1033.0.0.1&type=Keyword&page=0&by=GENRE&term=2638607",404,"Genre Search"
"https://cucatalog.org/polaris/view.aspx?CN=2638607","https://cucatalog.org/search/searchresults.aspx?ctx=6.1033.0.0.1&type=Keyword&page=0&by=SE&term=2638607",404,"Series Search"
"https://cucatalog.org/polaris/view.aspx?CN=2638607","https://cucatalog.org/search/searchresults.aspx?ctx=6.1033.0.0.1&type=Browse&by=SU&term=Authors&query=SU%3d%22AUTHORS%22&dash=1&page=0",404,"Authors"
"https://cucatalog.org/polaris/view.aspx?CN=2638607","https://cucatalog.org/search/searchresults.aspx?ctx=6.1033.0.0.1&type=Keyword&page=0&by=PUB&term=2638607",404,"Publisher Search"
"https://cucatalog.org/polaris/view.aspx?CN=2638607","https://cucatalog.org/search/searchresults.aspx?ctx=6.1033.0.0.1&type=Keyword&page=0&by=TI&term=2638607",404,"Title Search"
"https://cucatalog.org/polaris/view.aspx?CN=2638607","https://cucatalog.org/search/searchresults.aspx?ctx=6.1033.0.0.1&type=Keyword&page=0&by=AU&term=2638607",404,"Author Search"
"https://cucatalog.org/polaris/view.aspx?CN=2638607","https://cucatalog.org/search/searchresults.aspx?ctx=6.1033.0.0.1&type=Browse&by=SU&term=Books+and+reading&query=SU%3d%22BOOKS+AND+READING%22&dash=1&page=0",404,"Books and reading"
"https://cucatalog.org/polaris/view.aspx?CN=2638607","https://cucatalog.org/search/searchresults.aspx?ctx=6.1033.0.0.1&type=Browse&by=SU&term=Festivals&query=SU%3d%22FESTIVALS%22&dash=1&page=0",404,"Festivals"
"https://cucatalog.org/polaris/view.aspx?CN=2638607","https://cucatalog.org/search/searchresults.aspx?ctx=6.1033.0.0.1&type=Browse&by=SU&term=Married+people&query=SU%3d%22MARRIED+PEOPLE%22&dash=1&page=0",404,"Married people"
"https://cucatalog.org/polaris/view.aspx?CN=2638607","https://cucatalog.org/search/searchresults.aspx?ctx=6.1033.0.0.1&type=Browse&by=AU&term=Mason%2c+Meg&query=AU%3d%22MASON+MEG%22&dash=1&page=0",404,"Mason, Meg"
"https://cucatalog.org/polaris/view.aspx?CN=2638607","https://cucatalog.org/search/searchresults.aspx?ctx=6.1033.0.0.1&type=Keyword&page=0&by=SU&term=2638607",404,"Subject Search"
"https://cucatalog.org/polaris/view.aspx?CN=2638607","https://cucatalog.org/search/searchresults.aspx?ctx=6.1033.0.0.1&type=Keyword&page=0&by=NOTE&term=2638607",404,"General Notes Search"
"https://cucatalog.org/polaris/view.aspx?CN=2638607","https://cucatalog.org/polaris/search/searchresults.aspx?ctx=6.1033.0.0.1&type=Keyword&term=2638607&by=CN&sort=RELEVANCE&limit=TOM%3d*&query=&page=0&searchid=26&lp=0",404,"Regular Text"
"https://cucatalog.org/polaris/view.aspx?CN=2638607","https://cucatalog.org/polaris/search/searchresults.aspx?ctx=6.1033.0.0.1&type=Keyword&term=2638607&by=CN&sort=RELEVANCE&limit=TOM%3d*&query=&page=0&searchid=26&using=92",404,"PAC"
"https://cucatalog.org/polaris/view.aspx?CN=2638607","https://cucatalog.org/polaris/search/searchresults.aspx?ctx=6.1033.0.0.1&type=Keyword&term=2638607&by=CN&sort=RELEVANCE&limit=TOM%3d*&query=&page=0&searchid=26&using=93",404,"WorldCat"
"https://cucatalog.org/polaris/view.aspx?CN=2638607","https://cucatalog.org/polaris/search/searchresults.aspx?ctx=6.1033.0.0.1&type=Keyword&term=2638607&by=CN&sort=RELEVANCE&limit=TOM%3d*&query=&page=0&searchid=26&using=452",404,"Local History Online"
"https://cucatalog.org/polaris/view.aspx?CN=2635136","https://cucatalog.org/search/browse.aspx?ctx=6.1033.0.0.1&type=Browse&by=SE&term=A+booktown+mystery&page=0",404,"A booktown mystery"
"https://cucatalog.org/polaris/view.aspx?CN=2635136","https://cucatalog.org/search/browse.aspx?ctx=6.1033.0.0.1&type=Browse&by=AU&term=Barrett%2c+Lorna&page=0",404,"Barrett, Lorna author"
"https://cucatalog.org/polaris/view.aspx?CN=2635136","https://cucatalog.org/search/searchresults.aspx?ctx=6.1033.0.0.1&type=Keyword&page=0&by=PUB&term=2635136",404,"Publisher Search"
"https://cucatalog.org/polaris/view.aspx?CN=2635136","https://cucatalog.org/search/searchresults.aspx?ctx=6.1033.0.0.1&type=Keyword&page=0&by=GENRE&term=2635136",404,"Genre Search"
"https://cucatalog.org/polaris/view.aspx?CN=2635136","https://cucatalog.org/search/searchresults.aspx?ctx=6.1033.0.0.1&type=Keyword&page=0&by=KW&term=2635136",404,"Any Field Search"
"https://cucatalog.org/polaris/view.aspx?CN=2635136","https://cucatalog.org/search/searchresults.aspx?ctx=6.1033.0.0.1&type=Keyword&page=0&by=SE&term=2635136",404,"Series Search"
"https://cucatalog.org/polaris/view.aspx?CN=2635136","https://cucatalog.org/search/searchresults.aspx?ctx=6.1033.0.0.1&type=Keyword&page=0&by=TI&term=2635136",404,"Title Search"
"https://cucatalog.org/polaris/view.aspx?CN=2635136","https://cucatalog.org/search/searchresults.aspx?ctx=6.1033.0.0.1&type=Keyword&page=0&by=SU&term=2635136",404,"Subject Search"
"https://cucatalog.org/polaris/view.aspx?CN=2635136","https://cucatalog.org/search/searchresults.aspx?ctx=6.1033.0.0.1&type=Browse&by=AU&term=Barrett%2c+Lorna&query=AU%3d%22BARRETT+LORNA%22&dash=1&page=0",404,"Barrett, Lorna"
"https://cucatalog.org/polaris/view.aspx?CN=2635136","https://cucatalog.org/search/searchresults.aspx?ctx=6.1033.0.0.1&type=Keyword&page=0&by=NOTE&term=2635136",404,"General Notes Search"
"https://cucatalog.org/polaris/view.aspx?CN=2635136","https://cucatalog.org/search/searchresults.aspx?ctx=6.1033.0.0.1&type=Browse&by=SE&term=A+Booktown+mystery&query=SE%3d%22A+BOOKTOWN+MYSTERY%22&dash=1&page=0",404,"A Booktown mystery"
"https://cucatalog.org/polaris/view.aspx?CN=2635136","https://cucatalog.org/search/searchresults.aspx?ctx=6.1033.0.0.1&type=Keyword&page=0&by=AU&term=2635136",404,"Author Search"
"https://cucatalog.org/polaris/view.aspx?CN=2635136","https://cucatalog.org/polaris/search/searchresults.aspx?ctx=6.1033.0.0.1&type=Keyword&term=2635136&by=CN&sort=RELEVANCE&limit=TOM%3d*&query=&page=0&searchid=27&using=92",404,"PAC"
"https://cucatalog.org/polaris/view.aspx?CN=2635136","https://cucatalog.org/polaris/search/searchresults.aspx?ctx=6.1033.0.0.1&type=Keyword&term=2635136&by=CN&sort=RELEVANCE&limit=TOM%3d*&query=&page=0&searchid=27&lp=0",404,"Regular Text"
"https://cucatalog.org/polaris/view.aspx?CN=2635136","https://cucatalog.org/polaris/search/searchresults.aspx?ctx=6.1033.0.0.1&type=Keyword&term=2635136&by=CN&sort=RELEVANCE&limit=TOM%3d*&query=&page=0&searchid=27&using=452",404,"Local History Online"
"https://cucatalog.org/polaris/view.aspx?CN=2635136","https://cucatalog.org/polaris/search/searchresults.aspx?ctx=6.1033.0.0.1&type=Keyword&term=2635136&by=CN&sort=RELEVANCE&limit=TOM%3d*&query=&page=0&searchid=27&using=93",404,"WorldCat"
"https://cucatalog.org/polaris/view.aspx?CN=2640047","https://cucatalog.org/search/searchresults.aspx?ctx=6.1033.0.0.1&type=Keyword&page=0&by=KW&term=2640047",404,"Any Field Search"
"https://cucatalog.org/polaris/view.aspx?CN=2640047","https://cucatalog.org/search/browse.aspx?ctx=6.1033.0.0.1&type=Browse&by=AU&term=Wecker%2c+Helene%2c&page=0",404,"Wecker, Helene, author."
"https://cucatalog.org/polaris/view.aspx?CN=2640047","https://cucatalog.org/search/searchresults.aspx?ctx=6.1033.0.0.1&type=Keyword&page=0&by=GENRE&term=2640047",404,"Genre Search"
"https://cucatalog.org/polaris/view.aspx?CN=2640047","https://cucatalog.org/search/searchresults.aspx?ctx=6.1033.0.0.1&type=Keyword&page=0&by=SE&term=2640047",404,"Series Search"
"https://cucatalog.org/polaris/view.aspx?CN=2640047","https://cucatalog.org/search/searchresults.aspx?ctx=6.1033.0.0.1&type=Keyword&page=0&by=TI&term=2640047",404,"Title Search"
"https://cucatalog.org/polaris/view.aspx?CN=2640047","https://cucatalog.org/search/searchresults.aspx?ctx=6.1033.0.0.1&type=Keyword&page=0&by=PUB&term=2640047",404,"Publisher Search"
"https://cucatalog.org/polaris/view.aspx?CN=2640047","https://cucatalog.org/search/searchresults.aspx?ctx=6.1033.0.0.1&type=Keyword&page=0&by=NOTE&term=2640047",404,"General Notes Search"
"https://cucatalog.org/polaris/view.aspx?CN=2640047","https://cucatalog.org/search/searchresults.aspx?ctx=6.1033.0.0.1&type=Keyword&page=0&by=SU&term=2640047",404,"Subject Search"
"https://cucatalog.org/polaris/view.aspx?CN=2640047","https://cucatalog.org/search/searchresults.aspx?ctx=6.1033.0.0.1&type=Browse&by=AU&term=Wecker%2c+Helene.&query=AU%3d%22WECKER+HELENE%22&dash=1&page=0",404,"Wecker, Helene."
"https://cucatalog.org/polaris/view.aspx?CN=2640047","https://cucatalog.org/search/searchresults.aspx?ctx=6.1033.0.0.1&type=Browse&by=SU&term=Friendship&query=SU%3d%22FRIENDSHIP%22&dash=1&page=0",404,"Friendship"
"https://cucatalog.org/polaris/view.aspx?CN=2640047","https://cucatalog.org/search/searchresults.aspx?ctx=6.1033.0.0.1&type=Keyword&page=0&by=AU&term=2640047",404,"Author Search"
"https://cucatalog.org/polaris/view.aspx?CN=2640047","https://cucatalog.org/polaris/search/searchresults.aspx?ctx=6.1033.0.0.1&type=Keyword&term=2640047&by=CN&sort=RELEVANCE&limit=TOM%3d*&query=&page=0&searchid=28&lp=0",404,"Regular Text"
"https://cucatalog.org/polaris/view.aspx?CN=2640047","https://cucatalog.org/polaris/search/searchresults.aspx?ctx=6.1033.0.0.1&type=Keyword&term=2640047&by=CN&sort=RELEVANCE&limit=TOM%3d*&query=&page=0&searchid=28&using=452",404,"Local History Online"
"https://cucatalog.org/polaris/view.aspx?CN=2640047","https://cucatalog.org/polaris/search/searchresults.aspx?ctx=6.1033.0.0.1&type=Keyword&term=2640047&by=CN&sort=RELEVANCE&limit=TOM%3d*&query=&page=0&searchid=28&using=92",404,"PAC"
"https://cucatalog.org/polaris/view.aspx?CN=2640047","https://cucatalog.org/polaris/search/searchresults.aspx?ctx=6.1033.0.0.1&type=Keyword&term=2640047&by=CN&sort=RELEVANCE&limit=TOM%3d*&query=&page=0&searchid=28&using=93",404,"WorldCat"
"https://cucatalog.org/polaris/view.aspx?CN=2633909","https://cucatalog.org/search/searchresults.aspx?ctx=6.1033.0.0.1&type=Keyword&page=0&by=KW&term=2633909",404,"Any Field Search"
"https://cucatalog.org/polaris/view.aspx?CN=2633909","https://cucatalog.org/search/searchresults.aspx?ctx=6.1033.0.0.1&type=Keyword&page=0&by=TI&term=2633909",404,"Title Search"
"https://cucatalog.org/polaris/view.aspx?CN=2633909","https://cucatalog.org/search/browse.aspx?ctx=6.1033.0.0.1&type=Browse&by=AU&term=Steel%2c+Danielle%2c&page=0",404,"Steel, Danielle, author."
"https://cucatalog.org/polaris/view.aspx?CN=2633909","https://cucatalog.org/search/searchresults.aspx?ctx=6.1033.0.0.1&type=Keyword&page=0&by=GENRE&term=2633909",404,"Genre Search"
"https://cucatalog.org/polaris/view.aspx?CN=2633909","https://cucatalog.org/search/searchresults.aspx?ctx=6.1033.0.0.1&type=Keyword&page=0&by=AU&term=2633909",404,"Author Search"
"https://cucatalog.org/polaris/view.aspx?CN=2633909","https://cucatalog.org/search/searchresults.aspx?ctx=6.1033.0.0.1&type=Keyword&page=0&by=SE&term=2633909",404,"Series Search"
"https://cucatalog.org/polaris/view.aspx?CN=2633909","https://cucatalog.org/search/searchresults.aspx?ctx=6.1033.0.0.1&type=Browse&by=AU&term=Steel%2c+Danielle&query=AU%3d%22STEEL+DANIELLE%22&dash=1&page=0",404,"Steel, Danielle"
"https://cucatalog.org/polaris/view.aspx?CN=2633909","https://cucatalog.org/search/searchresults.aspx?ctx=6.1033.0.0.1&type=Keyword&page=0&by=PUB&term=2633909",404,"Publisher Search"
"https://cucatalog.org/polaris/view.aspx?CN=2633909","https://cucatalog.org/search/searchresults.aspx?ctx=6.1033.0.0.1&type=Keyword&page=0&by=SU&term=2633909",404,"Subject Search"
"https://cucatalog.org/polaris/view.aspx?CN=2633909","https://cucatalog.org/search/searchresults.aspx?ctx=6.1033.0.0.1&type=Keyword&page=0&by=NOTE&term=2633909",404,"General Notes Search"
"https://cucatalog.org/polaris/view.aspx?CN=2633909","https://cucatalog.org/polaris/search/searchresults.aspx?ctx=6.1033.0.0.1&type=Keyword&term=2633909&by=CN&sort=RELEVANCE&limit=TOM%3d*&query=&page=0&searchid=29&using=93",404,"WorldCat"
"https://cucatalog.org/polaris/view.aspx?CN=2633909","https://cucatalog.org/polaris/search/searchresults.aspx?ctx=6.1033.0.0.1&type=Keyword&term=2633909&by=CN&sort=RELEVANCE&limit=TOM%3d*&query=&page=0&searchid=29&lp=0",404,"Regular Text"
"https://cucatalog.org/polaris/view.aspx?CN=2633909","https://cucatalog.org/polaris/search/searchresults.aspx?ctx=6.1033.0.0.1&type=Keyword&term=2633909&by=CN&sort=RELEVANCE&limit=TOM%3d*&query=&page=0&searchid=29&using=452",404,"Local History Online"
"https://cucatalog.org/polaris/view.aspx?CN=2633909","https://cucatalog.org/polaris/search/searchresults.aspx?ctx=6.1033.0.0.1&type=Keyword&term=2633909&by=CN&sort=RELEVANCE&limit=TOM%3d*&query=&page=0&searchid=29&using=92",404,"PAC"
"https://cucatalog.org/polaris/view.aspx?CN=2634330","https://cucatalog.org/search/browse.aspx?ctx=6.1033.0.0.1&type=Browse&by=AU&term=Michaels%2c+Fern%2c&page=0",404,"Michaels, Fern, author"
"https://cucatalog.org/polaris/view.aspx?CN=2634330","https://cucatalog.org/search/searchresults.aspx?ctx=6.1033.0.0.1&type=Keyword&page=0&by=KW&term=2634330",404,"Any Field Search"
"https://cucatalog.org/polaris/view.aspx?CN=2634330","https://cucatalog.org/search/searchresults.aspx?ctx=6.1033.0.0.1&type=Keyword&page=0&by=GENRE&term=2634330",404,"Genre Search"
"https://cucatalog.org/polaris/view.aspx?CN=2634330","https://cucatalog.org/search/searchresults.aspx?ctx=6.1033.0.0.1&type=Keyword&page=0&by=SE&term=2634330",404,"Series Search"
"https://cucatalog.org/polaris/view.aspx?CN=2634330","https://cucatalog.org/search/searchresults.aspx?ctx=6.1033.0.0.1&type=Keyword&page=0&by=AU&term=2634330",404,"Author Search"
"https://cucatalog.org/polaris/view.aspx?CN=2634330","https://cucatalog.org/search/searchresults.aspx?ctx=6.1033.0.0.1&type=Browse&by=SU&term=Domestic+fiction.&query=SU%3d%22DOMESTIC+FICTION%22&dash=1&page=0",404,"Domestic fiction."
"https://cucatalog.org/polaris/view.aspx?CN=2634330","https://cucatalog.org/search/searchresults.aspx?ctx=6.1033.0.0.1&type=Keyword&page=0&by=SU&term=2634330",404,"Subject Search"
"https://cucatalog.org/polaris/view.aspx?CN=2634330","https://cucatalog.org/search/searchresults.aspx?ctx=6.1033.0.0.1&type=Browse&by=SU&term=Twins&query=SU%3d%22TWINS%22&dash=1&page=0",404,"Twins"
"https://cucatalog.org/polaris/view.aspx?CN=2634330","https://cucatalog.org/search/searchresults.aspx?ctx=6.1033.0.0.1&type=Keyword&page=0&by=NOTE&term=2634330",404,"General Notes Search"
"https://cucatalog.org/polaris/view.aspx?CN=2634330","https://cucatalog.org/search/searchresults.aspx?ctx=6.1033.0.0.1&type=Browse&by=SU&term=Family+secrets&query=SU%3d%22FAMILY+SECRETS%22&dash=1&page=0",404,"Family secrets"
"https://cucatalog.org/polaris/view.aspx?CN=2634330","https://cucatalog.org/search/searchresults.aspx?ctx=6.1033.0.0.1&type=Browse&by=AU&term=Michaels%2c+Fern&query=AU%3d%22MICHAELS+FERN%22&dash=1&page=0",404,"Michaels, Fern"
"https://cucatalog.org/polaris/view.aspx?CN=2634330","https://cucatalog.org/search/searchresults.aspx?ctx=6.1033.0.0.1&type=Keyword&page=0&by=PUB&term=2634330",404,"Publisher Search"
"https://cucatalog.org/polaris/view.aspx?CN=2634330","https://cucatalog.org/search/searchresults.aspx?ctx=6.1033.0.0.1&type=Keyword&page=0&by=TI&term=2634330",404,"Title Search"
"https://cucatalog.org/polaris/view.aspx?CN=2634330","https://cucatalog.org/polaris/search/searchresults.aspx?ctx=6.1033.0.0.1&type=Keyword&term=2634330&by=CN&sort=RELEVANCE&limit=TOM%3d*&query=&page=0&searchid=30&lp=0",404,"Regular Text"
"https://cucatalog.org/polaris/view.aspx?CN=2634330","https://cucatalog.org/polaris/search/searchresults.aspx?ctx=6.1033.0.0.1&type=Keyword&term=2634330&by=CN&sort=RELEVANCE&limit=TOM%3d*&query=&page=0&searchid=30&using=92",404,"PAC"
"https://cucatalog.org/polaris/view.aspx?CN=2634330","https://cucatalog.org/polaris/search/searchresults.aspx?ctx=6.1033.0.0.1&type=Keyword&term=2634330&by=CN&sort=RELEVANCE&limit=TOM%3d*&query=&page=0&searchid=30&using=93",404,"WorldCat"
"https://cucatalog.org/polaris/view.aspx?CN=2634330","https://cucatalog.org/polaris/search/searchresults.aspx?ctx=6.1033.0.0.1&type=Keyword&term=2634330&by=CN&sort=RELEVANCE&limit=TOM%3d*&query=&page=0&searchid=30&using=452",404,"Local History Online"
"https://cucatalog.org/polaris/view.aspx?CN=2638576","https://cucatalog.org/search/browse.aspx?ctx=6.1033.0.0.1&type=Browse&by=SE&term=Cleeves%2c+Ann.+Two+rivers+series+%3b+4.&page=0",404,"Cleeves, Ann. Two rivers series ; 4."
"https://cucatalog.org/polaris/view.aspx?CN=2638576","https://cucatalog.org/search/browse.aspx?ctx=6.1033.0.0.1&type=Browse&by=AU&term=Cleeves%2c+Ann%2c&page=0",404,"Cleeves, Ann, author."
"https://cucatalog.org/polaris/view.aspx?CN=2638576","https://cucatalog.org/search/searchresults.aspx?ctx=6.1033.0.0.1&type=Keyword&page=0&by=PUB&term=2638576",404,"Publisher Search"
"https://cucatalog.org/polaris/view.aspx?CN=2638576","https://cucatalog.org/search/searchresults.aspx?ctx=6.1033.0.0.1&type=Keyword&page=0&by=GENRE&term=2638576",404,"Genre Search"
"https://cucatalog.org/polaris/view.aspx?CN=2638576","https://cucatalog.org/search/searchresults.aspx?ctx=6.1033.0.0.1&type=Keyword&page=0&by=KW&term=2638576",404,"Any Field Search"
"https://cucatalog.org/polaris/view.aspx?CN=2638576","https://cucatalog.org/search/searchresults.aspx?ctx=6.1033.0.0.1&type=Keyword&page=0&by=SE&term=2638576",404,"Series Search"
"https://cucatalog.org/polaris/view.aspx?CN=2638576","https://cucatalog.org/search/searchresults.aspx?ctx=6.1033.0.0.1&type=Keyword&page=0&by=NOTE&term=2638576",404,"General Notes Search"
"https://cucatalog.org/polaris/view.aspx?CN=2638576","https://cucatalog.org/search/searchresults.aspx?ctx=6.1033.0.0.1&type=Browse&by=AU&term=Cleeves%2c+Ann&query=AU%3d%22CLEEVES+ANN%22&dash=1&page=0",404,"Cleeves, Ann"
"https://cucatalog.org/polaris/view.aspx?CN=2638576","https://cucatalog.org/search/searchresults.aspx?ctx=6.1033.0.0.1&type=Keyword&page=0&by=AU&term=2638576",404,"Author Search"
"https://cucatalog.org/polaris/view.aspx?CN=2638576","https://cucatalog.org/search/searchresults.aspx?ctx=6.1033.0.0.1&type=Keyword&page=0&by=TI&term=2638576",404,"Title Search"
"https://cucatalog.org/polaris/view.aspx?CN=2638576","https://cucatalog.org/search/searchresults.aspx?ctx=6.1033.0.0.1&type=Keyword&page=0&by=SU&term=2638576",404,"Subject Search"
"https://cucatalog.org/polaris/view.aspx?CN=2638576","https://cucatalog.org/search/searchresults.aspx?ctx=6.1033.0.0.1&type=Browse&by=SE&term=Cleeves%2c+Ann.+Two+rivers+series+%3b+4.&query=SE%3d%22CLEEVES+ANN+TWO+RIVERS+SERIES+4%22&dash=1&page=0",404,"Cleeves, Ann. Two rivers series ; 4."
"https://cucatalog.org/polaris/view.aspx?CN=2638576","https://cucatalog.org/search/searchresults.aspx?ctx=6.1033.0.0.1&type=Browse&by=SE&term=Two+rivers+series&query=SE%3d%22TWO+RIVERS+SERIES%22&dash=1&page=0",404,"Two rivers series"
"https://cucatalog.org/polaris/view.aspx?CN=2638576","https://cucatalog.org/search/searchresults.aspx?ctx=6.1033.0.0.1&type=Browse&by=SE&term=%5bThe+Two+Rivers+series+%3b+4%5d&query=SE%3d%22THE+TWO+RIVERS+SERIES+4%22&dash=1&page=0",404,"[The Two Rivers series ; 4]"
"https://cucatalog.org/polaris/view.aspx?CN=2638576","https://cucatalog.org/polaris/search/searchresults.aspx?ctx=6.1033.0.0.1&type=Keyword&term=2638576&by=CN&sort=RELEVANCE&limit=TOM%3d*&query=&page=0&searchid=31&lp=0",404,"Regular Text"
"https://cucatalog.org/polaris/view.aspx?CN=2638576","https://cucatalog.org/polaris/search/searchresults.aspx?ctx=6.1033.0.0.1&type=Keyword&term=2638576&by=CN&sort=RELEVANCE&limit=TOM%3d*&query=&page=0&searchid=31&using=92",404,"PAC"
"https://cucatalog.org/polaris/view.aspx?CN=2638576","https://cucatalog.org/polaris/search/searchresults.aspx?ctx=6.1033.0.0.1&type=Keyword&term=2638576&by=CN&sort=RELEVANCE&limit=TOM%3d*&query=&page=0&searchid=31&using=93",404,"WorldCat"
"https://cucatalog.org/polaris/view.aspx?CN=2638576","https://cucatalog.org/polaris/search/searchresults.aspx?ctx=6.1033.0.0.1&type=Keyword&term=2638576&by=CN&sort=RELEVANCE&limit=TOM%3d*&query=&page=0&searchid=31&using=452",404,"Local History Online"