Page,URL,Title,Impact,Rule ID,Description,Help,Help URL,HTML Element
1,https://cucatalog.org/polaris/default.aspx?ctx=6.1033.0.0.5,The Urbana Free Library,critical,aria-required-parent,Ensure elements with an ARIA role that require parent roles are contained by them,Certain ARIA roles must be contained by particular parents,https://dequeuniversity.com/rules/axe/4.10/aria-required-parent?application=playwright,"<div class=""c-accordion__heading"" role=""tab"">"
1,https://cucatalog.org/polaris/default.aspx?ctx=6.1033.0.0.5,The Urbana Free Library,critical,aria-required-parent,Ensure elements with an ARIA role that require parent roles are contained by them,Certain ARIA roles must be contained by particular parents,https://dequeuniversity.com/rules/axe/4.10/aria-required-parent?application=playwright,"<div class=""c-accordion__heading"" role=""tab"">"
1,https://cucatalog.org/polaris/default.aspx?ctx=6.1033.0.0.5,The Urbana Free Library,critical,aria-required-parent,Ensure elements with an ARIA role that require parent roles are contained by them,Certain ARIA roles must be contained by particular parents,https://dequeuniversity.com/rules/axe/4.10/aria-required-parent?application=playwright,"<div class=""c-accordion__heading"" role=""tab"">"
1,https://cucatalog.org/polaris/default.aspx?ctx=6.1033.0.0.5,The Urbana Free Library,critical,aria-required-parent,Ensure elements with an ARIA role that require parent roles are contained by them,Certain ARIA roles must be contained by particular parents,https://dequeuniversity.com/rules/axe/4.10/aria-required-parent?application=playwright,"<div class=""c-accordion__heading"" role=""tab"">"
1,https://cucatalog.org/polaris/default.aspx?ctx=6.1033.0.0.5,The Urbana Free Library,critical,aria-required-parent,Ensure elements with an ARIA role that require parent roles are contained by them,Certain ARIA roles must be contained by particular parents,https://dequeuniversity.com/rules/axe/4.10/aria-required-parent?application=playwright,"<div class=""c-accordion__heading"" role=""tab"">"
1,https://cucatalog.org/polaris/default.aspx?ctx=6.1033.0.0.5,The Urbana Free Library,critical,aria-required-parent,Ensure elements with an ARIA role that require parent roles are contained by them,Certain ARIA roles must be contained by particular parents,https://dequeuniversity.com/rules/axe/4.10/aria-required-parent?application=playwright,"<div class=""c-accordion__heading"" role=""tab"">"
1,https://cucatalog.org/polaris/default.aspx?ctx=6.1033.0.0.5,The Urbana Free Library,critical,aria-required-parent,Ensure elements with an ARIA role that require parent roles are contained by them,Certain ARIA roles must be contained by particular parents,https://dequeuniversity.com/rules/axe/4.10/aria-required-parent?application=playwright,"<div class=""c-accordion__heading"" role=""tab"">"
1,https://cucatalog.org/polaris/default.aspx?ctx=6.1033.0.0.5,The Urbana Free Library,critical,aria-required-parent,Ensure elements with an ARIA role that require parent roles are contained by them,Certain ARIA roles must be contained by particular parents,https://dequeuniversity.com/rules/axe/4.10/aria-required-parent?application=playwright,"<div class=""c-accordion__heading"" role=""tab"">"
1,https://cucatalog.org/polaris/default.aspx?ctx=6.1033.0.0.5,The Urbana Free Library,critical,aria-required-parent,Ensure elements with an ARIA role that require parent roles are contained by them,Certain ARIA roles must be contained by particular parents,https://dequeuniversity.com/rules/axe/4.10/aria-required-parent?application=playwright,"<div class=""c-accordion__heading"" role=""tab"">"
1,https://cucatalog.org/polaris/default.aspx?ctx=6.1033.0.0.5,The Urbana Free Library,critical,aria-required-parent,Ensure elements with an ARIA role that require parent roles are contained by them,Certain ARIA roles must be contained by particular parents,https://dequeuniversity.com/rules/axe/4.10/aria-required-parent?application=playwright,"<div class=""c-accordion__heading"" role=""tab"">"
1,https://cucatalog.org/polaris/default.aspx?ctx=6.1033.0.0.5,The Urbana Free Library,critical,aria-required-parent,Ensure elements with an ARIA role that require parent roles are contained by them,Certain ARIA roles must be contained by particular parents,https://dequeuniversity.com/rules/axe/4.10/aria-required-parent?application=playwright,"<div class=""c-accordion__heading"" role=""tab"">"
1,https://cucatalog.org/polaris/default.aspx?ctx=6.1033.0.0.5,The Urbana Free Library,critical,aria-required-parent,Ensure elements with an ARIA role that require parent roles are contained by them,Certain ARIA roles must be contained by particular parents,https://dequeuniversity.com/rules/axe/4.10/aria-required-parent?application=playwright,"<div class=""c-accordion__heading"" role=""tab"">"
1,https://cucatalog.org/polaris/default.aspx?ctx=6.1033.0.0.5,The Urbana Free Library,critical,aria-required-parent,Ensure elements with an ARIA role that require parent roles are contained by them,Certain ARIA roles must be contained by particular parents,https://dequeuniversity.com/rules/axe/4.10/aria-required-parent?application=playwright,"<div class=""c-accordion__heading"" role=""tab"">"
1,https://cucatalog.org/polaris/default.aspx?ctx=6.1033.0.0.5,The Urbana Free Library,critical,aria-required-parent,Ensure elements with an ARIA role that require parent roles are contained by them,Certain ARIA roles must be contained by particular parents,https://dequeuniversity.com/rules/axe/4.10/aria-required-parent?application=playwright,"<div class=""c-accordion__heading"" role=""tab"">"
1,https://cucatalog.org/polaris/default.aspx?ctx=6.1033.0.0.5,The Urbana Free Library,critical,aria-required-parent,Ensure elements with an ARIA role that require parent roles are contained by them,Certain ARIA roles must be contained by particular parents,https://dequeuniversity.com/rules/axe/4.10/aria-required-parent?application=playwright,"<div class=""c-accordion__heading"" role=""tab"">"
1,https://cucatalog.org/polaris/default.aspx?ctx=6.1033.0.0.5,The Urbana Free Library,critical,aria-required-parent,Ensure elements with an ARIA role that require parent roles are contained by them,Certain ARIA roles must be contained by particular parents,https://dequeuniversity.com/rules/axe/4.10/aria-required-parent?application=playwright,"<div class=""c-accordion__heading"" role=""tab"">"
1,https://cucatalog.org/polaris/default.aspx?ctx=6.1033.0.0.5,The Urbana Free Library,moderate,landmark-banner-is-top-level,Ensure the banner landmark is at top level,Banner landmark should not be contained in another landmark,https://dequeuniversity.com/rules/axe/4.10/landmark-banner-is-top-level?application=playwright,"<header class=""nav-panel__header"">"
1,https://cucatalog.org/polaris/default.aspx?ctx=6.1033.0.0.5,The Urbana Free Library,moderate,landmark-banner-is-top-level,Ensure the banner landmark is at top level,Banner landmark should not be contained in another landmark,https://dequeuniversity.com/rules/axe/4.10/landmark-banner-is-top-level?application=playwright,"<header class=""nav-panel__header"">"
1,https://cucatalog.org/polaris/default.aspx?ctx=6.1033.0.0.5,The Urbana Free Library,moderate,landmark-main-is-top-level,Ensure the main landmark is at top level,Main landmark should not be contained in another landmark,https://dequeuniversity.com/rules/axe/4.10/landmark-main-is-top-level?application=playwright,"<main class=""site-footer__main"">"
1,https://cucatalog.org/polaris/default.aspx?ctx=6.1033.0.0.5,The Urbana Free Library,moderate,landmark-no-duplicate-banner,Ensure the document has at most one banner landmark,Document should not have more than one banner landmark,https://dequeuniversity.com/rules/axe/4.10/landmark-no-duplicate-banner?application=playwright,"<header class=""site-header"">"
1,https://cucatalog.org/polaris/default.aspx?ctx=6.1033.0.0.5,The Urbana Free Library,moderate,landmark-no-duplicate-main,Ensure the document has at most one main landmark,Document should not have more than one main landmark,https://dequeuniversity.com/rules/axe/4.10/landmark-no-duplicate-main?application=playwright,"<main class=""site-main"" id=""content"">"
1,https://cucatalog.org/polaris/default.aspx?ctx=6.1033.0.0.5,The Urbana Free Library,moderate,landmark-unique,Ensure landmarks are unique,Landmarks should have a unique role or role/label/title (i.e. accessible name) combination,https://dequeuniversity.com/rules/axe/4.10/landmark-unique?application=playwright,"<header class=""site-header"">"
1,https://cucatalog.org/polaris/default.aspx?ctx=6.1033.0.0.5,The Urbana Free Library,moderate,landmark-unique,Ensure landmarks are unique,Landmarks should have a unique role or role/label/title (i.e. accessible name) combination,https://dequeuniversity.com/rules/axe/4.10/landmark-unique?application=playwright,"<nav class=""nav-panel__top-nav top-nav top-nav--split-header navbar-collapse"" role=""navigation"">"
1,https://cucatalog.org/polaris/default.aspx?ctx=6.1033.0.0.5,The Urbana Free Library,moderate,landmark-unique,Ensure landmarks are unique,Landmarks should have a unique role or role/label/title (i.e. accessible name) combination,https://dequeuniversity.com/rules/axe/4.10/landmark-unique?application=playwright,"<main class=""site-main"" id=""content"">"
1,https://cucatalog.org/polaris/default.aspx?ctx=6.1033.0.0.5,The Urbana Free Library,serious,listitem,Ensure <li> elements are used semantically,<li> elements must be contained in a <ul> or <ol>,https://dequeuniversity.com/rules/axe/4.10/listitem?application=playwright,"<li class=""nav__nav expandable-block-nav"">"
1,https://cucatalog.org/polaris/default.aspx?ctx=6.1033.0.0.5,The Urbana Free Library,serious,nested-interactive,Ensure interactive controls are not nested as they are not always announced by screen readers or can cause focus problems for assistive technologies,Interactive controls must not be nested,https://dequeuniversity.com/rules/axe/4.10/nested-interactive?application=playwright,"<div class=""c-accordion__heading"" role=""tab"">"
1,https://cucatalog.org/polaris/default.aspx?ctx=6.1033.0.0.5,The Urbana Free Library,serious,nested-interactive,Ensure interactive controls are not nested as they are not always announced by screen readers or can cause focus problems for assistive technologies,Interactive controls must not be nested,https://dequeuniversity.com/rules/axe/4.10/nested-interactive?application=playwright,"<div class=""c-accordion__heading"" role=""tab"">"
1,https://cucatalog.org/polaris/default.aspx?ctx=6.1033.0.0.5,The Urbana Free Library,serious,nested-interactive,Ensure interactive controls are not nested as they are not always announced by screen readers or can cause focus problems for assistive technologies,Interactive controls must not be nested,https://dequeuniversity.com/rules/axe/4.10/nested-interactive?application=playwright,"<div class=""c-accordion__heading"" role=""tab"">"
1,https://cucatalog.org/polaris/default.aspx?ctx=6.1033.0.0.5,The Urbana Free Library,serious,nested-interactive,Ensure interactive controls are not nested as they are not always announced by screen readers or can cause focus problems for assistive technologies,Interactive controls must not be nested,https://dequeuniversity.com/rules/axe/4.10/nested-interactive?application=playwright,"<div class=""c-accordion__heading"" role=""tab"">"
1,https://cucatalog.org/polaris/default.aspx?ctx=6.1033.0.0.5,The Urbana Free Library,serious,nested-interactive,Ensure interactive controls are not nested as they are not always announced by screen readers or can cause focus problems for assistive technologies,Interactive controls must not be nested,https://dequeuniversity.com/rules/axe/4.10/nested-interactive?application=playwright,"<div class=""c-accordion__heading"" role=""tab"">"
1,https://cucatalog.org/polaris/default.aspx?ctx=6.1033.0.0.5,The Urbana Free Library,serious,nested-interactive,Ensure interactive controls are not nested as they are not always announced by screen readers or can cause focus problems for assistive technologies,Interactive controls must not be nested,https://dequeuniversity.com/rules/axe/4.10/nested-interactive?application=playwright,"<div class=""c-accordion__heading"" role=""tab"">"
1,https://cucatalog.org/polaris/default.aspx?ctx=6.1033.0.0.5,The Urbana Free Library,serious,nested-interactive,Ensure interactive controls are not nested as they are not always announced by screen readers or can cause focus problems for assistive technologies,Interactive controls must not be nested,https://dequeuniversity.com/rules/axe/4.10/nested-interactive?application=playwright,"<div class=""c-accordion__heading"" role=""tab"">"
1,https://cucatalog.org/polaris/default.aspx?ctx=6.1033.0.0.5,The Urbana Free Library,serious,nested-interactive,Ensure interactive controls are not nested as they are not always announced by screen readers or can cause focus problems for assistive technologies,Interactive controls must not be nested,https://dequeuniversity.com/rules/axe/4.10/nested-interactive?application=playwright,"<div class=""c-accordion__heading"" role=""tab"">"
1,https://cucatalog.org/polaris/default.aspx?ctx=6.1033.0.0.5,The Urbana Free Library,serious,nested-interactive,Ensure interactive controls are not nested as they are not always announced by screen readers or can cause focus problems for assistive technologies,Interactive controls must not be nested,https://dequeuniversity.com/rules/axe/4.10/nested-interactive?application=playwright,"<div class=""c-accordion__heading"" role=""tab"">"
1,https://cucatalog.org/polaris/default.aspx?ctx=6.1033.0.0.5,The Urbana Free Library,serious,nested-interactive,Ensure interactive controls are not nested as they are not always announced by screen readers or can cause focus problems for assistive technologies,Interactive controls must not be nested,https://dequeuniversity.com/rules/axe/4.10/nested-interactive?application=playwright,"<div class=""c-accordion__heading"" role=""tab"">"
1,https://cucatalog.org/polaris/default.aspx?ctx=6.1033.0.0.5,The Urbana Free Library,serious,nested-interactive,Ensure interactive controls are not nested as they are not always announced by screen readers or can cause focus problems for assistive technologies,Interactive controls must not be nested,https://dequeuniversity.com/rules/axe/4.10/nested-interactive?application=playwright,"<div class=""c-accordion__heading"" role=""tab"">"
1,https://cucatalog.org/polaris/default.aspx?ctx=6.1033.0.0.5,The Urbana Free Library,serious,nested-interactive,Ensure interactive controls are not nested as they are not always announced by screen readers or can cause focus problems for assistive technologies,Interactive controls must not be nested,https://dequeuniversity.com/rules/axe/4.10/nested-interactive?application=playwright,"<div class=""c-accordion__heading"" role=""tab"">"
1,https://cucatalog.org/polaris/default.aspx?ctx=6.1033.0.0.5,The Urbana Free Library,serious,nested-interactive,Ensure interactive controls are not nested as they are not always announced by screen readers or can cause focus problems for assistive technologies,Interactive controls must not be nested,https://dequeuniversity.com/rules/axe/4.10/nested-interactive?application=playwright,"<div class=""c-accordion__heading"" role=""tab"">"
1,https://cucatalog.org/polaris/default.aspx?ctx=6.1033.0.0.5,The Urbana Free Library,serious,nested-interactive,Ensure interactive controls are not nested as they are not always announced by screen readers or can cause focus problems for assistive technologies,Interactive controls must not be nested,https://dequeuniversity.com/rules/axe/4.10/nested-interactive?application=playwright,"<div class=""c-accordion__heading"" role=""tab"">"
1,https://cucatalog.org/polaris/default.aspx?ctx=6.1033.0.0.5,The Urbana Free Library,serious,nested-interactive,Ensure interactive controls are not nested as they are not always announced by screen readers or can cause focus problems for assistive technologies,Interactive controls must not be nested,https://dequeuniversity.com/rules/axe/4.10/nested-interactive?application=playwright,"<div class=""c-accordion__heading"" role=""tab"">"
1,https://cucatalog.org/polaris/default.aspx?ctx=6.1033.0.0.5,The Urbana Free Library,serious,nested-interactive,Ensure interactive controls are not nested as they are not always announced by screen readers or can cause focus problems for assistive technologies,Interactive controls must not be nested,https://dequeuniversity.com/rules/axe/4.10/nested-interactive?application=playwright,"<div class=""c-accordion__heading"" role=""tab"">"
1,https://cucatalog.org/polaris/default.aspx?ctx=6.1033.0.0.5,The Urbana Free Library,moderate,page-has-heading-one,"Ensure that the page, or at least one of its frames contains a level-one heading",Page should contain a level-one heading,https://dequeuniversity.com/rules/axe/4.10/page-has-heading-one?application=playwright,"<html class=""js flexbox flexboxlegacy canvas canvastext webgl no-touch geolocation postmessage no-websqldatabase indexeddb hashchange history draganddrop websockets rgba hsla multiplebgs backgroundsize borderimage borderradius boxshadow textshadow opacity cssanimations csscolumns cssgradients cssreflections csstransforms csstransforms3d csstransitions fontface generatedcontent video audio localstorage sessionstorage webworkers no-applicationcache svg inlinesvg smil svgclippaths"" lang=""en"" style="""">"
10,https://cucatalog.org/polaris/search/default.aspx?ctx=6.1033.0.0.1&type=Advanced,The Urbana Free Library,critical,aria-allowed-attr,Ensure an element's role supports its ARIA attributes,Elements must only use supported ARIA attributes,https://dequeuniversity.com/rules/axe/4.10/aria-allowed-attr?application=playwright,"<div class=""c-search-header-options__container collapse in"" id=""c-search-header__search-options"" aria-labelledby=""c-search-header__search-options"" aria-expanded=""true"" style="""">"
10,https://cucatalog.org/polaris/search/default.aspx?ctx=6.1033.0.0.1&type=Advanced,The Urbana Free Library,critical,aria-required-parent,Ensure elements with an ARIA role that require parent roles are contained by them,Certain ARIA roles must be contained by particular parents,https://dequeuniversity.com/rules/axe/4.10/aria-required-parent?application=playwright,"<div class=""c-accordion__heading"" role=""tab"">"
10,https://cucatalog.org/polaris/search/default.aspx?ctx=6.1033.0.0.1&type=Advanced,The Urbana Free Library,critical,aria-required-parent,Ensure elements with an ARIA role that require parent roles are contained by them,Certain ARIA roles must be contained by particular parents,https://dequeuniversity.com/rules/axe/4.10/aria-required-parent?application=playwright,"<div class=""c-accordion__heading"" role=""tab"">"
10,https://cucatalog.org/polaris/search/default.aspx?ctx=6.1033.0.0.1&type=Advanced,The Urbana Free Library,critical,aria-required-parent,Ensure elements with an ARIA role that require parent roles are contained by them,Certain ARIA roles must be contained by particular parents,https://dequeuniversity.com/rules/axe/4.10/aria-required-parent?application=playwright,"<div class=""c-accordion__heading"" role=""tab"">"
10,https://cucatalog.org/polaris/search/default.aspx?ctx=6.1033.0.0.1&type=Advanced,The Urbana Free Library,critical,aria-required-parent,Ensure elements with an ARIA role that require parent roles are contained by them,Certain ARIA roles must be contained by particular parents,https://dequeuniversity.com/rules/axe/4.10/aria-required-parent?application=playwright,"<div class=""c-accordion__heading"" role=""tab"">"
10,https://cucatalog.org/polaris/search/default.aspx?ctx=6.1033.0.0.1&type=Advanced,The Urbana Free Library,critical,aria-required-parent,Ensure elements with an ARIA role that require parent roles are contained by them,Certain ARIA roles must be contained by particular parents,https://dequeuniversity.com/rules/axe/4.10/aria-required-parent?application=playwright,"<div class=""c-accordion__heading"" role=""tab"">"
10,https://cucatalog.org/polaris/search/default.aspx?ctx=6.1033.0.0.1&type=Advanced,The Urbana Free Library,critical,aria-required-parent,Ensure elements with an ARIA role that require parent roles are contained by them,Certain ARIA roles must be contained by particular parents,https://dequeuniversity.com/rules/axe/4.10/aria-required-parent?application=playwright,"<div class=""c-accordion__heading"" role=""tab"">"
10,https://cucatalog.org/polaris/search/default.aspx?ctx=6.1033.0.0.1&type=Advanced,The Urbana Free Library,critical,aria-required-parent,Ensure elements with an ARIA role that require parent roles are contained by them,Certain ARIA roles must be contained by particular parents,https://dequeuniversity.com/rules/axe/4.10/aria-required-parent?application=playwright,"<div class=""c-accordion__heading"" role=""tab"">"
10,https://cucatalog.org/polaris/search/default.aspx?ctx=6.1033.0.0.1&type=Advanced,The Urbana Free Library,critical,aria-required-parent,Ensure elements with an ARIA role that require parent roles are contained by them,Certain ARIA roles must be contained by particular parents,https://dequeuniversity.com/rules/axe/4.10/aria-required-parent?application=playwright,"<div class=""c-accordion__heading"" role=""tab"">"
10,https://cucatalog.org/polaris/search/default.aspx?ctx=6.1033.0.0.1&type=Advanced,The Urbana Free Library,moderate,landmark-banner-is-top-level,Ensure the banner landmark is at top level,Banner landmark should not be contained in another landmark,https://dequeuniversity.com/rules/axe/4.10/landmark-banner-is-top-level?application=playwright,"<header class=""nav-panel__header"">"
10,https://cucatalog.org/polaris/search/default.aspx?ctx=6.1033.0.0.1&type=Advanced,The Urbana Free Library,moderate,landmark-banner-is-top-level,Ensure the banner landmark is at top level,Banner landmark should not be contained in another landmark,https://dequeuniversity.com/rules/axe/4.10/landmark-banner-is-top-level?application=playwright,"<header class=""nav-panel__header"">"
10,https://cucatalog.org/polaris/search/default.aspx?ctx=6.1033.0.0.1&type=Advanced,The Urbana Free Library,moderate,landmark-main-is-top-level,Ensure the main landmark is at top level,Main landmark should not be contained in another landmark,https://dequeuniversity.com/rules/axe/4.10/landmark-main-is-top-level?application=playwright,"<main class=""site-footer__main"">"
10,https://cucatalog.org/polaris/search/default.aspx?ctx=6.1033.0.0.1&type=Advanced,The Urbana Free Library,moderate,landmark-no-duplicate-banner,Ensure the document has at most one banner landmark,Document should not have more than one banner landmark,https://dequeuniversity.com/rules/axe/4.10/landmark-no-duplicate-banner?application=playwright,"<header class=""site-header"">"
10,https://cucatalog.org/polaris/search/default.aspx?ctx=6.1033.0.0.1&type=Advanced,The Urbana Free Library,moderate,landmark-no-duplicate-main,Ensure the document has at most one main landmark,Document should not have more than one main landmark,https://dequeuniversity.com/rules/axe/4.10/landmark-no-duplicate-main?application=playwright,"<main class=""site-main"" id=""content"">"
10,https://cucatalog.org/polaris/search/default.aspx?ctx=6.1033.0.0.1&type=Advanced,The Urbana Free Library,moderate,landmark-unique,Ensure landmarks are unique,Landmarks should have a unique role or role/label/title (i.e. accessible name) combination,https://dequeuniversity.com/rules/axe/4.10/landmark-unique?application=playwright,"<header class=""site-header"">"
10,https://cucatalog.org/polaris/search/default.aspx?ctx=6.1033.0.0.1&type=Advanced,The Urbana Free Library,moderate,landmark-unique,Ensure landmarks are unique,Landmarks should have a unique role or role/label/title (i.e. accessible name) combination,https://dequeuniversity.com/rules/axe/4.10/landmark-unique?application=playwright,"<nav class=""nav-panel__top-nav top-nav top-nav--split-header navbar-collapse"" role=""navigation"">"
10,https://cucatalog.org/polaris/search/default.aspx?ctx=6.1033.0.0.1&type=Advanced,The Urbana Free Library,moderate,landmark-unique,Ensure landmarks are unique,Landmarks should have a unique role or role/label/title (i.e. accessible name) combination,https://dequeuniversity.com/rules/axe/4.10/landmark-unique?application=playwright,"<main class=""site-main"" id=""content"">"
10,https://cucatalog.org/polaris/search/default.aspx?ctx=6.1033.0.0.1&type=Advanced,The Urbana Free Library,serious,link-in-text-block,Ensure links are distinguished from surrounding text in a way that does not rely on color,Links must be distinguishable without relying on color,https://dequeuniversity.com/rules/axe/4.10/link-in-text-block?application=playwright,"<a href=""javascript:showModalBasicWithIframe('https://cucatalog.org/polaris/help/content/1033/advanced.htm')"">Click here for a list of tips.  </a>"
10,https://cucatalog.org/polaris/search/default.aspx?ctx=6.1033.0.0.1&type=Advanced,The Urbana Free Library,serious,listitem,Ensure <li> elements are used semantically,<li> elements must be contained in a <ul> or <ol>,https://dequeuniversity.com/rules/axe/4.10/listitem?application=playwright,"<li class=""nav__nav expandable-block-nav"">"
10,https://cucatalog.org/polaris/search/default.aspx?ctx=6.1033.0.0.1&type=Advanced,The Urbana Free Library,serious,nested-interactive,Ensure interactive controls are not nested as they are not always announced by screen readers or can cause focus problems for assistive technologies,Interactive controls must not be nested,https://dequeuniversity.com/rules/axe/4.10/nested-interactive?application=playwright,"<div class=""c-accordion__heading"" role=""tab"">"
10,https://cucatalog.org/polaris/search/default.aspx?ctx=6.1033.0.0.1&type=Advanced,The Urbana Free Library,serious,nested-interactive,Ensure interactive controls are not nested as they are not always announced by screen readers or can cause focus problems for assistive technologies,Interactive controls must not be nested,https://dequeuniversity.com/rules/axe/4.10/nested-interactive?application=playwright,"<div class=""c-accordion__heading"" role=""tab"">"
10,https://cucatalog.org/polaris/search/default.aspx?ctx=6.1033.0.0.1&type=Advanced,The Urbana Free Library,serious,nested-interactive,Ensure interactive controls are not nested as they are not always announced by screen readers or can cause focus problems for assistive technologies,Interactive controls must not be nested,https://dequeuniversity.com/rules/axe/4.10/nested-interactive?application=playwright,"<div class=""c-accordion__heading"" role=""tab"">"
10,https://cucatalog.org/polaris/search/default.aspx?ctx=6.1033.0.0.1&type=Advanced,The Urbana Free Library,serious,nested-interactive,Ensure interactive controls are not nested as they are not always announced by screen readers or can cause focus problems for assistive technologies,Interactive controls must not be nested,https://dequeuniversity.com/rules/axe/4.10/nested-interactive?application=playwright,"<div class=""c-accordion__heading"" role=""tab"">"
10,https://cucatalog.org/polaris/search/default.aspx?ctx=6.1033.0.0.1&type=Advanced,The Urbana Free Library,serious,nested-interactive,Ensure interactive controls are not nested as they are not always announced by screen readers or can cause focus problems for assistive technologies,Interactive controls must not be nested,https://dequeuniversity.com/rules/axe/4.10/nested-interactive?application=playwright,"<div class=""c-accordion__heading"" role=""tab"">"
10,https://cucatalog.org/polaris/search/default.aspx?ctx=6.1033.0.0.1&type=Advanced,The Urbana Free Library,serious,nested-interactive,Ensure interactive controls are not nested as they are not always announced by screen readers or can cause focus problems for assistive technologies,Interactive controls must not be nested,https://dequeuniversity.com/rules/axe/4.10/nested-interactive?application=playwright,"<div class=""c-accordion__heading"" role=""tab"">"
10,https://cucatalog.org/polaris/search/default.aspx?ctx=6.1033.0.0.1&type=Advanced,The Urbana Free Library,serious,nested-interactive,Ensure interactive controls are not nested as they are not always announced by screen readers or can cause focus problems for assistive technologies,Interactive controls must not be nested,https://dequeuniversity.com/rules/axe/4.10/nested-interactive?application=playwright,"<div class=""c-accordion__heading"" role=""tab"">"
10,https://cucatalog.org/polaris/search/default.aspx?ctx=6.1033.0.0.1&type=Advanced,The Urbana Free Library,serious,nested-interactive,Ensure interactive controls are not nested as they are not always announced by screen readers or can cause focus problems for assistive technologies,Interactive controls must not be nested,https://dequeuniversity.com/rules/axe/4.10/nested-interactive?application=playwright,"<div class=""c-accordion__heading"" role=""tab"">"
10,https://cucatalog.org/polaris/search/default.aspx?ctx=6.1033.0.0.1&type=Advanced,The Urbana Free Library,moderate,page-has-heading-one,"Ensure that the page, or at least one of its frames contains a level-one heading",Page should contain a level-one heading,https://dequeuniversity.com/rules/axe/4.10/page-has-heading-one?application=playwright,"<html class=""js flexbox flexboxlegacy canvas canvastext webgl no-touch geolocation postmessage no-websqldatabase indexeddb hashchange history draganddrop websockets rgba hsla multiplebgs backgroundsize borderimage borderradius boxshadow textshadow opacity cssanimations csscolumns cssgradients cssreflections csstransforms csstransforms3d csstransitions fontface generatedcontent video audio localstorage sessionstorage webworkers no-applicationcache svg inlinesvg smil svgclippaths"" lang=""en"" style="""">"
12,https://cucatalog.org/polaris/patronaccount/default.aspx?ctx=6.1033.0.0.1,The Urbana Free Library,critical,aria-required-parent,Ensure elements with an ARIA role that require parent roles are contained by them,Certain ARIA roles must be contained by particular parents,https://dequeuniversity.com/rules/axe/4.10/aria-required-parent?application=playwright,"<div class=""c-accordion__heading"" role=""tab"">"
12,https://cucatalog.org/polaris/patronaccount/default.aspx?ctx=6.1033.0.0.1,The Urbana Free Library,critical,aria-required-parent,Ensure elements with an ARIA role that require parent roles are contained by them,Certain ARIA roles must be contained by particular parents,https://dequeuniversity.com/rules/axe/4.10/aria-required-parent?application=playwright,"<div class=""c-accordion__heading"" role=""tab"">"
12,https://cucatalog.org/polaris/patronaccount/default.aspx?ctx=6.1033.0.0.1,The Urbana Free Library,critical,aria-required-parent,Ensure elements with an ARIA role that require parent roles are contained by them,Certain ARIA roles must be contained by particular parents,https://dequeuniversity.com/rules/axe/4.10/aria-required-parent?application=playwright,"<div class=""c-accordion__heading"" role=""tab"">"
12,https://cucatalog.org/polaris/patronaccount/default.aspx?ctx=6.1033.0.0.1,The Urbana Free Library,critical,aria-required-parent,Ensure elements with an ARIA role that require parent roles are contained by them,Certain ARIA roles must be contained by particular parents,https://dequeuniversity.com/rules/axe/4.10/aria-required-parent?application=playwright,"<div class=""c-accordion__heading"" role=""tab"">"
12,https://cucatalog.org/polaris/patronaccount/default.aspx?ctx=6.1033.0.0.1,The Urbana Free Library,critical,aria-required-parent,Ensure elements with an ARIA role that require parent roles are contained by them,Certain ARIA roles must be contained by particular parents,https://dequeuniversity.com/rules/axe/4.10/aria-required-parent?application=playwright,"<div class=""c-accordion__heading"" role=""tab"">"
12,https://cucatalog.org/polaris/patronaccount/default.aspx?ctx=6.1033.0.0.1,The Urbana Free Library,critical,aria-required-parent,Ensure elements with an ARIA role that require parent roles are contained by them,Certain ARIA roles must be contained by particular parents,https://dequeuniversity.com/rules/axe/4.10/aria-required-parent?application=playwright,"<div class=""c-accordion__heading"" role=""tab"">"
12,https://cucatalog.org/polaris/patronaccount/default.aspx?ctx=6.1033.0.0.1,The Urbana Free Library,critical,aria-required-parent,Ensure elements with an ARIA role that require parent roles are contained by them,Certain ARIA roles must be contained by particular parents,https://dequeuniversity.com/rules/axe/4.10/aria-required-parent?application=playwright,"<div class=""c-accordion__heading"" role=""tab"">"
12,https://cucatalog.org/polaris/patronaccount/default.aspx?ctx=6.1033.0.0.1,The Urbana Free Library,critical,aria-required-parent,Ensure elements with an ARIA role that require parent roles are contained by them,Certain ARIA roles must be contained by particular parents,https://dequeuniversity.com/rules/axe/4.10/aria-required-parent?application=playwright,"<div class=""c-accordion__heading"" role=""tab"">"
12,https://cucatalog.org/polaris/patronaccount/default.aspx?ctx=6.1033.0.0.1,The Urbana Free Library,moderate,landmark-banner-is-top-level,Ensure the banner landmark is at top level,Banner landmark should not be contained in another landmark,https://dequeuniversity.com/rules/axe/4.10/landmark-banner-is-top-level?application=playwright,"<header class=""nav-panel__header"">
                            <div class=""nav-panel__welcome"">
                                
                            </div>        
                     </header>"
12,https://cucatalog.org/polaris/patronaccount/default.aspx?ctx=6.1033.0.0.1,The Urbana Free Library,moderate,landmark-banner-is-top-level,Ensure the banner landmark is at top level,Banner landmark should not be contained in another landmark,https://dequeuniversity.com/rules/axe/4.10/landmark-banner-is-top-level?application=playwright,"<header class=""nav-panel__header"">"
12,https://cucatalog.org/polaris/patronaccount/default.aspx?ctx=6.1033.0.0.1,The Urbana Free Library,moderate,landmark-main-is-top-level,Ensure the main landmark is at top level,Main landmark should not be contained in another landmark,https://dequeuniversity.com/rules/axe/4.10/landmark-main-is-top-level?application=playwright,"<main class=""site-footer__main"">"
12,https://cucatalog.org/polaris/patronaccount/default.aspx?ctx=6.1033.0.0.1,The Urbana Free Library,moderate,landmark-no-duplicate-banner,Ensure the document has at most one banner landmark,Document should not have more than one banner landmark,https://dequeuniversity.com/rules/axe/4.10/landmark-no-duplicate-banner?application=playwright,"<header class=""site-header"">"
12,https://cucatalog.org/polaris/patronaccount/default.aspx?ctx=6.1033.0.0.1,The Urbana Free Library,moderate,landmark-no-duplicate-main,Ensure the document has at most one main landmark,Document should not have more than one main landmark,https://dequeuniversity.com/rules/axe/4.10/landmark-no-duplicate-main?application=playwright,"<main class=""site-main"" id=""content"">"
12,https://cucatalog.org/polaris/patronaccount/default.aspx?ctx=6.1033.0.0.1,The Urbana Free Library,moderate,landmark-unique,Ensure landmarks are unique,Landmarks should have a unique role or role/label/title (i.e. accessible name) combination,https://dequeuniversity.com/rules/axe/4.10/landmark-unique?application=playwright,"<header class=""site-header"">"
12,https://cucatalog.org/polaris/patronaccount/default.aspx?ctx=6.1033.0.0.1,The Urbana Free Library,moderate,landmark-unique,Ensure landmarks are unique,Landmarks should have a unique role or role/label/title (i.e. accessible name) combination,https://dequeuniversity.com/rules/axe/4.10/landmark-unique?application=playwright,"<nav class=""nav-panel__top-nav top-nav top-nav--split-header navbar-collapse"" role=""navigation"">"
12,https://cucatalog.org/polaris/patronaccount/default.aspx?ctx=6.1033.0.0.1,The Urbana Free Library,moderate,landmark-unique,Ensure landmarks are unique,Landmarks should have a unique role or role/label/title (i.e. accessible name) combination,https://dequeuniversity.com/rules/axe/4.10/landmark-unique?application=playwright,"<main class=""site-main"" id=""content"">"
12,https://cucatalog.org/polaris/patronaccount/default.aspx?ctx=6.1033.0.0.1,The Urbana Free Library,serious,listitem,Ensure <li> elements are used semantically,<li> elements must be contained in a <ul> or <ol>,https://dequeuniversity.com/rules/axe/4.10/listitem?application=playwright,"<li class=""nav__nav expandable-block-nav"">"
12,https://cucatalog.org/polaris/patronaccount/default.aspx?ctx=6.1033.0.0.1,The Urbana Free Library,serious,nested-interactive,Ensure interactive controls are not nested as they are not always announced by screen readers or can cause focus problems for assistive technologies,Interactive controls must not be nested,https://dequeuniversity.com/rules/axe/4.10/nested-interactive?application=playwright,"<div class=""c-accordion__heading"" role=""tab"">"
12,https://cucatalog.org/polaris/patronaccount/default.aspx?ctx=6.1033.0.0.1,The Urbana Free Library,serious,nested-interactive,Ensure interactive controls are not nested as they are not always announced by screen readers or can cause focus problems for assistive technologies,Interactive controls must not be nested,https://dequeuniversity.com/rules/axe/4.10/nested-interactive?application=playwright,"<div class=""c-accordion__heading"" role=""tab"">"
12,https://cucatalog.org/polaris/patronaccount/default.aspx?ctx=6.1033.0.0.1,The Urbana Free Library,serious,nested-interactive,Ensure interactive controls are not nested as they are not always announced by screen readers or can cause focus problems for assistive technologies,Interactive controls must not be nested,https://dequeuniversity.com/rules/axe/4.10/nested-interactive?application=playwright,"<div class=""c-accordion__heading"" role=""tab"">"
12,https://cucatalog.org/polaris/patronaccount/default.aspx?ctx=6.1033.0.0.1,The Urbana Free Library,serious,nested-interactive,Ensure interactive controls are not nested as they are not always announced by screen readers or can cause focus problems for assistive technologies,Interactive controls must not be nested,https://dequeuniversity.com/rules/axe/4.10/nested-interactive?application=playwright,"<div class=""c-accordion__heading"" role=""tab"">"
12,https://cucatalog.org/polaris/patronaccount/default.aspx?ctx=6.1033.0.0.1,The Urbana Free Library,serious,nested-interactive,Ensure interactive controls are not nested as they are not always announced by screen readers or can cause focus problems for assistive technologies,Interactive controls must not be nested,https://dequeuniversity.com/rules/axe/4.10/nested-interactive?application=playwright,"<div class=""c-accordion__heading"" role=""tab"">"
12,https://cucatalog.org/polaris/patronaccount/default.aspx?ctx=6.1033.0.0.1,The Urbana Free Library,serious,nested-interactive,Ensure interactive controls are not nested as they are not always announced by screen readers or can cause focus problems for assistive technologies,Interactive controls must not be nested,https://dequeuniversity.com/rules/axe/4.10/nested-interactive?application=playwright,"<div class=""c-accordion__heading"" role=""tab"">"
12,https://cucatalog.org/polaris/patronaccount/default.aspx?ctx=6.1033.0.0.1,The Urbana Free Library,serious,nested-interactive,Ensure interactive controls are not nested as they are not always announced by screen readers or can cause focus problems for assistive technologies,Interactive controls must not be nested,https://dequeuniversity.com/rules/axe/4.10/nested-interactive?application=playwright,"<div class=""c-accordion__heading"" role=""tab"">"
12,https://cucatalog.org/polaris/patronaccount/default.aspx?ctx=6.1033.0.0.1,The Urbana Free Library,serious,nested-interactive,Ensure interactive controls are not nested as they are not always announced by screen readers or can cause focus problems for assistive technologies,Interactive controls must not be nested,https://dequeuniversity.com/rules/axe/4.10/nested-interactive?application=playwright,"<div class=""c-accordion__heading"" role=""tab"">"
12,https://cucatalog.org/polaris/patronaccount/default.aspx?ctx=6.1033.0.0.1,The Urbana Free Library,moderate,page-has-heading-one,"Ensure that the page, or at least one of its frames contains a level-one heading",Page should contain a level-one heading,https://dequeuniversity.com/rules/axe/4.10/page-has-heading-one?application=playwright,"<html class=""js flexbox flexboxlegacy canvas canvastext webgl no-touch geolocation postmessage no-websqldatabase indexeddb hashchange history draganddrop websockets rgba hsla multiplebgs backgroundsize borderimage borderradius boxshadow textshadow opacity cssanimations csscolumns cssgradients cssreflections csstransforms csstransforms3d csstransitions fontface generatedcontent video audio localstorage sessionstorage webworkers no-applicationcache svg inlinesvg smil svgclippaths"" lang=""en"" style="""">"
12,https://cucatalog.org/polaris/patronaccount/default.aspx?ctx=6.1033.0.0.1,The Urbana Free Library,serious,tabindex,Ensure tabindex attribute values are not greater than 0,Elements should not have tabindex greater than zero,https://dequeuniversity.com/rules/axe/4.10/tabindex?application=playwright,"<a target=""_top"" class=""smallText"" href=""https://cucatalog.org/polaris/logon.aspx?newUsername=1&amp;ctx=6.1033.0.0.1"" tabindex=""6"">Create Username</a>"
12,https://cucatalog.org/polaris/patronaccount/default.aspx?ctx=6.1033.0.0.1,The Urbana Free Library,serious,tabindex,Ensure tabindex attribute values are not greater than 0,Elements should not have tabindex greater than zero,https://dequeuniversity.com/rules/axe/4.10/tabindex?application=playwright,"<a target=""_top"" class=""smallText"" href=""https://cucatalog.org/polaris/logon.aspx?forgotPassword=1&amp;ctx=6.1033.0.0.1"" tabindex=""7"">Forgot your pin?</a>"
13,https://cucatalog.org/polaris/patronaccount/itemsout.aspx?ctx=6.1033.0.0.1,The Urbana Free Library,critical,aria-required-parent,Ensure elements with an ARIA role that require parent roles are contained by them,Certain ARIA roles must be contained by particular parents,https://dequeuniversity.com/rules/axe/4.10/aria-required-parent?application=playwright,"<div class=""c-accordion__heading"" role=""tab"">"
13,https://cucatalog.org/polaris/patronaccount/itemsout.aspx?ctx=6.1033.0.0.1,The Urbana Free Library,critical,aria-required-parent,Ensure elements with an ARIA role that require parent roles are contained by them,Certain ARIA roles must be contained by particular parents,https://dequeuniversity.com/rules/axe/4.10/aria-required-parent?application=playwright,"<div class=""c-accordion__heading"" role=""tab"">"
13,https://cucatalog.org/polaris/patronaccount/itemsout.aspx?ctx=6.1033.0.0.1,The Urbana Free Library,critical,aria-required-parent,Ensure elements with an ARIA role that require parent roles are contained by them,Certain ARIA roles must be contained by particular parents,https://dequeuniversity.com/rules/axe/4.10/aria-required-parent?application=playwright,"<div class=""c-accordion__heading"" role=""tab"">"
13,https://cucatalog.org/polaris/patronaccount/itemsout.aspx?ctx=6.1033.0.0.1,The Urbana Free Library,critical,aria-required-parent,Ensure elements with an ARIA role that require parent roles are contained by them,Certain ARIA roles must be contained by particular parents,https://dequeuniversity.com/rules/axe/4.10/aria-required-parent?application=playwright,"<div class=""c-accordion__heading"" role=""tab"">"
13,https://cucatalog.org/polaris/patronaccount/itemsout.aspx?ctx=6.1033.0.0.1,The Urbana Free Library,critical,aria-required-parent,Ensure elements with an ARIA role that require parent roles are contained by them,Certain ARIA roles must be contained by particular parents,https://dequeuniversity.com/rules/axe/4.10/aria-required-parent?application=playwright,"<div class=""c-accordion__heading"" role=""tab"">"
13,https://cucatalog.org/polaris/patronaccount/itemsout.aspx?ctx=6.1033.0.0.1,The Urbana Free Library,critical,aria-required-parent,Ensure elements with an ARIA role that require parent roles are contained by them,Certain ARIA roles must be contained by particular parents,https://dequeuniversity.com/rules/axe/4.10/aria-required-parent?application=playwright,"<div class=""c-accordion__heading"" role=""tab"">"
13,https://cucatalog.org/polaris/patronaccount/itemsout.aspx?ctx=6.1033.0.0.1,The Urbana Free Library,critical,aria-required-parent,Ensure elements with an ARIA role that require parent roles are contained by them,Certain ARIA roles must be contained by particular parents,https://dequeuniversity.com/rules/axe/4.10/aria-required-parent?application=playwright,"<div class=""c-accordion__heading"" role=""tab"">"
13,https://cucatalog.org/polaris/patronaccount/itemsout.aspx?ctx=6.1033.0.0.1,The Urbana Free Library,critical,aria-required-parent,Ensure elements with an ARIA role that require parent roles are contained by them,Certain ARIA roles must be contained by particular parents,https://dequeuniversity.com/rules/axe/4.10/aria-required-parent?application=playwright,"<div class=""c-accordion__heading"" role=""tab"">"
13,https://cucatalog.org/polaris/patronaccount/itemsout.aspx?ctx=6.1033.0.0.1,The Urbana Free Library,moderate,landmark-banner-is-top-level,Ensure the banner landmark is at top level,Banner landmark should not be contained in another landmark,https://dequeuniversity.com/rules/axe/4.10/landmark-banner-is-top-level?application=playwright,"<header class=""nav-panel__header"">
                            <div class=""nav-panel__welcome"">
                                
                            </div>        
                     </header>"
13,https://cucatalog.org/polaris/patronaccount/itemsout.aspx?ctx=6.1033.0.0.1,The Urbana Free Library,moderate,landmark-banner-is-top-level,Ensure the banner landmark is at top level,Banner landmark should not be contained in another landmark,https://dequeuniversity.com/rules/axe/4.10/landmark-banner-is-top-level?application=playwright,"<header class=""nav-panel__header"">"
13,https://cucatalog.org/polaris/patronaccount/itemsout.aspx?ctx=6.1033.0.0.1,The Urbana Free Library,moderate,landmark-main-is-top-level,Ensure the main landmark is at top level,Main landmark should not be contained in another landmark,https://dequeuniversity.com/rules/axe/4.10/landmark-main-is-top-level?application=playwright,"<main class=""site-footer__main"">"
13,https://cucatalog.org/polaris/patronaccount/itemsout.aspx?ctx=6.1033.0.0.1,The Urbana Free Library,moderate,landmark-no-duplicate-banner,Ensure the document has at most one banner landmark,Document should not have more than one banner landmark,https://dequeuniversity.com/rules/axe/4.10/landmark-no-duplicate-banner?application=playwright,"<header class=""site-header"">"
13,https://cucatalog.org/polaris/patronaccount/itemsout.aspx?ctx=6.1033.0.0.1,The Urbana Free Library,moderate,landmark-no-duplicate-main,Ensure the document has at most one main landmark,Document should not have more than one main landmark,https://dequeuniversity.com/rules/axe/4.10/landmark-no-duplicate-main?application=playwright,"<main class=""site-main"" id=""content"">"
13,https://cucatalog.org/polaris/patronaccount/itemsout.aspx?ctx=6.1033.0.0.1,The Urbana Free Library,moderate,landmark-unique,Ensure landmarks are unique,Landmarks should have a unique role or role/label/title (i.e. accessible name) combination,https://dequeuniversity.com/rules/axe/4.10/landmark-unique?application=playwright,"<header class=""site-header"">"
13,https://cucatalog.org/polaris/patronaccount/itemsout.aspx?ctx=6.1033.0.0.1,The Urbana Free Library,moderate,landmark-unique,Ensure landmarks are unique,Landmarks should have a unique role or role/label/title (i.e. accessible name) combination,https://dequeuniversity.com/rules/axe/4.10/landmark-unique?application=playwright,"<nav class=""nav-panel__top-nav top-nav top-nav--split-header navbar-collapse"" role=""navigation"">"
13,https://cucatalog.org/polaris/patronaccount/itemsout.aspx?ctx=6.1033.0.0.1,The Urbana Free Library,moderate,landmark-unique,Ensure landmarks are unique,Landmarks should have a unique role or role/label/title (i.e. accessible name) combination,https://dequeuniversity.com/rules/axe/4.10/landmark-unique?application=playwright,"<main class=""site-main"" id=""content"">"
13,https://cucatalog.org/polaris/patronaccount/itemsout.aspx?ctx=6.1033.0.0.1,The Urbana Free Library,serious,listitem,Ensure <li> elements are used semantically,<li> elements must be contained in a <ul> or <ol>,https://dequeuniversity.com/rules/axe/4.10/listitem?application=playwright,"<li class=""nav__nav expandable-block-nav"">"
13,https://cucatalog.org/polaris/patronaccount/itemsout.aspx?ctx=6.1033.0.0.1,The Urbana Free Library,serious,nested-interactive,Ensure interactive controls are not nested as they are not always announced by screen readers or can cause focus problems for assistive technologies,Interactive controls must not be nested,https://dequeuniversity.com/rules/axe/4.10/nested-interactive?application=playwright,"<div class=""c-accordion__heading"" role=""tab"">"
13,https://cucatalog.org/polaris/patronaccount/itemsout.aspx?ctx=6.1033.0.0.1,The Urbana Free Library,serious,nested-interactive,Ensure interactive controls are not nested as they are not always announced by screen readers or can cause focus problems for assistive technologies,Interactive controls must not be nested,https://dequeuniversity.com/rules/axe/4.10/nested-interactive?application=playwright,"<div class=""c-accordion__heading"" role=""tab"">"
13,https://cucatalog.org/polaris/patronaccount/itemsout.aspx?ctx=6.1033.0.0.1,The Urbana Free Library,serious,nested-interactive,Ensure interactive controls are not nested as they are not always announced by screen readers or can cause focus problems for assistive technologies,Interactive controls must not be nested,https://dequeuniversity.com/rules/axe/4.10/nested-interactive?application=playwright,"<div class=""c-accordion__heading"" role=""tab"">"
13,https://cucatalog.org/polaris/patronaccount/itemsout.aspx?ctx=6.1033.0.0.1,The Urbana Free Library,serious,nested-interactive,Ensure interactive controls are not nested as they are not always announced by screen readers or can cause focus problems for assistive technologies,Interactive controls must not be nested,https://dequeuniversity.com/rules/axe/4.10/nested-interactive?application=playwright,"<div class=""c-accordion__heading"" role=""tab"">"
13,https://cucatalog.org/polaris/patronaccount/itemsout.aspx?ctx=6.1033.0.0.1,The Urbana Free Library,serious,nested-interactive,Ensure interactive controls are not nested as they are not always announced by screen readers or can cause focus problems for assistive technologies,Interactive controls must not be nested,https://dequeuniversity.com/rules/axe/4.10/nested-interactive?application=playwright,"<div class=""c-accordion__heading"" role=""tab"">"
13,https://cucatalog.org/polaris/patronaccount/itemsout.aspx?ctx=6.1033.0.0.1,The Urbana Free Library,serious,nested-interactive,Ensure interactive controls are not nested as they are not always announced by screen readers or can cause focus problems for assistive technologies,Interactive controls must not be nested,https://dequeuniversity.com/rules/axe/4.10/nested-interactive?application=playwright,"<div class=""c-accordion__heading"" role=""tab"">"
13,https://cucatalog.org/polaris/patronaccount/itemsout.aspx?ctx=6.1033.0.0.1,The Urbana Free Library,serious,nested-interactive,Ensure interactive controls are not nested as they are not always announced by screen readers or can cause focus problems for assistive technologies,Interactive controls must not be nested,https://dequeuniversity.com/rules/axe/4.10/nested-interactive?application=playwright,"<div class=""c-accordion__heading"" role=""tab"">"
13,https://cucatalog.org/polaris/patronaccount/itemsout.aspx?ctx=6.1033.0.0.1,The Urbana Free Library,serious,nested-interactive,Ensure interactive controls are not nested as they are not always announced by screen readers or can cause focus problems for assistive technologies,Interactive controls must not be nested,https://dequeuniversity.com/rules/axe/4.10/nested-interactive?application=playwright,"<div class=""c-accordion__heading"" role=""tab"">"
13,https://cucatalog.org/polaris/patronaccount/itemsout.aspx?ctx=6.1033.0.0.1,The Urbana Free Library,moderate,page-has-heading-one,"Ensure that the page, or at least one of its frames contains a level-one heading",Page should contain a level-one heading,https://dequeuniversity.com/rules/axe/4.10/page-has-heading-one?application=playwright,"<html class=""js flexbox flexboxlegacy canvas canvastext webgl no-touch geolocation postmessage no-websqldatabase indexeddb hashchange history draganddrop websockets rgba hsla multiplebgs backgroundsize borderimage borderradius boxshadow textshadow opacity cssanimations csscolumns cssgradients cssreflections csstransforms csstransforms3d csstransitions fontface generatedcontent video audio localstorage sessionstorage webworkers no-applicationcache svg inlinesvg smil svgclippaths"" lang=""en"" style="""">"
13,https://cucatalog.org/polaris/patronaccount/itemsout.aspx?ctx=6.1033.0.0.1,The Urbana Free Library,serious,tabindex,Ensure tabindex attribute values are not greater than 0,Elements should not have tabindex greater than zero,https://dequeuniversity.com/rules/axe/4.10/tabindex?application=playwright,"<a target=""_top"" class=""smallText"" href=""https://cucatalog.org/polaris/logon.aspx?newUsername=1&amp;ctx=6.1033.0.0.1"" tabindex=""6"">Create Username</a>"
13,https://cucatalog.org/polaris/patronaccount/itemsout.aspx?ctx=6.1033.0.0.1,The Urbana Free Library,serious,tabindex,Ensure tabindex attribute values are not greater than 0,Elements should not have tabindex greater than zero,https://dequeuniversity.com/rules/axe/4.10/tabindex?application=playwright,"<a target=""_top"" class=""smallText"" href=""https://cucatalog.org/polaris/logon.aspx?forgotPassword=1&amp;ctx=6.1033.0.0.1"" tabindex=""7"">Forgot your pin?</a>"
14,https://cucatalog.org/polaris/patronaccount/requests.aspx?ctx=6.1033.0.0.1,The Urbana Free Library,critical,aria-required-parent,Ensure elements with an ARIA role that require parent roles are contained by them,Certain ARIA roles must be contained by particular parents,https://dequeuniversity.com/rules/axe/4.10/aria-required-parent?application=playwright,"<div class=""c-accordion__heading"" role=""tab"">"
14,https://cucatalog.org/polaris/patronaccount/requests.aspx?ctx=6.1033.0.0.1,The Urbana Free Library,critical,aria-required-parent,Ensure elements with an ARIA role that require parent roles are contained by them,Certain ARIA roles must be contained by particular parents,https://dequeuniversity.com/rules/axe/4.10/aria-required-parent?application=playwright,"<div class=""c-accordion__heading"" role=""tab"">"
14,https://cucatalog.org/polaris/patronaccount/requests.aspx?ctx=6.1033.0.0.1,The Urbana Free Library,critical,aria-required-parent,Ensure elements with an ARIA role that require parent roles are contained by them,Certain ARIA roles must be contained by particular parents,https://dequeuniversity.com/rules/axe/4.10/aria-required-parent?application=playwright,"<div class=""c-accordion__heading"" role=""tab"">"
14,https://cucatalog.org/polaris/patronaccount/requests.aspx?ctx=6.1033.0.0.1,The Urbana Free Library,critical,aria-required-parent,Ensure elements with an ARIA role that require parent roles are contained by them,Certain ARIA roles must be contained by particular parents,https://dequeuniversity.com/rules/axe/4.10/aria-required-parent?application=playwright,"<div class=""c-accordion__heading"" role=""tab"">"
14,https://cucatalog.org/polaris/patronaccount/requests.aspx?ctx=6.1033.0.0.1,The Urbana Free Library,critical,aria-required-parent,Ensure elements with an ARIA role that require parent roles are contained by them,Certain ARIA roles must be contained by particular parents,https://dequeuniversity.com/rules/axe/4.10/aria-required-parent?application=playwright,"<div class=""c-accordion__heading"" role=""tab"">"
14,https://cucatalog.org/polaris/patronaccount/requests.aspx?ctx=6.1033.0.0.1,The Urbana Free Library,critical,aria-required-parent,Ensure elements with an ARIA role that require parent roles are contained by them,Certain ARIA roles must be contained by particular parents,https://dequeuniversity.com/rules/axe/4.10/aria-required-parent?application=playwright,"<div class=""c-accordion__heading"" role=""tab"">"
14,https://cucatalog.org/polaris/patronaccount/requests.aspx?ctx=6.1033.0.0.1,The Urbana Free Library,critical,aria-required-parent,Ensure elements with an ARIA role that require parent roles are contained by them,Certain ARIA roles must be contained by particular parents,https://dequeuniversity.com/rules/axe/4.10/aria-required-parent?application=playwright,"<div class=""c-accordion__heading"" role=""tab"">"
14,https://cucatalog.org/polaris/patronaccount/requests.aspx?ctx=6.1033.0.0.1,The Urbana Free Library,critical,aria-required-parent,Ensure elements with an ARIA role that require parent roles are contained by them,Certain ARIA roles must be contained by particular parents,https://dequeuniversity.com/rules/axe/4.10/aria-required-parent?application=playwright,"<div class=""c-accordion__heading"" role=""tab"">"
14,https://cucatalog.org/polaris/patronaccount/requests.aspx?ctx=6.1033.0.0.1,The Urbana Free Library,moderate,landmark-banner-is-top-level,Ensure the banner landmark is at top level,Banner landmark should not be contained in another landmark,https://dequeuniversity.com/rules/axe/4.10/landmark-banner-is-top-level?application=playwright,"<header class=""nav-panel__header"">
                            <div class=""nav-panel__welcome"">
                                
                            </div>        
                     </header>"
14,https://cucatalog.org/polaris/patronaccount/requests.aspx?ctx=6.1033.0.0.1,The Urbana Free Library,moderate,landmark-banner-is-top-level,Ensure the banner landmark is at top level,Banner landmark should not be contained in another landmark,https://dequeuniversity.com/rules/axe/4.10/landmark-banner-is-top-level?application=playwright,"<header class=""nav-panel__header"">"
14,https://cucatalog.org/polaris/patronaccount/requests.aspx?ctx=6.1033.0.0.1,The Urbana Free Library,moderate,landmark-main-is-top-level,Ensure the main landmark is at top level,Main landmark should not be contained in another landmark,https://dequeuniversity.com/rules/axe/4.10/landmark-main-is-top-level?application=playwright,"<main class=""site-footer__main"">"
14,https://cucatalog.org/polaris/patronaccount/requests.aspx?ctx=6.1033.0.0.1,The Urbana Free Library,moderate,landmark-no-duplicate-banner,Ensure the document has at most one banner landmark,Document should not have more than one banner landmark,https://dequeuniversity.com/rules/axe/4.10/landmark-no-duplicate-banner?application=playwright,"<header class=""site-header"">"
14,https://cucatalog.org/polaris/patronaccount/requests.aspx?ctx=6.1033.0.0.1,The Urbana Free Library,moderate,landmark-no-duplicate-main,Ensure the document has at most one main landmark,Document should not have more than one main landmark,https://dequeuniversity.com/rules/axe/4.10/landmark-no-duplicate-main?application=playwright,"<main class=""site-main"" id=""content"">"
14,https://cucatalog.org/polaris/patronaccount/requests.aspx?ctx=6.1033.0.0.1,The Urbana Free Library,moderate,landmark-unique,Ensure landmarks are unique,Landmarks should have a unique role or role/label/title (i.e. accessible name) combination,https://dequeuniversity.com/rules/axe/4.10/landmark-unique?application=playwright,"<header class=""site-header"">"
14,https://cucatalog.org/polaris/patronaccount/requests.aspx?ctx=6.1033.0.0.1,The Urbana Free Library,moderate,landmark-unique,Ensure landmarks are unique,Landmarks should have a unique role or role/label/title (i.e. accessible name) combination,https://dequeuniversity.com/rules/axe/4.10/landmark-unique?application=playwright,"<nav class=""nav-panel__top-nav top-nav top-nav--split-header navbar-collapse"" role=""navigation"">"
14,https://cucatalog.org/polaris/patronaccount/requests.aspx?ctx=6.1033.0.0.1,The Urbana Free Library,moderate,landmark-unique,Ensure landmarks are unique,Landmarks should have a unique role or role/label/title (i.e. accessible name) combination,https://dequeuniversity.com/rules/axe/4.10/landmark-unique?application=playwright,"<main class=""site-main"" id=""content"">"
14,https://cucatalog.org/polaris/patronaccount/requests.aspx?ctx=6.1033.0.0.1,The Urbana Free Library,serious,listitem,Ensure <li> elements are used semantically,<li> elements must be contained in a <ul> or <ol>,https://dequeuniversity.com/rules/axe/4.10/listitem?application=playwright,"<li class=""nav__nav expandable-block-nav"">"
14,https://cucatalog.org/polaris/patronaccount/requests.aspx?ctx=6.1033.0.0.1,The Urbana Free Library,serious,nested-interactive,Ensure interactive controls are not nested as they are not always announced by screen readers or can cause focus problems for assistive technologies,Interactive controls must not be nested,https://dequeuniversity.com/rules/axe/4.10/nested-interactive?application=playwright,"<div class=""c-accordion__heading"" role=""tab"">"
14,https://cucatalog.org/polaris/patronaccount/requests.aspx?ctx=6.1033.0.0.1,The Urbana Free Library,serious,nested-interactive,Ensure interactive controls are not nested as they are not always announced by screen readers or can cause focus problems for assistive technologies,Interactive controls must not be nested,https://dequeuniversity.com/rules/axe/4.10/nested-interactive?application=playwright,"<div class=""c-accordion__heading"" role=""tab"">"
14,https://cucatalog.org/polaris/patronaccount/requests.aspx?ctx=6.1033.0.0.1,The Urbana Free Library,serious,nested-interactive,Ensure interactive controls are not nested as they are not always announced by screen readers or can cause focus problems for assistive technologies,Interactive controls must not be nested,https://dequeuniversity.com/rules/axe/4.10/nested-interactive?application=playwright,"<div class=""c-accordion__heading"" role=""tab"">"
14,https://cucatalog.org/polaris/patronaccount/requests.aspx?ctx=6.1033.0.0.1,The Urbana Free Library,serious,nested-interactive,Ensure interactive controls are not nested as they are not always announced by screen readers or can cause focus problems for assistive technologies,Interactive controls must not be nested,https://dequeuniversity.com/rules/axe/4.10/nested-interactive?application=playwright,"<div class=""c-accordion__heading"" role=""tab"">"
14,https://cucatalog.org/polaris/patronaccount/requests.aspx?ctx=6.1033.0.0.1,The Urbana Free Library,serious,nested-interactive,Ensure interactive controls are not nested as they are not always announced by screen readers or can cause focus problems for assistive technologies,Interactive controls must not be nested,https://dequeuniversity.com/rules/axe/4.10/nested-interactive?application=playwright,"<div class=""c-accordion__heading"" role=""tab"">"
14,https://cucatalog.org/polaris/patronaccount/requests.aspx?ctx=6.1033.0.0.1,The Urbana Free Library,serious,nested-interactive,Ensure interactive controls are not nested as they are not always announced by screen readers or can cause focus problems for assistive technologies,Interactive controls must not be nested,https://dequeuniversity.com/rules/axe/4.10/nested-interactive?application=playwright,"<div class=""c-accordion__heading"" role=""tab"">"
14,https://cucatalog.org/polaris/patronaccount/requests.aspx?ctx=6.1033.0.0.1,The Urbana Free Library,serious,nested-interactive,Ensure interactive controls are not nested as they are not always announced by screen readers or can cause focus problems for assistive technologies,Interactive controls must not be nested,https://dequeuniversity.com/rules/axe/4.10/nested-interactive?application=playwright,"<div class=""c-accordion__heading"" role=""tab"">"
14,https://cucatalog.org/polaris/patronaccount/requests.aspx?ctx=6.1033.0.0.1,The Urbana Free Library,serious,nested-interactive,Ensure interactive controls are not nested as they are not always announced by screen readers or can cause focus problems for assistive technologies,Interactive controls must not be nested,https://dequeuniversity.com/rules/axe/4.10/nested-interactive?application=playwright,"<div class=""c-accordion__heading"" role=""tab"">"
14,https://cucatalog.org/polaris/patronaccount/requests.aspx?ctx=6.1033.0.0.1,The Urbana Free Library,moderate,page-has-heading-one,"Ensure that the page, or at least one of its frames contains a level-one heading",Page should contain a level-one heading,https://dequeuniversity.com/rules/axe/4.10/page-has-heading-one?application=playwright,"<html class=""js flexbox flexboxlegacy canvas canvastext webgl no-touch geolocation postmessage no-websqldatabase indexeddb hashchange history draganddrop websockets rgba hsla multiplebgs backgroundsize borderimage borderradius boxshadow textshadow opacity cssanimations csscolumns cssgradients cssreflections csstransforms csstransforms3d csstransitions fontface generatedcontent video audio localstorage sessionstorage webworkers no-applicationcache svg inlinesvg smil svgclippaths"" lang=""en"" style="""">"
14,https://cucatalog.org/polaris/patronaccount/requests.aspx?ctx=6.1033.0.0.1,The Urbana Free Library,serious,tabindex,Ensure tabindex attribute values are not greater than 0,Elements should not have tabindex greater than zero,https://dequeuniversity.com/rules/axe/4.10/tabindex?application=playwright,"<a target=""_top"" class=""smallText"" href=""https://cucatalog.org/polaris/logon.aspx?newUsername=1&amp;ctx=6.1033.0.0.1"" tabindex=""6"">Create Username</a>"
14,https://cucatalog.org/polaris/patronaccount/requests.aspx?ctx=6.1033.0.0.1,The Urbana Free Library,serious,tabindex,Ensure tabindex attribute values are not greater than 0,Elements should not have tabindex greater than zero,https://dequeuniversity.com/rules/axe/4.10/tabindex?application=playwright,"<a target=""_top"" class=""smallText"" href=""https://cucatalog.org/polaris/logon.aspx?forgotPassword=1&amp;ctx=6.1033.0.0.1"" tabindex=""7"">Forgot your pin?</a>"
15,https://cucatalog.org/polaris/patronaccount/finesfees.aspx?ctx=6.1033.0.0.1,The Urbana Free Library,critical,aria-required-parent,Ensure elements with an ARIA role that require parent roles are contained by them,Certain ARIA roles must be contained by particular parents,https://dequeuniversity.com/rules/axe/4.10/aria-required-parent?application=playwright,"<div class=""c-accordion__heading"" role=""tab"">"
15,https://cucatalog.org/polaris/patronaccount/finesfees.aspx?ctx=6.1033.0.0.1,The Urbana Free Library,critical,aria-required-parent,Ensure elements with an ARIA role that require parent roles are contained by them,Certain ARIA roles must be contained by particular parents,https://dequeuniversity.com/rules/axe/4.10/aria-required-parent?application=playwright,"<div class=""c-accordion__heading"" role=""tab"">"
15,https://cucatalog.org/polaris/patronaccount/finesfees.aspx?ctx=6.1033.0.0.1,The Urbana Free Library,critical,aria-required-parent,Ensure elements with an ARIA role that require parent roles are contained by them,Certain ARIA roles must be contained by particular parents,https://dequeuniversity.com/rules/axe/4.10/aria-required-parent?application=playwright,"<div class=""c-accordion__heading"" role=""tab"">"
15,https://cucatalog.org/polaris/patronaccount/finesfees.aspx?ctx=6.1033.0.0.1,The Urbana Free Library,critical,aria-required-parent,Ensure elements with an ARIA role that require parent roles are contained by them,Certain ARIA roles must be contained by particular parents,https://dequeuniversity.com/rules/axe/4.10/aria-required-parent?application=playwright,"<div class=""c-accordion__heading"" role=""tab"">"
15,https://cucatalog.org/polaris/patronaccount/finesfees.aspx?ctx=6.1033.0.0.1,The Urbana Free Library,critical,aria-required-parent,Ensure elements with an ARIA role that require parent roles are contained by them,Certain ARIA roles must be contained by particular parents,https://dequeuniversity.com/rules/axe/4.10/aria-required-parent?application=playwright,"<div class=""c-accordion__heading"" role=""tab"">"
15,https://cucatalog.org/polaris/patronaccount/finesfees.aspx?ctx=6.1033.0.0.1,The Urbana Free Library,critical,aria-required-parent,Ensure elements with an ARIA role that require parent roles are contained by them,Certain ARIA roles must be contained by particular parents,https://dequeuniversity.com/rules/axe/4.10/aria-required-parent?application=playwright,"<div class=""c-accordion__heading"" role=""tab"">"
15,https://cucatalog.org/polaris/patronaccount/finesfees.aspx?ctx=6.1033.0.0.1,The Urbana Free Library,critical,aria-required-parent,Ensure elements with an ARIA role that require parent roles are contained by them,Certain ARIA roles must be contained by particular parents,https://dequeuniversity.com/rules/axe/4.10/aria-required-parent?application=playwright,"<div class=""c-accordion__heading"" role=""tab"">"
15,https://cucatalog.org/polaris/patronaccount/finesfees.aspx?ctx=6.1033.0.0.1,The Urbana Free Library,critical,aria-required-parent,Ensure elements with an ARIA role that require parent roles are contained by them,Certain ARIA roles must be contained by particular parents,https://dequeuniversity.com/rules/axe/4.10/aria-required-parent?application=playwright,"<div class=""c-accordion__heading"" role=""tab"">"
15,https://cucatalog.org/polaris/patronaccount/finesfees.aspx?ctx=6.1033.0.0.1,The Urbana Free Library,moderate,landmark-banner-is-top-level,Ensure the banner landmark is at top level,Banner landmark should not be contained in another landmark,https://dequeuniversity.com/rules/axe/4.10/landmark-banner-is-top-level?application=playwright,"<header class=""nav-panel__header"">
                            <div class=""nav-panel__welcome"">
                                
                            </div>        
                     </header>"
15,https://cucatalog.org/polaris/patronaccount/finesfees.aspx?ctx=6.1033.0.0.1,The Urbana Free Library,moderate,landmark-banner-is-top-level,Ensure the banner landmark is at top level,Banner landmark should not be contained in another landmark,https://dequeuniversity.com/rules/axe/4.10/landmark-banner-is-top-level?application=playwright,"<header class=""nav-panel__header"">"
15,https://cucatalog.org/polaris/patronaccount/finesfees.aspx?ctx=6.1033.0.0.1,The Urbana Free Library,moderate,landmark-main-is-top-level,Ensure the main landmark is at top level,Main landmark should not be contained in another landmark,https://dequeuniversity.com/rules/axe/4.10/landmark-main-is-top-level?application=playwright,"<main class=""site-footer__main"">"
15,https://cucatalog.org/polaris/patronaccount/finesfees.aspx?ctx=6.1033.0.0.1,The Urbana Free Library,moderate,landmark-no-duplicate-banner,Ensure the document has at most one banner landmark,Document should not have more than one banner landmark,https://dequeuniversity.com/rules/axe/4.10/landmark-no-duplicate-banner?application=playwright,"<header class=""site-header"">"
15,https://cucatalog.org/polaris/patronaccount/finesfees.aspx?ctx=6.1033.0.0.1,The Urbana Free Library,moderate,landmark-no-duplicate-main,Ensure the document has at most one main landmark,Document should not have more than one main landmark,https://dequeuniversity.com/rules/axe/4.10/landmark-no-duplicate-main?application=playwright,"<main class=""site-main"" id=""content"">"
15,https://cucatalog.org/polaris/patronaccount/finesfees.aspx?ctx=6.1033.0.0.1,The Urbana Free Library,moderate,landmark-unique,Ensure landmarks are unique,Landmarks should have a unique role or role/label/title (i.e. accessible name) combination,https://dequeuniversity.com/rules/axe/4.10/landmark-unique?application=playwright,"<header class=""site-header"">"
15,https://cucatalog.org/polaris/patronaccount/finesfees.aspx?ctx=6.1033.0.0.1,The Urbana Free Library,moderate,landmark-unique,Ensure landmarks are unique,Landmarks should have a unique role or role/label/title (i.e. accessible name) combination,https://dequeuniversity.com/rules/axe/4.10/landmark-unique?application=playwright,"<nav class=""nav-panel__top-nav top-nav top-nav--split-header navbar-collapse"" role=""navigation"">"
15,https://cucatalog.org/polaris/patronaccount/finesfees.aspx?ctx=6.1033.0.0.1,The Urbana Free Library,moderate,landmark-unique,Ensure landmarks are unique,Landmarks should have a unique role or role/label/title (i.e. accessible name) combination,https://dequeuniversity.com/rules/axe/4.10/landmark-unique?application=playwright,"<main class=""site-main"" id=""content"">"
15,https://cucatalog.org/polaris/patronaccount/finesfees.aspx?ctx=6.1033.0.0.1,The Urbana Free Library,serious,listitem,Ensure <li> elements are used semantically,<li> elements must be contained in a <ul> or <ol>,https://dequeuniversity.com/rules/axe/4.10/listitem?application=playwright,"<li class=""nav__nav expandable-block-nav"">"
15,https://cucatalog.org/polaris/patronaccount/finesfees.aspx?ctx=6.1033.0.0.1,The Urbana Free Library,serious,nested-interactive,Ensure interactive controls are not nested as they are not always announced by screen readers or can cause focus problems for assistive technologies,Interactive controls must not be nested,https://dequeuniversity.com/rules/axe/4.10/nested-interactive?application=playwright,"<div class=""c-accordion__heading"" role=""tab"">"
15,https://cucatalog.org/polaris/patronaccount/finesfees.aspx?ctx=6.1033.0.0.1,The Urbana Free Library,serious,nested-interactive,Ensure interactive controls are not nested as they are not always announced by screen readers or can cause focus problems for assistive technologies,Interactive controls must not be nested,https://dequeuniversity.com/rules/axe/4.10/nested-interactive?application=playwright,"<div class=""c-accordion__heading"" role=""tab"">"
15,https://cucatalog.org/polaris/patronaccount/finesfees.aspx?ctx=6.1033.0.0.1,The Urbana Free Library,serious,nested-interactive,Ensure interactive controls are not nested as they are not always announced by screen readers or can cause focus problems for assistive technologies,Interactive controls must not be nested,https://dequeuniversity.com/rules/axe/4.10/nested-interactive?application=playwright,"<div class=""c-accordion__heading"" role=""tab"">"
15,https://cucatalog.org/polaris/patronaccount/finesfees.aspx?ctx=6.1033.0.0.1,The Urbana Free Library,serious,nested-interactive,Ensure interactive controls are not nested as they are not always announced by screen readers or can cause focus problems for assistive technologies,Interactive controls must not be nested,https://dequeuniversity.com/rules/axe/4.10/nested-interactive?application=playwright,"<div class=""c-accordion__heading"" role=""tab"">"
15,https://cucatalog.org/polaris/patronaccount/finesfees.aspx?ctx=6.1033.0.0.1,The Urbana Free Library,serious,nested-interactive,Ensure interactive controls are not nested as they are not always announced by screen readers or can cause focus problems for assistive technologies,Interactive controls must not be nested,https://dequeuniversity.com/rules/axe/4.10/nested-interactive?application=playwright,"<div class=""c-accordion__heading"" role=""tab"">"
15,https://cucatalog.org/polaris/patronaccount/finesfees.aspx?ctx=6.1033.0.0.1,The Urbana Free Library,serious,nested-interactive,Ensure interactive controls are not nested as they are not always announced by screen readers or can cause focus problems for assistive technologies,Interactive controls must not be nested,https://dequeuniversity.com/rules/axe/4.10/nested-interactive?application=playwright,"<div class=""c-accordion__heading"" role=""tab"">"
15,https://cucatalog.org/polaris/patronaccount/finesfees.aspx?ctx=6.1033.0.0.1,The Urbana Free Library,serious,nested-interactive,Ensure interactive controls are not nested as they are not always announced by screen readers or can cause focus problems for assistive technologies,Interactive controls must not be nested,https://dequeuniversity.com/rules/axe/4.10/nested-interactive?application=playwright,"<div class=""c-accordion__heading"" role=""tab"">"
15,https://cucatalog.org/polaris/patronaccount/finesfees.aspx?ctx=6.1033.0.0.1,The Urbana Free Library,serious,nested-interactive,Ensure interactive controls are not nested as they are not always announced by screen readers or can cause focus problems for assistive technologies,Interactive controls must not be nested,https://dequeuniversity.com/rules/axe/4.10/nested-interactive?application=playwright,"<div class=""c-accordion__heading"" role=""tab"">"
15,https://cucatalog.org/polaris/patronaccount/finesfees.aspx?ctx=6.1033.0.0.1,The Urbana Free Library,moderate,page-has-heading-one,"Ensure that the page, or at least one of its frames contains a level-one heading",Page should contain a level-one heading,https://dequeuniversity.com/rules/axe/4.10/page-has-heading-one?application=playwright,"<html class=""js flexbox flexboxlegacy canvas canvastext webgl no-touch geolocation postmessage no-websqldatabase indexeddb hashchange history draganddrop websockets rgba hsla multiplebgs backgroundsize borderimage borderradius boxshadow textshadow opacity cssanimations csscolumns cssgradients cssreflections csstransforms csstransforms3d csstransitions fontface generatedcontent video audio localstorage sessionstorage webworkers no-applicationcache svg inlinesvg smil svgclippaths"" lang=""en"" style="""">"
15,https://cucatalog.org/polaris/patronaccount/finesfees.aspx?ctx=6.1033.0.0.1,The Urbana Free Library,serious,tabindex,Ensure tabindex attribute values are not greater than 0,Elements should not have tabindex greater than zero,https://dequeuniversity.com/rules/axe/4.10/tabindex?application=playwright,"<a target=""_top"" class=""smallText"" href=""https://cucatalog.org/polaris/logon.aspx?newUsername=1&amp;ctx=6.1033.0.0.1"" tabindex=""6"">Create Username</a>"
15,https://cucatalog.org/polaris/patronaccount/finesfees.aspx?ctx=6.1033.0.0.1,The Urbana Free Library,serious,tabindex,Ensure tabindex attribute values are not greater than 0,Elements should not have tabindex greater than zero,https://dequeuniversity.com/rules/axe/4.10/tabindex?application=playwright,"<a target=""_top"" class=""smallText"" href=""https://cucatalog.org/polaris/logon.aspx?forgotPassword=1&amp;ctx=6.1033.0.0.1"" tabindex=""7"">Forgot your pin?</a>"
16,https://cucatalog.org/polaris/patronaccount/searchagent.aspx?ctx=6.1033.0.0.1,The Urbana Free Library,critical,aria-required-parent,Ensure elements with an ARIA role that require parent roles are contained by them,Certain ARIA roles must be contained by particular parents,https://dequeuniversity.com/rules/axe/4.10/aria-required-parent?application=playwright,"<div class=""c-accordion__heading"" role=""tab"">"
16,https://cucatalog.org/polaris/patronaccount/searchagent.aspx?ctx=6.1033.0.0.1,The Urbana Free Library,critical,aria-required-parent,Ensure elements with an ARIA role that require parent roles are contained by them,Certain ARIA roles must be contained by particular parents,https://dequeuniversity.com/rules/axe/4.10/aria-required-parent?application=playwright,"<div class=""c-accordion__heading"" role=""tab"">"
16,https://cucatalog.org/polaris/patronaccount/searchagent.aspx?ctx=6.1033.0.0.1,The Urbana Free Library,critical,aria-required-parent,Ensure elements with an ARIA role that require parent roles are contained by them,Certain ARIA roles must be contained by particular parents,https://dequeuniversity.com/rules/axe/4.10/aria-required-parent?application=playwright,"<div class=""c-accordion__heading"" role=""tab"">"
16,https://cucatalog.org/polaris/patronaccount/searchagent.aspx?ctx=6.1033.0.0.1,The Urbana Free Library,critical,aria-required-parent,Ensure elements with an ARIA role that require parent roles are contained by them,Certain ARIA roles must be contained by particular parents,https://dequeuniversity.com/rules/axe/4.10/aria-required-parent?application=playwright,"<div class=""c-accordion__heading"" role=""tab"">"
16,https://cucatalog.org/polaris/patronaccount/searchagent.aspx?ctx=6.1033.0.0.1,The Urbana Free Library,critical,aria-required-parent,Ensure elements with an ARIA role that require parent roles are contained by them,Certain ARIA roles must be contained by particular parents,https://dequeuniversity.com/rules/axe/4.10/aria-required-parent?application=playwright,"<div class=""c-accordion__heading"" role=""tab"">"
16,https://cucatalog.org/polaris/patronaccount/searchagent.aspx?ctx=6.1033.0.0.1,The Urbana Free Library,critical,aria-required-parent,Ensure elements with an ARIA role that require parent roles are contained by them,Certain ARIA roles must be contained by particular parents,https://dequeuniversity.com/rules/axe/4.10/aria-required-parent?application=playwright,"<div class=""c-accordion__heading"" role=""tab"">"
16,https://cucatalog.org/polaris/patronaccount/searchagent.aspx?ctx=6.1033.0.0.1,The Urbana Free Library,critical,aria-required-parent,Ensure elements with an ARIA role that require parent roles are contained by them,Certain ARIA roles must be contained by particular parents,https://dequeuniversity.com/rules/axe/4.10/aria-required-parent?application=playwright,"<div class=""c-accordion__heading"" role=""tab"">"
16,https://cucatalog.org/polaris/patronaccount/searchagent.aspx?ctx=6.1033.0.0.1,The Urbana Free Library,critical,aria-required-parent,Ensure elements with an ARIA role that require parent roles are contained by them,Certain ARIA roles must be contained by particular parents,https://dequeuniversity.com/rules/axe/4.10/aria-required-parent?application=playwright,"<div class=""c-accordion__heading"" role=""tab"">"
16,https://cucatalog.org/polaris/patronaccount/searchagent.aspx?ctx=6.1033.0.0.1,The Urbana Free Library,moderate,landmark-banner-is-top-level,Ensure the banner landmark is at top level,Banner landmark should not be contained in another landmark,https://dequeuniversity.com/rules/axe/4.10/landmark-banner-is-top-level?application=playwright,"<header class=""nav-panel__header"">
                            <div class=""nav-panel__welcome"">
                                
                            </div>        
                     </header>"
16,https://cucatalog.org/polaris/patronaccount/searchagent.aspx?ctx=6.1033.0.0.1,The Urbana Free Library,moderate,landmark-banner-is-top-level,Ensure the banner landmark is at top level,Banner landmark should not be contained in another landmark,https://dequeuniversity.com/rules/axe/4.10/landmark-banner-is-top-level?application=playwright,"<header class=""nav-panel__header"">"
16,https://cucatalog.org/polaris/patronaccount/searchagent.aspx?ctx=6.1033.0.0.1,The Urbana Free Library,moderate,landmark-main-is-top-level,Ensure the main landmark is at top level,Main landmark should not be contained in another landmark,https://dequeuniversity.com/rules/axe/4.10/landmark-main-is-top-level?application=playwright,"<main class=""site-footer__main"">"
16,https://cucatalog.org/polaris/patronaccount/searchagent.aspx?ctx=6.1033.0.0.1,The Urbana Free Library,moderate,landmark-no-duplicate-banner,Ensure the document has at most one banner landmark,Document should not have more than one banner landmark,https://dequeuniversity.com/rules/axe/4.10/landmark-no-duplicate-banner?application=playwright,"<header class=""site-header"">"
16,https://cucatalog.org/polaris/patronaccount/searchagent.aspx?ctx=6.1033.0.0.1,The Urbana Free Library,moderate,landmark-no-duplicate-main,Ensure the document has at most one main landmark,Document should not have more than one main landmark,https://dequeuniversity.com/rules/axe/4.10/landmark-no-duplicate-main?application=playwright,"<main class=""site-main"" id=""content"">"
16,https://cucatalog.org/polaris/patronaccount/searchagent.aspx?ctx=6.1033.0.0.1,The Urbana Free Library,moderate,landmark-unique,Ensure landmarks are unique,Landmarks should have a unique role or role/label/title (i.e. accessible name) combination,https://dequeuniversity.com/rules/axe/4.10/landmark-unique?application=playwright,"<header class=""site-header"">"
16,https://cucatalog.org/polaris/patronaccount/searchagent.aspx?ctx=6.1033.0.0.1,The Urbana Free Library,moderate,landmark-unique,Ensure landmarks are unique,Landmarks should have a unique role or role/label/title (i.e. accessible name) combination,https://dequeuniversity.com/rules/axe/4.10/landmark-unique?application=playwright,"<nav class=""nav-panel__top-nav top-nav top-nav--split-header navbar-collapse"" role=""navigation"">"
16,https://cucatalog.org/polaris/patronaccount/searchagent.aspx?ctx=6.1033.0.0.1,The Urbana Free Library,moderate,landmark-unique,Ensure landmarks are unique,Landmarks should have a unique role or role/label/title (i.e. accessible name) combination,https://dequeuniversity.com/rules/axe/4.10/landmark-unique?application=playwright,"<main class=""site-main"" id=""content"">"
16,https://cucatalog.org/polaris/patronaccount/searchagent.aspx?ctx=6.1033.0.0.1,The Urbana Free Library,serious,listitem,Ensure <li> elements are used semantically,<li> elements must be contained in a <ul> or <ol>,https://dequeuniversity.com/rules/axe/4.10/listitem?application=playwright,"<li class=""nav__nav expandable-block-nav"">"
16,https://cucatalog.org/polaris/patronaccount/searchagent.aspx?ctx=6.1033.0.0.1,The Urbana Free Library,serious,nested-interactive,Ensure interactive controls are not nested as they are not always announced by screen readers or can cause focus problems for assistive technologies,Interactive controls must not be nested,https://dequeuniversity.com/rules/axe/4.10/nested-interactive?application=playwright,"<div class=""c-accordion__heading"" role=""tab"">"
16,https://cucatalog.org/polaris/patronaccount/searchagent.aspx?ctx=6.1033.0.0.1,The Urbana Free Library,serious,nested-interactive,Ensure interactive controls are not nested as they are not always announced by screen readers or can cause focus problems for assistive technologies,Interactive controls must not be nested,https://dequeuniversity.com/rules/axe/4.10/nested-interactive?application=playwright,"<div class=""c-accordion__heading"" role=""tab"">"
16,https://cucatalog.org/polaris/patronaccount/searchagent.aspx?ctx=6.1033.0.0.1,The Urbana Free Library,serious,nested-interactive,Ensure interactive controls are not nested as they are not always announced by screen readers or can cause focus problems for assistive technologies,Interactive controls must not be nested,https://dequeuniversity.com/rules/axe/4.10/nested-interactive?application=playwright,"<div class=""c-accordion__heading"" role=""tab"">"
16,https://cucatalog.org/polaris/patronaccount/searchagent.aspx?ctx=6.1033.0.0.1,The Urbana Free Library,serious,nested-interactive,Ensure interactive controls are not nested as they are not always announced by screen readers or can cause focus problems for assistive technologies,Interactive controls must not be nested,https://dequeuniversity.com/rules/axe/4.10/nested-interactive?application=playwright,"<div class=""c-accordion__heading"" role=""tab"">"
16,https://cucatalog.org/polaris/patronaccount/searchagent.aspx?ctx=6.1033.0.0.1,The Urbana Free Library,serious,nested-interactive,Ensure interactive controls are not nested as they are not always announced by screen readers or can cause focus problems for assistive technologies,Interactive controls must not be nested,https://dequeuniversity.com/rules/axe/4.10/nested-interactive?application=playwright,"<div class=""c-accordion__heading"" role=""tab"">"
16,https://cucatalog.org/polaris/patronaccount/searchagent.aspx?ctx=6.1033.0.0.1,The Urbana Free Library,serious,nested-interactive,Ensure interactive controls are not nested as they are not always announced by screen readers or can cause focus problems for assistive technologies,Interactive controls must not be nested,https://dequeuniversity.com/rules/axe/4.10/nested-interactive?application=playwright,"<div class=""c-accordion__heading"" role=""tab"">"
16,https://cucatalog.org/polaris/patronaccount/searchagent.aspx?ctx=6.1033.0.0.1,The Urbana Free Library,serious,nested-interactive,Ensure interactive controls are not nested as they are not always announced by screen readers or can cause focus problems for assistive technologies,Interactive controls must not be nested,https://dequeuniversity.com/rules/axe/4.10/nested-interactive?application=playwright,"<div class=""c-accordion__heading"" role=""tab"">"
16,https://cucatalog.org/polaris/patronaccount/searchagent.aspx?ctx=6.1033.0.0.1,The Urbana Free Library,serious,nested-interactive,Ensure interactive controls are not nested as they are not always announced by screen readers or can cause focus problems for assistive technologies,Interactive controls must not be nested,https://dequeuniversity.com/rules/axe/4.10/nested-interactive?application=playwright,"<div class=""c-accordion__heading"" role=""tab"">"
16,https://cucatalog.org/polaris/patronaccount/searchagent.aspx?ctx=6.1033.0.0.1,The Urbana Free Library,moderate,page-has-heading-one,"Ensure that the page, or at least one of its frames contains a level-one heading",Page should contain a level-one heading,https://dequeuniversity.com/rules/axe/4.10/page-has-heading-one?application=playwright,"<html class=""js flexbox flexboxlegacy canvas canvastext webgl no-touch geolocation postmessage no-websqldatabase indexeddb hashchange history draganddrop websockets rgba hsla multiplebgs backgroundsize borderimage borderradius boxshadow textshadow opacity cssanimations csscolumns cssgradients cssreflections csstransforms csstransforms3d csstransitions fontface generatedcontent video audio localstorage sessionstorage webworkers no-applicationcache svg inlinesvg smil svgclippaths"" lang=""en"" style="""">"
16,https://cucatalog.org/polaris/patronaccount/searchagent.aspx?ctx=6.1033.0.0.1,The Urbana Free Library,serious,tabindex,Ensure tabindex attribute values are not greater than 0,Elements should not have tabindex greater than zero,https://dequeuniversity.com/rules/axe/4.10/tabindex?application=playwright,"<a target=""_top"" class=""smallText"" href=""https://cucatalog.org/polaris/logon.aspx?newUsername=1&amp;ctx=6.1033.0.0.1"" tabindex=""6"">Create Username</a>"
16,https://cucatalog.org/polaris/patronaccount/searchagent.aspx?ctx=6.1033.0.0.1,The Urbana Free Library,serious,tabindex,Ensure tabindex attribute values are not greater than 0,Elements should not have tabindex greater than zero,https://dequeuniversity.com/rules/axe/4.10/tabindex?application=playwright,"<a target=""_top"" class=""smallText"" href=""https://cucatalog.org/polaris/logon.aspx?forgotPassword=1&amp;ctx=6.1033.0.0.1"" tabindex=""7"">Forgot your pin?</a>"
17,https://cucatalog.org/polaris/search/titlelist.aspx?ctx=6.1033.0.0.1,The Urbana Free Library,moderate,landmark-banner-is-top-level,Ensure the banner landmark is at top level,Banner landmark should not be contained in another landmark,https://dequeuniversity.com/rules/axe/4.10/landmark-banner-is-top-level?application=playwright,"<header class=""nav-panel__header"">"
17,https://cucatalog.org/polaris/search/titlelist.aspx?ctx=6.1033.0.0.1,The Urbana Free Library,moderate,landmark-banner-is-top-level,Ensure the banner landmark is at top level,Banner landmark should not be contained in another landmark,https://dequeuniversity.com/rules/axe/4.10/landmark-banner-is-top-level?application=playwright,"<header class=""nav-panel__header"">"
17,https://cucatalog.org/polaris/search/titlelist.aspx?ctx=6.1033.0.0.1,The Urbana Free Library,moderate,landmark-main-is-top-level,Ensure the main landmark is at top level,Main landmark should not be contained in another landmark,https://dequeuniversity.com/rules/axe/4.10/landmark-main-is-top-level?application=playwright,"<main class=""site-footer__main"">"
17,https://cucatalog.org/polaris/search/titlelist.aspx?ctx=6.1033.0.0.1,The Urbana Free Library,moderate,landmark-no-duplicate-banner,Ensure the document has at most one banner landmark,Document should not have more than one banner landmark,https://dequeuniversity.com/rules/axe/4.10/landmark-no-duplicate-banner?application=playwright,"<header class=""site-header"">"
17,https://cucatalog.org/polaris/search/titlelist.aspx?ctx=6.1033.0.0.1,The Urbana Free Library,moderate,landmark-no-duplicate-main,Ensure the document has at most one main landmark,Document should not have more than one main landmark,https://dequeuniversity.com/rules/axe/4.10/landmark-no-duplicate-main?application=playwright,"<main class=""site-main"" id=""content"">"
17,https://cucatalog.org/polaris/search/titlelist.aspx?ctx=6.1033.0.0.1,The Urbana Free Library,moderate,landmark-unique,Ensure landmarks are unique,Landmarks should have a unique role or role/label/title (i.e. accessible name) combination,https://dequeuniversity.com/rules/axe/4.10/landmark-unique?application=playwright,"<header class=""site-header"">"
17,https://cucatalog.org/polaris/search/titlelist.aspx?ctx=6.1033.0.0.1,The Urbana Free Library,moderate,landmark-unique,Ensure landmarks are unique,Landmarks should have a unique role or role/label/title (i.e. accessible name) combination,https://dequeuniversity.com/rules/axe/4.10/landmark-unique?application=playwright,"<nav class=""nav-panel__top-nav top-nav top-nav--split-header navbar-collapse"" role=""navigation"">"
17,https://cucatalog.org/polaris/search/titlelist.aspx?ctx=6.1033.0.0.1,The Urbana Free Library,moderate,landmark-unique,Ensure landmarks are unique,Landmarks should have a unique role or role/label/title (i.e. accessible name) combination,https://dequeuniversity.com/rules/axe/4.10/landmark-unique?application=playwright,"<main class=""site-main"" id=""content"">"
17,https://cucatalog.org/polaris/search/titlelist.aspx?ctx=6.1033.0.0.1,The Urbana Free Library,serious,link-in-text-block,Ensure links are distinguished from surrounding text in a way that does not rely on color,Links must be distinguishable without relying on color,https://dequeuniversity.com/rules/axe/4.10/link-in-text-block?application=playwright,"<a class=""c-title-list__link"" href=""https://cucatalog.org/polaris/logon.aspx?src=https%3a%2f%2fcucatalog.org%2fpolaris%2fSearch%2f%2ftitlelist.aspx&amp;ctx=6.1033.0.0.1"">Log in</a>"
17,https://cucatalog.org/polaris/search/titlelist.aspx?ctx=6.1033.0.0.1,The Urbana Free Library,serious,listitem,Ensure <li> elements are used semantically,<li> elements must be contained in a <ul> or <ol>,https://dequeuniversity.com/rules/axe/4.10/listitem?application=playwright,"<li class=""nav__nav expandable-block-nav"">"
17,https://cucatalog.org/polaris/search/titlelist.aspx?ctx=6.1033.0.0.1,The Urbana Free Library,moderate,page-has-heading-one,"Ensure that the page, or at least one of its frames contains a level-one heading",Page should contain a level-one heading,https://dequeuniversity.com/rules/axe/4.10/page-has-heading-one?application=playwright,"<html class=""js flexbox flexboxlegacy canvas canvastext webgl no-touch geolocation postmessage no-websqldatabase indexeddb hashchange history draganddrop websockets rgba hsla multiplebgs backgroundsize borderimage borderradius boxshadow textshadow opacity cssanimations csscolumns cssgradients cssreflections csstransforms csstransforms3d csstransitions fontface generatedcontent video audio localstorage sessionstorage webworkers no-applicationcache svg inlinesvg smil svgclippaths"" lang=""en"" style="""">"
18,https://cucatalog.org/polaris/logon.aspx?ctx=6.1033.0.0.1&Header=1,The Urbana Free Library,critical,aria-required-parent,Ensure elements with an ARIA role that require parent roles are contained by them,Certain ARIA roles must be contained by particular parents,https://dequeuniversity.com/rules/axe/4.10/aria-required-parent?application=playwright,"<div class=""c-accordion__heading"" role=""tab"">"
18,https://cucatalog.org/polaris/logon.aspx?ctx=6.1033.0.0.1&Header=1,The Urbana Free Library,critical,aria-required-parent,Ensure elements with an ARIA role that require parent roles are contained by them,Certain ARIA roles must be contained by particular parents,https://dequeuniversity.com/rules/axe/4.10/aria-required-parent?application=playwright,"<div class=""c-accordion__heading"" role=""tab"">"
18,https://cucatalog.org/polaris/logon.aspx?ctx=6.1033.0.0.1&Header=1,The Urbana Free Library,critical,aria-required-parent,Ensure elements with an ARIA role that require parent roles are contained by them,Certain ARIA roles must be contained by particular parents,https://dequeuniversity.com/rules/axe/4.10/aria-required-parent?application=playwright,"<div class=""c-accordion__heading"" role=""tab"">"
18,https://cucatalog.org/polaris/logon.aspx?ctx=6.1033.0.0.1&Header=1,The Urbana Free Library,critical,aria-required-parent,Ensure elements with an ARIA role that require parent roles are contained by them,Certain ARIA roles must be contained by particular parents,https://dequeuniversity.com/rules/axe/4.10/aria-required-parent?application=playwright,"<div class=""c-accordion__heading"" role=""tab"">"
18,https://cucatalog.org/polaris/logon.aspx?ctx=6.1033.0.0.1&Header=1,The Urbana Free Library,critical,aria-required-parent,Ensure elements with an ARIA role that require parent roles are contained by them,Certain ARIA roles must be contained by particular parents,https://dequeuniversity.com/rules/axe/4.10/aria-required-parent?application=playwright,"<div class=""c-accordion__heading"" role=""tab"">"
18,https://cucatalog.org/polaris/logon.aspx?ctx=6.1033.0.0.1&Header=1,The Urbana Free Library,critical,aria-required-parent,Ensure elements with an ARIA role that require parent roles are contained by them,Certain ARIA roles must be contained by particular parents,https://dequeuniversity.com/rules/axe/4.10/aria-required-parent?application=playwright,"<div class=""c-accordion__heading"" role=""tab"">"
18,https://cucatalog.org/polaris/logon.aspx?ctx=6.1033.0.0.1&Header=1,The Urbana Free Library,critical,aria-required-parent,Ensure elements with an ARIA role that require parent roles are contained by them,Certain ARIA roles must be contained by particular parents,https://dequeuniversity.com/rules/axe/4.10/aria-required-parent?application=playwright,"<div class=""c-accordion__heading"" role=""tab"">"
18,https://cucatalog.org/polaris/logon.aspx?ctx=6.1033.0.0.1&Header=1,The Urbana Free Library,critical,aria-required-parent,Ensure elements with an ARIA role that require parent roles are contained by them,Certain ARIA roles must be contained by particular parents,https://dequeuniversity.com/rules/axe/4.10/aria-required-parent?application=playwright,"<div class=""c-accordion__heading"" role=""tab"">"
18,https://cucatalog.org/polaris/logon.aspx?ctx=6.1033.0.0.1&Header=1,The Urbana Free Library,moderate,landmark-banner-is-top-level,Ensure the banner landmark is at top level,Banner landmark should not be contained in another landmark,https://dequeuniversity.com/rules/axe/4.10/landmark-banner-is-top-level?application=playwright,"<header class=""nav-panel__header"">
                            <div class=""nav-panel__welcome"">
                                
                            </div>        
                     </header>"
18,https://cucatalog.org/polaris/logon.aspx?ctx=6.1033.0.0.1&Header=1,The Urbana Free Library,moderate,landmark-banner-is-top-level,Ensure the banner landmark is at top level,Banner landmark should not be contained in another landmark,https://dequeuniversity.com/rules/axe/4.10/landmark-banner-is-top-level?application=playwright,"<header class=""nav-panel__header"">"
18,https://cucatalog.org/polaris/logon.aspx?ctx=6.1033.0.0.1&Header=1,The Urbana Free Library,moderate,landmark-main-is-top-level,Ensure the main landmark is at top level,Main landmark should not be contained in another landmark,https://dequeuniversity.com/rules/axe/4.10/landmark-main-is-top-level?application=playwright,"<main class=""site-footer__main"">"
18,https://cucatalog.org/polaris/logon.aspx?ctx=6.1033.0.0.1&Header=1,The Urbana Free Library,moderate,landmark-no-duplicate-banner,Ensure the document has at most one banner landmark,Document should not have more than one banner landmark,https://dequeuniversity.com/rules/axe/4.10/landmark-no-duplicate-banner?application=playwright,"<header class=""site-header"">"
18,https://cucatalog.org/polaris/logon.aspx?ctx=6.1033.0.0.1&Header=1,The Urbana Free Library,moderate,landmark-no-duplicate-main,Ensure the document has at most one main landmark,Document should not have more than one main landmark,https://dequeuniversity.com/rules/axe/4.10/landmark-no-duplicate-main?application=playwright,"<main class=""site-main"" id=""content"">"
18,https://cucatalog.org/polaris/logon.aspx?ctx=6.1033.0.0.1&Header=1,The Urbana Free Library,moderate,landmark-unique,Ensure landmarks are unique,Landmarks should have a unique role or role/label/title (i.e. accessible name) combination,https://dequeuniversity.com/rules/axe/4.10/landmark-unique?application=playwright,"<header class=""site-header"">"
18,https://cucatalog.org/polaris/logon.aspx?ctx=6.1033.0.0.1&Header=1,The Urbana Free Library,moderate,landmark-unique,Ensure landmarks are unique,Landmarks should have a unique role or role/label/title (i.e. accessible name) combination,https://dequeuniversity.com/rules/axe/4.10/landmark-unique?application=playwright,"<nav class=""nav-panel__top-nav top-nav top-nav--split-header navbar-collapse"" role=""navigation"">"
18,https://cucatalog.org/polaris/logon.aspx?ctx=6.1033.0.0.1&Header=1,The Urbana Free Library,moderate,landmark-unique,Ensure landmarks are unique,Landmarks should have a unique role or role/label/title (i.e. accessible name) combination,https://dequeuniversity.com/rules/axe/4.10/landmark-unique?application=playwright,"<main class=""site-main"" id=""content"">"
18,https://cucatalog.org/polaris/logon.aspx?ctx=6.1033.0.0.1&Header=1,The Urbana Free Library,serious,listitem,Ensure <li> elements are used semantically,<li> elements must be contained in a <ul> or <ol>,https://dequeuniversity.com/rules/axe/4.10/listitem?application=playwright,"<li class=""nav__nav expandable-block-nav"">"
18,https://cucatalog.org/polaris/logon.aspx?ctx=6.1033.0.0.1&Header=1,The Urbana Free Library,serious,nested-interactive,Ensure interactive controls are not nested as they are not always announced by screen readers or can cause focus problems for assistive technologies,Interactive controls must not be nested,https://dequeuniversity.com/rules/axe/4.10/nested-interactive?application=playwright,"<div class=""c-accordion__heading"" role=""tab"">"
18,https://cucatalog.org/polaris/logon.aspx?ctx=6.1033.0.0.1&Header=1,The Urbana Free Library,serious,nested-interactive,Ensure interactive controls are not nested as they are not always announced by screen readers or can cause focus problems for assistive technologies,Interactive controls must not be nested,https://dequeuniversity.com/rules/axe/4.10/nested-interactive?application=playwright,"<div class=""c-accordion__heading"" role=""tab"">"
18,https://cucatalog.org/polaris/logon.aspx?ctx=6.1033.0.0.1&Header=1,The Urbana Free Library,serious,nested-interactive,Ensure interactive controls are not nested as they are not always announced by screen readers or can cause focus problems for assistive technologies,Interactive controls must not be nested,https://dequeuniversity.com/rules/axe/4.10/nested-interactive?application=playwright,"<div class=""c-accordion__heading"" role=""tab"">"
18,https://cucatalog.org/polaris/logon.aspx?ctx=6.1033.0.0.1&Header=1,The Urbana Free Library,serious,nested-interactive,Ensure interactive controls are not nested as they are not always announced by screen readers or can cause focus problems for assistive technologies,Interactive controls must not be nested,https://dequeuniversity.com/rules/axe/4.10/nested-interactive?application=playwright,"<div class=""c-accordion__heading"" role=""tab"">"
18,https://cucatalog.org/polaris/logon.aspx?ctx=6.1033.0.0.1&Header=1,The Urbana Free Library,serious,nested-interactive,Ensure interactive controls are not nested as they are not always announced by screen readers or can cause focus problems for assistive technologies,Interactive controls must not be nested,https://dequeuniversity.com/rules/axe/4.10/nested-interactive?application=playwright,"<div class=""c-accordion__heading"" role=""tab"">"
18,https://cucatalog.org/polaris/logon.aspx?ctx=6.1033.0.0.1&Header=1,The Urbana Free Library,serious,nested-interactive,Ensure interactive controls are not nested as they are not always announced by screen readers or can cause focus problems for assistive technologies,Interactive controls must not be nested,https://dequeuniversity.com/rules/axe/4.10/nested-interactive?application=playwright,"<div class=""c-accordion__heading"" role=""tab"">"
18,https://cucatalog.org/polaris/logon.aspx?ctx=6.1033.0.0.1&Header=1,The Urbana Free Library,serious,nested-interactive,Ensure interactive controls are not nested as they are not always announced by screen readers or can cause focus problems for assistive technologies,Interactive controls must not be nested,https://dequeuniversity.com/rules/axe/4.10/nested-interactive?application=playwright,"<div class=""c-accordion__heading"" role=""tab"">"
18,https://cucatalog.org/polaris/logon.aspx?ctx=6.1033.0.0.1&Header=1,The Urbana Free Library,serious,nested-interactive,Ensure interactive controls are not nested as they are not always announced by screen readers or can cause focus problems for assistive technologies,Interactive controls must not be nested,https://dequeuniversity.com/rules/axe/4.10/nested-interactive?application=playwright,"<div class=""c-accordion__heading"" role=""tab"">"
18,https://cucatalog.org/polaris/logon.aspx?ctx=6.1033.0.0.1&Header=1,The Urbana Free Library,moderate,page-has-heading-one,"Ensure that the page, or at least one of its frames contains a level-one heading",Page should contain a level-one heading,https://dequeuniversity.com/rules/axe/4.10/page-has-heading-one?application=playwright,"<html class=""js flexbox flexboxlegacy canvas canvastext webgl no-touch geolocation postmessage no-websqldatabase indexeddb hashchange history draganddrop websockets rgba hsla multiplebgs backgroundsize borderimage borderradius boxshadow textshadow opacity cssanimations csscolumns cssgradients cssreflections csstransforms csstransforms3d csstransitions fontface generatedcontent video audio localstorage sessionstorage webworkers no-applicationcache svg inlinesvg smil svgclippaths"" lang=""en"" style="""">"
18,https://cucatalog.org/polaris/logon.aspx?ctx=6.1033.0.0.1&Header=1,The Urbana Free Library,serious,tabindex,Ensure tabindex attribute values are not greater than 0,Elements should not have tabindex greater than zero,https://dequeuniversity.com/rules/axe/4.10/tabindex?application=playwright,"<a target=""_top"" class=""smallText"" href=""https://cucatalog.org/polaris/logon.aspx?newUsername=1&amp;ctx=6.1033.0.0.1"" tabindex=""6"">Create Username</a>"
18,https://cucatalog.org/polaris/logon.aspx?ctx=6.1033.0.0.1&Header=1,The Urbana Free Library,serious,tabindex,Ensure tabindex attribute values are not greater than 0,Elements should not have tabindex greater than zero,https://dequeuniversity.com/rules/axe/4.10/tabindex?application=playwright,"<a target=""_top"" class=""smallText"" href=""https://cucatalog.org/polaris/logon.aspx?forgotPassword=1&amp;ctx=6.1033.0.0.1"" tabindex=""7"">Forgot your pin?</a>"
19,https://cucatalog.org/polaris/help/default.aspx?Header=1,The Urbana Free Library,critical,aria-required-parent,Ensure elements with an ARIA role that require parent roles are contained by them,Certain ARIA roles must be contained by particular parents,https://dequeuniversity.com/rules/axe/4.10/aria-required-parent?application=playwright,"<div class=""c-accordion__heading"" role=""tab"">"
19,https://cucatalog.org/polaris/help/default.aspx?Header=1,The Urbana Free Library,critical,aria-required-parent,Ensure elements with an ARIA role that require parent roles are contained by them,Certain ARIA roles must be contained by particular parents,https://dequeuniversity.com/rules/axe/4.10/aria-required-parent?application=playwright,"<div class=""c-accordion__heading"" role=""tab"">"
19,https://cucatalog.org/polaris/help/default.aspx?Header=1,The Urbana Free Library,critical,aria-required-parent,Ensure elements with an ARIA role that require parent roles are contained by them,Certain ARIA roles must be contained by particular parents,https://dequeuniversity.com/rules/axe/4.10/aria-required-parent?application=playwright,"<div class=""c-accordion__heading"" role=""tab"">"
19,https://cucatalog.org/polaris/help/default.aspx?Header=1,The Urbana Free Library,critical,aria-required-parent,Ensure elements with an ARIA role that require parent roles are contained by them,Certain ARIA roles must be contained by particular parents,https://dequeuniversity.com/rules/axe/4.10/aria-required-parent?application=playwright,"<div class=""c-accordion__heading"" role=""tab"">"
19,https://cucatalog.org/polaris/help/default.aspx?Header=1,The Urbana Free Library,critical,aria-required-parent,Ensure elements with an ARIA role that require parent roles are contained by them,Certain ARIA roles must be contained by particular parents,https://dequeuniversity.com/rules/axe/4.10/aria-required-parent?application=playwright,"<div class=""c-accordion__heading"" role=""tab"">"
19,https://cucatalog.org/polaris/help/default.aspx?Header=1,The Urbana Free Library,critical,aria-required-parent,Ensure elements with an ARIA role that require parent roles are contained by them,Certain ARIA roles must be contained by particular parents,https://dequeuniversity.com/rules/axe/4.10/aria-required-parent?application=playwright,"<div class=""c-accordion__heading"" role=""tab"">"
19,https://cucatalog.org/polaris/help/default.aspx?Header=1,The Urbana Free Library,critical,aria-required-parent,Ensure elements with an ARIA role that require parent roles are contained by them,Certain ARIA roles must be contained by particular parents,https://dequeuniversity.com/rules/axe/4.10/aria-required-parent?application=playwright,"<div class=""c-accordion__heading"" role=""tab"">"
19,https://cucatalog.org/polaris/help/default.aspx?Header=1,The Urbana Free Library,critical,aria-required-parent,Ensure elements with an ARIA role that require parent roles are contained by them,Certain ARIA roles must be contained by particular parents,https://dequeuniversity.com/rules/axe/4.10/aria-required-parent?application=playwright,"<div class=""c-accordion__heading"" role=""tab"">"
19,https://cucatalog.org/polaris/help/default.aspx?Header=1,The Urbana Free Library,moderate,landmark-banner-is-top-level,Ensure the banner landmark is at top level,Banner landmark should not be contained in another landmark,https://dequeuniversity.com/rules/axe/4.10/landmark-banner-is-top-level?application=playwright,"<header class=""nav-panel__header"">"
19,https://cucatalog.org/polaris/help/default.aspx?Header=1,The Urbana Free Library,moderate,landmark-banner-is-top-level,Ensure the banner landmark is at top level,Banner landmark should not be contained in another landmark,https://dequeuniversity.com/rules/axe/4.10/landmark-banner-is-top-level?application=playwright,"<header class=""nav-panel__header"">"
19,https://cucatalog.org/polaris/help/default.aspx?Header=1,The Urbana Free Library,moderate,landmark-main-is-top-level,Ensure the main landmark is at top level,Main landmark should not be contained in another landmark,https://dequeuniversity.com/rules/axe/4.10/landmark-main-is-top-level?application=playwright,"<main class=""site-footer__main"">"
19,https://cucatalog.org/polaris/help/default.aspx?Header=1,The Urbana Free Library,moderate,landmark-no-duplicate-banner,Ensure the document has at most one banner landmark,Document should not have more than one banner landmark,https://dequeuniversity.com/rules/axe/4.10/landmark-no-duplicate-banner?application=playwright,"<header class=""site-header"">"
19,https://cucatalog.org/polaris/help/default.aspx?Header=1,The Urbana Free Library,moderate,landmark-no-duplicate-main,Ensure the document has at most one main landmark,Document should not have more than one main landmark,https://dequeuniversity.com/rules/axe/4.10/landmark-no-duplicate-main?application=playwright,"<main class=""site-main"" id=""content"">"
19,https://cucatalog.org/polaris/help/default.aspx?Header=1,The Urbana Free Library,moderate,landmark-unique,Ensure landmarks are unique,Landmarks should have a unique role or role/label/title (i.e. accessible name) combination,https://dequeuniversity.com/rules/axe/4.10/landmark-unique?application=playwright,"<header class=""site-header"">"
19,https://cucatalog.org/polaris/help/default.aspx?Header=1,The Urbana Free Library,moderate,landmark-unique,Ensure landmarks are unique,Landmarks should have a unique role or role/label/title (i.e. accessible name) combination,https://dequeuniversity.com/rules/axe/4.10/landmark-unique?application=playwright,"<nav class=""nav-panel__top-nav top-nav top-nav--split-header navbar-collapse"" role=""navigation"">"
19,https://cucatalog.org/polaris/help/default.aspx?Header=1,The Urbana Free Library,moderate,landmark-unique,Ensure landmarks are unique,Landmarks should have a unique role or role/label/title (i.e. accessible name) combination,https://dequeuniversity.com/rules/axe/4.10/landmark-unique?application=playwright,"<main class=""site-main"" id=""content"">"
19,https://cucatalog.org/polaris/help/default.aspx?Header=1,The Urbana Free Library,serious,listitem,Ensure <li> elements are used semantically,<li> elements must be contained in a <ul> or <ol>,https://dequeuniversity.com/rules/axe/4.10/listitem?application=playwright,"<li class=""nav__nav expandable-block-nav"">"
19,https://cucatalog.org/polaris/help/default.aspx?Header=1,The Urbana Free Library,serious,nested-interactive,Ensure interactive controls are not nested as they are not always announced by screen readers or can cause focus problems for assistive technologies,Interactive controls must not be nested,https://dequeuniversity.com/rules/axe/4.10/nested-interactive?application=playwright,"<div class=""c-accordion__heading"" role=""tab"">"
19,https://cucatalog.org/polaris/help/default.aspx?Header=1,The Urbana Free Library,serious,nested-interactive,Ensure interactive controls are not nested as they are not always announced by screen readers or can cause focus problems for assistive technologies,Interactive controls must not be nested,https://dequeuniversity.com/rules/axe/4.10/nested-interactive?application=playwright,"<div class=""c-accordion__heading"" role=""tab"">"
19,https://cucatalog.org/polaris/help/default.aspx?Header=1,The Urbana Free Library,serious,nested-interactive,Ensure interactive controls are not nested as they are not always announced by screen readers or can cause focus problems for assistive technologies,Interactive controls must not be nested,https://dequeuniversity.com/rules/axe/4.10/nested-interactive?application=playwright,"<div class=""c-accordion__heading"" role=""tab"">"
19,https://cucatalog.org/polaris/help/default.aspx?Header=1,The Urbana Free Library,serious,nested-interactive,Ensure interactive controls are not nested as they are not always announced by screen readers or can cause focus problems for assistive technologies,Interactive controls must not be nested,https://dequeuniversity.com/rules/axe/4.10/nested-interactive?application=playwright,"<div class=""c-accordion__heading"" role=""tab"">"
19,https://cucatalog.org/polaris/help/default.aspx?Header=1,The Urbana Free Library,serious,nested-interactive,Ensure interactive controls are not nested as they are not always announced by screen readers or can cause focus problems for assistive technologies,Interactive controls must not be nested,https://dequeuniversity.com/rules/axe/4.10/nested-interactive?application=playwright,"<div class=""c-accordion__heading"" role=""tab"">"
19,https://cucatalog.org/polaris/help/default.aspx?Header=1,The Urbana Free Library,serious,nested-interactive,Ensure interactive controls are not nested as they are not always announced by screen readers or can cause focus problems for assistive technologies,Interactive controls must not be nested,https://dequeuniversity.com/rules/axe/4.10/nested-interactive?application=playwright,"<div class=""c-accordion__heading"" role=""tab"">"
19,https://cucatalog.org/polaris/help/default.aspx?Header=1,The Urbana Free Library,serious,nested-interactive,Ensure interactive controls are not nested as they are not always announced by screen readers or can cause focus problems for assistive technologies,Interactive controls must not be nested,https://dequeuniversity.com/rules/axe/4.10/nested-interactive?application=playwright,"<div class=""c-accordion__heading"" role=""tab"">"
19,https://cucatalog.org/polaris/help/default.aspx?Header=1,The Urbana Free Library,serious,nested-interactive,Ensure interactive controls are not nested as they are not always announced by screen readers or can cause focus problems for assistive technologies,Interactive controls must not be nested,https://dequeuniversity.com/rules/axe/4.10/nested-interactive?application=playwright,"<div class=""c-accordion__heading"" role=""tab"">"
19,https://cucatalog.org/polaris/help/default.aspx?Header=1,The Urbana Free Library,moderate,page-has-heading-one,"Ensure that the page, or at least one of its frames contains a level-one heading",Page should contain a level-one heading,https://dequeuniversity.com/rules/axe/4.10/page-has-heading-one?application=playwright,"<html class=""js flexbox flexboxlegacy canvas canvastext webgl no-touch geolocation postmessage no-websqldatabase indexeddb hashchange history draganddrop websockets rgba hsla multiplebgs backgroundsize borderimage borderradius boxshadow textshadow opacity cssanimations csscolumns cssgradients cssreflections csstransforms csstransforms3d csstransitions fontface generatedcontent video audio localstorage sessionstorage webworkers no-applicationcache svg inlinesvg smil svgclippaths"" lang=""en"" style="""">"
2,https://cucatalog.org/polaris/logon.aspx?header=1,The Urbana Free Library,critical,aria-required-parent,Ensure elements with an ARIA role that require parent roles are contained by them,Certain ARIA roles must be contained by particular parents,https://dequeuniversity.com/rules/axe/4.10/aria-required-parent?application=playwright,"<div class=""c-accordion__heading"" role=""tab"">"
2,https://cucatalog.org/polaris/logon.aspx?header=1,The Urbana Free Library,critical,aria-required-parent,Ensure elements with an ARIA role that require parent roles are contained by them,Certain ARIA roles must be contained by particular parents,https://dequeuniversity.com/rules/axe/4.10/aria-required-parent?application=playwright,"<div class=""c-accordion__heading"" role=""tab"">"
2,https://cucatalog.org/polaris/logon.aspx?header=1,The Urbana Free Library,critical,aria-required-parent,Ensure elements with an ARIA role that require parent roles are contained by them,Certain ARIA roles must be contained by particular parents,https://dequeuniversity.com/rules/axe/4.10/aria-required-parent?application=playwright,"<div class=""c-accordion__heading"" role=""tab"">"
2,https://cucatalog.org/polaris/logon.aspx?header=1,The Urbana Free Library,critical,aria-required-parent,Ensure elements with an ARIA role that require parent roles are contained by them,Certain ARIA roles must be contained by particular parents,https://dequeuniversity.com/rules/axe/4.10/aria-required-parent?application=playwright,"<div class=""c-accordion__heading"" role=""tab"">"
2,https://cucatalog.org/polaris/logon.aspx?header=1,The Urbana Free Library,critical,aria-required-parent,Ensure elements with an ARIA role that require parent roles are contained by them,Certain ARIA roles must be contained by particular parents,https://dequeuniversity.com/rules/axe/4.10/aria-required-parent?application=playwright,"<div class=""c-accordion__heading"" role=""tab"">"
2,https://cucatalog.org/polaris/logon.aspx?header=1,The Urbana Free Library,critical,aria-required-parent,Ensure elements with an ARIA role that require parent roles are contained by them,Certain ARIA roles must be contained by particular parents,https://dequeuniversity.com/rules/axe/4.10/aria-required-parent?application=playwright,"<div class=""c-accordion__heading"" role=""tab"">"
2,https://cucatalog.org/polaris/logon.aspx?header=1,The Urbana Free Library,critical,aria-required-parent,Ensure elements with an ARIA role that require parent roles are contained by them,Certain ARIA roles must be contained by particular parents,https://dequeuniversity.com/rules/axe/4.10/aria-required-parent?application=playwright,"<div class=""c-accordion__heading"" role=""tab"">"
2,https://cucatalog.org/polaris/logon.aspx?header=1,The Urbana Free Library,critical,aria-required-parent,Ensure elements with an ARIA role that require parent roles are contained by them,Certain ARIA roles must be contained by particular parents,https://dequeuniversity.com/rules/axe/4.10/aria-required-parent?application=playwright,"<div class=""c-accordion__heading"" role=""tab"">"
2,https://cucatalog.org/polaris/logon.aspx?header=1,The Urbana Free Library,moderate,landmark-banner-is-top-level,Ensure the banner landmark is at top level,Banner landmark should not be contained in another landmark,https://dequeuniversity.com/rules/axe/4.10/landmark-banner-is-top-level?application=playwright,"<header class=""nav-panel__header"">
                            <div class=""nav-panel__welcome"">
                                
                            </div>        
                     </header>"
2,https://cucatalog.org/polaris/logon.aspx?header=1,The Urbana Free Library,moderate,landmark-banner-is-top-level,Ensure the banner landmark is at top level,Banner landmark should not be contained in another landmark,https://dequeuniversity.com/rules/axe/4.10/landmark-banner-is-top-level?application=playwright,"<header class=""nav-panel__header"">"
2,https://cucatalog.org/polaris/logon.aspx?header=1,The Urbana Free Library,moderate,landmark-main-is-top-level,Ensure the main landmark is at top level,Main landmark should not be contained in another landmark,https://dequeuniversity.com/rules/axe/4.10/landmark-main-is-top-level?application=playwright,"<main class=""site-footer__main"">"
2,https://cucatalog.org/polaris/logon.aspx?header=1,The Urbana Free Library,moderate,landmark-no-duplicate-banner,Ensure the document has at most one banner landmark,Document should not have more than one banner landmark,https://dequeuniversity.com/rules/axe/4.10/landmark-no-duplicate-banner?application=playwright,"<header class=""site-header"">"
2,https://cucatalog.org/polaris/logon.aspx?header=1,The Urbana Free Library,moderate,landmark-no-duplicate-main,Ensure the document has at most one main landmark,Document should not have more than one main landmark,https://dequeuniversity.com/rules/axe/4.10/landmark-no-duplicate-main?application=playwright,"<main class=""site-main"" id=""content"">"
2,https://cucatalog.org/polaris/logon.aspx?header=1,The Urbana Free Library,moderate,landmark-unique,Ensure landmarks are unique,Landmarks should have a unique role or role/label/title (i.e. accessible name) combination,https://dequeuniversity.com/rules/axe/4.10/landmark-unique?application=playwright,"<header class=""site-header"">"
2,https://cucatalog.org/polaris/logon.aspx?header=1,The Urbana Free Library,moderate,landmark-unique,Ensure landmarks are unique,Landmarks should have a unique role or role/label/title (i.e. accessible name) combination,https://dequeuniversity.com/rules/axe/4.10/landmark-unique?application=playwright,"<nav class=""nav-panel__top-nav top-nav top-nav--split-header navbar-collapse"" role=""navigation"">"
2,https://cucatalog.org/polaris/logon.aspx?header=1,The Urbana Free Library,moderate,landmark-unique,Ensure landmarks are unique,Landmarks should have a unique role or role/label/title (i.e. accessible name) combination,https://dequeuniversity.com/rules/axe/4.10/landmark-unique?application=playwright,"<main class=""site-main"" id=""content"">"
2,https://cucatalog.org/polaris/logon.aspx?header=1,The Urbana Free Library,serious,listitem,Ensure <li> elements are used semantically,<li> elements must be contained in a <ul> or <ol>,https://dequeuniversity.com/rules/axe/4.10/listitem?application=playwright,"<li class=""nav__nav expandable-block-nav"">"
2,https://cucatalog.org/polaris/logon.aspx?header=1,The Urbana Free Library,serious,nested-interactive,Ensure interactive controls are not nested as they are not always announced by screen readers or can cause focus problems for assistive technologies,Interactive controls must not be nested,https://dequeuniversity.com/rules/axe/4.10/nested-interactive?application=playwright,"<div class=""c-accordion__heading"" role=""tab"">"
2,https://cucatalog.org/polaris/logon.aspx?header=1,The Urbana Free Library,serious,nested-interactive,Ensure interactive controls are not nested as they are not always announced by screen readers or can cause focus problems for assistive technologies,Interactive controls must not be nested,https://dequeuniversity.com/rules/axe/4.10/nested-interactive?application=playwright,"<div class=""c-accordion__heading"" role=""tab"">"
2,https://cucatalog.org/polaris/logon.aspx?header=1,The Urbana Free Library,serious,nested-interactive,Ensure interactive controls are not nested as they are not always announced by screen readers or can cause focus problems for assistive technologies,Interactive controls must not be nested,https://dequeuniversity.com/rules/axe/4.10/nested-interactive?application=playwright,"<div class=""c-accordion__heading"" role=""tab"">"
2,https://cucatalog.org/polaris/logon.aspx?header=1,The Urbana Free Library,serious,nested-interactive,Ensure interactive controls are not nested as they are not always announced by screen readers or can cause focus problems for assistive technologies,Interactive controls must not be nested,https://dequeuniversity.com/rules/axe/4.10/nested-interactive?application=playwright,"<div class=""c-accordion__heading"" role=""tab"">"
2,https://cucatalog.org/polaris/logon.aspx?header=1,The Urbana Free Library,serious,nested-interactive,Ensure interactive controls are not nested as they are not always announced by screen readers or can cause focus problems for assistive technologies,Interactive controls must not be nested,https://dequeuniversity.com/rules/axe/4.10/nested-interactive?application=playwright,"<div class=""c-accordion__heading"" role=""tab"">"
2,https://cucatalog.org/polaris/logon.aspx?header=1,The Urbana Free Library,serious,nested-interactive,Ensure interactive controls are not nested as they are not always announced by screen readers or can cause focus problems for assistive technologies,Interactive controls must not be nested,https://dequeuniversity.com/rules/axe/4.10/nested-interactive?application=playwright,"<div class=""c-accordion__heading"" role=""tab"">"
2,https://cucatalog.org/polaris/logon.aspx?header=1,The Urbana Free Library,serious,nested-interactive,Ensure interactive controls are not nested as they are not always announced by screen readers or can cause focus problems for assistive technologies,Interactive controls must not be nested,https://dequeuniversity.com/rules/axe/4.10/nested-interactive?application=playwright,"<div class=""c-accordion__heading"" role=""tab"">"
2,https://cucatalog.org/polaris/logon.aspx?header=1,The Urbana Free Library,serious,nested-interactive,Ensure interactive controls are not nested as they are not always announced by screen readers or can cause focus problems for assistive technologies,Interactive controls must not be nested,https://dequeuniversity.com/rules/axe/4.10/nested-interactive?application=playwright,"<div class=""c-accordion__heading"" role=""tab"">"
2,https://cucatalog.org/polaris/logon.aspx?header=1,The Urbana Free Library,moderate,page-has-heading-one,"Ensure that the page, or at least one of its frames contains a level-one heading",Page should contain a level-one heading,https://dequeuniversity.com/rules/axe/4.10/page-has-heading-one?application=playwright,"<html class=""js flexbox flexboxlegacy canvas canvastext webgl no-touch geolocation postmessage no-websqldatabase indexeddb hashchange history draganddrop websockets rgba hsla multiplebgs backgroundsize borderimage borderradius boxshadow textshadow opacity cssanimations csscolumns cssgradients cssreflections csstransforms csstransforms3d csstransitions fontface generatedcontent video audio localstorage sessionstorage webworkers no-applicationcache svg inlinesvg smil svgclippaths"" lang=""en"" style="""">"
2,https://cucatalog.org/polaris/logon.aspx?header=1,The Urbana Free Library,serious,tabindex,Ensure tabindex attribute values are not greater than 0,Elements should not have tabindex greater than zero,https://dequeuniversity.com/rules/axe/4.10/tabindex?application=playwright,"<a target=""_top"" class=""smallText"" href=""https://cucatalog.org/polaris/logon.aspx?newUsername=1&amp;ctx=6.1033.0.0.1"" tabindex=""6"">Create Username</a>"
2,https://cucatalog.org/polaris/logon.aspx?header=1,The Urbana Free Library,serious,tabindex,Ensure tabindex attribute values are not greater than 0,Elements should not have tabindex greater than zero,https://dequeuniversity.com/rules/axe/4.10/tabindex?application=playwright,"<a target=""_top"" class=""smallText"" href=""https://cucatalog.org/polaris/logon.aspx?forgotPassword=1&amp;ctx=6.1033.0.0.1"" tabindex=""7"">Forgot your pin?</a>"
20,https://cucatalog.org/polaris/view.aspx?CN=2645261,The Urbana Free Library,critical,aria-allowed-attr,Ensure an element's role supports its ARIA attributes,Elements must only use supported ARIA attributes,https://dequeuniversity.com/rules/axe/4.10/aria-allowed-attr?application=playwright,"<div class=""c-search-header-options__container collapse in"" id=""c-search-header__search-options"" aria-labelledby=""c-search-header__search-options"" aria-expanded=""true"" style="""">"
20,https://cucatalog.org/polaris/view.aspx?CN=2645261,The Urbana Free Library,serious,aria-hidden-focus,Ensure aria-hidden elements are not focusable nor contain focusable elements,ARIA hidden element must not be focusable or contain focusable elements,https://dequeuniversity.com/rules/axe/4.10/aria-hidden-focus?application=playwright,"<a id=""__pos-1"" href=""#"" aria-hidden=""true"" aria-label=""Search Result""></a>"
20,https://cucatalog.org/polaris/view.aspx?CN=2645261,The Urbana Free Library,critical,aria-required-attr,Ensure elements with ARIA roles have all required ARIA attributes,Required ARIA attributes must be provided,https://dequeuniversity.com/rules/axe/4.10/aria-required-attr?application=playwright,"<select name=""ctl00$BodyMainContent$ctrlSearchBars$searchbarKeyword$dropdownSearchBy"" id=""dropdownSearchBy"" class=""SearchByList c-search-header__dropdown c-search-header__box--height"" aria-labelledby=""dropdownSearchByLabel"" role=""combobox"">"
20,https://cucatalog.org/polaris/view.aspx?CN=2645261,The Urbana Free Library,critical,aria-required-attr,Ensure elements with ARIA roles have all required ARIA attributes,Required ARIA attributes must be provided,https://dequeuniversity.com/rules/axe/4.10/aria-required-attr?application=playwright,"<select name=""ctl00$BodyMainContent$ctrlSearchBars$searchbarKeyword$dropdownLimitFilter"" id=""dropdownLimitFilter"" class=""c-search-header__dropdown c-search-header__box--height"" aria-labelledby=""dropdownLimitFilterLabel"" role=""combobox"" onchange=""javascript: AddDefaultTermAndHighlight('textboxTerm'); CheckDetailedMaterial();"">"
20,https://cucatalog.org/polaris/view.aspx?CN=2645261,The Urbana Free Library,critical,aria-required-children,Ensure elements with an ARIA role that require child roles contain them,Certain ARIA roles must contain particular children,https://dequeuniversity.com/rules/axe/4.10/aria-required-children?application=playwright,"<div class=""c-accordion-lvl2"" role=""tablist"" aria-multiselectable=""true"">"
20,https://cucatalog.org/polaris/view.aspx?CN=2645261,The Urbana Free Library,critical,aria-required-children,Ensure elements with an ARIA role that require child roles contain them,Certain ARIA roles must contain particular children,https://dequeuniversity.com/rules/axe/4.10/aria-required-children?application=playwright,"<div class=""c-accordion-lvl2__heading"" role=""tablist"">"
20,https://cucatalog.org/polaris/view.aspx?CN=2645261,The Urbana Free Library,critical,aria-required-parent,Ensure elements with an ARIA role that require parent roles are contained by them,Certain ARIA roles must be contained by particular parents,https://dequeuniversity.com/rules/axe/4.10/aria-required-parent?application=playwright,"<div class=""c-accordion__heading"" role=""tab"">"
20,https://cucatalog.org/polaris/view.aspx?CN=2645261,The Urbana Free Library,critical,aria-required-parent,Ensure elements with an ARIA role that require parent roles are contained by them,Certain ARIA roles must be contained by particular parents,https://dequeuniversity.com/rules/axe/4.10/aria-required-parent?application=playwright,"<div class=""c-accordion__heading"" role=""tab"">"
20,https://cucatalog.org/polaris/view.aspx?CN=2645261,The Urbana Free Library,critical,aria-required-parent,Ensure elements with an ARIA role that require parent roles are contained by them,Certain ARIA roles must be contained by particular parents,https://dequeuniversity.com/rules/axe/4.10/aria-required-parent?application=playwright,"<div class=""c-accordion__heading"" role=""tab"">"
20,https://cucatalog.org/polaris/view.aspx?CN=2645261,The Urbana Free Library,critical,aria-required-parent,Ensure elements with an ARIA role that require parent roles are contained by them,Certain ARIA roles must be contained by particular parents,https://dequeuniversity.com/rules/axe/4.10/aria-required-parent?application=playwright,"<div class=""c-accordion__heading"" role=""tab"">"
20,https://cucatalog.org/polaris/view.aspx?CN=2645261,The Urbana Free Library,critical,aria-required-parent,Ensure elements with an ARIA role that require parent roles are contained by them,Certain ARIA roles must be contained by particular parents,https://dequeuniversity.com/rules/axe/4.10/aria-required-parent?application=playwright,"<div class=""c-accordion__heading"" role=""tab"">"
20,https://cucatalog.org/polaris/view.aspx?CN=2645261,The Urbana Free Library,critical,aria-required-parent,Ensure elements with an ARIA role that require parent roles are contained by them,Certain ARIA roles must be contained by particular parents,https://dequeuniversity.com/rules/axe/4.10/aria-required-parent?application=playwright,"<div class=""c-accordion__heading"" role=""tab"">"
20,https://cucatalog.org/polaris/view.aspx?CN=2645261,The Urbana Free Library,critical,aria-required-parent,Ensure elements with an ARIA role that require parent roles are contained by them,Certain ARIA roles must be contained by particular parents,https://dequeuniversity.com/rules/axe/4.10/aria-required-parent?application=playwright,"<div class=""c-accordion__heading"" role=""tab"">"
20,https://cucatalog.org/polaris/view.aspx?CN=2645261,The Urbana Free Library,critical,aria-required-parent,Ensure elements with an ARIA role that require parent roles are contained by them,Certain ARIA roles must be contained by particular parents,https://dequeuniversity.com/rules/axe/4.10/aria-required-parent?application=playwright,"<div class=""c-accordion__heading"" role=""tab"">"
20,https://cucatalog.org/polaris/view.aspx?CN=2645261,The Urbana Free Library,critical,aria-required-parent,Ensure elements with an ARIA role that require parent roles are contained by them,Certain ARIA roles must be contained by particular parents,https://dequeuniversity.com/rules/axe/4.10/aria-required-parent?application=playwright,"<div class=""c-accordion__heading"" role=""tab"">"
20,https://cucatalog.org/polaris/view.aspx?CN=2645261,The Urbana Free Library,moderate,landmark-banner-is-top-level,Ensure the banner landmark is at top level,Banner landmark should not be contained in another landmark,https://dequeuniversity.com/rules/axe/4.10/landmark-banner-is-top-level?application=playwright,"<header class=""nav-panel__header"">"
20,https://cucatalog.org/polaris/view.aspx?CN=2645261,The Urbana Free Library,moderate,landmark-banner-is-top-level,Ensure the banner landmark is at top level,Banner landmark should not be contained in another landmark,https://dequeuniversity.com/rules/axe/4.10/landmark-banner-is-top-level?application=playwright,"<header class=""nav-panel__header"">"
20,https://cucatalog.org/polaris/view.aspx?CN=2645261,The Urbana Free Library,moderate,landmark-main-is-top-level,Ensure the main landmark is at top level,Main landmark should not be contained in another landmark,https://dequeuniversity.com/rules/axe/4.10/landmark-main-is-top-level?application=playwright,"<main class=""site-footer__main"">"
20,https://cucatalog.org/polaris/view.aspx?CN=2645261,The Urbana Free Library,moderate,landmark-no-duplicate-banner,Ensure the document has at most one banner landmark,Document should not have more than one banner landmark,https://dequeuniversity.com/rules/axe/4.10/landmark-no-duplicate-banner?application=playwright,"<header class=""site-header"">"
20,https://cucatalog.org/polaris/view.aspx?CN=2645261,The Urbana Free Library,moderate,landmark-no-duplicate-main,Ensure the document has at most one main landmark,Document should not have more than one main landmark,https://dequeuniversity.com/rules/axe/4.10/landmark-no-duplicate-main?application=playwright,"<main class=""site-main"" id=""content"">"
20,https://cucatalog.org/polaris/view.aspx?CN=2645261,The Urbana Free Library,moderate,landmark-unique,Ensure landmarks are unique,Landmarks should have a unique role or role/label/title (i.e. accessible name) combination,https://dequeuniversity.com/rules/axe/4.10/landmark-unique?application=playwright,"<header class=""site-header"">"
20,https://cucatalog.org/polaris/view.aspx?CN=2645261,The Urbana Free Library,moderate,landmark-unique,Ensure landmarks are unique,Landmarks should have a unique role or role/label/title (i.e. accessible name) combination,https://dequeuniversity.com/rules/axe/4.10/landmark-unique?application=playwright,"<nav class=""nav-panel__top-nav top-nav top-nav--split-header navbar-collapse"" role=""navigation"">"
20,https://cucatalog.org/polaris/view.aspx?CN=2645261,The Urbana Free Library,moderate,landmark-unique,Ensure landmarks are unique,Landmarks should have a unique role or role/label/title (i.e. accessible name) combination,https://dequeuniversity.com/rules/axe/4.10/landmark-unique?application=playwright,"<main class=""site-main"" id=""content"">"
20,https://cucatalog.org/polaris/view.aspx?CN=2645261,The Urbana Free Library,serious,link-name,Ensure links have discernible text,Links must have discernible text,https://dequeuniversity.com/rules/axe/4.10/link-name?application=playwright,"<a id=""c-accordion-lvl2__title_relatedsearch-2"" class=""c-accordion-lvl2__title-link "" role=""button"" aria-expanded=""true"" aria-controls=""rs-2"" data-toggle=""collapse"" onclick=""javascript:InvokeRSD('collapse', 2)"" href=""#rs-2"">    
                                </a>"
20,https://cucatalog.org/polaris/view.aspx?CN=2645261,The Urbana Free Library,serious,link-name,Ensure links have discernible text,Links must have discernible text,https://dequeuniversity.com/rules/axe/4.10/link-name?application=playwright,"<a id=""c-accordion-lvl2__title_relatedsearch-2"" class=""c-accordion-lvl2__title-link "" role=""button"" aria-expanded=""true"" aria-controls=""rs-2"" data-toggle=""collapse"" onclick=""javascript:InvokeRSD('collapse', 2)"" href=""#rs-2"">"
20,https://cucatalog.org/polaris/view.aspx?CN=2645261,The Urbana Free Library,serious,link-name,Ensure links have discernible text,Links must have discernible text,https://dequeuniversity.com/rules/axe/4.10/link-name?application=playwright,"<a id=""c-accordion-lvl2__title_relatedsearch-2"" class=""c-accordion-lvl2__title-link "" role=""button"" aria-expanded=""true"" aria-controls=""rs-2"" data-toggle=""collapse"" onclick=""javascript:InvokeRSD('collapse', 2)"" href=""#rs-2"">
                                        </a>"
20,https://cucatalog.org/polaris/view.aspx?CN=2645261,The Urbana Free Library,serious,link-name,Ensure links have discernible text,Links must have discernible text,https://dequeuniversity.com/rules/axe/4.10/link-name?application=playwright,"<a id=""c-accordion-lvl2__title_relatedsearch-2"" class=""c-accordion-lvl2__title-link "" role=""button"" aria-expanded=""true"" aria-controls=""rs-2"" data-toggle=""collapse"" onclick=""javascript:InvokeRSD('collapse', 2)"" href=""#rs-2"">
								            </a>"
20,https://cucatalog.org/polaris/view.aspx?CN=2645261,The Urbana Free Library,serious,link-name,Ensure links have discernible text,Links must have discernible text,https://dequeuniversity.com/rules/axe/4.10/link-name?application=playwright,"<a id=""c-accordion-lvl2__title_relatedsearch-2"" class=""c-accordion-lvl2__title-link "" role=""button"" aria-expanded=""true"" aria-controls=""rs-2"" data-toggle=""collapse"" onclick=""javascript:InvokeRSD('collapse', 2)"" href=""#rs-2"">  
									            
											            </a>"
20,https://cucatalog.org/polaris/view.aspx?CN=2645261,The Urbana Free Library,serious,link-name,Ensure links have discernible text,Links must have discernible text,https://dequeuniversity.com/rules/axe/4.10/link-name?application=playwright,"<a id=""c-accordion-lvl2__title_relatedsearch-2"" class=""c-accordion-lvl2__title-link "" role=""button"" aria-expanded=""true"" aria-controls=""rs-2"" data-toggle=""collapse"" onclick=""javascript:InvokeRSD('collapse', 2)"" href=""#rs-2"">  
                                                            </a>"
20,https://cucatalog.org/polaris/view.aspx?CN=2645261,The Urbana Free Library,serious,link-name,Ensure links have discernible text,Links must have discernible text,https://dequeuniversity.com/rules/axe/4.10/link-name?application=playwright,"<a id=""c-accordion-lvl2__title_relatedsearch-3"" class=""c-accordion-lvl2__title-link "" role=""button"" aria-expanded=""true"" aria-controls=""rs-3"" data-toggle=""collapse"" onclick=""javascript:InvokeRSD('collapse', 3)"" href=""#rs-3"">    
                                </a>"
20,https://cucatalog.org/polaris/view.aspx?CN=2645261,The Urbana Free Library,serious,link-name,Ensure links have discernible text,Links must have discernible text,https://dequeuniversity.com/rules/axe/4.10/link-name?application=playwright,"<a id=""c-accordion-lvl2__title_relatedsearch-3"" class=""c-accordion-lvl2__title-link "" role=""button"" aria-expanded=""true"" aria-controls=""rs-3"" data-toggle=""collapse"" onclick=""javascript:InvokeRSD('collapse', 3)"" href=""#rs-3"">"
20,https://cucatalog.org/polaris/view.aspx?CN=2645261,The Urbana Free Library,serious,link-name,Ensure links have discernible text,Links must have discernible text,https://dequeuniversity.com/rules/axe/4.10/link-name?application=playwright,"<a id=""c-accordion-lvl2__title_relatedsearch-3"" class=""c-accordion-lvl2__title-link "" role=""button"" aria-expanded=""true"" aria-controls=""rs-3"" data-toggle=""collapse"" onclick=""javascript:InvokeRSD('collapse', 3)"" href=""#rs-3"">
                                        </a>"
20,https://cucatalog.org/polaris/view.aspx?CN=2645261,The Urbana Free Library,serious,link-name,Ensure links have discernible text,Links must have discernible text,https://dequeuniversity.com/rules/axe/4.10/link-name?application=playwright,"<a id=""c-accordion-lvl2__title_relatedsearch-3"" class=""c-accordion-lvl2__title-link "" role=""button"" aria-expanded=""true"" aria-controls=""rs-3"" data-toggle=""collapse"" onclick=""javascript:InvokeRSD('collapse', 3)"" href=""#rs-3"">
								            </a>"
20,https://cucatalog.org/polaris/view.aspx?CN=2645261,The Urbana Free Library,serious,link-name,Ensure links have discernible text,Links must have discernible text,https://dequeuniversity.com/rules/axe/4.10/link-name?application=playwright,"<a id=""c-accordion-lvl2__title_relatedsearch-3"" class=""c-accordion-lvl2__title-link "" role=""button"" aria-expanded=""true"" aria-controls=""rs-3"" data-toggle=""collapse"" onclick=""javascript:InvokeRSD('collapse', 3)"" href=""#rs-3"">  
									            
											            </a>"
20,https://cucatalog.org/polaris/view.aspx?CN=2645261,The Urbana Free Library,serious,link-name,Ensure links have discernible text,Links must have discernible text,https://dequeuniversity.com/rules/axe/4.10/link-name?application=playwright,"<a id=""c-accordion-lvl2__title_relatedsearch-3"" class=""c-accordion-lvl2__title-link "" role=""button"" aria-expanded=""true"" aria-controls=""rs-3"" data-toggle=""collapse"" onclick=""javascript:InvokeRSD('collapse', 3)"" href=""#rs-3"">  
                                                            </a>"
20,https://cucatalog.org/polaris/view.aspx?CN=2645261,The Urbana Free Library,serious,list,Ensure that lists are structured correctly,"<ul> and <ol> must only directly contain <li>, <script> or <template> elements",https://dequeuniversity.com/rules/axe/4.10/list?application=playwright,"<ul id=""c-title-detail__button-list-"" class=""c-title-detail-actions__list"" data-item-pos=""1"" data-item-page=""0"">"
20,https://cucatalog.org/polaris/view.aspx?CN=2645261,The Urbana Free Library,serious,list,Ensure that lists are structured correctly,"<ul> and <ol> must only directly contain <li>, <script> or <template> elements",https://dequeuniversity.com/rules/axe/4.10/list?application=playwright,"<ul class="" c-accordion__list c-accordion__list--show-bullets"">"
20,https://cucatalog.org/polaris/view.aspx?CN=2645261,The Urbana Free Library,serious,list,Ensure that lists are structured correctly,"<ul> and <ol> must only directly contain <li>, <script> or <template> elements",https://dequeuniversity.com/rules/axe/4.10/list?application=playwright,"<ul class="" c-accordion__list c-accordion__list--show-bullets"">"
20,https://cucatalog.org/polaris/view.aspx?CN=2645261,The Urbana Free Library,serious,listitem,Ensure <li> elements are used semantically,<li> elements must be contained in a <ul> or <ol>,https://dequeuniversity.com/rules/axe/4.10/listitem?application=playwright,"<li class=""nav__nav expandable-block-nav"">"
20,https://cucatalog.org/polaris/view.aspx?CN=2645261,The Urbana Free Library,serious,nested-interactive,Ensure interactive controls are not nested as they are not always announced by screen readers or can cause focus problems for assistive technologies,Interactive controls must not be nested,https://dequeuniversity.com/rules/axe/4.10/nested-interactive?application=playwright,"<div class=""c-accordion__heading"" role=""tab"">"
20,https://cucatalog.org/polaris/view.aspx?CN=2645261,The Urbana Free Library,serious,nested-interactive,Ensure interactive controls are not nested as they are not always announced by screen readers or can cause focus problems for assistive technologies,Interactive controls must not be nested,https://dequeuniversity.com/rules/axe/4.10/nested-interactive?application=playwright,"<div class=""c-accordion-lvl2__heading"" role=""tab"">"
20,https://cucatalog.org/polaris/view.aspx?CN=2645261,The Urbana Free Library,serious,nested-interactive,Ensure interactive controls are not nested as they are not always announced by screen readers or can cause focus problems for assistive technologies,Interactive controls must not be nested,https://dequeuniversity.com/rules/axe/4.10/nested-interactive?application=playwright,"<div class=""c-accordion-lvl2__heading"" role=""tab"">"
20,https://cucatalog.org/polaris/view.aspx?CN=2645261,The Urbana Free Library,serious,nested-interactive,Ensure interactive controls are not nested as they are not always announced by screen readers or can cause focus problems for assistive technologies,Interactive controls must not be nested,https://dequeuniversity.com/rules/axe/4.10/nested-interactive?application=playwright,"<div class=""c-accordion-lvl2__heading"" role=""tab"">"
20,https://cucatalog.org/polaris/view.aspx?CN=2645261,The Urbana Free Library,serious,nested-interactive,Ensure interactive controls are not nested as they are not always announced by screen readers or can cause focus problems for assistive technologies,Interactive controls must not be nested,https://dequeuniversity.com/rules/axe/4.10/nested-interactive?application=playwright,"<div class=""c-accordion__heading"" role=""tab"">"
20,https://cucatalog.org/polaris/view.aspx?CN=2645261,The Urbana Free Library,serious,nested-interactive,Ensure interactive controls are not nested as they are not always announced by screen readers or can cause focus problems for assistive technologies,Interactive controls must not be nested,https://dequeuniversity.com/rules/axe/4.10/nested-interactive?application=playwright,"<div class=""c-accordion__heading"" role=""tab"">"
20,https://cucatalog.org/polaris/view.aspx?CN=2645261,The Urbana Free Library,serious,nested-interactive,Ensure interactive controls are not nested as they are not always announced by screen readers or can cause focus problems for assistive technologies,Interactive controls must not be nested,https://dequeuniversity.com/rules/axe/4.10/nested-interactive?application=playwright,"<div class=""c-accordion__heading"" role=""tab"">"
20,https://cucatalog.org/polaris/view.aspx?CN=2645261,The Urbana Free Library,serious,nested-interactive,Ensure interactive controls are not nested as they are not always announced by screen readers or can cause focus problems for assistive technologies,Interactive controls must not be nested,https://dequeuniversity.com/rules/axe/4.10/nested-interactive?application=playwright,"<div class=""c-accordion__heading"" role=""tab"">"
20,https://cucatalog.org/polaris/view.aspx?CN=2645261,The Urbana Free Library,serious,nested-interactive,Ensure interactive controls are not nested as they are not always announced by screen readers or can cause focus problems for assistive technologies,Interactive controls must not be nested,https://dequeuniversity.com/rules/axe/4.10/nested-interactive?application=playwright,"<div class=""c-accordion__heading"" role=""tab"">"
20,https://cucatalog.org/polaris/view.aspx?CN=2645261,The Urbana Free Library,serious,nested-interactive,Ensure interactive controls are not nested as they are not always announced by screen readers or can cause focus problems for assistive technologies,Interactive controls must not be nested,https://dequeuniversity.com/rules/axe/4.10/nested-interactive?application=playwright,"<div class=""c-accordion__heading"" role=""tab"">"
20,https://cucatalog.org/polaris/view.aspx?CN=2645261,The Urbana Free Library,serious,nested-interactive,Ensure interactive controls are not nested as they are not always announced by screen readers or can cause focus problems for assistive technologies,Interactive controls must not be nested,https://dequeuniversity.com/rules/axe/4.10/nested-interactive?application=playwright,"<div class=""c-accordion__heading"" role=""tab"">"
20,https://cucatalog.org/polaris/view.aspx?CN=2645261,The Urbana Free Library,serious,nested-interactive,Ensure interactive controls are not nested as they are not always announced by screen readers or can cause focus problems for assistive technologies,Interactive controls must not be nested,https://dequeuniversity.com/rules/axe/4.10/nested-interactive?application=playwright,"<div class=""c-accordion__heading"" role=""tab"">"
20,https://cucatalog.org/polaris/view.aspx?CN=2645261,The Urbana Free Library,moderate,page-has-heading-one,"Ensure that the page, or at least one of its frames contains a level-one heading",Page should contain a level-one heading,https://dequeuniversity.com/rules/axe/4.10/page-has-heading-one?application=playwright,"<html class=""js flexbox flexboxlegacy canvas canvastext webgl no-touch geolocation postmessage no-websqldatabase indexeddb hashchange history draganddrop websockets rgba hsla multiplebgs backgroundsize borderimage borderradius boxshadow textshadow opacity cssanimations csscolumns cssgradients cssreflections csstransforms csstransforms3d csstransitions fontface generatedcontent video audio localstorage sessionstorage webworkers no-applicationcache svg inlinesvg smil svgclippaths"" lang=""en"" style="""">"
21,https://cucatalog.org/polaris/view.aspx?CN=2638567,The Urbana Free Library,critical,aria-allowed-attr,Ensure an element's role supports its ARIA attributes,Elements must only use supported ARIA attributes,https://dequeuniversity.com/rules/axe/4.10/aria-allowed-attr?application=playwright,"<div class=""c-search-header-options__container collapse in"" id=""c-search-header__search-options"" aria-labelledby=""c-search-header__search-options"" aria-expanded=""true"" style="""">"
21,https://cucatalog.org/polaris/view.aspx?CN=2638567,The Urbana Free Library,serious,aria-hidden-focus,Ensure aria-hidden elements are not focusable nor contain focusable elements,ARIA hidden element must not be focusable or contain focusable elements,https://dequeuniversity.com/rules/axe/4.10/aria-hidden-focus?application=playwright,"<a id=""__pos-1"" href=""#"" aria-hidden=""true"" aria-label=""Search Result""></a>"
21,https://cucatalog.org/polaris/view.aspx?CN=2638567,The Urbana Free Library,critical,aria-required-attr,Ensure elements with ARIA roles have all required ARIA attributes,Required ARIA attributes must be provided,https://dequeuniversity.com/rules/axe/4.10/aria-required-attr?application=playwright,"<select name=""ctl00$BodyMainContent$ctrlSearchBars$searchbarKeyword$dropdownSearchBy"" id=""dropdownSearchBy"" class=""SearchByList c-search-header__dropdown c-search-header__box--height"" aria-labelledby=""dropdownSearchByLabel"" role=""combobox"">"
21,https://cucatalog.org/polaris/view.aspx?CN=2638567,The Urbana Free Library,critical,aria-required-attr,Ensure elements with ARIA roles have all required ARIA attributes,Required ARIA attributes must be provided,https://dequeuniversity.com/rules/axe/4.10/aria-required-attr?application=playwright,"<select name=""ctl00$BodyMainContent$ctrlSearchBars$searchbarKeyword$dropdownLimitFilter"" id=""dropdownLimitFilter"" class=""c-search-header__dropdown c-search-header__box--height"" aria-labelledby=""dropdownLimitFilterLabel"" role=""combobox"" onchange=""javascript: AddDefaultTermAndHighlight('textboxTerm'); CheckDetailedMaterial();"">"
21,https://cucatalog.org/polaris/view.aspx?CN=2638567,The Urbana Free Library,critical,aria-required-children,Ensure elements with an ARIA role that require child roles contain them,Certain ARIA roles must contain particular children,https://dequeuniversity.com/rules/axe/4.10/aria-required-children?application=playwright,"<div class=""c-accordion-lvl2"" role=""tablist"" aria-multiselectable=""true"">"
21,https://cucatalog.org/polaris/view.aspx?CN=2638567,The Urbana Free Library,critical,aria-required-children,Ensure elements with an ARIA role that require child roles contain them,Certain ARIA roles must contain particular children,https://dequeuniversity.com/rules/axe/4.10/aria-required-children?application=playwright,"<div class=""c-accordion-lvl2__heading"" role=""tablist"">"
21,https://cucatalog.org/polaris/view.aspx?CN=2638567,The Urbana Free Library,critical,aria-required-parent,Ensure elements with an ARIA role that require parent roles are contained by them,Certain ARIA roles must be contained by particular parents,https://dequeuniversity.com/rules/axe/4.10/aria-required-parent?application=playwright,"<div class=""c-accordion__heading"" role=""tab"">"
21,https://cucatalog.org/polaris/view.aspx?CN=2638567,The Urbana Free Library,critical,aria-required-parent,Ensure elements with an ARIA role that require parent roles are contained by them,Certain ARIA roles must be contained by particular parents,https://dequeuniversity.com/rules/axe/4.10/aria-required-parent?application=playwright,"<div class=""c-accordion__heading"" role=""tab"">"
21,https://cucatalog.org/polaris/view.aspx?CN=2638567,The Urbana Free Library,critical,aria-required-parent,Ensure elements with an ARIA role that require parent roles are contained by them,Certain ARIA roles must be contained by particular parents,https://dequeuniversity.com/rules/axe/4.10/aria-required-parent?application=playwright,"<div class=""c-accordion__heading"" role=""tab"">"
21,https://cucatalog.org/polaris/view.aspx?CN=2638567,The Urbana Free Library,critical,aria-required-parent,Ensure elements with an ARIA role that require parent roles are contained by them,Certain ARIA roles must be contained by particular parents,https://dequeuniversity.com/rules/axe/4.10/aria-required-parent?application=playwright,"<div class=""c-accordion__heading"" role=""tab"">"
21,https://cucatalog.org/polaris/view.aspx?CN=2638567,The Urbana Free Library,critical,aria-required-parent,Ensure elements with an ARIA role that require parent roles are contained by them,Certain ARIA roles must be contained by particular parents,https://dequeuniversity.com/rules/axe/4.10/aria-required-parent?application=playwright,"<div class=""c-accordion__heading"" role=""tab"">"
21,https://cucatalog.org/polaris/view.aspx?CN=2638567,The Urbana Free Library,critical,aria-required-parent,Ensure elements with an ARIA role that require parent roles are contained by them,Certain ARIA roles must be contained by particular parents,https://dequeuniversity.com/rules/axe/4.10/aria-required-parent?application=playwright,"<div class=""c-accordion__heading"" role=""tab"">"
21,https://cucatalog.org/polaris/view.aspx?CN=2638567,The Urbana Free Library,critical,aria-required-parent,Ensure elements with an ARIA role that require parent roles are contained by them,Certain ARIA roles must be contained by particular parents,https://dequeuniversity.com/rules/axe/4.10/aria-required-parent?application=playwright,"<div class=""c-accordion__heading"" role=""tab"">"
21,https://cucatalog.org/polaris/view.aspx?CN=2638567,The Urbana Free Library,critical,aria-required-parent,Ensure elements with an ARIA role that require parent roles are contained by them,Certain ARIA roles must be contained by particular parents,https://dequeuniversity.com/rules/axe/4.10/aria-required-parent?application=playwright,"<div class=""c-accordion__heading"" role=""tab"">"
21,https://cucatalog.org/polaris/view.aspx?CN=2638567,The Urbana Free Library,critical,aria-required-parent,Ensure elements with an ARIA role that require parent roles are contained by them,Certain ARIA roles must be contained by particular parents,https://dequeuniversity.com/rules/axe/4.10/aria-required-parent?application=playwright,"<div class=""c-accordion__heading"" role=""tab"">"
21,https://cucatalog.org/polaris/view.aspx?CN=2638567,The Urbana Free Library,moderate,landmark-banner-is-top-level,Ensure the banner landmark is at top level,Banner landmark should not be contained in another landmark,https://dequeuniversity.com/rules/axe/4.10/landmark-banner-is-top-level?application=playwright,"<header class=""nav-panel__header"">"
21,https://cucatalog.org/polaris/view.aspx?CN=2638567,The Urbana Free Library,moderate,landmark-banner-is-top-level,Ensure the banner landmark is at top level,Banner landmark should not be contained in another landmark,https://dequeuniversity.com/rules/axe/4.10/landmark-banner-is-top-level?application=playwright,"<header class=""nav-panel__header"">"
21,https://cucatalog.org/polaris/view.aspx?CN=2638567,The Urbana Free Library,moderate,landmark-main-is-top-level,Ensure the main landmark is at top level,Main landmark should not be contained in another landmark,https://dequeuniversity.com/rules/axe/4.10/landmark-main-is-top-level?application=playwright,"<main class=""site-footer__main"">"
21,https://cucatalog.org/polaris/view.aspx?CN=2638567,The Urbana Free Library,moderate,landmark-no-duplicate-banner,Ensure the document has at most one banner landmark,Document should not have more than one banner landmark,https://dequeuniversity.com/rules/axe/4.10/landmark-no-duplicate-banner?application=playwright,"<header class=""site-header"">"
21,https://cucatalog.org/polaris/view.aspx?CN=2638567,The Urbana Free Library,moderate,landmark-no-duplicate-main,Ensure the document has at most one main landmark,Document should not have more than one main landmark,https://dequeuniversity.com/rules/axe/4.10/landmark-no-duplicate-main?application=playwright,"<main class=""site-main"" id=""content"">"
21,https://cucatalog.org/polaris/view.aspx?CN=2638567,The Urbana Free Library,moderate,landmark-unique,Ensure landmarks are unique,Landmarks should have a unique role or role/label/title (i.e. accessible name) combination,https://dequeuniversity.com/rules/axe/4.10/landmark-unique?application=playwright,"<header class=""site-header"">"
21,https://cucatalog.org/polaris/view.aspx?CN=2638567,The Urbana Free Library,moderate,landmark-unique,Ensure landmarks are unique,Landmarks should have a unique role or role/label/title (i.e. accessible name) combination,https://dequeuniversity.com/rules/axe/4.10/landmark-unique?application=playwright,"<nav class=""nav-panel__top-nav top-nav top-nav--split-header navbar-collapse"" role=""navigation"">"
21,https://cucatalog.org/polaris/view.aspx?CN=2638567,The Urbana Free Library,moderate,landmark-unique,Ensure landmarks are unique,Landmarks should have a unique role or role/label/title (i.e. accessible name) combination,https://dequeuniversity.com/rules/axe/4.10/landmark-unique?application=playwright,"<main class=""site-main"" id=""content"">"
21,https://cucatalog.org/polaris/view.aspx?CN=2638567,The Urbana Free Library,serious,link-name,Ensure links have discernible text,Links must have discernible text,https://dequeuniversity.com/rules/axe/4.10/link-name?application=playwright,"<a id=""c-accordion-lvl2__title_relatedsearch-2"" class=""c-accordion-lvl2__title-link "" role=""button"" aria-expanded=""true"" aria-controls=""rs-2"" data-toggle=""collapse"" onclick=""javascript:InvokeRSD('collapse', 2)"" href=""#rs-2"">    
                                </a>"
21,https://cucatalog.org/polaris/view.aspx?CN=2638567,The Urbana Free Library,serious,link-name,Ensure links have discernible text,Links must have discernible text,https://dequeuniversity.com/rules/axe/4.10/link-name?application=playwright,"<a id=""c-accordion-lvl2__title_relatedsearch-2"" class=""c-accordion-lvl2__title-link "" role=""button"" aria-expanded=""true"" aria-controls=""rs-2"" data-toggle=""collapse"" onclick=""javascript:InvokeRSD('collapse', 2)"" href=""#rs-2"">"
21,https://cucatalog.org/polaris/view.aspx?CN=2638567,The Urbana Free Library,serious,link-name,Ensure links have discernible text,Links must have discernible text,https://dequeuniversity.com/rules/axe/4.10/link-name?application=playwright,"<a id=""c-accordion-lvl2__title_relatedsearch-2"" class=""c-accordion-lvl2__title-link "" role=""button"" aria-expanded=""true"" aria-controls=""rs-2"" data-toggle=""collapse"" onclick=""javascript:InvokeRSD('collapse', 2)"" href=""#rs-2"">
                                        </a>"
21,https://cucatalog.org/polaris/view.aspx?CN=2638567,The Urbana Free Library,serious,link-name,Ensure links have discernible text,Links must have discernible text,https://dequeuniversity.com/rules/axe/4.10/link-name?application=playwright,"<a id=""c-accordion-lvl2__title_relatedsearch-2"" class=""c-accordion-lvl2__title-link "" role=""button"" aria-expanded=""true"" aria-controls=""rs-2"" data-toggle=""collapse"" onclick=""javascript:InvokeRSD('collapse', 2)"" href=""#rs-2"">
								            </a>"
21,https://cucatalog.org/polaris/view.aspx?CN=2638567,The Urbana Free Library,serious,link-name,Ensure links have discernible text,Links must have discernible text,https://dequeuniversity.com/rules/axe/4.10/link-name?application=playwright,"<a id=""c-accordion-lvl2__title_relatedsearch-2"" class=""c-accordion-lvl2__title-link "" role=""button"" aria-expanded=""true"" aria-controls=""rs-2"" data-toggle=""collapse"" onclick=""javascript:InvokeRSD('collapse', 2)"" href=""#rs-2"">  
									            
											            </a>"
21,https://cucatalog.org/polaris/view.aspx?CN=2638567,The Urbana Free Library,serious,link-name,Ensure links have discernible text,Links must have discernible text,https://dequeuniversity.com/rules/axe/4.10/link-name?application=playwright,"<a id=""c-accordion-lvl2__title_relatedsearch-2"" class=""c-accordion-lvl2__title-link "" role=""button"" aria-expanded=""true"" aria-controls=""rs-2"" data-toggle=""collapse"" onclick=""javascript:InvokeRSD('collapse', 2)"" href=""#rs-2"">  
                                                            </a>"
21,https://cucatalog.org/polaris/view.aspx?CN=2638567,The Urbana Free Library,serious,link-name,Ensure links have discernible text,Links must have discernible text,https://dequeuniversity.com/rules/axe/4.10/link-name?application=playwright,"<a id=""c-accordion-lvl2__title_relatedsearch-3"" class=""c-accordion-lvl2__title-link "" role=""button"" aria-expanded=""true"" aria-controls=""rs-3"" data-toggle=""collapse"" onclick=""javascript:InvokeRSD('collapse', 3)"" href=""#rs-3"">    
                                </a>"
21,https://cucatalog.org/polaris/view.aspx?CN=2638567,The Urbana Free Library,serious,link-name,Ensure links have discernible text,Links must have discernible text,https://dequeuniversity.com/rules/axe/4.10/link-name?application=playwright,"<a id=""c-accordion-lvl2__title_relatedsearch-3"" class=""c-accordion-lvl2__title-link "" role=""button"" aria-expanded=""true"" aria-controls=""rs-3"" data-toggle=""collapse"" onclick=""javascript:InvokeRSD('collapse', 3)"" href=""#rs-3"">"
21,https://cucatalog.org/polaris/view.aspx?CN=2638567,The Urbana Free Library,serious,link-name,Ensure links have discernible text,Links must have discernible text,https://dequeuniversity.com/rules/axe/4.10/link-name?application=playwright,"<a id=""c-accordion-lvl2__title_relatedsearch-3"" class=""c-accordion-lvl2__title-link "" role=""button"" aria-expanded=""true"" aria-controls=""rs-3"" data-toggle=""collapse"" onclick=""javascript:InvokeRSD('collapse', 3)"" href=""#rs-3"">
                                        </a>"
21,https://cucatalog.org/polaris/view.aspx?CN=2638567,The Urbana Free Library,serious,link-name,Ensure links have discernible text,Links must have discernible text,https://dequeuniversity.com/rules/axe/4.10/link-name?application=playwright,"<a id=""c-accordion-lvl2__title_relatedsearch-3"" class=""c-accordion-lvl2__title-link "" role=""button"" aria-expanded=""true"" aria-controls=""rs-3"" data-toggle=""collapse"" onclick=""javascript:InvokeRSD('collapse', 3)"" href=""#rs-3"">
								            </a>"
21,https://cucatalog.org/polaris/view.aspx?CN=2638567,The Urbana Free Library,serious,link-name,Ensure links have discernible text,Links must have discernible text,https://dequeuniversity.com/rules/axe/4.10/link-name?application=playwright,"<a id=""c-accordion-lvl2__title_relatedsearch-3"" class=""c-accordion-lvl2__title-link "" role=""button"" aria-expanded=""true"" aria-controls=""rs-3"" data-toggle=""collapse"" onclick=""javascript:InvokeRSD('collapse', 3)"" href=""#rs-3"">  
									            
											            </a>"
21,https://cucatalog.org/polaris/view.aspx?CN=2638567,The Urbana Free Library,serious,link-name,Ensure links have discernible text,Links must have discernible text,https://dequeuniversity.com/rules/axe/4.10/link-name?application=playwright,"<a id=""c-accordion-lvl2__title_relatedsearch-3"" class=""c-accordion-lvl2__title-link "" role=""button"" aria-expanded=""true"" aria-controls=""rs-3"" data-toggle=""collapse"" onclick=""javascript:InvokeRSD('collapse', 3)"" href=""#rs-3"">  
                                                            </a>"
21,https://cucatalog.org/polaris/view.aspx?CN=2638567,The Urbana Free Library,serious,list,Ensure that lists are structured correctly,"<ul> and <ol> must only directly contain <li>, <script> or <template> elements",https://dequeuniversity.com/rules/axe/4.10/list?application=playwright,"<ul id=""c-title-detail__button-list-"" class=""c-title-detail-actions__list"" data-item-pos=""1"" data-item-page=""0"">"
21,https://cucatalog.org/polaris/view.aspx?CN=2638567,The Urbana Free Library,serious,list,Ensure that lists are structured correctly,"<ul> and <ol> must only directly contain <li>, <script> or <template> elements",https://dequeuniversity.com/rules/axe/4.10/list?application=playwright,"<ul class="" c-accordion__list c-accordion__list--show-bullets"">"
21,https://cucatalog.org/polaris/view.aspx?CN=2638567,The Urbana Free Library,serious,list,Ensure that lists are structured correctly,"<ul> and <ol> must only directly contain <li>, <script> or <template> elements",https://dequeuniversity.com/rules/axe/4.10/list?application=playwright,"<ul class="" c-accordion__list c-accordion__list--show-bullets"">"
21,https://cucatalog.org/polaris/view.aspx?CN=2638567,The Urbana Free Library,serious,listitem,Ensure <li> elements are used semantically,<li> elements must be contained in a <ul> or <ol>,https://dequeuniversity.com/rules/axe/4.10/listitem?application=playwright,"<li class=""nav__nav expandable-block-nav"">"
21,https://cucatalog.org/polaris/view.aspx?CN=2638567,The Urbana Free Library,serious,nested-interactive,Ensure interactive controls are not nested as they are not always announced by screen readers or can cause focus problems for assistive technologies,Interactive controls must not be nested,https://dequeuniversity.com/rules/axe/4.10/nested-interactive?application=playwright,"<div class=""c-accordion__heading"" role=""tab"">"
21,https://cucatalog.org/polaris/view.aspx?CN=2638567,The Urbana Free Library,serious,nested-interactive,Ensure interactive controls are not nested as they are not always announced by screen readers or can cause focus problems for assistive technologies,Interactive controls must not be nested,https://dequeuniversity.com/rules/axe/4.10/nested-interactive?application=playwright,"<div class=""c-accordion-lvl2__heading"" role=""tab"">"
21,https://cucatalog.org/polaris/view.aspx?CN=2638567,The Urbana Free Library,serious,nested-interactive,Ensure interactive controls are not nested as they are not always announced by screen readers or can cause focus problems for assistive technologies,Interactive controls must not be nested,https://dequeuniversity.com/rules/axe/4.10/nested-interactive?application=playwright,"<div class=""c-accordion-lvl2__heading"" role=""tab"">"
21,https://cucatalog.org/polaris/view.aspx?CN=2638567,The Urbana Free Library,serious,nested-interactive,Ensure interactive controls are not nested as they are not always announced by screen readers or can cause focus problems for assistive technologies,Interactive controls must not be nested,https://dequeuniversity.com/rules/axe/4.10/nested-interactive?application=playwright,"<div class=""c-accordion-lvl2__heading"" role=""tab"">"
21,https://cucatalog.org/polaris/view.aspx?CN=2638567,The Urbana Free Library,serious,nested-interactive,Ensure interactive controls are not nested as they are not always announced by screen readers or can cause focus problems for assistive technologies,Interactive controls must not be nested,https://dequeuniversity.com/rules/axe/4.10/nested-interactive?application=playwright,"<div class=""c-accordion__heading"" role=""tab"">"
21,https://cucatalog.org/polaris/view.aspx?CN=2638567,The Urbana Free Library,serious,nested-interactive,Ensure interactive controls are not nested as they are not always announced by screen readers or can cause focus problems for assistive technologies,Interactive controls must not be nested,https://dequeuniversity.com/rules/axe/4.10/nested-interactive?application=playwright,"<div class=""c-accordion__heading"" role=""tab"">"
21,https://cucatalog.org/polaris/view.aspx?CN=2638567,The Urbana Free Library,serious,nested-interactive,Ensure interactive controls are not nested as they are not always announced by screen readers or can cause focus problems for assistive technologies,Interactive controls must not be nested,https://dequeuniversity.com/rules/axe/4.10/nested-interactive?application=playwright,"<div class=""c-accordion__heading"" role=""tab"">"
21,https://cucatalog.org/polaris/view.aspx?CN=2638567,The Urbana Free Library,serious,nested-interactive,Ensure interactive controls are not nested as they are not always announced by screen readers or can cause focus problems for assistive technologies,Interactive controls must not be nested,https://dequeuniversity.com/rules/axe/4.10/nested-interactive?application=playwright,"<div class=""c-accordion__heading"" role=""tab"">"
21,https://cucatalog.org/polaris/view.aspx?CN=2638567,The Urbana Free Library,serious,nested-interactive,Ensure interactive controls are not nested as they are not always announced by screen readers or can cause focus problems for assistive technologies,Interactive controls must not be nested,https://dequeuniversity.com/rules/axe/4.10/nested-interactive?application=playwright,"<div class=""c-accordion__heading"" role=""tab"">"
21,https://cucatalog.org/polaris/view.aspx?CN=2638567,The Urbana Free Library,serious,nested-interactive,Ensure interactive controls are not nested as they are not always announced by screen readers or can cause focus problems for assistive technologies,Interactive controls must not be nested,https://dequeuniversity.com/rules/axe/4.10/nested-interactive?application=playwright,"<div class=""c-accordion__heading"" role=""tab"">"
21,https://cucatalog.org/polaris/view.aspx?CN=2638567,The Urbana Free Library,serious,nested-interactive,Ensure interactive controls are not nested as they are not always announced by screen readers or can cause focus problems for assistive technologies,Interactive controls must not be nested,https://dequeuniversity.com/rules/axe/4.10/nested-interactive?application=playwright,"<div class=""c-accordion__heading"" role=""tab"">"
21,https://cucatalog.org/polaris/view.aspx?CN=2638567,The Urbana Free Library,serious,nested-interactive,Ensure interactive controls are not nested as they are not always announced by screen readers or can cause focus problems for assistive technologies,Interactive controls must not be nested,https://dequeuniversity.com/rules/axe/4.10/nested-interactive?application=playwright,"<div class=""c-accordion__heading"" role=""tab"">"
21,https://cucatalog.org/polaris/view.aspx?CN=2638567,The Urbana Free Library,moderate,page-has-heading-one,"Ensure that the page, or at least one of its frames contains a level-one heading",Page should contain a level-one heading,https://dequeuniversity.com/rules/axe/4.10/page-has-heading-one?application=playwright,"<html class=""js flexbox flexboxlegacy canvas canvastext webgl no-touch geolocation postmessage no-websqldatabase indexeddb hashchange history draganddrop websockets rgba hsla multiplebgs backgroundsize borderimage borderradius boxshadow textshadow opacity cssanimations csscolumns cssgradients cssreflections csstransforms csstransforms3d csstransitions fontface generatedcontent video audio localstorage sessionstorage webworkers no-applicationcache svg inlinesvg smil svgclippaths"" lang=""en"" style="""">"
22,https://cucatalog.org/polaris/view.aspx?CN=2607551,The Urbana Free Library,critical,aria-allowed-attr,Ensure an element's role supports its ARIA attributes,Elements must only use supported ARIA attributes,https://dequeuniversity.com/rules/axe/4.10/aria-allowed-attr?application=playwright,"<div class=""c-search-header-options__container collapse in"" id=""c-search-header__search-options"" aria-labelledby=""c-search-header__search-options"" aria-expanded=""true"" style="""">"
22,https://cucatalog.org/polaris/view.aspx?CN=2607551,The Urbana Free Library,serious,aria-hidden-focus,Ensure aria-hidden elements are not focusable nor contain focusable elements,ARIA hidden element must not be focusable or contain focusable elements,https://dequeuniversity.com/rules/axe/4.10/aria-hidden-focus?application=playwright,"<a id=""__pos-1"" href=""#"" aria-hidden=""true"" aria-label=""Search Result""></a>"
22,https://cucatalog.org/polaris/view.aspx?CN=2607551,The Urbana Free Library,critical,aria-required-attr,Ensure elements with ARIA roles have all required ARIA attributes,Required ARIA attributes must be provided,https://dequeuniversity.com/rules/axe/4.10/aria-required-attr?application=playwright,"<select name=""ctl00$BodyMainContent$ctrlSearchBars$searchbarKeyword$dropdownSearchBy"" id=""dropdownSearchBy"" class=""SearchByList c-search-header__dropdown c-search-header__box--height"" aria-labelledby=""dropdownSearchByLabel"" role=""combobox"">"
22,https://cucatalog.org/polaris/view.aspx?CN=2607551,The Urbana Free Library,critical,aria-required-attr,Ensure elements with ARIA roles have all required ARIA attributes,Required ARIA attributes must be provided,https://dequeuniversity.com/rules/axe/4.10/aria-required-attr?application=playwright,"<select name=""ctl00$BodyMainContent$ctrlSearchBars$searchbarKeyword$dropdownLimitFilter"" id=""dropdownLimitFilter"" class=""c-search-header__dropdown c-search-header__box--height"" aria-labelledby=""dropdownLimitFilterLabel"" role=""combobox"" onchange=""javascript: AddDefaultTermAndHighlight('textboxTerm'); CheckDetailedMaterial();"">"
22,https://cucatalog.org/polaris/view.aspx?CN=2607551,The Urbana Free Library,critical,aria-required-children,Ensure elements with an ARIA role that require child roles contain them,Certain ARIA roles must contain particular children,https://dequeuniversity.com/rules/axe/4.10/aria-required-children?application=playwright,"<div class=""c-accordion-lvl2"" role=""tablist"" aria-multiselectable=""true"">"
22,https://cucatalog.org/polaris/view.aspx?CN=2607551,The Urbana Free Library,critical,aria-required-children,Ensure elements with an ARIA role that require child roles contain them,Certain ARIA roles must contain particular children,https://dequeuniversity.com/rules/axe/4.10/aria-required-children?application=playwright,"<div class=""c-accordion-lvl2__heading"" role=""tablist"">"
22,https://cucatalog.org/polaris/view.aspx?CN=2607551,The Urbana Free Library,critical,aria-required-parent,Ensure elements with an ARIA role that require parent roles are contained by them,Certain ARIA roles must be contained by particular parents,https://dequeuniversity.com/rules/axe/4.10/aria-required-parent?application=playwright,"<div class=""c-accordion__heading"" role=""tab"">"
22,https://cucatalog.org/polaris/view.aspx?CN=2607551,The Urbana Free Library,critical,aria-required-parent,Ensure elements with an ARIA role that require parent roles are contained by them,Certain ARIA roles must be contained by particular parents,https://dequeuniversity.com/rules/axe/4.10/aria-required-parent?application=playwright,"<div class=""c-accordion__heading"" role=""tab"">"
22,https://cucatalog.org/polaris/view.aspx?CN=2607551,The Urbana Free Library,critical,aria-required-parent,Ensure elements with an ARIA role that require parent roles are contained by them,Certain ARIA roles must be contained by particular parents,https://dequeuniversity.com/rules/axe/4.10/aria-required-parent?application=playwright,"<div class=""c-accordion__heading"" role=""tab"">"
22,https://cucatalog.org/polaris/view.aspx?CN=2607551,The Urbana Free Library,critical,aria-required-parent,Ensure elements with an ARIA role that require parent roles are contained by them,Certain ARIA roles must be contained by particular parents,https://dequeuniversity.com/rules/axe/4.10/aria-required-parent?application=playwright,"<div class=""c-accordion__heading"" role=""tab"">"
22,https://cucatalog.org/polaris/view.aspx?CN=2607551,The Urbana Free Library,critical,aria-required-parent,Ensure elements with an ARIA role that require parent roles are contained by them,Certain ARIA roles must be contained by particular parents,https://dequeuniversity.com/rules/axe/4.10/aria-required-parent?application=playwright,"<div class=""c-accordion__heading"" role=""tab"">"
22,https://cucatalog.org/polaris/view.aspx?CN=2607551,The Urbana Free Library,critical,aria-required-parent,Ensure elements with an ARIA role that require parent roles are contained by them,Certain ARIA roles must be contained by particular parents,https://dequeuniversity.com/rules/axe/4.10/aria-required-parent?application=playwright,"<div class=""c-accordion__heading"" role=""tab"">"
22,https://cucatalog.org/polaris/view.aspx?CN=2607551,The Urbana Free Library,critical,aria-required-parent,Ensure elements with an ARIA role that require parent roles are contained by them,Certain ARIA roles must be contained by particular parents,https://dequeuniversity.com/rules/axe/4.10/aria-required-parent?application=playwright,"<div class=""c-accordion__heading"" role=""tab"">"
22,https://cucatalog.org/polaris/view.aspx?CN=2607551,The Urbana Free Library,critical,aria-required-parent,Ensure elements with an ARIA role that require parent roles are contained by them,Certain ARIA roles must be contained by particular parents,https://dequeuniversity.com/rules/axe/4.10/aria-required-parent?application=playwright,"<div class=""c-accordion__heading"" role=""tab"">"
22,https://cucatalog.org/polaris/view.aspx?CN=2607551,The Urbana Free Library,critical,aria-required-parent,Ensure elements with an ARIA role that require parent roles are contained by them,Certain ARIA roles must be contained by particular parents,https://dequeuniversity.com/rules/axe/4.10/aria-required-parent?application=playwright,"<div class=""c-accordion__heading"" role=""tab"">"
22,https://cucatalog.org/polaris/view.aspx?CN=2607551,The Urbana Free Library,moderate,landmark-banner-is-top-level,Ensure the banner landmark is at top level,Banner landmark should not be contained in another landmark,https://dequeuniversity.com/rules/axe/4.10/landmark-banner-is-top-level?application=playwright,"<header class=""nav-panel__header"">"
22,https://cucatalog.org/polaris/view.aspx?CN=2607551,The Urbana Free Library,moderate,landmark-banner-is-top-level,Ensure the banner landmark is at top level,Banner landmark should not be contained in another landmark,https://dequeuniversity.com/rules/axe/4.10/landmark-banner-is-top-level?application=playwright,"<header class=""nav-panel__header"">"
22,https://cucatalog.org/polaris/view.aspx?CN=2607551,The Urbana Free Library,moderate,landmark-main-is-top-level,Ensure the main landmark is at top level,Main landmark should not be contained in another landmark,https://dequeuniversity.com/rules/axe/4.10/landmark-main-is-top-level?application=playwright,"<main class=""site-footer__main"">"
22,https://cucatalog.org/polaris/view.aspx?CN=2607551,The Urbana Free Library,moderate,landmark-no-duplicate-banner,Ensure the document has at most one banner landmark,Document should not have more than one banner landmark,https://dequeuniversity.com/rules/axe/4.10/landmark-no-duplicate-banner?application=playwright,"<header class=""site-header"">"
22,https://cucatalog.org/polaris/view.aspx?CN=2607551,The Urbana Free Library,moderate,landmark-no-duplicate-main,Ensure the document has at most one main landmark,Document should not have more than one main landmark,https://dequeuniversity.com/rules/axe/4.10/landmark-no-duplicate-main?application=playwright,"<main class=""site-main"" id=""content"">"
22,https://cucatalog.org/polaris/view.aspx?CN=2607551,The Urbana Free Library,moderate,landmark-unique,Ensure landmarks are unique,Landmarks should have a unique role or role/label/title (i.e. accessible name) combination,https://dequeuniversity.com/rules/axe/4.10/landmark-unique?application=playwright,"<header class=""site-header"">"
22,https://cucatalog.org/polaris/view.aspx?CN=2607551,The Urbana Free Library,moderate,landmark-unique,Ensure landmarks are unique,Landmarks should have a unique role or role/label/title (i.e. accessible name) combination,https://dequeuniversity.com/rules/axe/4.10/landmark-unique?application=playwright,"<nav class=""nav-panel__top-nav top-nav top-nav--split-header navbar-collapse"" role=""navigation"">"
22,https://cucatalog.org/polaris/view.aspx?CN=2607551,The Urbana Free Library,moderate,landmark-unique,Ensure landmarks are unique,Landmarks should have a unique role or role/label/title (i.e. accessible name) combination,https://dequeuniversity.com/rules/axe/4.10/landmark-unique?application=playwright,"<main class=""site-main"" id=""content"">"
22,https://cucatalog.org/polaris/view.aspx?CN=2607551,The Urbana Free Library,serious,link-name,Ensure links have discernible text,Links must have discernible text,https://dequeuniversity.com/rules/axe/4.10/link-name?application=playwright,"<a id=""c-accordion-lvl2__title_relatedsearch-2"" class=""c-accordion-lvl2__title-link "" role=""button"" aria-expanded=""true"" aria-controls=""rs-2"" data-toggle=""collapse"" onclick=""javascript:InvokeRSD('collapse', 2)"" href=""#rs-2"">    
                                </a>"
22,https://cucatalog.org/polaris/view.aspx?CN=2607551,The Urbana Free Library,serious,link-name,Ensure links have discernible text,Links must have discernible text,https://dequeuniversity.com/rules/axe/4.10/link-name?application=playwright,"<a id=""c-accordion-lvl2__title_relatedsearch-2"" class=""c-accordion-lvl2__title-link "" role=""button"" aria-expanded=""true"" aria-controls=""rs-2"" data-toggle=""collapse"" onclick=""javascript:InvokeRSD('collapse', 2)"" href=""#rs-2"">"
22,https://cucatalog.org/polaris/view.aspx?CN=2607551,The Urbana Free Library,serious,link-name,Ensure links have discernible text,Links must have discernible text,https://dequeuniversity.com/rules/axe/4.10/link-name?application=playwright,"<a id=""c-accordion-lvl2__title_relatedsearch-2"" class=""c-accordion-lvl2__title-link "" role=""button"" aria-expanded=""true"" aria-controls=""rs-2"" data-toggle=""collapse"" onclick=""javascript:InvokeRSD('collapse', 2)"" href=""#rs-2"">
                                        </a>"
22,https://cucatalog.org/polaris/view.aspx?CN=2607551,The Urbana Free Library,serious,link-name,Ensure links have discernible text,Links must have discernible text,https://dequeuniversity.com/rules/axe/4.10/link-name?application=playwright,"<a id=""c-accordion-lvl2__title_relatedsearch-2"" class=""c-accordion-lvl2__title-link "" role=""button"" aria-expanded=""true"" aria-controls=""rs-2"" data-toggle=""collapse"" onclick=""javascript:InvokeRSD('collapse', 2)"" href=""#rs-2"">
								            </a>"
22,https://cucatalog.org/polaris/view.aspx?CN=2607551,The Urbana Free Library,serious,link-name,Ensure links have discernible text,Links must have discernible text,https://dequeuniversity.com/rules/axe/4.10/link-name?application=playwright,"<a id=""c-accordion-lvl2__title_relatedsearch-2"" class=""c-accordion-lvl2__title-link "" role=""button"" aria-expanded=""true"" aria-controls=""rs-2"" data-toggle=""collapse"" onclick=""javascript:InvokeRSD('collapse', 2)"" href=""#rs-2"">  
									            
											            </a>"
22,https://cucatalog.org/polaris/view.aspx?CN=2607551,The Urbana Free Library,serious,link-name,Ensure links have discernible text,Links must have discernible text,https://dequeuniversity.com/rules/axe/4.10/link-name?application=playwright,"<a id=""c-accordion-lvl2__title_relatedsearch-2"" class=""c-accordion-lvl2__title-link "" role=""button"" aria-expanded=""true"" aria-controls=""rs-2"" data-toggle=""collapse"" onclick=""javascript:InvokeRSD('collapse', 2)"" href=""#rs-2"">  
                                                            </a>"
22,https://cucatalog.org/polaris/view.aspx?CN=2607551,The Urbana Free Library,serious,link-name,Ensure links have discernible text,Links must have discernible text,https://dequeuniversity.com/rules/axe/4.10/link-name?application=playwright,"<a id=""c-accordion-lvl2__title_relatedsearch-3"" class=""c-accordion-lvl2__title-link "" role=""button"" aria-expanded=""true"" aria-controls=""rs-3"" data-toggle=""collapse"" onclick=""javascript:InvokeRSD('collapse', 3)"" href=""#rs-3"">    
                                </a>"
22,https://cucatalog.org/polaris/view.aspx?CN=2607551,The Urbana Free Library,serious,link-name,Ensure links have discernible text,Links must have discernible text,https://dequeuniversity.com/rules/axe/4.10/link-name?application=playwright,"<a id=""c-accordion-lvl2__title_relatedsearch-3"" class=""c-accordion-lvl2__title-link "" role=""button"" aria-expanded=""true"" aria-controls=""rs-3"" data-toggle=""collapse"" onclick=""javascript:InvokeRSD('collapse', 3)"" href=""#rs-3"">"
22,https://cucatalog.org/polaris/view.aspx?CN=2607551,The Urbana Free Library,serious,link-name,Ensure links have discernible text,Links must have discernible text,https://dequeuniversity.com/rules/axe/4.10/link-name?application=playwright,"<a id=""c-accordion-lvl2__title_relatedsearch-3"" class=""c-accordion-lvl2__title-link "" role=""button"" aria-expanded=""true"" aria-controls=""rs-3"" data-toggle=""collapse"" onclick=""javascript:InvokeRSD('collapse', 3)"" href=""#rs-3"">
                                        </a>"
22,https://cucatalog.org/polaris/view.aspx?CN=2607551,The Urbana Free Library,serious,link-name,Ensure links have discernible text,Links must have discernible text,https://dequeuniversity.com/rules/axe/4.10/link-name?application=playwright,"<a id=""c-accordion-lvl2__title_relatedsearch-3"" class=""c-accordion-lvl2__title-link "" role=""button"" aria-expanded=""true"" aria-controls=""rs-3"" data-toggle=""collapse"" onclick=""javascript:InvokeRSD('collapse', 3)"" href=""#rs-3"">
								            </a>"
22,https://cucatalog.org/polaris/view.aspx?CN=2607551,The Urbana Free Library,serious,link-name,Ensure links have discernible text,Links must have discernible text,https://dequeuniversity.com/rules/axe/4.10/link-name?application=playwright,"<a id=""c-accordion-lvl2__title_relatedsearch-3"" class=""c-accordion-lvl2__title-link "" role=""button"" aria-expanded=""true"" aria-controls=""rs-3"" data-toggle=""collapse"" onclick=""javascript:InvokeRSD('collapse', 3)"" href=""#rs-3"">  
									            
											            </a>"
22,https://cucatalog.org/polaris/view.aspx?CN=2607551,The Urbana Free Library,serious,link-name,Ensure links have discernible text,Links must have discernible text,https://dequeuniversity.com/rules/axe/4.10/link-name?application=playwright,"<a id=""c-accordion-lvl2__title_relatedsearch-3"" class=""c-accordion-lvl2__title-link "" role=""button"" aria-expanded=""true"" aria-controls=""rs-3"" data-toggle=""collapse"" onclick=""javascript:InvokeRSD('collapse', 3)"" href=""#rs-3"">  
                                                            </a>"
22,https://cucatalog.org/polaris/view.aspx?CN=2607551,The Urbana Free Library,serious,list,Ensure that lists are structured correctly,"<ul> and <ol> must only directly contain <li>, <script> or <template> elements",https://dequeuniversity.com/rules/axe/4.10/list?application=playwright,"<ul id=""c-title-detail__button-list-"" class=""c-title-detail-actions__list"" data-item-pos=""1"" data-item-page=""0"">"
22,https://cucatalog.org/polaris/view.aspx?CN=2607551,The Urbana Free Library,serious,list,Ensure that lists are structured correctly,"<ul> and <ol> must only directly contain <li>, <script> or <template> elements",https://dequeuniversity.com/rules/axe/4.10/list?application=playwright,"<ul class="" c-accordion__list c-accordion__list--show-bullets"">"
22,https://cucatalog.org/polaris/view.aspx?CN=2607551,The Urbana Free Library,serious,list,Ensure that lists are structured correctly,"<ul> and <ol> must only directly contain <li>, <script> or <template> elements",https://dequeuniversity.com/rules/axe/4.10/list?application=playwright,"<ul class="" c-accordion__list c-accordion__list--show-bullets"">"
22,https://cucatalog.org/polaris/view.aspx?CN=2607551,The Urbana Free Library,serious,listitem,Ensure <li> elements are used semantically,<li> elements must be contained in a <ul> or <ol>,https://dequeuniversity.com/rules/axe/4.10/listitem?application=playwright,"<li class=""nav__nav expandable-block-nav"">"
22,https://cucatalog.org/polaris/view.aspx?CN=2607551,The Urbana Free Library,serious,nested-interactive,Ensure interactive controls are not nested as they are not always announced by screen readers or can cause focus problems for assistive technologies,Interactive controls must not be nested,https://dequeuniversity.com/rules/axe/4.10/nested-interactive?application=playwright,"<div class=""c-accordion__heading"" role=""tab"">"
22,https://cucatalog.org/polaris/view.aspx?CN=2607551,The Urbana Free Library,serious,nested-interactive,Ensure interactive controls are not nested as they are not always announced by screen readers or can cause focus problems for assistive technologies,Interactive controls must not be nested,https://dequeuniversity.com/rules/axe/4.10/nested-interactive?application=playwright,"<div class=""c-accordion-lvl2__heading"" role=""tab"">"
22,https://cucatalog.org/polaris/view.aspx?CN=2607551,The Urbana Free Library,serious,nested-interactive,Ensure interactive controls are not nested as they are not always announced by screen readers or can cause focus problems for assistive technologies,Interactive controls must not be nested,https://dequeuniversity.com/rules/axe/4.10/nested-interactive?application=playwright,"<div class=""c-accordion-lvl2__heading"" role=""tab"">"
22,https://cucatalog.org/polaris/view.aspx?CN=2607551,The Urbana Free Library,serious,nested-interactive,Ensure interactive controls are not nested as they are not always announced by screen readers or can cause focus problems for assistive technologies,Interactive controls must not be nested,https://dequeuniversity.com/rules/axe/4.10/nested-interactive?application=playwright,"<div class=""c-accordion-lvl2__heading"" role=""tab"">"
22,https://cucatalog.org/polaris/view.aspx?CN=2607551,The Urbana Free Library,serious,nested-interactive,Ensure interactive controls are not nested as they are not always announced by screen readers or can cause focus problems for assistive technologies,Interactive controls must not be nested,https://dequeuniversity.com/rules/axe/4.10/nested-interactive?application=playwright,"<div class=""c-accordion__heading"" role=""tab"">"
22,https://cucatalog.org/polaris/view.aspx?CN=2607551,The Urbana Free Library,serious,nested-interactive,Ensure interactive controls are not nested as they are not always announced by screen readers or can cause focus problems for assistive technologies,Interactive controls must not be nested,https://dequeuniversity.com/rules/axe/4.10/nested-interactive?application=playwright,"<div class=""c-accordion__heading"" role=""tab"">"
22,https://cucatalog.org/polaris/view.aspx?CN=2607551,The Urbana Free Library,serious,nested-interactive,Ensure interactive controls are not nested as they are not always announced by screen readers or can cause focus problems for assistive technologies,Interactive controls must not be nested,https://dequeuniversity.com/rules/axe/4.10/nested-interactive?application=playwright,"<div class=""c-accordion__heading"" role=""tab"">"
22,https://cucatalog.org/polaris/view.aspx?CN=2607551,The Urbana Free Library,serious,nested-interactive,Ensure interactive controls are not nested as they are not always announced by screen readers or can cause focus problems for assistive technologies,Interactive controls must not be nested,https://dequeuniversity.com/rules/axe/4.10/nested-interactive?application=playwright,"<div class=""c-accordion__heading"" role=""tab"">"
22,https://cucatalog.org/polaris/view.aspx?CN=2607551,The Urbana Free Library,serious,nested-interactive,Ensure interactive controls are not nested as they are not always announced by screen readers or can cause focus problems for assistive technologies,Interactive controls must not be nested,https://dequeuniversity.com/rules/axe/4.10/nested-interactive?application=playwright,"<div class=""c-accordion__heading"" role=""tab"">"
22,https://cucatalog.org/polaris/view.aspx?CN=2607551,The Urbana Free Library,serious,nested-interactive,Ensure interactive controls are not nested as they are not always announced by screen readers or can cause focus problems for assistive technologies,Interactive controls must not be nested,https://dequeuniversity.com/rules/axe/4.10/nested-interactive?application=playwright,"<div class=""c-accordion__heading"" role=""tab"">"
22,https://cucatalog.org/polaris/view.aspx?CN=2607551,The Urbana Free Library,serious,nested-interactive,Ensure interactive controls are not nested as they are not always announced by screen readers or can cause focus problems for assistive technologies,Interactive controls must not be nested,https://dequeuniversity.com/rules/axe/4.10/nested-interactive?application=playwright,"<div class=""c-accordion__heading"" role=""tab"">"
22,https://cucatalog.org/polaris/view.aspx?CN=2607551,The Urbana Free Library,serious,nested-interactive,Ensure interactive controls are not nested as they are not always announced by screen readers or can cause focus problems for assistive technologies,Interactive controls must not be nested,https://dequeuniversity.com/rules/axe/4.10/nested-interactive?application=playwright,"<div class=""c-accordion__heading"" role=""tab"">"
22,https://cucatalog.org/polaris/view.aspx?CN=2607551,The Urbana Free Library,moderate,page-has-heading-one,"Ensure that the page, or at least one of its frames contains a level-one heading",Page should contain a level-one heading,https://dequeuniversity.com/rules/axe/4.10/page-has-heading-one?application=playwright,"<html class=""js flexbox flexboxlegacy canvas canvastext webgl no-touch geolocation postmessage no-websqldatabase indexeddb hashchange history draganddrop websockets rgba hsla multiplebgs backgroundsize borderimage borderradius boxshadow textshadow opacity cssanimations csscolumns cssgradients cssreflections csstransforms csstransforms3d csstransitions fontface generatedcontent video audio localstorage sessionstorage webworkers no-applicationcache svg inlinesvg smil svgclippaths"" lang=""en"" style="""">"
23,https://cucatalog.org/polaris/view.aspx?CN=2642532,The Urbana Free Library,critical,aria-allowed-attr,Ensure an element's role supports its ARIA attributes,Elements must only use supported ARIA attributes,https://dequeuniversity.com/rules/axe/4.10/aria-allowed-attr?application=playwright,"<div class=""c-search-header-options__container collapse in"" id=""c-search-header__search-options"" aria-labelledby=""c-search-header__search-options"" aria-expanded=""true"" style="""">"
23,https://cucatalog.org/polaris/view.aspx?CN=2642532,The Urbana Free Library,serious,aria-hidden-focus,Ensure aria-hidden elements are not focusable nor contain focusable elements,ARIA hidden element must not be focusable or contain focusable elements,https://dequeuniversity.com/rules/axe/4.10/aria-hidden-focus?application=playwright,"<a id=""__pos-1"" href=""#"" aria-hidden=""true"" aria-label=""Search Result""></a>"
23,https://cucatalog.org/polaris/view.aspx?CN=2642532,The Urbana Free Library,critical,aria-required-attr,Ensure elements with ARIA roles have all required ARIA attributes,Required ARIA attributes must be provided,https://dequeuniversity.com/rules/axe/4.10/aria-required-attr?application=playwright,"<select name=""ctl00$BodyMainContent$ctrlSearchBars$searchbarKeyword$dropdownSearchBy"" id=""dropdownSearchBy"" class=""SearchByList c-search-header__dropdown c-search-header__box--height"" aria-labelledby=""dropdownSearchByLabel"" role=""combobox"">"
23,https://cucatalog.org/polaris/view.aspx?CN=2642532,The Urbana Free Library,critical,aria-required-attr,Ensure elements with ARIA roles have all required ARIA attributes,Required ARIA attributes must be provided,https://dequeuniversity.com/rules/axe/4.10/aria-required-attr?application=playwright,"<select name=""ctl00$BodyMainContent$ctrlSearchBars$searchbarKeyword$dropdownLimitFilter"" id=""dropdownLimitFilter"" class=""c-search-header__dropdown c-search-header__box--height"" aria-labelledby=""dropdownLimitFilterLabel"" role=""combobox"" onchange=""javascript: AddDefaultTermAndHighlight('textboxTerm'); CheckDetailedMaterial();"">"
23,https://cucatalog.org/polaris/view.aspx?CN=2642532,The Urbana Free Library,critical,aria-required-children,Ensure elements with an ARIA role that require child roles contain them,Certain ARIA roles must contain particular children,https://dequeuniversity.com/rules/axe/4.10/aria-required-children?application=playwright,"<div class=""c-accordion-lvl2"" role=""tablist"" aria-multiselectable=""true"">"
23,https://cucatalog.org/polaris/view.aspx?CN=2642532,The Urbana Free Library,critical,aria-required-children,Ensure elements with an ARIA role that require child roles contain them,Certain ARIA roles must contain particular children,https://dequeuniversity.com/rules/axe/4.10/aria-required-children?application=playwright,"<div class=""c-accordion-lvl2__heading"" role=""tablist"">"
23,https://cucatalog.org/polaris/view.aspx?CN=2642532,The Urbana Free Library,critical,aria-required-parent,Ensure elements with an ARIA role that require parent roles are contained by them,Certain ARIA roles must be contained by particular parents,https://dequeuniversity.com/rules/axe/4.10/aria-required-parent?application=playwright,"<div class=""c-accordion__heading"" role=""tab"">"
23,https://cucatalog.org/polaris/view.aspx?CN=2642532,The Urbana Free Library,critical,aria-required-parent,Ensure elements with an ARIA role that require parent roles are contained by them,Certain ARIA roles must be contained by particular parents,https://dequeuniversity.com/rules/axe/4.10/aria-required-parent?application=playwright,"<div class=""c-accordion__heading"" role=""tab"">"
23,https://cucatalog.org/polaris/view.aspx?CN=2642532,The Urbana Free Library,critical,aria-required-parent,Ensure elements with an ARIA role that require parent roles are contained by them,Certain ARIA roles must be contained by particular parents,https://dequeuniversity.com/rules/axe/4.10/aria-required-parent?application=playwright,"<div class=""c-accordion__heading"" role=""tab"">"
23,https://cucatalog.org/polaris/view.aspx?CN=2642532,The Urbana Free Library,critical,aria-required-parent,Ensure elements with an ARIA role that require parent roles are contained by them,Certain ARIA roles must be contained by particular parents,https://dequeuniversity.com/rules/axe/4.10/aria-required-parent?application=playwright,"<div class=""c-accordion__heading"" role=""tab"">"
23,https://cucatalog.org/polaris/view.aspx?CN=2642532,The Urbana Free Library,critical,aria-required-parent,Ensure elements with an ARIA role that require parent roles are contained by them,Certain ARIA roles must be contained by particular parents,https://dequeuniversity.com/rules/axe/4.10/aria-required-parent?application=playwright,"<div class=""c-accordion__heading"" role=""tab"">"
23,https://cucatalog.org/polaris/view.aspx?CN=2642532,The Urbana Free Library,critical,aria-required-parent,Ensure elements with an ARIA role that require parent roles are contained by them,Certain ARIA roles must be contained by particular parents,https://dequeuniversity.com/rules/axe/4.10/aria-required-parent?application=playwright,"<div class=""c-accordion__heading"" role=""tab"">"
23,https://cucatalog.org/polaris/view.aspx?CN=2642532,The Urbana Free Library,critical,aria-required-parent,Ensure elements with an ARIA role that require parent roles are contained by them,Certain ARIA roles must be contained by particular parents,https://dequeuniversity.com/rules/axe/4.10/aria-required-parent?application=playwright,"<div class=""c-accordion__heading"" role=""tab"">"
23,https://cucatalog.org/polaris/view.aspx?CN=2642532,The Urbana Free Library,critical,aria-required-parent,Ensure elements with an ARIA role that require parent roles are contained by them,Certain ARIA roles must be contained by particular parents,https://dequeuniversity.com/rules/axe/4.10/aria-required-parent?application=playwright,"<div class=""c-accordion__heading"" role=""tab"">"
23,https://cucatalog.org/polaris/view.aspx?CN=2642532,The Urbana Free Library,critical,aria-required-parent,Ensure elements with an ARIA role that require parent roles are contained by them,Certain ARIA roles must be contained by particular parents,https://dequeuniversity.com/rules/axe/4.10/aria-required-parent?application=playwright,"<div class=""c-accordion__heading"" role=""tab"">"
23,https://cucatalog.org/polaris/view.aspx?CN=2642532,The Urbana Free Library,moderate,landmark-banner-is-top-level,Ensure the banner landmark is at top level,Banner landmark should not be contained in another landmark,https://dequeuniversity.com/rules/axe/4.10/landmark-banner-is-top-level?application=playwright,"<header class=""nav-panel__header"">"
23,https://cucatalog.org/polaris/view.aspx?CN=2642532,The Urbana Free Library,moderate,landmark-banner-is-top-level,Ensure the banner landmark is at top level,Banner landmark should not be contained in another landmark,https://dequeuniversity.com/rules/axe/4.10/landmark-banner-is-top-level?application=playwright,"<header class=""nav-panel__header"">"
23,https://cucatalog.org/polaris/view.aspx?CN=2642532,The Urbana Free Library,moderate,landmark-main-is-top-level,Ensure the main landmark is at top level,Main landmark should not be contained in another landmark,https://dequeuniversity.com/rules/axe/4.10/landmark-main-is-top-level?application=playwright,"<main class=""site-footer__main"">"
23,https://cucatalog.org/polaris/view.aspx?CN=2642532,The Urbana Free Library,moderate,landmark-no-duplicate-banner,Ensure the document has at most one banner landmark,Document should not have more than one banner landmark,https://dequeuniversity.com/rules/axe/4.10/landmark-no-duplicate-banner?application=playwright,"<header class=""site-header"">"
23,https://cucatalog.org/polaris/view.aspx?CN=2642532,The Urbana Free Library,moderate,landmark-no-duplicate-main,Ensure the document has at most one main landmark,Document should not have more than one main landmark,https://dequeuniversity.com/rules/axe/4.10/landmark-no-duplicate-main?application=playwright,"<main class=""site-main"" id=""content"">"
23,https://cucatalog.org/polaris/view.aspx?CN=2642532,The Urbana Free Library,moderate,landmark-unique,Ensure landmarks are unique,Landmarks should have a unique role or role/label/title (i.e. accessible name) combination,https://dequeuniversity.com/rules/axe/4.10/landmark-unique?application=playwright,"<header class=""site-header"">"
23,https://cucatalog.org/polaris/view.aspx?CN=2642532,The Urbana Free Library,moderate,landmark-unique,Ensure landmarks are unique,Landmarks should have a unique role or role/label/title (i.e. accessible name) combination,https://dequeuniversity.com/rules/axe/4.10/landmark-unique?application=playwright,"<nav class=""nav-panel__top-nav top-nav top-nav--split-header navbar-collapse"" role=""navigation"">"
23,https://cucatalog.org/polaris/view.aspx?CN=2642532,The Urbana Free Library,moderate,landmark-unique,Ensure landmarks are unique,Landmarks should have a unique role or role/label/title (i.e. accessible name) combination,https://dequeuniversity.com/rules/axe/4.10/landmark-unique?application=playwright,"<main class=""site-main"" id=""content"">"
23,https://cucatalog.org/polaris/view.aspx?CN=2642532,The Urbana Free Library,serious,link-name,Ensure links have discernible text,Links must have discernible text,https://dequeuniversity.com/rules/axe/4.10/link-name?application=playwright,"<a id=""c-accordion-lvl2__title_relatedsearch-2"" class=""c-accordion-lvl2__title-link "" role=""button"" aria-expanded=""true"" aria-controls=""rs-2"" data-toggle=""collapse"" onclick=""javascript:InvokeRSD('collapse', 2)"" href=""#rs-2"">    
                                </a>"
23,https://cucatalog.org/polaris/view.aspx?CN=2642532,The Urbana Free Library,serious,link-name,Ensure links have discernible text,Links must have discernible text,https://dequeuniversity.com/rules/axe/4.10/link-name?application=playwright,"<a id=""c-accordion-lvl2__title_relatedsearch-2"" class=""c-accordion-lvl2__title-link "" role=""button"" aria-expanded=""true"" aria-controls=""rs-2"" data-toggle=""collapse"" onclick=""javascript:InvokeRSD('collapse', 2)"" href=""#rs-2"">"
23,https://cucatalog.org/polaris/view.aspx?CN=2642532,The Urbana Free Library,serious,link-name,Ensure links have discernible text,Links must have discernible text,https://dequeuniversity.com/rules/axe/4.10/link-name?application=playwright,"<a id=""c-accordion-lvl2__title_relatedsearch-2"" class=""c-accordion-lvl2__title-link "" role=""button"" aria-expanded=""true"" aria-controls=""rs-2"" data-toggle=""collapse"" onclick=""javascript:InvokeRSD('collapse', 2)"" href=""#rs-2"">
                                        </a>"
23,https://cucatalog.org/polaris/view.aspx?CN=2642532,The Urbana Free Library,serious,link-name,Ensure links have discernible text,Links must have discernible text,https://dequeuniversity.com/rules/axe/4.10/link-name?application=playwright,"<a id=""c-accordion-lvl2__title_relatedsearch-2"" class=""c-accordion-lvl2__title-link "" role=""button"" aria-expanded=""true"" aria-controls=""rs-2"" data-toggle=""collapse"" onclick=""javascript:InvokeRSD('collapse', 2)"" href=""#rs-2"">
								            </a>"
23,https://cucatalog.org/polaris/view.aspx?CN=2642532,The Urbana Free Library,serious,link-name,Ensure links have discernible text,Links must have discernible text,https://dequeuniversity.com/rules/axe/4.10/link-name?application=playwright,"<a id=""c-accordion-lvl2__title_relatedsearch-2"" class=""c-accordion-lvl2__title-link "" role=""button"" aria-expanded=""true"" aria-controls=""rs-2"" data-toggle=""collapse"" onclick=""javascript:InvokeRSD('collapse', 2)"" href=""#rs-2"">  
									            
											            </a>"
23,https://cucatalog.org/polaris/view.aspx?CN=2642532,The Urbana Free Library,serious,link-name,Ensure links have discernible text,Links must have discernible text,https://dequeuniversity.com/rules/axe/4.10/link-name?application=playwright,"<a id=""c-accordion-lvl2__title_relatedsearch-2"" class=""c-accordion-lvl2__title-link "" role=""button"" aria-expanded=""true"" aria-controls=""rs-2"" data-toggle=""collapse"" onclick=""javascript:InvokeRSD('collapse', 2)"" href=""#rs-2"">  
                                                            </a>"
23,https://cucatalog.org/polaris/view.aspx?CN=2642532,The Urbana Free Library,serious,link-name,Ensure links have discernible text,Links must have discernible text,https://dequeuniversity.com/rules/axe/4.10/link-name?application=playwright,"<a id=""c-accordion-lvl2__title_relatedsearch-3"" class=""c-accordion-lvl2__title-link "" role=""button"" aria-expanded=""true"" aria-controls=""rs-3"" data-toggle=""collapse"" onclick=""javascript:InvokeRSD('collapse', 3)"" href=""#rs-3"">    
                                </a>"
23,https://cucatalog.org/polaris/view.aspx?CN=2642532,The Urbana Free Library,serious,link-name,Ensure links have discernible text,Links must have discernible text,https://dequeuniversity.com/rules/axe/4.10/link-name?application=playwright,"<a id=""c-accordion-lvl2__title_relatedsearch-3"" class=""c-accordion-lvl2__title-link "" role=""button"" aria-expanded=""true"" aria-controls=""rs-3"" data-toggle=""collapse"" onclick=""javascript:InvokeRSD('collapse', 3)"" href=""#rs-3"">"
23,https://cucatalog.org/polaris/view.aspx?CN=2642532,The Urbana Free Library,serious,link-name,Ensure links have discernible text,Links must have discernible text,https://dequeuniversity.com/rules/axe/4.10/link-name?application=playwright,"<a id=""c-accordion-lvl2__title_relatedsearch-3"" class=""c-accordion-lvl2__title-link "" role=""button"" aria-expanded=""true"" aria-controls=""rs-3"" data-toggle=""collapse"" onclick=""javascript:InvokeRSD('collapse', 3)"" href=""#rs-3"">
                                        </a>"
23,https://cucatalog.org/polaris/view.aspx?CN=2642532,The Urbana Free Library,serious,link-name,Ensure links have discernible text,Links must have discernible text,https://dequeuniversity.com/rules/axe/4.10/link-name?application=playwright,"<a id=""c-accordion-lvl2__title_relatedsearch-3"" class=""c-accordion-lvl2__title-link "" role=""button"" aria-expanded=""true"" aria-controls=""rs-3"" data-toggle=""collapse"" onclick=""javascript:InvokeRSD('collapse', 3)"" href=""#rs-3"">
								            </a>"
23,https://cucatalog.org/polaris/view.aspx?CN=2642532,The Urbana Free Library,serious,link-name,Ensure links have discernible text,Links must have discernible text,https://dequeuniversity.com/rules/axe/4.10/link-name?application=playwright,"<a id=""c-accordion-lvl2__title_relatedsearch-3"" class=""c-accordion-lvl2__title-link "" role=""button"" aria-expanded=""true"" aria-controls=""rs-3"" data-toggle=""collapse"" onclick=""javascript:InvokeRSD('collapse', 3)"" href=""#rs-3"">  
									            
											            </a>"
23,https://cucatalog.org/polaris/view.aspx?CN=2642532,The Urbana Free Library,serious,link-name,Ensure links have discernible text,Links must have discernible text,https://dequeuniversity.com/rules/axe/4.10/link-name?application=playwright,"<a id=""c-accordion-lvl2__title_relatedsearch-3"" class=""c-accordion-lvl2__title-link "" role=""button"" aria-expanded=""true"" aria-controls=""rs-3"" data-toggle=""collapse"" onclick=""javascript:InvokeRSD('collapse', 3)"" href=""#rs-3"">  
                                                            </a>"
23,https://cucatalog.org/polaris/view.aspx?CN=2642532,The Urbana Free Library,serious,list,Ensure that lists are structured correctly,"<ul> and <ol> must only directly contain <li>, <script> or <template> elements",https://dequeuniversity.com/rules/axe/4.10/list?application=playwright,"<ul id=""c-title-detail__button-list-"" class=""c-title-detail-actions__list"" data-item-pos=""1"" data-item-page=""0"">"
23,https://cucatalog.org/polaris/view.aspx?CN=2642532,The Urbana Free Library,serious,list,Ensure that lists are structured correctly,"<ul> and <ol> must only directly contain <li>, <script> or <template> elements",https://dequeuniversity.com/rules/axe/4.10/list?application=playwright,"<ul class="" c-accordion__list c-accordion__list--show-bullets"">"
23,https://cucatalog.org/polaris/view.aspx?CN=2642532,The Urbana Free Library,serious,list,Ensure that lists are structured correctly,"<ul> and <ol> must only directly contain <li>, <script> or <template> elements",https://dequeuniversity.com/rules/axe/4.10/list?application=playwright,"<ul class="" c-accordion__list c-accordion__list--show-bullets"">"
23,https://cucatalog.org/polaris/view.aspx?CN=2642532,The Urbana Free Library,serious,listitem,Ensure <li> elements are used semantically,<li> elements must be contained in a <ul> or <ol>,https://dequeuniversity.com/rules/axe/4.10/listitem?application=playwright,"<li class=""nav__nav expandable-block-nav"">"
23,https://cucatalog.org/polaris/view.aspx?CN=2642532,The Urbana Free Library,serious,nested-interactive,Ensure interactive controls are not nested as they are not always announced by screen readers or can cause focus problems for assistive technologies,Interactive controls must not be nested,https://dequeuniversity.com/rules/axe/4.10/nested-interactive?application=playwright,"<div class=""c-accordion__heading"" role=""tab"">"
23,https://cucatalog.org/polaris/view.aspx?CN=2642532,The Urbana Free Library,serious,nested-interactive,Ensure interactive controls are not nested as they are not always announced by screen readers or can cause focus problems for assistive technologies,Interactive controls must not be nested,https://dequeuniversity.com/rules/axe/4.10/nested-interactive?application=playwright,"<div class=""c-accordion-lvl2__heading"" role=""tab"">"
23,https://cucatalog.org/polaris/view.aspx?CN=2642532,The Urbana Free Library,serious,nested-interactive,Ensure interactive controls are not nested as they are not always announced by screen readers or can cause focus problems for assistive technologies,Interactive controls must not be nested,https://dequeuniversity.com/rules/axe/4.10/nested-interactive?application=playwright,"<div class=""c-accordion-lvl2__heading"" role=""tab"">"
23,https://cucatalog.org/polaris/view.aspx?CN=2642532,The Urbana Free Library,serious,nested-interactive,Ensure interactive controls are not nested as they are not always announced by screen readers or can cause focus problems for assistive technologies,Interactive controls must not be nested,https://dequeuniversity.com/rules/axe/4.10/nested-interactive?application=playwright,"<div class=""c-accordion-lvl2__heading"" role=""tab"">"
23,https://cucatalog.org/polaris/view.aspx?CN=2642532,The Urbana Free Library,serious,nested-interactive,Ensure interactive controls are not nested as they are not always announced by screen readers or can cause focus problems for assistive technologies,Interactive controls must not be nested,https://dequeuniversity.com/rules/axe/4.10/nested-interactive?application=playwright,"<div class=""c-accordion__heading"" role=""tab"">"
23,https://cucatalog.org/polaris/view.aspx?CN=2642532,The Urbana Free Library,serious,nested-interactive,Ensure interactive controls are not nested as they are not always announced by screen readers or can cause focus problems for assistive technologies,Interactive controls must not be nested,https://dequeuniversity.com/rules/axe/4.10/nested-interactive?application=playwright,"<div class=""c-accordion__heading"" role=""tab"">"
23,https://cucatalog.org/polaris/view.aspx?CN=2642532,The Urbana Free Library,serious,nested-interactive,Ensure interactive controls are not nested as they are not always announced by screen readers or can cause focus problems for assistive technologies,Interactive controls must not be nested,https://dequeuniversity.com/rules/axe/4.10/nested-interactive?application=playwright,"<div class=""c-accordion__heading"" role=""tab"">"
23,https://cucatalog.org/polaris/view.aspx?CN=2642532,The Urbana Free Library,serious,nested-interactive,Ensure interactive controls are not nested as they are not always announced by screen readers or can cause focus problems for assistive technologies,Interactive controls must not be nested,https://dequeuniversity.com/rules/axe/4.10/nested-interactive?application=playwright,"<div class=""c-accordion__heading"" role=""tab"">"
23,https://cucatalog.org/polaris/view.aspx?CN=2642532,The Urbana Free Library,serious,nested-interactive,Ensure interactive controls are not nested as they are not always announced by screen readers or can cause focus problems for assistive technologies,Interactive controls must not be nested,https://dequeuniversity.com/rules/axe/4.10/nested-interactive?application=playwright,"<div class=""c-accordion__heading"" role=""tab"">"
23,https://cucatalog.org/polaris/view.aspx?CN=2642532,The Urbana Free Library,serious,nested-interactive,Ensure interactive controls are not nested as they are not always announced by screen readers or can cause focus problems for assistive technologies,Interactive controls must not be nested,https://dequeuniversity.com/rules/axe/4.10/nested-interactive?application=playwright,"<div class=""c-accordion__heading"" role=""tab"">"
23,https://cucatalog.org/polaris/view.aspx?CN=2642532,The Urbana Free Library,serious,nested-interactive,Ensure interactive controls are not nested as they are not always announced by screen readers or can cause focus problems for assistive technologies,Interactive controls must not be nested,https://dequeuniversity.com/rules/axe/4.10/nested-interactive?application=playwright,"<div class=""c-accordion__heading"" role=""tab"">"
23,https://cucatalog.org/polaris/view.aspx?CN=2642532,The Urbana Free Library,serious,nested-interactive,Ensure interactive controls are not nested as they are not always announced by screen readers or can cause focus problems for assistive technologies,Interactive controls must not be nested,https://dequeuniversity.com/rules/axe/4.10/nested-interactive?application=playwright,"<div class=""c-accordion__heading"" role=""tab"">"
23,https://cucatalog.org/polaris/view.aspx?CN=2642532,The Urbana Free Library,moderate,page-has-heading-one,"Ensure that the page, or at least one of its frames contains a level-one heading",Page should contain a level-one heading,https://dequeuniversity.com/rules/axe/4.10/page-has-heading-one?application=playwright,"<html class=""js flexbox flexboxlegacy canvas canvastext webgl no-touch geolocation postmessage no-websqldatabase indexeddb hashchange history draganddrop websockets rgba hsla multiplebgs backgroundsize borderimage borderradius boxshadow textshadow opacity cssanimations csscolumns cssgradients cssreflections csstransforms csstransforms3d csstransitions fontface generatedcontent video audio localstorage sessionstorage webworkers no-applicationcache svg inlinesvg smil svgclippaths"" lang=""en"" style="""">"
24,https://cucatalog.org/polaris/view.aspx?CN=2638603,The Urbana Free Library,critical,aria-allowed-attr,Ensure an element's role supports its ARIA attributes,Elements must only use supported ARIA attributes,https://dequeuniversity.com/rules/axe/4.10/aria-allowed-attr?application=playwright,"<div class=""c-search-header-options__container collapse in"" id=""c-search-header__search-options"" aria-labelledby=""c-search-header__search-options"" aria-expanded=""true"" style="""">"
24,https://cucatalog.org/polaris/view.aspx?CN=2638603,The Urbana Free Library,serious,aria-hidden-focus,Ensure aria-hidden elements are not focusable nor contain focusable elements,ARIA hidden element must not be focusable or contain focusable elements,https://dequeuniversity.com/rules/axe/4.10/aria-hidden-focus?application=playwright,"<a id=""__pos-1"" href=""#"" aria-hidden=""true"" aria-label=""Search Result""></a>"
24,https://cucatalog.org/polaris/view.aspx?CN=2638603,The Urbana Free Library,critical,aria-required-attr,Ensure elements with ARIA roles have all required ARIA attributes,Required ARIA attributes must be provided,https://dequeuniversity.com/rules/axe/4.10/aria-required-attr?application=playwright,"<select name=""ctl00$BodyMainContent$ctrlSearchBars$searchbarKeyword$dropdownSearchBy"" id=""dropdownSearchBy"" class=""SearchByList c-search-header__dropdown c-search-header__box--height"" aria-labelledby=""dropdownSearchByLabel"" role=""combobox"">"
24,https://cucatalog.org/polaris/view.aspx?CN=2638603,The Urbana Free Library,critical,aria-required-attr,Ensure elements with ARIA roles have all required ARIA attributes,Required ARIA attributes must be provided,https://dequeuniversity.com/rules/axe/4.10/aria-required-attr?application=playwright,"<select name=""ctl00$BodyMainContent$ctrlSearchBars$searchbarKeyword$dropdownLimitFilter"" id=""dropdownLimitFilter"" class=""c-search-header__dropdown c-search-header__box--height"" aria-labelledby=""dropdownLimitFilterLabel"" role=""combobox"" onchange=""javascript: AddDefaultTermAndHighlight('textboxTerm'); CheckDetailedMaterial();"">"
24,https://cucatalog.org/polaris/view.aspx?CN=2638603,The Urbana Free Library,critical,aria-required-children,Ensure elements with an ARIA role that require child roles contain them,Certain ARIA roles must contain particular children,https://dequeuniversity.com/rules/axe/4.10/aria-required-children?application=playwright,"<div class=""c-accordion-lvl2"" role=""tablist"" aria-multiselectable=""true"">"
24,https://cucatalog.org/polaris/view.aspx?CN=2638603,The Urbana Free Library,critical,aria-required-children,Ensure elements with an ARIA role that require child roles contain them,Certain ARIA roles must contain particular children,https://dequeuniversity.com/rules/axe/4.10/aria-required-children?application=playwright,"<div class=""c-accordion-lvl2__heading"" role=""tablist"">"
24,https://cucatalog.org/polaris/view.aspx?CN=2638603,The Urbana Free Library,critical,aria-required-parent,Ensure elements with an ARIA role that require parent roles are contained by them,Certain ARIA roles must be contained by particular parents,https://dequeuniversity.com/rules/axe/4.10/aria-required-parent?application=playwright,"<div class=""c-accordion__heading"" role=""tab"">"
24,https://cucatalog.org/polaris/view.aspx?CN=2638603,The Urbana Free Library,critical,aria-required-parent,Ensure elements with an ARIA role that require parent roles are contained by them,Certain ARIA roles must be contained by particular parents,https://dequeuniversity.com/rules/axe/4.10/aria-required-parent?application=playwright,"<div class=""c-accordion__heading"" role=""tab"">"
24,https://cucatalog.org/polaris/view.aspx?CN=2638603,The Urbana Free Library,critical,aria-required-parent,Ensure elements with an ARIA role that require parent roles are contained by them,Certain ARIA roles must be contained by particular parents,https://dequeuniversity.com/rules/axe/4.10/aria-required-parent?application=playwright,"<div class=""c-accordion__heading"" role=""tab"">"
24,https://cucatalog.org/polaris/view.aspx?CN=2638603,The Urbana Free Library,critical,aria-required-parent,Ensure elements with an ARIA role that require parent roles are contained by them,Certain ARIA roles must be contained by particular parents,https://dequeuniversity.com/rules/axe/4.10/aria-required-parent?application=playwright,"<div class=""c-accordion__heading"" role=""tab"">"
24,https://cucatalog.org/polaris/view.aspx?CN=2638603,The Urbana Free Library,critical,aria-required-parent,Ensure elements with an ARIA role that require parent roles are contained by them,Certain ARIA roles must be contained by particular parents,https://dequeuniversity.com/rules/axe/4.10/aria-required-parent?application=playwright,"<div class=""c-accordion__heading"" role=""tab"">"
24,https://cucatalog.org/polaris/view.aspx?CN=2638603,The Urbana Free Library,critical,aria-required-parent,Ensure elements with an ARIA role that require parent roles are contained by them,Certain ARIA roles must be contained by particular parents,https://dequeuniversity.com/rules/axe/4.10/aria-required-parent?application=playwright,"<div class=""c-accordion__heading"" role=""tab"">"
24,https://cucatalog.org/polaris/view.aspx?CN=2638603,The Urbana Free Library,critical,aria-required-parent,Ensure elements with an ARIA role that require parent roles are contained by them,Certain ARIA roles must be contained by particular parents,https://dequeuniversity.com/rules/axe/4.10/aria-required-parent?application=playwright,"<div class=""c-accordion__heading"" role=""tab"">"
24,https://cucatalog.org/polaris/view.aspx?CN=2638603,The Urbana Free Library,critical,aria-required-parent,Ensure elements with an ARIA role that require parent roles are contained by them,Certain ARIA roles must be contained by particular parents,https://dequeuniversity.com/rules/axe/4.10/aria-required-parent?application=playwright,"<div class=""c-accordion__heading"" role=""tab"">"
24,https://cucatalog.org/polaris/view.aspx?CN=2638603,The Urbana Free Library,critical,aria-required-parent,Ensure elements with an ARIA role that require parent roles are contained by them,Certain ARIA roles must be contained by particular parents,https://dequeuniversity.com/rules/axe/4.10/aria-required-parent?application=playwright,"<div class=""c-accordion__heading"" role=""tab"">"
24,https://cucatalog.org/polaris/view.aspx?CN=2638603,The Urbana Free Library,moderate,landmark-banner-is-top-level,Ensure the banner landmark is at top level,Banner landmark should not be contained in another landmark,https://dequeuniversity.com/rules/axe/4.10/landmark-banner-is-top-level?application=playwright,"<header class=""nav-panel__header"">"
24,https://cucatalog.org/polaris/view.aspx?CN=2638603,The Urbana Free Library,moderate,landmark-banner-is-top-level,Ensure the banner landmark is at top level,Banner landmark should not be contained in another landmark,https://dequeuniversity.com/rules/axe/4.10/landmark-banner-is-top-level?application=playwright,"<header class=""nav-panel__header"">"
24,https://cucatalog.org/polaris/view.aspx?CN=2638603,The Urbana Free Library,moderate,landmark-main-is-top-level,Ensure the main landmark is at top level,Main landmark should not be contained in another landmark,https://dequeuniversity.com/rules/axe/4.10/landmark-main-is-top-level?application=playwright,"<main class=""site-footer__main"">"
24,https://cucatalog.org/polaris/view.aspx?CN=2638603,The Urbana Free Library,moderate,landmark-no-duplicate-banner,Ensure the document has at most one banner landmark,Document should not have more than one banner landmark,https://dequeuniversity.com/rules/axe/4.10/landmark-no-duplicate-banner?application=playwright,"<header class=""site-header"">"
24,https://cucatalog.org/polaris/view.aspx?CN=2638603,The Urbana Free Library,moderate,landmark-no-duplicate-main,Ensure the document has at most one main landmark,Document should not have more than one main landmark,https://dequeuniversity.com/rules/axe/4.10/landmark-no-duplicate-main?application=playwright,"<main class=""site-main"" id=""content"">"
24,https://cucatalog.org/polaris/view.aspx?CN=2638603,The Urbana Free Library,moderate,landmark-unique,Ensure landmarks are unique,Landmarks should have a unique role or role/label/title (i.e. accessible name) combination,https://dequeuniversity.com/rules/axe/4.10/landmark-unique?application=playwright,"<header class=""site-header"">"
24,https://cucatalog.org/polaris/view.aspx?CN=2638603,The Urbana Free Library,moderate,landmark-unique,Ensure landmarks are unique,Landmarks should have a unique role or role/label/title (i.e. accessible name) combination,https://dequeuniversity.com/rules/axe/4.10/landmark-unique?application=playwright,"<nav class=""nav-panel__top-nav top-nav top-nav--split-header navbar-collapse"" role=""navigation"">"
24,https://cucatalog.org/polaris/view.aspx?CN=2638603,The Urbana Free Library,moderate,landmark-unique,Ensure landmarks are unique,Landmarks should have a unique role or role/label/title (i.e. accessible name) combination,https://dequeuniversity.com/rules/axe/4.10/landmark-unique?application=playwright,"<main class=""site-main"" id=""content"">"
24,https://cucatalog.org/polaris/view.aspx?CN=2638603,The Urbana Free Library,serious,link-name,Ensure links have discernible text,Links must have discernible text,https://dequeuniversity.com/rules/axe/4.10/link-name?application=playwright,"<a id=""c-accordion-lvl2__title_relatedsearch-2"" class=""c-accordion-lvl2__title-link "" role=""button"" aria-expanded=""true"" aria-controls=""rs-2"" data-toggle=""collapse"" onclick=""javascript:InvokeRSD('collapse', 2)"" href=""#rs-2"">    
                                </a>"
24,https://cucatalog.org/polaris/view.aspx?CN=2638603,The Urbana Free Library,serious,link-name,Ensure links have discernible text,Links must have discernible text,https://dequeuniversity.com/rules/axe/4.10/link-name?application=playwright,"<a id=""c-accordion-lvl2__title_relatedsearch-2"" class=""c-accordion-lvl2__title-link "" role=""button"" aria-expanded=""true"" aria-controls=""rs-2"" data-toggle=""collapse"" onclick=""javascript:InvokeRSD('collapse', 2)"" href=""#rs-2"">"
24,https://cucatalog.org/polaris/view.aspx?CN=2638603,The Urbana Free Library,serious,link-name,Ensure links have discernible text,Links must have discernible text,https://dequeuniversity.com/rules/axe/4.10/link-name?application=playwright,"<a id=""c-accordion-lvl2__title_relatedsearch-2"" class=""c-accordion-lvl2__title-link "" role=""button"" aria-expanded=""true"" aria-controls=""rs-2"" data-toggle=""collapse"" onclick=""javascript:InvokeRSD('collapse', 2)"" href=""#rs-2"">
                                        </a>"
24,https://cucatalog.org/polaris/view.aspx?CN=2638603,The Urbana Free Library,serious,link-name,Ensure links have discernible text,Links must have discernible text,https://dequeuniversity.com/rules/axe/4.10/link-name?application=playwright,"<a id=""c-accordion-lvl2__title_relatedsearch-2"" class=""c-accordion-lvl2__title-link "" role=""button"" aria-expanded=""true"" aria-controls=""rs-2"" data-toggle=""collapse"" onclick=""javascript:InvokeRSD('collapse', 2)"" href=""#rs-2"">
								            </a>"
24,https://cucatalog.org/polaris/view.aspx?CN=2638603,The Urbana Free Library,serious,link-name,Ensure links have discernible text,Links must have discernible text,https://dequeuniversity.com/rules/axe/4.10/link-name?application=playwright,"<a id=""c-accordion-lvl2__title_relatedsearch-2"" class=""c-accordion-lvl2__title-link "" role=""button"" aria-expanded=""true"" aria-controls=""rs-2"" data-toggle=""collapse"" onclick=""javascript:InvokeRSD('collapse', 2)"" href=""#rs-2"">  
									            
											            </a>"
24,https://cucatalog.org/polaris/view.aspx?CN=2638603,The Urbana Free Library,serious,link-name,Ensure links have discernible text,Links must have discernible text,https://dequeuniversity.com/rules/axe/4.10/link-name?application=playwright,"<a id=""c-accordion-lvl2__title_relatedsearch-2"" class=""c-accordion-lvl2__title-link "" role=""button"" aria-expanded=""true"" aria-controls=""rs-2"" data-toggle=""collapse"" onclick=""javascript:InvokeRSD('collapse', 2)"" href=""#rs-2"">  
                                                            </a>"
24,https://cucatalog.org/polaris/view.aspx?CN=2638603,The Urbana Free Library,serious,link-name,Ensure links have discernible text,Links must have discernible text,https://dequeuniversity.com/rules/axe/4.10/link-name?application=playwright,"<a id=""c-accordion-lvl2__title_relatedsearch-3"" class=""c-accordion-lvl2__title-link "" role=""button"" aria-expanded=""true"" aria-controls=""rs-3"" data-toggle=""collapse"" onclick=""javascript:InvokeRSD('collapse', 3)"" href=""#rs-3"">    
                                </a>"
24,https://cucatalog.org/polaris/view.aspx?CN=2638603,The Urbana Free Library,serious,link-name,Ensure links have discernible text,Links must have discernible text,https://dequeuniversity.com/rules/axe/4.10/link-name?application=playwright,"<a id=""c-accordion-lvl2__title_relatedsearch-3"" class=""c-accordion-lvl2__title-link "" role=""button"" aria-expanded=""true"" aria-controls=""rs-3"" data-toggle=""collapse"" onclick=""javascript:InvokeRSD('collapse', 3)"" href=""#rs-3"">"
24,https://cucatalog.org/polaris/view.aspx?CN=2638603,The Urbana Free Library,serious,link-name,Ensure links have discernible text,Links must have discernible text,https://dequeuniversity.com/rules/axe/4.10/link-name?application=playwright,"<a id=""c-accordion-lvl2__title_relatedsearch-3"" class=""c-accordion-lvl2__title-link "" role=""button"" aria-expanded=""true"" aria-controls=""rs-3"" data-toggle=""collapse"" onclick=""javascript:InvokeRSD('collapse', 3)"" href=""#rs-3"">
                                        </a>"
24,https://cucatalog.org/polaris/view.aspx?CN=2638603,The Urbana Free Library,serious,link-name,Ensure links have discernible text,Links must have discernible text,https://dequeuniversity.com/rules/axe/4.10/link-name?application=playwright,"<a id=""c-accordion-lvl2__title_relatedsearch-3"" class=""c-accordion-lvl2__title-link "" role=""button"" aria-expanded=""true"" aria-controls=""rs-3"" data-toggle=""collapse"" onclick=""javascript:InvokeRSD('collapse', 3)"" href=""#rs-3"">
								            </a>"
24,https://cucatalog.org/polaris/view.aspx?CN=2638603,The Urbana Free Library,serious,link-name,Ensure links have discernible text,Links must have discernible text,https://dequeuniversity.com/rules/axe/4.10/link-name?application=playwright,"<a id=""c-accordion-lvl2__title_relatedsearch-3"" class=""c-accordion-lvl2__title-link "" role=""button"" aria-expanded=""true"" aria-controls=""rs-3"" data-toggle=""collapse"" onclick=""javascript:InvokeRSD('collapse', 3)"" href=""#rs-3"">  
									            
											            </a>"
24,https://cucatalog.org/polaris/view.aspx?CN=2638603,The Urbana Free Library,serious,link-name,Ensure links have discernible text,Links must have discernible text,https://dequeuniversity.com/rules/axe/4.10/link-name?application=playwright,"<a id=""c-accordion-lvl2__title_relatedsearch-3"" class=""c-accordion-lvl2__title-link "" role=""button"" aria-expanded=""true"" aria-controls=""rs-3"" data-toggle=""collapse"" onclick=""javascript:InvokeRSD('collapse', 3)"" href=""#rs-3"">  
                                                            </a>"
24,https://cucatalog.org/polaris/view.aspx?CN=2638603,The Urbana Free Library,serious,list,Ensure that lists are structured correctly,"<ul> and <ol> must only directly contain <li>, <script> or <template> elements",https://dequeuniversity.com/rules/axe/4.10/list?application=playwright,"<ul id=""c-title-detail__button-list-"" class=""c-title-detail-actions__list"" data-item-pos=""1"" data-item-page=""0"">"
24,https://cucatalog.org/polaris/view.aspx?CN=2638603,The Urbana Free Library,serious,list,Ensure that lists are structured correctly,"<ul> and <ol> must only directly contain <li>, <script> or <template> elements",https://dequeuniversity.com/rules/axe/4.10/list?application=playwright,"<ul class="" c-accordion__list c-accordion__list--show-bullets"">"
24,https://cucatalog.org/polaris/view.aspx?CN=2638603,The Urbana Free Library,serious,list,Ensure that lists are structured correctly,"<ul> and <ol> must only directly contain <li>, <script> or <template> elements",https://dequeuniversity.com/rules/axe/4.10/list?application=playwright,"<ul class="" c-accordion__list c-accordion__list--show-bullets"">"
24,https://cucatalog.org/polaris/view.aspx?CN=2638603,The Urbana Free Library,serious,listitem,Ensure <li> elements are used semantically,<li> elements must be contained in a <ul> or <ol>,https://dequeuniversity.com/rules/axe/4.10/listitem?application=playwright,"<li class=""nav__nav expandable-block-nav"">"
24,https://cucatalog.org/polaris/view.aspx?CN=2638603,The Urbana Free Library,serious,nested-interactive,Ensure interactive controls are not nested as they are not always announced by screen readers or can cause focus problems for assistive technologies,Interactive controls must not be nested,https://dequeuniversity.com/rules/axe/4.10/nested-interactive?application=playwright,"<div class=""c-accordion__heading"" role=""tab"">"
24,https://cucatalog.org/polaris/view.aspx?CN=2638603,The Urbana Free Library,serious,nested-interactive,Ensure interactive controls are not nested as they are not always announced by screen readers or can cause focus problems for assistive technologies,Interactive controls must not be nested,https://dequeuniversity.com/rules/axe/4.10/nested-interactive?application=playwright,"<div class=""c-accordion-lvl2__heading"" role=""tab"">"
24,https://cucatalog.org/polaris/view.aspx?CN=2638603,The Urbana Free Library,serious,nested-interactive,Ensure interactive controls are not nested as they are not always announced by screen readers or can cause focus problems for assistive technologies,Interactive controls must not be nested,https://dequeuniversity.com/rules/axe/4.10/nested-interactive?application=playwright,"<div class=""c-accordion-lvl2__heading"" role=""tab"">"
24,https://cucatalog.org/polaris/view.aspx?CN=2638603,The Urbana Free Library,serious,nested-interactive,Ensure interactive controls are not nested as they are not always announced by screen readers or can cause focus problems for assistive technologies,Interactive controls must not be nested,https://dequeuniversity.com/rules/axe/4.10/nested-interactive?application=playwright,"<div class=""c-accordion-lvl2__heading"" role=""tab"">"
24,https://cucatalog.org/polaris/view.aspx?CN=2638603,The Urbana Free Library,serious,nested-interactive,Ensure interactive controls are not nested as they are not always announced by screen readers or can cause focus problems for assistive technologies,Interactive controls must not be nested,https://dequeuniversity.com/rules/axe/4.10/nested-interactive?application=playwright,"<div class=""c-accordion__heading"" role=""tab"">"
24,https://cucatalog.org/polaris/view.aspx?CN=2638603,The Urbana Free Library,serious,nested-interactive,Ensure interactive controls are not nested as they are not always announced by screen readers or can cause focus problems for assistive technologies,Interactive controls must not be nested,https://dequeuniversity.com/rules/axe/4.10/nested-interactive?application=playwright,"<div class=""c-accordion__heading"" role=""tab"">"
24,https://cucatalog.org/polaris/view.aspx?CN=2638603,The Urbana Free Library,serious,nested-interactive,Ensure interactive controls are not nested as they are not always announced by screen readers or can cause focus problems for assistive technologies,Interactive controls must not be nested,https://dequeuniversity.com/rules/axe/4.10/nested-interactive?application=playwright,"<div class=""c-accordion__heading"" role=""tab"">"
24,https://cucatalog.org/polaris/view.aspx?CN=2638603,The Urbana Free Library,serious,nested-interactive,Ensure interactive controls are not nested as they are not always announced by screen readers or can cause focus problems for assistive technologies,Interactive controls must not be nested,https://dequeuniversity.com/rules/axe/4.10/nested-interactive?application=playwright,"<div class=""c-accordion__heading"" role=""tab"">"
24,https://cucatalog.org/polaris/view.aspx?CN=2638603,The Urbana Free Library,serious,nested-interactive,Ensure interactive controls are not nested as they are not always announced by screen readers or can cause focus problems for assistive technologies,Interactive controls must not be nested,https://dequeuniversity.com/rules/axe/4.10/nested-interactive?application=playwright,"<div class=""c-accordion__heading"" role=""tab"">"
24,https://cucatalog.org/polaris/view.aspx?CN=2638603,The Urbana Free Library,serious,nested-interactive,Ensure interactive controls are not nested as they are not always announced by screen readers or can cause focus problems for assistive technologies,Interactive controls must not be nested,https://dequeuniversity.com/rules/axe/4.10/nested-interactive?application=playwright,"<div class=""c-accordion__heading"" role=""tab"">"
24,https://cucatalog.org/polaris/view.aspx?CN=2638603,The Urbana Free Library,serious,nested-interactive,Ensure interactive controls are not nested as they are not always announced by screen readers or can cause focus problems for assistive technologies,Interactive controls must not be nested,https://dequeuniversity.com/rules/axe/4.10/nested-interactive?application=playwright,"<div class=""c-accordion__heading"" role=""tab"">"
24,https://cucatalog.org/polaris/view.aspx?CN=2638603,The Urbana Free Library,serious,nested-interactive,Ensure interactive controls are not nested as they are not always announced by screen readers or can cause focus problems for assistive technologies,Interactive controls must not be nested,https://dequeuniversity.com/rules/axe/4.10/nested-interactive?application=playwright,"<div class=""c-accordion__heading"" role=""tab"">"
24,https://cucatalog.org/polaris/view.aspx?CN=2638603,The Urbana Free Library,moderate,page-has-heading-one,"Ensure that the page, or at least one of its frames contains a level-one heading",Page should contain a level-one heading,https://dequeuniversity.com/rules/axe/4.10/page-has-heading-one?application=playwright,"<html class=""js flexbox flexboxlegacy canvas canvastext webgl no-touch geolocation postmessage no-websqldatabase indexeddb hashchange history draganddrop websockets rgba hsla multiplebgs backgroundsize borderimage borderradius boxshadow textshadow opacity cssanimations csscolumns cssgradients cssreflections csstransforms csstransforms3d csstransitions fontface generatedcontent video audio localstorage sessionstorage webworkers no-applicationcache svg inlinesvg smil svgclippaths"" lang=""en"" style="""">"
25,https://cucatalog.org/polaris/view.aspx?CN=2642153,The Urbana Free Library,critical,aria-allowed-attr,Ensure an element's role supports its ARIA attributes,Elements must only use supported ARIA attributes,https://dequeuniversity.com/rules/axe/4.10/aria-allowed-attr?application=playwright,"<div class=""c-search-header-options__container collapse in"" id=""c-search-header__search-options"" aria-labelledby=""c-search-header__search-options"" aria-expanded=""true"" style="""">"
25,https://cucatalog.org/polaris/view.aspx?CN=2642153,The Urbana Free Library,serious,aria-hidden-focus,Ensure aria-hidden elements are not focusable nor contain focusable elements,ARIA hidden element must not be focusable or contain focusable elements,https://dequeuniversity.com/rules/axe/4.10/aria-hidden-focus?application=playwright,"<a id=""__pos-1"" href=""#"" aria-hidden=""true"" aria-label=""Search Result""></a>"
25,https://cucatalog.org/polaris/view.aspx?CN=2642153,The Urbana Free Library,critical,aria-required-attr,Ensure elements with ARIA roles have all required ARIA attributes,Required ARIA attributes must be provided,https://dequeuniversity.com/rules/axe/4.10/aria-required-attr?application=playwright,"<select name=""ctl00$BodyMainContent$ctrlSearchBars$searchbarKeyword$dropdownSearchBy"" id=""dropdownSearchBy"" class=""SearchByList c-search-header__dropdown c-search-header__box--height"" aria-labelledby=""dropdownSearchByLabel"" role=""combobox"">"
25,https://cucatalog.org/polaris/view.aspx?CN=2642153,The Urbana Free Library,critical,aria-required-attr,Ensure elements with ARIA roles have all required ARIA attributes,Required ARIA attributes must be provided,https://dequeuniversity.com/rules/axe/4.10/aria-required-attr?application=playwright,"<select name=""ctl00$BodyMainContent$ctrlSearchBars$searchbarKeyword$dropdownLimitFilter"" id=""dropdownLimitFilter"" class=""c-search-header__dropdown c-search-header__box--height"" aria-labelledby=""dropdownLimitFilterLabel"" role=""combobox"" onchange=""javascript: AddDefaultTermAndHighlight('textboxTerm'); CheckDetailedMaterial();"">"
25,https://cucatalog.org/polaris/view.aspx?CN=2642153,The Urbana Free Library,critical,aria-required-children,Ensure elements with an ARIA role that require child roles contain them,Certain ARIA roles must contain particular children,https://dequeuniversity.com/rules/axe/4.10/aria-required-children?application=playwright,"<div class=""c-accordion-lvl2"" role=""tablist"" aria-multiselectable=""true"">"
25,https://cucatalog.org/polaris/view.aspx?CN=2642153,The Urbana Free Library,critical,aria-required-children,Ensure elements with an ARIA role that require child roles contain them,Certain ARIA roles must contain particular children,https://dequeuniversity.com/rules/axe/4.10/aria-required-children?application=playwright,"<div class=""c-accordion-lvl2__heading"" role=""tablist"">"
25,https://cucatalog.org/polaris/view.aspx?CN=2642153,The Urbana Free Library,critical,aria-required-parent,Ensure elements with an ARIA role that require parent roles are contained by them,Certain ARIA roles must be contained by particular parents,https://dequeuniversity.com/rules/axe/4.10/aria-required-parent?application=playwright,"<div class=""c-accordion__heading"" role=""tab"">"
25,https://cucatalog.org/polaris/view.aspx?CN=2642153,The Urbana Free Library,critical,aria-required-parent,Ensure elements with an ARIA role that require parent roles are contained by them,Certain ARIA roles must be contained by particular parents,https://dequeuniversity.com/rules/axe/4.10/aria-required-parent?application=playwright,"<div class=""c-accordion__heading"" role=""tab"">"
25,https://cucatalog.org/polaris/view.aspx?CN=2642153,The Urbana Free Library,critical,aria-required-parent,Ensure elements with an ARIA role that require parent roles are contained by them,Certain ARIA roles must be contained by particular parents,https://dequeuniversity.com/rules/axe/4.10/aria-required-parent?application=playwright,"<div class=""c-accordion__heading"" role=""tab"">"
25,https://cucatalog.org/polaris/view.aspx?CN=2642153,The Urbana Free Library,critical,aria-required-parent,Ensure elements with an ARIA role that require parent roles are contained by them,Certain ARIA roles must be contained by particular parents,https://dequeuniversity.com/rules/axe/4.10/aria-required-parent?application=playwright,"<div class=""c-accordion__heading"" role=""tab"">"
25,https://cucatalog.org/polaris/view.aspx?CN=2642153,The Urbana Free Library,critical,aria-required-parent,Ensure elements with an ARIA role that require parent roles are contained by them,Certain ARIA roles must be contained by particular parents,https://dequeuniversity.com/rules/axe/4.10/aria-required-parent?application=playwright,"<div class=""c-accordion__heading"" role=""tab"">"
25,https://cucatalog.org/polaris/view.aspx?CN=2642153,The Urbana Free Library,critical,aria-required-parent,Ensure elements with an ARIA role that require parent roles are contained by them,Certain ARIA roles must be contained by particular parents,https://dequeuniversity.com/rules/axe/4.10/aria-required-parent?application=playwright,"<div class=""c-accordion__heading"" role=""tab"">"
25,https://cucatalog.org/polaris/view.aspx?CN=2642153,The Urbana Free Library,critical,aria-required-parent,Ensure elements with an ARIA role that require parent roles are contained by them,Certain ARIA roles must be contained by particular parents,https://dequeuniversity.com/rules/axe/4.10/aria-required-parent?application=playwright,"<div class=""c-accordion__heading"" role=""tab"">"
25,https://cucatalog.org/polaris/view.aspx?CN=2642153,The Urbana Free Library,critical,aria-required-parent,Ensure elements with an ARIA role that require parent roles are contained by them,Certain ARIA roles must be contained by particular parents,https://dequeuniversity.com/rules/axe/4.10/aria-required-parent?application=playwright,"<div class=""c-accordion__heading"" role=""tab"">"
25,https://cucatalog.org/polaris/view.aspx?CN=2642153,The Urbana Free Library,critical,aria-required-parent,Ensure elements with an ARIA role that require parent roles are contained by them,Certain ARIA roles must be contained by particular parents,https://dequeuniversity.com/rules/axe/4.10/aria-required-parent?application=playwright,"<div class=""c-accordion__heading"" role=""tab"">"
25,https://cucatalog.org/polaris/view.aspx?CN=2642153,The Urbana Free Library,moderate,landmark-banner-is-top-level,Ensure the banner landmark is at top level,Banner landmark should not be contained in another landmark,https://dequeuniversity.com/rules/axe/4.10/landmark-banner-is-top-level?application=playwright,"<header class=""nav-panel__header"">"
25,https://cucatalog.org/polaris/view.aspx?CN=2642153,The Urbana Free Library,moderate,landmark-banner-is-top-level,Ensure the banner landmark is at top level,Banner landmark should not be contained in another landmark,https://dequeuniversity.com/rules/axe/4.10/landmark-banner-is-top-level?application=playwright,"<header class=""nav-panel__header"">"
25,https://cucatalog.org/polaris/view.aspx?CN=2642153,The Urbana Free Library,moderate,landmark-main-is-top-level,Ensure the main landmark is at top level,Main landmark should not be contained in another landmark,https://dequeuniversity.com/rules/axe/4.10/landmark-main-is-top-level?application=playwright,"<main class=""site-footer__main"">"
25,https://cucatalog.org/polaris/view.aspx?CN=2642153,The Urbana Free Library,moderate,landmark-no-duplicate-banner,Ensure the document has at most one banner landmark,Document should not have more than one banner landmark,https://dequeuniversity.com/rules/axe/4.10/landmark-no-duplicate-banner?application=playwright,"<header class=""site-header"">"
25,https://cucatalog.org/polaris/view.aspx?CN=2642153,The Urbana Free Library,moderate,landmark-no-duplicate-main,Ensure the document has at most one main landmark,Document should not have more than one main landmark,https://dequeuniversity.com/rules/axe/4.10/landmark-no-duplicate-main?application=playwright,"<main class=""site-main"" id=""content"">"
25,https://cucatalog.org/polaris/view.aspx?CN=2642153,The Urbana Free Library,moderate,landmark-unique,Ensure landmarks are unique,Landmarks should have a unique role or role/label/title (i.e. accessible name) combination,https://dequeuniversity.com/rules/axe/4.10/landmark-unique?application=playwright,"<header class=""site-header"">"
25,https://cucatalog.org/polaris/view.aspx?CN=2642153,The Urbana Free Library,moderate,landmark-unique,Ensure landmarks are unique,Landmarks should have a unique role or role/label/title (i.e. accessible name) combination,https://dequeuniversity.com/rules/axe/4.10/landmark-unique?application=playwright,"<nav class=""nav-panel__top-nav top-nav top-nav--split-header navbar-collapse"" role=""navigation"">"
25,https://cucatalog.org/polaris/view.aspx?CN=2642153,The Urbana Free Library,moderate,landmark-unique,Ensure landmarks are unique,Landmarks should have a unique role or role/label/title (i.e. accessible name) combination,https://dequeuniversity.com/rules/axe/4.10/landmark-unique?application=playwright,"<main class=""site-main"" id=""content"">"
25,https://cucatalog.org/polaris/view.aspx?CN=2642153,The Urbana Free Library,serious,link-name,Ensure links have discernible text,Links must have discernible text,https://dequeuniversity.com/rules/axe/4.10/link-name?application=playwright,"<a id=""c-accordion-lvl2__title_relatedsearch-2"" class=""c-accordion-lvl2__title-link "" role=""button"" aria-expanded=""true"" aria-controls=""rs-2"" data-toggle=""collapse"" onclick=""javascript:InvokeRSD('collapse', 2)"" href=""#rs-2"">    
                                </a>"
25,https://cucatalog.org/polaris/view.aspx?CN=2642153,The Urbana Free Library,serious,link-name,Ensure links have discernible text,Links must have discernible text,https://dequeuniversity.com/rules/axe/4.10/link-name?application=playwright,"<a id=""c-accordion-lvl2__title_relatedsearch-2"" class=""c-accordion-lvl2__title-link "" role=""button"" aria-expanded=""true"" aria-controls=""rs-2"" data-toggle=""collapse"" onclick=""javascript:InvokeRSD('collapse', 2)"" href=""#rs-2"">"
25,https://cucatalog.org/polaris/view.aspx?CN=2642153,The Urbana Free Library,serious,link-name,Ensure links have discernible text,Links must have discernible text,https://dequeuniversity.com/rules/axe/4.10/link-name?application=playwright,"<a id=""c-accordion-lvl2__title_relatedsearch-2"" class=""c-accordion-lvl2__title-link "" role=""button"" aria-expanded=""true"" aria-controls=""rs-2"" data-toggle=""collapse"" onclick=""javascript:InvokeRSD('collapse', 2)"" href=""#rs-2"">
                                        </a>"
25,https://cucatalog.org/polaris/view.aspx?CN=2642153,The Urbana Free Library,serious,link-name,Ensure links have discernible text,Links must have discernible text,https://dequeuniversity.com/rules/axe/4.10/link-name?application=playwright,"<a id=""c-accordion-lvl2__title_relatedsearch-2"" class=""c-accordion-lvl2__title-link "" role=""button"" aria-expanded=""true"" aria-controls=""rs-2"" data-toggle=""collapse"" onclick=""javascript:InvokeRSD('collapse', 2)"" href=""#rs-2"">
								            </a>"
25,https://cucatalog.org/polaris/view.aspx?CN=2642153,The Urbana Free Library,serious,link-name,Ensure links have discernible text,Links must have discernible text,https://dequeuniversity.com/rules/axe/4.10/link-name?application=playwright,"<a id=""c-accordion-lvl2__title_relatedsearch-2"" class=""c-accordion-lvl2__title-link "" role=""button"" aria-expanded=""true"" aria-controls=""rs-2"" data-toggle=""collapse"" onclick=""javascript:InvokeRSD('collapse', 2)"" href=""#rs-2"">  
									            
											            </a>"
25,https://cucatalog.org/polaris/view.aspx?CN=2642153,The Urbana Free Library,serious,link-name,Ensure links have discernible text,Links must have discernible text,https://dequeuniversity.com/rules/axe/4.10/link-name?application=playwright,"<a id=""c-accordion-lvl2__title_relatedsearch-2"" class=""c-accordion-lvl2__title-link "" role=""button"" aria-expanded=""true"" aria-controls=""rs-2"" data-toggle=""collapse"" onclick=""javascript:InvokeRSD('collapse', 2)"" href=""#rs-2"">  
                                                            </a>"
25,https://cucatalog.org/polaris/view.aspx?CN=2642153,The Urbana Free Library,serious,link-name,Ensure links have discernible text,Links must have discernible text,https://dequeuniversity.com/rules/axe/4.10/link-name?application=playwright,"<a id=""c-accordion-lvl2__title_relatedsearch-3"" class=""c-accordion-lvl2__title-link "" role=""button"" aria-expanded=""true"" aria-controls=""rs-3"" data-toggle=""collapse"" onclick=""javascript:InvokeRSD('collapse', 3)"" href=""#rs-3"">    
                                </a>"
25,https://cucatalog.org/polaris/view.aspx?CN=2642153,The Urbana Free Library,serious,link-name,Ensure links have discernible text,Links must have discernible text,https://dequeuniversity.com/rules/axe/4.10/link-name?application=playwright,"<a id=""c-accordion-lvl2__title_relatedsearch-3"" class=""c-accordion-lvl2__title-link "" role=""button"" aria-expanded=""true"" aria-controls=""rs-3"" data-toggle=""collapse"" onclick=""javascript:InvokeRSD('collapse', 3)"" href=""#rs-3"">"
25,https://cucatalog.org/polaris/view.aspx?CN=2642153,The Urbana Free Library,serious,link-name,Ensure links have discernible text,Links must have discernible text,https://dequeuniversity.com/rules/axe/4.10/link-name?application=playwright,"<a id=""c-accordion-lvl2__title_relatedsearch-3"" class=""c-accordion-lvl2__title-link "" role=""button"" aria-expanded=""true"" aria-controls=""rs-3"" data-toggle=""collapse"" onclick=""javascript:InvokeRSD('collapse', 3)"" href=""#rs-3"">
                                        </a>"
25,https://cucatalog.org/polaris/view.aspx?CN=2642153,The Urbana Free Library,serious,link-name,Ensure links have discernible text,Links must have discernible text,https://dequeuniversity.com/rules/axe/4.10/link-name?application=playwright,"<a id=""c-accordion-lvl2__title_relatedsearch-3"" class=""c-accordion-lvl2__title-link "" role=""button"" aria-expanded=""true"" aria-controls=""rs-3"" data-toggle=""collapse"" onclick=""javascript:InvokeRSD('collapse', 3)"" href=""#rs-3"">
								            </a>"
25,https://cucatalog.org/polaris/view.aspx?CN=2642153,The Urbana Free Library,serious,link-name,Ensure links have discernible text,Links must have discernible text,https://dequeuniversity.com/rules/axe/4.10/link-name?application=playwright,"<a id=""c-accordion-lvl2__title_relatedsearch-3"" class=""c-accordion-lvl2__title-link "" role=""button"" aria-expanded=""true"" aria-controls=""rs-3"" data-toggle=""collapse"" onclick=""javascript:InvokeRSD('collapse', 3)"" href=""#rs-3"">  
									            
											            </a>"
25,https://cucatalog.org/polaris/view.aspx?CN=2642153,The Urbana Free Library,serious,link-name,Ensure links have discernible text,Links must have discernible text,https://dequeuniversity.com/rules/axe/4.10/link-name?application=playwright,"<a id=""c-accordion-lvl2__title_relatedsearch-3"" class=""c-accordion-lvl2__title-link "" role=""button"" aria-expanded=""true"" aria-controls=""rs-3"" data-toggle=""collapse"" onclick=""javascript:InvokeRSD('collapse', 3)"" href=""#rs-3"">  
                                                            </a>"
25,https://cucatalog.org/polaris/view.aspx?CN=2642153,The Urbana Free Library,serious,list,Ensure that lists are structured correctly,"<ul> and <ol> must only directly contain <li>, <script> or <template> elements",https://dequeuniversity.com/rules/axe/4.10/list?application=playwright,"<ul id=""c-title-detail__button-list-"" class=""c-title-detail-actions__list"" data-item-pos=""1"" data-item-page=""0"">"
25,https://cucatalog.org/polaris/view.aspx?CN=2642153,The Urbana Free Library,serious,list,Ensure that lists are structured correctly,"<ul> and <ol> must only directly contain <li>, <script> or <template> elements",https://dequeuniversity.com/rules/axe/4.10/list?application=playwright,"<ul class="" c-accordion__list c-accordion__list--show-bullets"">"
25,https://cucatalog.org/polaris/view.aspx?CN=2642153,The Urbana Free Library,serious,list,Ensure that lists are structured correctly,"<ul> and <ol> must only directly contain <li>, <script> or <template> elements",https://dequeuniversity.com/rules/axe/4.10/list?application=playwright,"<ul class="" c-accordion__list c-accordion__list--show-bullets"">"
25,https://cucatalog.org/polaris/view.aspx?CN=2642153,The Urbana Free Library,serious,listitem,Ensure <li> elements are used semantically,<li> elements must be contained in a <ul> or <ol>,https://dequeuniversity.com/rules/axe/4.10/listitem?application=playwright,"<li class=""nav__nav expandable-block-nav"">"
25,https://cucatalog.org/polaris/view.aspx?CN=2642153,The Urbana Free Library,serious,nested-interactive,Ensure interactive controls are not nested as they are not always announced by screen readers or can cause focus problems for assistive technologies,Interactive controls must not be nested,https://dequeuniversity.com/rules/axe/4.10/nested-interactive?application=playwright,"<div class=""c-accordion__heading"" role=""tab"">"
25,https://cucatalog.org/polaris/view.aspx?CN=2642153,The Urbana Free Library,serious,nested-interactive,Ensure interactive controls are not nested as they are not always announced by screen readers or can cause focus problems for assistive technologies,Interactive controls must not be nested,https://dequeuniversity.com/rules/axe/4.10/nested-interactive?application=playwright,"<div class=""c-accordion-lvl2__heading"" role=""tab"">"
25,https://cucatalog.org/polaris/view.aspx?CN=2642153,The Urbana Free Library,serious,nested-interactive,Ensure interactive controls are not nested as they are not always announced by screen readers or can cause focus problems for assistive technologies,Interactive controls must not be nested,https://dequeuniversity.com/rules/axe/4.10/nested-interactive?application=playwright,"<div class=""c-accordion-lvl2__heading"" role=""tab"">"
25,https://cucatalog.org/polaris/view.aspx?CN=2642153,The Urbana Free Library,serious,nested-interactive,Ensure interactive controls are not nested as they are not always announced by screen readers or can cause focus problems for assistive technologies,Interactive controls must not be nested,https://dequeuniversity.com/rules/axe/4.10/nested-interactive?application=playwright,"<div class=""c-accordion-lvl2__heading"" role=""tab"">"
25,https://cucatalog.org/polaris/view.aspx?CN=2642153,The Urbana Free Library,serious,nested-interactive,Ensure interactive controls are not nested as they are not always announced by screen readers or can cause focus problems for assistive technologies,Interactive controls must not be nested,https://dequeuniversity.com/rules/axe/4.10/nested-interactive?application=playwright,"<div class=""c-accordion__heading"" role=""tab"">"
25,https://cucatalog.org/polaris/view.aspx?CN=2642153,The Urbana Free Library,serious,nested-interactive,Ensure interactive controls are not nested as they are not always announced by screen readers or can cause focus problems for assistive technologies,Interactive controls must not be nested,https://dequeuniversity.com/rules/axe/4.10/nested-interactive?application=playwright,"<div class=""c-accordion__heading"" role=""tab"">"
25,https://cucatalog.org/polaris/view.aspx?CN=2642153,The Urbana Free Library,serious,nested-interactive,Ensure interactive controls are not nested as they are not always announced by screen readers or can cause focus problems for assistive technologies,Interactive controls must not be nested,https://dequeuniversity.com/rules/axe/4.10/nested-interactive?application=playwright,"<div class=""c-accordion__heading"" role=""tab"">"
25,https://cucatalog.org/polaris/view.aspx?CN=2642153,The Urbana Free Library,serious,nested-interactive,Ensure interactive controls are not nested as they are not always announced by screen readers or can cause focus problems for assistive technologies,Interactive controls must not be nested,https://dequeuniversity.com/rules/axe/4.10/nested-interactive?application=playwright,"<div class=""c-accordion__heading"" role=""tab"">"
25,https://cucatalog.org/polaris/view.aspx?CN=2642153,The Urbana Free Library,serious,nested-interactive,Ensure interactive controls are not nested as they are not always announced by screen readers or can cause focus problems for assistive technologies,Interactive controls must not be nested,https://dequeuniversity.com/rules/axe/4.10/nested-interactive?application=playwright,"<div class=""c-accordion__heading"" role=""tab"">"
25,https://cucatalog.org/polaris/view.aspx?CN=2642153,The Urbana Free Library,serious,nested-interactive,Ensure interactive controls are not nested as they are not always announced by screen readers or can cause focus problems for assistive technologies,Interactive controls must not be nested,https://dequeuniversity.com/rules/axe/4.10/nested-interactive?application=playwright,"<div class=""c-accordion__heading"" role=""tab"">"
25,https://cucatalog.org/polaris/view.aspx?CN=2642153,The Urbana Free Library,serious,nested-interactive,Ensure interactive controls are not nested as they are not always announced by screen readers or can cause focus problems for assistive technologies,Interactive controls must not be nested,https://dequeuniversity.com/rules/axe/4.10/nested-interactive?application=playwright,"<div class=""c-accordion__heading"" role=""tab"">"
25,https://cucatalog.org/polaris/view.aspx?CN=2642153,The Urbana Free Library,serious,nested-interactive,Ensure interactive controls are not nested as they are not always announced by screen readers or can cause focus problems for assistive technologies,Interactive controls must not be nested,https://dequeuniversity.com/rules/axe/4.10/nested-interactive?application=playwright,"<div class=""c-accordion__heading"" role=""tab"">"
25,https://cucatalog.org/polaris/view.aspx?CN=2642153,The Urbana Free Library,moderate,page-has-heading-one,"Ensure that the page, or at least one of its frames contains a level-one heading",Page should contain a level-one heading,https://dequeuniversity.com/rules/axe/4.10/page-has-heading-one?application=playwright,"<html class=""js flexbox flexboxlegacy canvas canvastext webgl no-touch geolocation postmessage no-websqldatabase indexeddb hashchange history draganddrop websockets rgba hsla multiplebgs backgroundsize borderimage borderradius boxshadow textshadow opacity cssanimations csscolumns cssgradients cssreflections csstransforms csstransforms3d csstransitions fontface generatedcontent video audio localstorage sessionstorage webworkers no-applicationcache svg inlinesvg smil svgclippaths"" lang=""en"" style="""">"
26,https://cucatalog.org/polaris/view.aspx?CN=2647703,The Urbana Free Library,critical,aria-allowed-attr,Ensure an element's role supports its ARIA attributes,Elements must only use supported ARIA attributes,https://dequeuniversity.com/rules/axe/4.10/aria-allowed-attr?application=playwright,"<div class=""c-search-header-options__container collapse in"" id=""c-search-header__search-options"" aria-labelledby=""c-search-header__search-options"" aria-expanded=""true"" style="""">"
26,https://cucatalog.org/polaris/view.aspx?CN=2647703,The Urbana Free Library,serious,aria-hidden-focus,Ensure aria-hidden elements are not focusable nor contain focusable elements,ARIA hidden element must not be focusable or contain focusable elements,https://dequeuniversity.com/rules/axe/4.10/aria-hidden-focus?application=playwright,"<a id=""__pos-1"" href=""#"" aria-hidden=""true"" aria-label=""Search Result""></a>"
26,https://cucatalog.org/polaris/view.aspx?CN=2647703,The Urbana Free Library,critical,aria-required-attr,Ensure elements with ARIA roles have all required ARIA attributes,Required ARIA attributes must be provided,https://dequeuniversity.com/rules/axe/4.10/aria-required-attr?application=playwright,"<select name=""ctl00$BodyMainContent$ctrlSearchBars$searchbarKeyword$dropdownSearchBy"" id=""dropdownSearchBy"" class=""SearchByList c-search-header__dropdown c-search-header__box--height"" aria-labelledby=""dropdownSearchByLabel"" role=""combobox"">"
26,https://cucatalog.org/polaris/view.aspx?CN=2647703,The Urbana Free Library,critical,aria-required-attr,Ensure elements with ARIA roles have all required ARIA attributes,Required ARIA attributes must be provided,https://dequeuniversity.com/rules/axe/4.10/aria-required-attr?application=playwright,"<select name=""ctl00$BodyMainContent$ctrlSearchBars$searchbarKeyword$dropdownLimitFilter"" id=""dropdownLimitFilter"" class=""c-search-header__dropdown c-search-header__box--height"" aria-labelledby=""dropdownLimitFilterLabel"" role=""combobox"" onchange=""javascript: AddDefaultTermAndHighlight('textboxTerm'); CheckDetailedMaterial();"">"
26,https://cucatalog.org/polaris/view.aspx?CN=2647703,The Urbana Free Library,critical,aria-required-children,Ensure elements with an ARIA role that require child roles contain them,Certain ARIA roles must contain particular children,https://dequeuniversity.com/rules/axe/4.10/aria-required-children?application=playwright,"<div class=""c-accordion-lvl2"" role=""tablist"" aria-multiselectable=""true"">"
26,https://cucatalog.org/polaris/view.aspx?CN=2647703,The Urbana Free Library,critical,aria-required-children,Ensure elements with an ARIA role that require child roles contain them,Certain ARIA roles must contain particular children,https://dequeuniversity.com/rules/axe/4.10/aria-required-children?application=playwright,"<div class=""c-accordion-lvl2__heading"" role=""tablist"">"
26,https://cucatalog.org/polaris/view.aspx?CN=2647703,The Urbana Free Library,critical,aria-required-parent,Ensure elements with an ARIA role that require parent roles are contained by them,Certain ARIA roles must be contained by particular parents,https://dequeuniversity.com/rules/axe/4.10/aria-required-parent?application=playwright,"<div class=""c-accordion__heading"" role=""tab"">"
26,https://cucatalog.org/polaris/view.aspx?CN=2647703,The Urbana Free Library,critical,aria-required-parent,Ensure elements with an ARIA role that require parent roles are contained by them,Certain ARIA roles must be contained by particular parents,https://dequeuniversity.com/rules/axe/4.10/aria-required-parent?application=playwright,"<div class=""c-accordion__heading"" role=""tab"">"
26,https://cucatalog.org/polaris/view.aspx?CN=2647703,The Urbana Free Library,critical,aria-required-parent,Ensure elements with an ARIA role that require parent roles are contained by them,Certain ARIA roles must be contained by particular parents,https://dequeuniversity.com/rules/axe/4.10/aria-required-parent?application=playwright,"<div class=""c-accordion__heading"" role=""tab"">"
26,https://cucatalog.org/polaris/view.aspx?CN=2647703,The Urbana Free Library,critical,aria-required-parent,Ensure elements with an ARIA role that require parent roles are contained by them,Certain ARIA roles must be contained by particular parents,https://dequeuniversity.com/rules/axe/4.10/aria-required-parent?application=playwright,"<div class=""c-accordion__heading"" role=""tab"">"
26,https://cucatalog.org/polaris/view.aspx?CN=2647703,The Urbana Free Library,critical,aria-required-parent,Ensure elements with an ARIA role that require parent roles are contained by them,Certain ARIA roles must be contained by particular parents,https://dequeuniversity.com/rules/axe/4.10/aria-required-parent?application=playwright,"<div class=""c-accordion__heading"" role=""tab"">"
26,https://cucatalog.org/polaris/view.aspx?CN=2647703,The Urbana Free Library,critical,aria-required-parent,Ensure elements with an ARIA role that require parent roles are contained by them,Certain ARIA roles must be contained by particular parents,https://dequeuniversity.com/rules/axe/4.10/aria-required-parent?application=playwright,"<div class=""c-accordion__heading"" role=""tab"">"
26,https://cucatalog.org/polaris/view.aspx?CN=2647703,The Urbana Free Library,critical,aria-required-parent,Ensure elements with an ARIA role that require parent roles are contained by them,Certain ARIA roles must be contained by particular parents,https://dequeuniversity.com/rules/axe/4.10/aria-required-parent?application=playwright,"<div class=""c-accordion__heading"" role=""tab"">"
26,https://cucatalog.org/polaris/view.aspx?CN=2647703,The Urbana Free Library,critical,aria-required-parent,Ensure elements with an ARIA role that require parent roles are contained by them,Certain ARIA roles must be contained by particular parents,https://dequeuniversity.com/rules/axe/4.10/aria-required-parent?application=playwright,"<div class=""c-accordion__heading"" role=""tab"">"
26,https://cucatalog.org/polaris/view.aspx?CN=2647703,The Urbana Free Library,critical,aria-required-parent,Ensure elements with an ARIA role that require parent roles are contained by them,Certain ARIA roles must be contained by particular parents,https://dequeuniversity.com/rules/axe/4.10/aria-required-parent?application=playwright,"<div class=""c-accordion__heading"" role=""tab"">"
26,https://cucatalog.org/polaris/view.aspx?CN=2647703,The Urbana Free Library,moderate,landmark-banner-is-top-level,Ensure the banner landmark is at top level,Banner landmark should not be contained in another landmark,https://dequeuniversity.com/rules/axe/4.10/landmark-banner-is-top-level?application=playwright,"<header class=""nav-panel__header"">"
26,https://cucatalog.org/polaris/view.aspx?CN=2647703,The Urbana Free Library,moderate,landmark-banner-is-top-level,Ensure the banner landmark is at top level,Banner landmark should not be contained in another landmark,https://dequeuniversity.com/rules/axe/4.10/landmark-banner-is-top-level?application=playwright,"<header class=""nav-panel__header"">"
26,https://cucatalog.org/polaris/view.aspx?CN=2647703,The Urbana Free Library,moderate,landmark-main-is-top-level,Ensure the main landmark is at top level,Main landmark should not be contained in another landmark,https://dequeuniversity.com/rules/axe/4.10/landmark-main-is-top-level?application=playwright,"<main class=""site-footer__main"">"
26,https://cucatalog.org/polaris/view.aspx?CN=2647703,The Urbana Free Library,moderate,landmark-no-duplicate-banner,Ensure the document has at most one banner landmark,Document should not have more than one banner landmark,https://dequeuniversity.com/rules/axe/4.10/landmark-no-duplicate-banner?application=playwright,"<header class=""site-header"">"
26,https://cucatalog.org/polaris/view.aspx?CN=2647703,The Urbana Free Library,moderate,landmark-no-duplicate-main,Ensure the document has at most one main landmark,Document should not have more than one main landmark,https://dequeuniversity.com/rules/axe/4.10/landmark-no-duplicate-main?application=playwright,"<main class=""site-main"" id=""content"">"
26,https://cucatalog.org/polaris/view.aspx?CN=2647703,The Urbana Free Library,moderate,landmark-unique,Ensure landmarks are unique,Landmarks should have a unique role or role/label/title (i.e. accessible name) combination,https://dequeuniversity.com/rules/axe/4.10/landmark-unique?application=playwright,"<header class=""site-header"">"
26,https://cucatalog.org/polaris/view.aspx?CN=2647703,The Urbana Free Library,moderate,landmark-unique,Ensure landmarks are unique,Landmarks should have a unique role or role/label/title (i.e. accessible name) combination,https://dequeuniversity.com/rules/axe/4.10/landmark-unique?application=playwright,"<nav class=""nav-panel__top-nav top-nav top-nav--split-header navbar-collapse"" role=""navigation"">"
26,https://cucatalog.org/polaris/view.aspx?CN=2647703,The Urbana Free Library,moderate,landmark-unique,Ensure landmarks are unique,Landmarks should have a unique role or role/label/title (i.e. accessible name) combination,https://dequeuniversity.com/rules/axe/4.10/landmark-unique?application=playwright,"<main class=""site-main"" id=""content"">"
26,https://cucatalog.org/polaris/view.aspx?CN=2647703,The Urbana Free Library,serious,link-name,Ensure links have discernible text,Links must have discernible text,https://dequeuniversity.com/rules/axe/4.10/link-name?application=playwright,"<a id=""c-accordion-lvl2__title_relatedsearch-2"" class=""c-accordion-lvl2__title-link "" role=""button"" aria-expanded=""true"" aria-controls=""rs-2"" data-toggle=""collapse"" onclick=""javascript:InvokeRSD('collapse', 2)"" href=""#rs-2"">    
                                </a>"
26,https://cucatalog.org/polaris/view.aspx?CN=2647703,The Urbana Free Library,serious,link-name,Ensure links have discernible text,Links must have discernible text,https://dequeuniversity.com/rules/axe/4.10/link-name?application=playwright,"<a id=""c-accordion-lvl2__title_relatedsearch-2"" class=""c-accordion-lvl2__title-link "" role=""button"" aria-expanded=""true"" aria-controls=""rs-2"" data-toggle=""collapse"" onclick=""javascript:InvokeRSD('collapse', 2)"" href=""#rs-2"">"
26,https://cucatalog.org/polaris/view.aspx?CN=2647703,The Urbana Free Library,serious,link-name,Ensure links have discernible text,Links must have discernible text,https://dequeuniversity.com/rules/axe/4.10/link-name?application=playwright,"<a id=""c-accordion-lvl2__title_relatedsearch-2"" class=""c-accordion-lvl2__title-link "" role=""button"" aria-expanded=""true"" aria-controls=""rs-2"" data-toggle=""collapse"" onclick=""javascript:InvokeRSD('collapse', 2)"" href=""#rs-2"">
                                        </a>"
26,https://cucatalog.org/polaris/view.aspx?CN=2647703,The Urbana Free Library,serious,link-name,Ensure links have discernible text,Links must have discernible text,https://dequeuniversity.com/rules/axe/4.10/link-name?application=playwright,"<a id=""c-accordion-lvl2__title_relatedsearch-2"" class=""c-accordion-lvl2__title-link "" role=""button"" aria-expanded=""true"" aria-controls=""rs-2"" data-toggle=""collapse"" onclick=""javascript:InvokeRSD('collapse', 2)"" href=""#rs-2"">
								            </a>"
26,https://cucatalog.org/polaris/view.aspx?CN=2647703,The Urbana Free Library,serious,link-name,Ensure links have discernible text,Links must have discernible text,https://dequeuniversity.com/rules/axe/4.10/link-name?application=playwright,"<a id=""c-accordion-lvl2__title_relatedsearch-2"" class=""c-accordion-lvl2__title-link "" role=""button"" aria-expanded=""true"" aria-controls=""rs-2"" data-toggle=""collapse"" onclick=""javascript:InvokeRSD('collapse', 2)"" href=""#rs-2"">  
									            
											            </a>"
26,https://cucatalog.org/polaris/view.aspx?CN=2647703,The Urbana Free Library,serious,link-name,Ensure links have discernible text,Links must have discernible text,https://dequeuniversity.com/rules/axe/4.10/link-name?application=playwright,"<a id=""c-accordion-lvl2__title_relatedsearch-2"" class=""c-accordion-lvl2__title-link "" role=""button"" aria-expanded=""true"" aria-controls=""rs-2"" data-toggle=""collapse"" onclick=""javascript:InvokeRSD('collapse', 2)"" href=""#rs-2"">  
                                                            </a>"
26,https://cucatalog.org/polaris/view.aspx?CN=2647703,The Urbana Free Library,serious,link-name,Ensure links have discernible text,Links must have discernible text,https://dequeuniversity.com/rules/axe/4.10/link-name?application=playwright,"<a id=""c-accordion-lvl2__title_relatedsearch-3"" class=""c-accordion-lvl2__title-link "" role=""button"" aria-expanded=""true"" aria-controls=""rs-3"" data-toggle=""collapse"" onclick=""javascript:InvokeRSD('collapse', 3)"" href=""#rs-3"">    
                                </a>"
26,https://cucatalog.org/polaris/view.aspx?CN=2647703,The Urbana Free Library,serious,link-name,Ensure links have discernible text,Links must have discernible text,https://dequeuniversity.com/rules/axe/4.10/link-name?application=playwright,"<a id=""c-accordion-lvl2__title_relatedsearch-3"" class=""c-accordion-lvl2__title-link "" role=""button"" aria-expanded=""true"" aria-controls=""rs-3"" data-toggle=""collapse"" onclick=""javascript:InvokeRSD('collapse', 3)"" href=""#rs-3"">"
26,https://cucatalog.org/polaris/view.aspx?CN=2647703,The Urbana Free Library,serious,link-name,Ensure links have discernible text,Links must have discernible text,https://dequeuniversity.com/rules/axe/4.10/link-name?application=playwright,"<a id=""c-accordion-lvl2__title_relatedsearch-3"" class=""c-accordion-lvl2__title-link "" role=""button"" aria-expanded=""true"" aria-controls=""rs-3"" data-toggle=""collapse"" onclick=""javascript:InvokeRSD('collapse', 3)"" href=""#rs-3"">
                                        </a>"
26,https://cucatalog.org/polaris/view.aspx?CN=2647703,The Urbana Free Library,serious,link-name,Ensure links have discernible text,Links must have discernible text,https://dequeuniversity.com/rules/axe/4.10/link-name?application=playwright,"<a id=""c-accordion-lvl2__title_relatedsearch-3"" class=""c-accordion-lvl2__title-link "" role=""button"" aria-expanded=""true"" aria-controls=""rs-3"" data-toggle=""collapse"" onclick=""javascript:InvokeRSD('collapse', 3)"" href=""#rs-3"">
								            </a>"
26,https://cucatalog.org/polaris/view.aspx?CN=2647703,The Urbana Free Library,serious,link-name,Ensure links have discernible text,Links must have discernible text,https://dequeuniversity.com/rules/axe/4.10/link-name?application=playwright,"<a id=""c-accordion-lvl2__title_relatedsearch-3"" class=""c-accordion-lvl2__title-link "" role=""button"" aria-expanded=""true"" aria-controls=""rs-3"" data-toggle=""collapse"" onclick=""javascript:InvokeRSD('collapse', 3)"" href=""#rs-3"">  
									            
											            </a>"
26,https://cucatalog.org/polaris/view.aspx?CN=2647703,The Urbana Free Library,serious,link-name,Ensure links have discernible text,Links must have discernible text,https://dequeuniversity.com/rules/axe/4.10/link-name?application=playwright,"<a id=""c-accordion-lvl2__title_relatedsearch-3"" class=""c-accordion-lvl2__title-link "" role=""button"" aria-expanded=""true"" aria-controls=""rs-3"" data-toggle=""collapse"" onclick=""javascript:InvokeRSD('collapse', 3)"" href=""#rs-3"">  
                                                            </a>"
26,https://cucatalog.org/polaris/view.aspx?CN=2647703,The Urbana Free Library,serious,list,Ensure that lists are structured correctly,"<ul> and <ol> must only directly contain <li>, <script> or <template> elements",https://dequeuniversity.com/rules/axe/4.10/list?application=playwright,"<ul id=""c-title-detail__button-list-"" class=""c-title-detail-actions__list"" data-item-pos=""1"" data-item-page=""0"">"
26,https://cucatalog.org/polaris/view.aspx?CN=2647703,The Urbana Free Library,serious,list,Ensure that lists are structured correctly,"<ul> and <ol> must only directly contain <li>, <script> or <template> elements",https://dequeuniversity.com/rules/axe/4.10/list?application=playwright,"<ul class="" c-accordion__list c-accordion__list--show-bullets"">"
26,https://cucatalog.org/polaris/view.aspx?CN=2647703,The Urbana Free Library,serious,list,Ensure that lists are structured correctly,"<ul> and <ol> must only directly contain <li>, <script> or <template> elements",https://dequeuniversity.com/rules/axe/4.10/list?application=playwright,"<ul class="" c-accordion__list c-accordion__list--show-bullets"">"
26,https://cucatalog.org/polaris/view.aspx?CN=2647703,The Urbana Free Library,serious,listitem,Ensure <li> elements are used semantically,<li> elements must be contained in a <ul> or <ol>,https://dequeuniversity.com/rules/axe/4.10/listitem?application=playwright,"<li class=""nav__nav expandable-block-nav"">"
26,https://cucatalog.org/polaris/view.aspx?CN=2647703,The Urbana Free Library,serious,nested-interactive,Ensure interactive controls are not nested as they are not always announced by screen readers or can cause focus problems for assistive technologies,Interactive controls must not be nested,https://dequeuniversity.com/rules/axe/4.10/nested-interactive?application=playwright,"<div class=""c-accordion__heading"" role=""tab"">"
26,https://cucatalog.org/polaris/view.aspx?CN=2647703,The Urbana Free Library,serious,nested-interactive,Ensure interactive controls are not nested as they are not always announced by screen readers or can cause focus problems for assistive technologies,Interactive controls must not be nested,https://dequeuniversity.com/rules/axe/4.10/nested-interactive?application=playwright,"<div class=""c-accordion-lvl2__heading"" role=""tab"">"
26,https://cucatalog.org/polaris/view.aspx?CN=2647703,The Urbana Free Library,serious,nested-interactive,Ensure interactive controls are not nested as they are not always announced by screen readers or can cause focus problems for assistive technologies,Interactive controls must not be nested,https://dequeuniversity.com/rules/axe/4.10/nested-interactive?application=playwright,"<div class=""c-accordion-lvl2__heading"" role=""tab"">"
26,https://cucatalog.org/polaris/view.aspx?CN=2647703,The Urbana Free Library,serious,nested-interactive,Ensure interactive controls are not nested as they are not always announced by screen readers or can cause focus problems for assistive technologies,Interactive controls must not be nested,https://dequeuniversity.com/rules/axe/4.10/nested-interactive?application=playwright,"<div class=""c-accordion-lvl2__heading"" role=""tab"">"
26,https://cucatalog.org/polaris/view.aspx?CN=2647703,The Urbana Free Library,serious,nested-interactive,Ensure interactive controls are not nested as they are not always announced by screen readers or can cause focus problems for assistive technologies,Interactive controls must not be nested,https://dequeuniversity.com/rules/axe/4.10/nested-interactive?application=playwright,"<div class=""c-accordion__heading"" role=""tab"">"
26,https://cucatalog.org/polaris/view.aspx?CN=2647703,The Urbana Free Library,serious,nested-interactive,Ensure interactive controls are not nested as they are not always announced by screen readers or can cause focus problems for assistive technologies,Interactive controls must not be nested,https://dequeuniversity.com/rules/axe/4.10/nested-interactive?application=playwright,"<div class=""c-accordion__heading"" role=""tab"">"
26,https://cucatalog.org/polaris/view.aspx?CN=2647703,The Urbana Free Library,serious,nested-interactive,Ensure interactive controls are not nested as they are not always announced by screen readers or can cause focus problems for assistive technologies,Interactive controls must not be nested,https://dequeuniversity.com/rules/axe/4.10/nested-interactive?application=playwright,"<div class=""c-accordion__heading"" role=""tab"">"
26,https://cucatalog.org/polaris/view.aspx?CN=2647703,The Urbana Free Library,serious,nested-interactive,Ensure interactive controls are not nested as they are not always announced by screen readers or can cause focus problems for assistive technologies,Interactive controls must not be nested,https://dequeuniversity.com/rules/axe/4.10/nested-interactive?application=playwright,"<div class=""c-accordion__heading"" role=""tab"">"
26,https://cucatalog.org/polaris/view.aspx?CN=2647703,The Urbana Free Library,serious,nested-interactive,Ensure interactive controls are not nested as they are not always announced by screen readers or can cause focus problems for assistive technologies,Interactive controls must not be nested,https://dequeuniversity.com/rules/axe/4.10/nested-interactive?application=playwright,"<div class=""c-accordion__heading"" role=""tab"">"
26,https://cucatalog.org/polaris/view.aspx?CN=2647703,The Urbana Free Library,serious,nested-interactive,Ensure interactive controls are not nested as they are not always announced by screen readers or can cause focus problems for assistive technologies,Interactive controls must not be nested,https://dequeuniversity.com/rules/axe/4.10/nested-interactive?application=playwright,"<div class=""c-accordion__heading"" role=""tab"">"
26,https://cucatalog.org/polaris/view.aspx?CN=2647703,The Urbana Free Library,serious,nested-interactive,Ensure interactive controls are not nested as they are not always announced by screen readers or can cause focus problems for assistive technologies,Interactive controls must not be nested,https://dequeuniversity.com/rules/axe/4.10/nested-interactive?application=playwright,"<div class=""c-accordion__heading"" role=""tab"">"
26,https://cucatalog.org/polaris/view.aspx?CN=2647703,The Urbana Free Library,serious,nested-interactive,Ensure interactive controls are not nested as they are not always announced by screen readers or can cause focus problems for assistive technologies,Interactive controls must not be nested,https://dequeuniversity.com/rules/axe/4.10/nested-interactive?application=playwright,"<div class=""c-accordion__heading"" role=""tab"">"
26,https://cucatalog.org/polaris/view.aspx?CN=2647703,The Urbana Free Library,moderate,page-has-heading-one,"Ensure that the page, or at least one of its frames contains a level-one heading",Page should contain a level-one heading,https://dequeuniversity.com/rules/axe/4.10/page-has-heading-one?application=playwright,"<html class=""js flexbox flexboxlegacy canvas canvastext webgl no-touch geolocation postmessage no-websqldatabase indexeddb hashchange history draganddrop websockets rgba hsla multiplebgs backgroundsize borderimage borderradius boxshadow textshadow opacity cssanimations csscolumns cssgradients cssreflections csstransforms csstransforms3d csstransitions fontface generatedcontent video audio localstorage sessionstorage webworkers no-applicationcache svg inlinesvg smil svgclippaths"" lang=""en"" style="""">"
27,https://cucatalog.org/polaris/view.aspx?CN=2633869,The Urbana Free Library,critical,aria-allowed-attr,Ensure an element's role supports its ARIA attributes,Elements must only use supported ARIA attributes,https://dequeuniversity.com/rules/axe/4.10/aria-allowed-attr?application=playwright,"<div class=""c-search-header-options__container collapse in"" id=""c-search-header__search-options"" aria-labelledby=""c-search-header__search-options"" aria-expanded=""true"" style="""">"
27,https://cucatalog.org/polaris/view.aspx?CN=2633869,The Urbana Free Library,serious,aria-hidden-focus,Ensure aria-hidden elements are not focusable nor contain focusable elements,ARIA hidden element must not be focusable or contain focusable elements,https://dequeuniversity.com/rules/axe/4.10/aria-hidden-focus?application=playwright,"<a id=""__pos-1"" href=""#"" aria-hidden=""true"" aria-label=""Search Result""></a>"
27,https://cucatalog.org/polaris/view.aspx?CN=2633869,The Urbana Free Library,critical,aria-required-attr,Ensure elements with ARIA roles have all required ARIA attributes,Required ARIA attributes must be provided,https://dequeuniversity.com/rules/axe/4.10/aria-required-attr?application=playwright,"<select name=""ctl00$BodyMainContent$ctrlSearchBars$searchbarKeyword$dropdownSearchBy"" id=""dropdownSearchBy"" class=""SearchByList c-search-header__dropdown c-search-header__box--height"" aria-labelledby=""dropdownSearchByLabel"" role=""combobox"">"
27,https://cucatalog.org/polaris/view.aspx?CN=2633869,The Urbana Free Library,critical,aria-required-attr,Ensure elements with ARIA roles have all required ARIA attributes,Required ARIA attributes must be provided,https://dequeuniversity.com/rules/axe/4.10/aria-required-attr?application=playwright,"<select name=""ctl00$BodyMainContent$ctrlSearchBars$searchbarKeyword$dropdownLimitFilter"" id=""dropdownLimitFilter"" class=""c-search-header__dropdown c-search-header__box--height"" aria-labelledby=""dropdownLimitFilterLabel"" role=""combobox"" onchange=""javascript: AddDefaultTermAndHighlight('textboxTerm'); CheckDetailedMaterial();"">"
27,https://cucatalog.org/polaris/view.aspx?CN=2633869,The Urbana Free Library,critical,aria-required-children,Ensure elements with an ARIA role that require child roles contain them,Certain ARIA roles must contain particular children,https://dequeuniversity.com/rules/axe/4.10/aria-required-children?application=playwright,"<div class=""c-accordion-lvl2"" role=""tablist"" aria-multiselectable=""true"">"
27,https://cucatalog.org/polaris/view.aspx?CN=2633869,The Urbana Free Library,critical,aria-required-children,Ensure elements with an ARIA role that require child roles contain them,Certain ARIA roles must contain particular children,https://dequeuniversity.com/rules/axe/4.10/aria-required-children?application=playwright,"<div class=""c-accordion-lvl2__heading"" role=""tablist"">"
27,https://cucatalog.org/polaris/view.aspx?CN=2633869,The Urbana Free Library,critical,aria-required-parent,Ensure elements with an ARIA role that require parent roles are contained by them,Certain ARIA roles must be contained by particular parents,https://dequeuniversity.com/rules/axe/4.10/aria-required-parent?application=playwright,"<div class=""c-accordion__heading"" role=""tab"">"
27,https://cucatalog.org/polaris/view.aspx?CN=2633869,The Urbana Free Library,critical,aria-required-parent,Ensure elements with an ARIA role that require parent roles are contained by them,Certain ARIA roles must be contained by particular parents,https://dequeuniversity.com/rules/axe/4.10/aria-required-parent?application=playwright,"<div class=""c-accordion__heading"" role=""tab"">"
27,https://cucatalog.org/polaris/view.aspx?CN=2633869,The Urbana Free Library,critical,aria-required-parent,Ensure elements with an ARIA role that require parent roles are contained by them,Certain ARIA roles must be contained by particular parents,https://dequeuniversity.com/rules/axe/4.10/aria-required-parent?application=playwright,"<div class=""c-accordion__heading"" role=""tab"">"
27,https://cucatalog.org/polaris/view.aspx?CN=2633869,The Urbana Free Library,critical,aria-required-parent,Ensure elements with an ARIA role that require parent roles are contained by them,Certain ARIA roles must be contained by particular parents,https://dequeuniversity.com/rules/axe/4.10/aria-required-parent?application=playwright,"<div class=""c-accordion__heading"" role=""tab"">"
27,https://cucatalog.org/polaris/view.aspx?CN=2633869,The Urbana Free Library,critical,aria-required-parent,Ensure elements with an ARIA role that require parent roles are contained by them,Certain ARIA roles must be contained by particular parents,https://dequeuniversity.com/rules/axe/4.10/aria-required-parent?application=playwright,"<div class=""c-accordion__heading"" role=""tab"">"
27,https://cucatalog.org/polaris/view.aspx?CN=2633869,The Urbana Free Library,critical,aria-required-parent,Ensure elements with an ARIA role that require parent roles are contained by them,Certain ARIA roles must be contained by particular parents,https://dequeuniversity.com/rules/axe/4.10/aria-required-parent?application=playwright,"<div class=""c-accordion__heading"" role=""tab"">"
27,https://cucatalog.org/polaris/view.aspx?CN=2633869,The Urbana Free Library,critical,aria-required-parent,Ensure elements with an ARIA role that require parent roles are contained by them,Certain ARIA roles must be contained by particular parents,https://dequeuniversity.com/rules/axe/4.10/aria-required-parent?application=playwright,"<div class=""c-accordion__heading"" role=""tab"">"
27,https://cucatalog.org/polaris/view.aspx?CN=2633869,The Urbana Free Library,critical,aria-required-parent,Ensure elements with an ARIA role that require parent roles are contained by them,Certain ARIA roles must be contained by particular parents,https://dequeuniversity.com/rules/axe/4.10/aria-required-parent?application=playwright,"<div class=""c-accordion__heading"" role=""tab"">"
27,https://cucatalog.org/polaris/view.aspx?CN=2633869,The Urbana Free Library,critical,aria-required-parent,Ensure elements with an ARIA role that require parent roles are contained by them,Certain ARIA roles must be contained by particular parents,https://dequeuniversity.com/rules/axe/4.10/aria-required-parent?application=playwright,"<div class=""c-accordion__heading"" role=""tab"">"
27,https://cucatalog.org/polaris/view.aspx?CN=2633869,The Urbana Free Library,moderate,landmark-banner-is-top-level,Ensure the banner landmark is at top level,Banner landmark should not be contained in another landmark,https://dequeuniversity.com/rules/axe/4.10/landmark-banner-is-top-level?application=playwright,"<header class=""nav-panel__header"">"
27,https://cucatalog.org/polaris/view.aspx?CN=2633869,The Urbana Free Library,moderate,landmark-banner-is-top-level,Ensure the banner landmark is at top level,Banner landmark should not be contained in another landmark,https://dequeuniversity.com/rules/axe/4.10/landmark-banner-is-top-level?application=playwright,"<header class=""nav-panel__header"">"
27,https://cucatalog.org/polaris/view.aspx?CN=2633869,The Urbana Free Library,moderate,landmark-main-is-top-level,Ensure the main landmark is at top level,Main landmark should not be contained in another landmark,https://dequeuniversity.com/rules/axe/4.10/landmark-main-is-top-level?application=playwright,"<main class=""site-footer__main"">"
27,https://cucatalog.org/polaris/view.aspx?CN=2633869,The Urbana Free Library,moderate,landmark-no-duplicate-banner,Ensure the document has at most one banner landmark,Document should not have more than one banner landmark,https://dequeuniversity.com/rules/axe/4.10/landmark-no-duplicate-banner?application=playwright,"<header class=""site-header"">"
27,https://cucatalog.org/polaris/view.aspx?CN=2633869,The Urbana Free Library,moderate,landmark-no-duplicate-main,Ensure the document has at most one main landmark,Document should not have more than one main landmark,https://dequeuniversity.com/rules/axe/4.10/landmark-no-duplicate-main?application=playwright,"<main class=""site-main"" id=""content"">"
27,https://cucatalog.org/polaris/view.aspx?CN=2633869,The Urbana Free Library,moderate,landmark-unique,Ensure landmarks are unique,Landmarks should have a unique role or role/label/title (i.e. accessible name) combination,https://dequeuniversity.com/rules/axe/4.10/landmark-unique?application=playwright,"<header class=""site-header"">"
27,https://cucatalog.org/polaris/view.aspx?CN=2633869,The Urbana Free Library,moderate,landmark-unique,Ensure landmarks are unique,Landmarks should have a unique role or role/label/title (i.e. accessible name) combination,https://dequeuniversity.com/rules/axe/4.10/landmark-unique?application=playwright,"<nav class=""nav-panel__top-nav top-nav top-nav--split-header navbar-collapse"" role=""navigation"">"
27,https://cucatalog.org/polaris/view.aspx?CN=2633869,The Urbana Free Library,moderate,landmark-unique,Ensure landmarks are unique,Landmarks should have a unique role or role/label/title (i.e. accessible name) combination,https://dequeuniversity.com/rules/axe/4.10/landmark-unique?application=playwright,"<main class=""site-main"" id=""content"">"
27,https://cucatalog.org/polaris/view.aspx?CN=2633869,The Urbana Free Library,serious,link-name,Ensure links have discernible text,Links must have discernible text,https://dequeuniversity.com/rules/axe/4.10/link-name?application=playwright,"<a id=""c-accordion-lvl2__title_relatedsearch-2"" class=""c-accordion-lvl2__title-link "" role=""button"" aria-expanded=""true"" aria-controls=""rs-2"" data-toggle=""collapse"" onclick=""javascript:InvokeRSD('collapse', 2)"" href=""#rs-2"">    
                                </a>"
27,https://cucatalog.org/polaris/view.aspx?CN=2633869,The Urbana Free Library,serious,link-name,Ensure links have discernible text,Links must have discernible text,https://dequeuniversity.com/rules/axe/4.10/link-name?application=playwright,"<a id=""c-accordion-lvl2__title_relatedsearch-2"" class=""c-accordion-lvl2__title-link "" role=""button"" aria-expanded=""true"" aria-controls=""rs-2"" data-toggle=""collapse"" onclick=""javascript:InvokeRSD('collapse', 2)"" href=""#rs-2"">"
27,https://cucatalog.org/polaris/view.aspx?CN=2633869,The Urbana Free Library,serious,link-name,Ensure links have discernible text,Links must have discernible text,https://dequeuniversity.com/rules/axe/4.10/link-name?application=playwright,"<a id=""c-accordion-lvl2__title_relatedsearch-2"" class=""c-accordion-lvl2__title-link "" role=""button"" aria-expanded=""true"" aria-controls=""rs-2"" data-toggle=""collapse"" onclick=""javascript:InvokeRSD('collapse', 2)"" href=""#rs-2"">
                                        </a>"
27,https://cucatalog.org/polaris/view.aspx?CN=2633869,The Urbana Free Library,serious,link-name,Ensure links have discernible text,Links must have discernible text,https://dequeuniversity.com/rules/axe/4.10/link-name?application=playwright,"<a id=""c-accordion-lvl2__title_relatedsearch-2"" class=""c-accordion-lvl2__title-link "" role=""button"" aria-expanded=""true"" aria-controls=""rs-2"" data-toggle=""collapse"" onclick=""javascript:InvokeRSD('collapse', 2)"" href=""#rs-2"">
								            </a>"
27,https://cucatalog.org/polaris/view.aspx?CN=2633869,The Urbana Free Library,serious,link-name,Ensure links have discernible text,Links must have discernible text,https://dequeuniversity.com/rules/axe/4.10/link-name?application=playwright,"<a id=""c-accordion-lvl2__title_relatedsearch-2"" class=""c-accordion-lvl2__title-link "" role=""button"" aria-expanded=""true"" aria-controls=""rs-2"" data-toggle=""collapse"" onclick=""javascript:InvokeRSD('collapse', 2)"" href=""#rs-2"">  
									            
											            </a>"
27,https://cucatalog.org/polaris/view.aspx?CN=2633869,The Urbana Free Library,serious,link-name,Ensure links have discernible text,Links must have discernible text,https://dequeuniversity.com/rules/axe/4.10/link-name?application=playwright,"<a id=""c-accordion-lvl2__title_relatedsearch-2"" class=""c-accordion-lvl2__title-link "" role=""button"" aria-expanded=""true"" aria-controls=""rs-2"" data-toggle=""collapse"" onclick=""javascript:InvokeRSD('collapse', 2)"" href=""#rs-2"">  
                                                            </a>"
27,https://cucatalog.org/polaris/view.aspx?CN=2633869,The Urbana Free Library,serious,link-name,Ensure links have discernible text,Links must have discernible text,https://dequeuniversity.com/rules/axe/4.10/link-name?application=playwright,"<a id=""c-accordion-lvl2__title_relatedsearch-3"" class=""c-accordion-lvl2__title-link "" role=""button"" aria-expanded=""true"" aria-controls=""rs-3"" data-toggle=""collapse"" onclick=""javascript:InvokeRSD('collapse', 3)"" href=""#rs-3"">    
                                </a>"
27,https://cucatalog.org/polaris/view.aspx?CN=2633869,The Urbana Free Library,serious,link-name,Ensure links have discernible text,Links must have discernible text,https://dequeuniversity.com/rules/axe/4.10/link-name?application=playwright,"<a id=""c-accordion-lvl2__title_relatedsearch-3"" class=""c-accordion-lvl2__title-link "" role=""button"" aria-expanded=""true"" aria-controls=""rs-3"" data-toggle=""collapse"" onclick=""javascript:InvokeRSD('collapse', 3)"" href=""#rs-3"">"
27,https://cucatalog.org/polaris/view.aspx?CN=2633869,The Urbana Free Library,serious,link-name,Ensure links have discernible text,Links must have discernible text,https://dequeuniversity.com/rules/axe/4.10/link-name?application=playwright,"<a id=""c-accordion-lvl2__title_relatedsearch-3"" class=""c-accordion-lvl2__title-link "" role=""button"" aria-expanded=""true"" aria-controls=""rs-3"" data-toggle=""collapse"" onclick=""javascript:InvokeRSD('collapse', 3)"" href=""#rs-3"">
                                        </a>"
27,https://cucatalog.org/polaris/view.aspx?CN=2633869,The Urbana Free Library,serious,link-name,Ensure links have discernible text,Links must have discernible text,https://dequeuniversity.com/rules/axe/4.10/link-name?application=playwright,"<a id=""c-accordion-lvl2__title_relatedsearch-3"" class=""c-accordion-lvl2__title-link "" role=""button"" aria-expanded=""true"" aria-controls=""rs-3"" data-toggle=""collapse"" onclick=""javascript:InvokeRSD('collapse', 3)"" href=""#rs-3"">
								            </a>"
27,https://cucatalog.org/polaris/view.aspx?CN=2633869,The Urbana Free Library,serious,link-name,Ensure links have discernible text,Links must have discernible text,https://dequeuniversity.com/rules/axe/4.10/link-name?application=playwright,"<a id=""c-accordion-lvl2__title_relatedsearch-3"" class=""c-accordion-lvl2__title-link "" role=""button"" aria-expanded=""true"" aria-controls=""rs-3"" data-toggle=""collapse"" onclick=""javascript:InvokeRSD('collapse', 3)"" href=""#rs-3"">  
									            
											            </a>"
27,https://cucatalog.org/polaris/view.aspx?CN=2633869,The Urbana Free Library,serious,link-name,Ensure links have discernible text,Links must have discernible text,https://dequeuniversity.com/rules/axe/4.10/link-name?application=playwright,"<a id=""c-accordion-lvl2__title_relatedsearch-3"" class=""c-accordion-lvl2__title-link "" role=""button"" aria-expanded=""true"" aria-controls=""rs-3"" data-toggle=""collapse"" onclick=""javascript:InvokeRSD('collapse', 3)"" href=""#rs-3"">  
                                                            </a>"
27,https://cucatalog.org/polaris/view.aspx?CN=2633869,The Urbana Free Library,serious,link-name,Ensure links have discernible text,Links must have discernible text,https://dequeuniversity.com/rules/axe/4.10/link-name?application=playwright,"<a id=""c-accordion-lvl2__title_relatedsearch-4"" class=""c-accordion-lvl2__title-link "" role=""button"" aria-expanded=""true"" aria-controls=""rs-4"" data-toggle=""collapse"" onclick=""javascript:InvokeRSD('collapse', 4)"" href=""#rs-4"">    
                                </a>"
27,https://cucatalog.org/polaris/view.aspx?CN=2633869,The Urbana Free Library,serious,link-name,Ensure links have discernible text,Links must have discernible text,https://dequeuniversity.com/rules/axe/4.10/link-name?application=playwright,"<a id=""c-accordion-lvl2__title_relatedsearch-4"" class=""c-accordion-lvl2__title-link "" role=""button"" aria-expanded=""true"" aria-controls=""rs-4"" data-toggle=""collapse"" onclick=""javascript:InvokeRSD('collapse', 4)"" href=""#rs-4"">"
27,https://cucatalog.org/polaris/view.aspx?CN=2633869,The Urbana Free Library,serious,link-name,Ensure links have discernible text,Links must have discernible text,https://dequeuniversity.com/rules/axe/4.10/link-name?application=playwright,"<a id=""c-accordion-lvl2__title_relatedsearch-4"" class=""c-accordion-lvl2__title-link "" role=""button"" aria-expanded=""true"" aria-controls=""rs-4"" data-toggle=""collapse"" onclick=""javascript:InvokeRSD('collapse', 4)"" href=""#rs-4"">
                                        </a>"
27,https://cucatalog.org/polaris/view.aspx?CN=2633869,The Urbana Free Library,serious,link-name,Ensure links have discernible text,Links must have discernible text,https://dequeuniversity.com/rules/axe/4.10/link-name?application=playwright,"<a id=""c-accordion-lvl2__title_relatedsearch-4"" class=""c-accordion-lvl2__title-link "" role=""button"" aria-expanded=""true"" aria-controls=""rs-4"" data-toggle=""collapse"" onclick=""javascript:InvokeRSD('collapse', 4)"" href=""#rs-4"">
								            </a>"
27,https://cucatalog.org/polaris/view.aspx?CN=2633869,The Urbana Free Library,serious,link-name,Ensure links have discernible text,Links must have discernible text,https://dequeuniversity.com/rules/axe/4.10/link-name?application=playwright,"<a id=""c-accordion-lvl2__title_relatedsearch-4"" class=""c-accordion-lvl2__title-link "" role=""button"" aria-expanded=""true"" aria-controls=""rs-4"" data-toggle=""collapse"" onclick=""javascript:InvokeRSD('collapse', 4)"" href=""#rs-4"">  
									            
											            </a>"
27,https://cucatalog.org/polaris/view.aspx?CN=2633869,The Urbana Free Library,serious,link-name,Ensure links have discernible text,Links must have discernible text,https://dequeuniversity.com/rules/axe/4.10/link-name?application=playwright,"<a id=""c-accordion-lvl2__title_relatedsearch-4"" class=""c-accordion-lvl2__title-link "" role=""button"" aria-expanded=""true"" aria-controls=""rs-4"" data-toggle=""collapse"" onclick=""javascript:InvokeRSD('collapse', 4)"" href=""#rs-4"">  
                                                            </a>"
27,https://cucatalog.org/polaris/view.aspx?CN=2633869,The Urbana Free Library,serious,list,Ensure that lists are structured correctly,"<ul> and <ol> must only directly contain <li>, <script> or <template> elements",https://dequeuniversity.com/rules/axe/4.10/list?application=playwright,"<ul id=""c-title-detail__button-list-"" class=""c-title-detail-actions__list"" data-item-pos=""1"" data-item-page=""0"">"
27,https://cucatalog.org/polaris/view.aspx?CN=2633869,The Urbana Free Library,serious,list,Ensure that lists are structured correctly,"<ul> and <ol> must only directly contain <li>, <script> or <template> elements",https://dequeuniversity.com/rules/axe/4.10/list?application=playwright,"<ul class="" c-accordion__list c-accordion__list--show-bullets"">"
27,https://cucatalog.org/polaris/view.aspx?CN=2633869,The Urbana Free Library,serious,list,Ensure that lists are structured correctly,"<ul> and <ol> must only directly contain <li>, <script> or <template> elements",https://dequeuniversity.com/rules/axe/4.10/list?application=playwright,"<ul class="" c-accordion__list c-accordion__list--show-bullets"">"
27,https://cucatalog.org/polaris/view.aspx?CN=2633869,The Urbana Free Library,serious,list,Ensure that lists are structured correctly,"<ul> and <ol> must only directly contain <li>, <script> or <template> elements",https://dequeuniversity.com/rules/axe/4.10/list?application=playwright,"<ul class="" c-accordion__list c-accordion__list--show-bullets"">"
27,https://cucatalog.org/polaris/view.aspx?CN=2633869,The Urbana Free Library,serious,listitem,Ensure <li> elements are used semantically,<li> elements must be contained in a <ul> or <ol>,https://dequeuniversity.com/rules/axe/4.10/listitem?application=playwright,"<li class=""nav__nav expandable-block-nav"">"
27,https://cucatalog.org/polaris/view.aspx?CN=2633869,The Urbana Free Library,serious,nested-interactive,Ensure interactive controls are not nested as they are not always announced by screen readers or can cause focus problems for assistive technologies,Interactive controls must not be nested,https://dequeuniversity.com/rules/axe/4.10/nested-interactive?application=playwright,"<div class=""c-accordion__heading"" role=""tab"">"
27,https://cucatalog.org/polaris/view.aspx?CN=2633869,The Urbana Free Library,serious,nested-interactive,Ensure interactive controls are not nested as they are not always announced by screen readers or can cause focus problems for assistive technologies,Interactive controls must not be nested,https://dequeuniversity.com/rules/axe/4.10/nested-interactive?application=playwright,"<div class=""c-accordion-lvl2__heading"" role=""tab"">"
27,https://cucatalog.org/polaris/view.aspx?CN=2633869,The Urbana Free Library,serious,nested-interactive,Ensure interactive controls are not nested as they are not always announced by screen readers or can cause focus problems for assistive technologies,Interactive controls must not be nested,https://dequeuniversity.com/rules/axe/4.10/nested-interactive?application=playwright,"<div class=""c-accordion-lvl2__heading"" role=""tab"">"
27,https://cucatalog.org/polaris/view.aspx?CN=2633869,The Urbana Free Library,serious,nested-interactive,Ensure interactive controls are not nested as they are not always announced by screen readers or can cause focus problems for assistive technologies,Interactive controls must not be nested,https://dequeuniversity.com/rules/axe/4.10/nested-interactive?application=playwright,"<div class=""c-accordion-lvl2__heading"" role=""tab"">"
27,https://cucatalog.org/polaris/view.aspx?CN=2633869,The Urbana Free Library,serious,nested-interactive,Ensure interactive controls are not nested as they are not always announced by screen readers or can cause focus problems for assistive technologies,Interactive controls must not be nested,https://dequeuniversity.com/rules/axe/4.10/nested-interactive?application=playwright,"<div class=""c-accordion-lvl2__heading"" role=""tab"">"
27,https://cucatalog.org/polaris/view.aspx?CN=2633869,The Urbana Free Library,serious,nested-interactive,Ensure interactive controls are not nested as they are not always announced by screen readers or can cause focus problems for assistive technologies,Interactive controls must not be nested,https://dequeuniversity.com/rules/axe/4.10/nested-interactive?application=playwright,"<div class=""c-accordion__heading"" role=""tab"">"
27,https://cucatalog.org/polaris/view.aspx?CN=2633869,The Urbana Free Library,serious,nested-interactive,Ensure interactive controls are not nested as they are not always announced by screen readers or can cause focus problems for assistive technologies,Interactive controls must not be nested,https://dequeuniversity.com/rules/axe/4.10/nested-interactive?application=playwright,"<div class=""c-accordion__heading"" role=""tab"">"
27,https://cucatalog.org/polaris/view.aspx?CN=2633869,The Urbana Free Library,serious,nested-interactive,Ensure interactive controls are not nested as they are not always announced by screen readers or can cause focus problems for assistive technologies,Interactive controls must not be nested,https://dequeuniversity.com/rules/axe/4.10/nested-interactive?application=playwright,"<div class=""c-accordion__heading"" role=""tab"">"
27,https://cucatalog.org/polaris/view.aspx?CN=2633869,The Urbana Free Library,serious,nested-interactive,Ensure interactive controls are not nested as they are not always announced by screen readers or can cause focus problems for assistive technologies,Interactive controls must not be nested,https://dequeuniversity.com/rules/axe/4.10/nested-interactive?application=playwright,"<div class=""c-accordion__heading"" role=""tab"">"
27,https://cucatalog.org/polaris/view.aspx?CN=2633869,The Urbana Free Library,serious,nested-interactive,Ensure interactive controls are not nested as they are not always announced by screen readers or can cause focus problems for assistive technologies,Interactive controls must not be nested,https://dequeuniversity.com/rules/axe/4.10/nested-interactive?application=playwright,"<div class=""c-accordion__heading"" role=""tab"">"
27,https://cucatalog.org/polaris/view.aspx?CN=2633869,The Urbana Free Library,serious,nested-interactive,Ensure interactive controls are not nested as they are not always announced by screen readers or can cause focus problems for assistive technologies,Interactive controls must not be nested,https://dequeuniversity.com/rules/axe/4.10/nested-interactive?application=playwright,"<div class=""c-accordion__heading"" role=""tab"">"
27,https://cucatalog.org/polaris/view.aspx?CN=2633869,The Urbana Free Library,serious,nested-interactive,Ensure interactive controls are not nested as they are not always announced by screen readers or can cause focus problems for assistive technologies,Interactive controls must not be nested,https://dequeuniversity.com/rules/axe/4.10/nested-interactive?application=playwright,"<div class=""c-accordion__heading"" role=""tab"">"
27,https://cucatalog.org/polaris/view.aspx?CN=2633869,The Urbana Free Library,serious,nested-interactive,Ensure interactive controls are not nested as they are not always announced by screen readers or can cause focus problems for assistive technologies,Interactive controls must not be nested,https://dequeuniversity.com/rules/axe/4.10/nested-interactive?application=playwright,"<div class=""c-accordion__heading"" role=""tab"">"
27,https://cucatalog.org/polaris/view.aspx?CN=2633869,The Urbana Free Library,moderate,page-has-heading-one,"Ensure that the page, or at least one of its frames contains a level-one heading",Page should contain a level-one heading,https://dequeuniversity.com/rules/axe/4.10/page-has-heading-one?application=playwright,"<html class=""js flexbox flexboxlegacy canvas canvastext webgl no-touch geolocation postmessage no-websqldatabase indexeddb hashchange history draganddrop websockets rgba hsla multiplebgs backgroundsize borderimage borderradius boxshadow textshadow opacity cssanimations csscolumns cssgradients cssreflections csstransforms csstransforms3d csstransitions fontface generatedcontent video audio localstorage sessionstorage webworkers no-applicationcache svg inlinesvg smil svgclippaths"" lang=""en"" style="""">"
28,https://cucatalog.org/polaris/view.aspx?CN=2659862,The Urbana Free Library,critical,aria-allowed-attr,Ensure an element's role supports its ARIA attributes,Elements must only use supported ARIA attributes,https://dequeuniversity.com/rules/axe/4.10/aria-allowed-attr?application=playwright,"<div class=""c-search-header-options__container collapse in"" id=""c-search-header__search-options"" aria-labelledby=""c-search-header__search-options"" aria-expanded=""true"" style="""">"
28,https://cucatalog.org/polaris/view.aspx?CN=2659862,The Urbana Free Library,serious,aria-hidden-focus,Ensure aria-hidden elements are not focusable nor contain focusable elements,ARIA hidden element must not be focusable or contain focusable elements,https://dequeuniversity.com/rules/axe/4.10/aria-hidden-focus?application=playwright,"<a id=""__pos-1"" href=""#"" aria-hidden=""true"" aria-label=""Search Result""></a>"
28,https://cucatalog.org/polaris/view.aspx?CN=2659862,The Urbana Free Library,critical,aria-required-attr,Ensure elements with ARIA roles have all required ARIA attributes,Required ARIA attributes must be provided,https://dequeuniversity.com/rules/axe/4.10/aria-required-attr?application=playwright,"<select name=""ctl00$BodyMainContent$ctrlSearchBars$searchbarKeyword$dropdownSearchBy"" id=""dropdownSearchBy"" class=""SearchByList c-search-header__dropdown c-search-header__box--height"" aria-labelledby=""dropdownSearchByLabel"" role=""combobox"">"
28,https://cucatalog.org/polaris/view.aspx?CN=2659862,The Urbana Free Library,critical,aria-required-attr,Ensure elements with ARIA roles have all required ARIA attributes,Required ARIA attributes must be provided,https://dequeuniversity.com/rules/axe/4.10/aria-required-attr?application=playwright,"<select name=""ctl00$BodyMainContent$ctrlSearchBars$searchbarKeyword$dropdownLimitFilter"" id=""dropdownLimitFilter"" class=""c-search-header__dropdown c-search-header__box--height"" aria-labelledby=""dropdownLimitFilterLabel"" role=""combobox"" onchange=""javascript: AddDefaultTermAndHighlight('textboxTerm'); CheckDetailedMaterial();"">"
28,https://cucatalog.org/polaris/view.aspx?CN=2659862,The Urbana Free Library,critical,aria-required-children,Ensure elements with an ARIA role that require child roles contain them,Certain ARIA roles must contain particular children,https://dequeuniversity.com/rules/axe/4.10/aria-required-children?application=playwright,"<div class=""c-accordion-lvl2"" role=""tablist"" aria-multiselectable=""true"">"
28,https://cucatalog.org/polaris/view.aspx?CN=2659862,The Urbana Free Library,critical,aria-required-children,Ensure elements with an ARIA role that require child roles contain them,Certain ARIA roles must contain particular children,https://dequeuniversity.com/rules/axe/4.10/aria-required-children?application=playwright,"<div class=""c-accordion-lvl2__heading"" role=""tablist"">"
28,https://cucatalog.org/polaris/view.aspx?CN=2659862,The Urbana Free Library,critical,aria-required-parent,Ensure elements with an ARIA role that require parent roles are contained by them,Certain ARIA roles must be contained by particular parents,https://dequeuniversity.com/rules/axe/4.10/aria-required-parent?application=playwright,"<div class=""c-accordion__heading"" role=""tab"">"
28,https://cucatalog.org/polaris/view.aspx?CN=2659862,The Urbana Free Library,critical,aria-required-parent,Ensure elements with an ARIA role that require parent roles are contained by them,Certain ARIA roles must be contained by particular parents,https://dequeuniversity.com/rules/axe/4.10/aria-required-parent?application=playwright,"<div class=""c-accordion__heading"" role=""tab"">"
28,https://cucatalog.org/polaris/view.aspx?CN=2659862,The Urbana Free Library,critical,aria-required-parent,Ensure elements with an ARIA role that require parent roles are contained by them,Certain ARIA roles must be contained by particular parents,https://dequeuniversity.com/rules/axe/4.10/aria-required-parent?application=playwright,"<div class=""c-accordion__heading"" role=""tab"">"
28,https://cucatalog.org/polaris/view.aspx?CN=2659862,The Urbana Free Library,critical,aria-required-parent,Ensure elements with an ARIA role that require parent roles are contained by them,Certain ARIA roles must be contained by particular parents,https://dequeuniversity.com/rules/axe/4.10/aria-required-parent?application=playwright,"<div class=""c-accordion__heading"" role=""tab"">"
28,https://cucatalog.org/polaris/view.aspx?CN=2659862,The Urbana Free Library,critical,aria-required-parent,Ensure elements with an ARIA role that require parent roles are contained by them,Certain ARIA roles must be contained by particular parents,https://dequeuniversity.com/rules/axe/4.10/aria-required-parent?application=playwright,"<div class=""c-accordion__heading"" role=""tab"">"
28,https://cucatalog.org/polaris/view.aspx?CN=2659862,The Urbana Free Library,critical,aria-required-parent,Ensure elements with an ARIA role that require parent roles are contained by them,Certain ARIA roles must be contained by particular parents,https://dequeuniversity.com/rules/axe/4.10/aria-required-parent?application=playwright,"<div class=""c-accordion__heading"" role=""tab"">"
28,https://cucatalog.org/polaris/view.aspx?CN=2659862,The Urbana Free Library,critical,aria-required-parent,Ensure elements with an ARIA role that require parent roles are contained by them,Certain ARIA roles must be contained by particular parents,https://dequeuniversity.com/rules/axe/4.10/aria-required-parent?application=playwright,"<div class=""c-accordion__heading"" role=""tab"">"
28,https://cucatalog.org/polaris/view.aspx?CN=2659862,The Urbana Free Library,critical,aria-required-parent,Ensure elements with an ARIA role that require parent roles are contained by them,Certain ARIA roles must be contained by particular parents,https://dequeuniversity.com/rules/axe/4.10/aria-required-parent?application=playwright,"<div class=""c-accordion__heading"" role=""tab"">"
28,https://cucatalog.org/polaris/view.aspx?CN=2659862,The Urbana Free Library,critical,aria-required-parent,Ensure elements with an ARIA role that require parent roles are contained by them,Certain ARIA roles must be contained by particular parents,https://dequeuniversity.com/rules/axe/4.10/aria-required-parent?application=playwright,"<div class=""c-accordion__heading"" role=""tab"">"
28,https://cucatalog.org/polaris/view.aspx?CN=2659862,The Urbana Free Library,moderate,landmark-banner-is-top-level,Ensure the banner landmark is at top level,Banner landmark should not be contained in another landmark,https://dequeuniversity.com/rules/axe/4.10/landmark-banner-is-top-level?application=playwright,"<header class=""nav-panel__header"">"
28,https://cucatalog.org/polaris/view.aspx?CN=2659862,The Urbana Free Library,moderate,landmark-banner-is-top-level,Ensure the banner landmark is at top level,Banner landmark should not be contained in another landmark,https://dequeuniversity.com/rules/axe/4.10/landmark-banner-is-top-level?application=playwright,"<header class=""nav-panel__header"">"
28,https://cucatalog.org/polaris/view.aspx?CN=2659862,The Urbana Free Library,moderate,landmark-main-is-top-level,Ensure the main landmark is at top level,Main landmark should not be contained in another landmark,https://dequeuniversity.com/rules/axe/4.10/landmark-main-is-top-level?application=playwright,"<main class=""site-footer__main"">"
28,https://cucatalog.org/polaris/view.aspx?CN=2659862,The Urbana Free Library,moderate,landmark-no-duplicate-banner,Ensure the document has at most one banner landmark,Document should not have more than one banner landmark,https://dequeuniversity.com/rules/axe/4.10/landmark-no-duplicate-banner?application=playwright,"<header class=""site-header"">"
28,https://cucatalog.org/polaris/view.aspx?CN=2659862,The Urbana Free Library,moderate,landmark-no-duplicate-main,Ensure the document has at most one main landmark,Document should not have more than one main landmark,https://dequeuniversity.com/rules/axe/4.10/landmark-no-duplicate-main?application=playwright,"<main class=""site-main"" id=""content"">"
28,https://cucatalog.org/polaris/view.aspx?CN=2659862,The Urbana Free Library,moderate,landmark-unique,Ensure landmarks are unique,Landmarks should have a unique role or role/label/title (i.e. accessible name) combination,https://dequeuniversity.com/rules/axe/4.10/landmark-unique?application=playwright,"<header class=""site-header"">"
28,https://cucatalog.org/polaris/view.aspx?CN=2659862,The Urbana Free Library,moderate,landmark-unique,Ensure landmarks are unique,Landmarks should have a unique role or role/label/title (i.e. accessible name) combination,https://dequeuniversity.com/rules/axe/4.10/landmark-unique?application=playwright,"<nav class=""nav-panel__top-nav top-nav top-nav--split-header navbar-collapse"" role=""navigation"">"
28,https://cucatalog.org/polaris/view.aspx?CN=2659862,The Urbana Free Library,moderate,landmark-unique,Ensure landmarks are unique,Landmarks should have a unique role or role/label/title (i.e. accessible name) combination,https://dequeuniversity.com/rules/axe/4.10/landmark-unique?application=playwright,"<main class=""site-main"" id=""content"">"
28,https://cucatalog.org/polaris/view.aspx?CN=2659862,The Urbana Free Library,serious,link-name,Ensure links have discernible text,Links must have discernible text,https://dequeuniversity.com/rules/axe/4.10/link-name?application=playwright,"<a id=""c-accordion-lvl2__title_relatedsearch-2"" class=""c-accordion-lvl2__title-link "" role=""button"" aria-expanded=""true"" aria-controls=""rs-2"" data-toggle=""collapse"" onclick=""javascript:InvokeRSD('collapse', 2)"" href=""#rs-2"">    
                                </a>"
28,https://cucatalog.org/polaris/view.aspx?CN=2659862,The Urbana Free Library,serious,link-name,Ensure links have discernible text,Links must have discernible text,https://dequeuniversity.com/rules/axe/4.10/link-name?application=playwright,"<a id=""c-accordion-lvl2__title_relatedsearch-2"" class=""c-accordion-lvl2__title-link "" role=""button"" aria-expanded=""true"" aria-controls=""rs-2"" data-toggle=""collapse"" onclick=""javascript:InvokeRSD('collapse', 2)"" href=""#rs-2"">"
28,https://cucatalog.org/polaris/view.aspx?CN=2659862,The Urbana Free Library,serious,link-name,Ensure links have discernible text,Links must have discernible text,https://dequeuniversity.com/rules/axe/4.10/link-name?application=playwright,"<a id=""c-accordion-lvl2__title_relatedsearch-2"" class=""c-accordion-lvl2__title-link "" role=""button"" aria-expanded=""true"" aria-controls=""rs-2"" data-toggle=""collapse"" onclick=""javascript:InvokeRSD('collapse', 2)"" href=""#rs-2"">
                                        </a>"
28,https://cucatalog.org/polaris/view.aspx?CN=2659862,The Urbana Free Library,serious,link-name,Ensure links have discernible text,Links must have discernible text,https://dequeuniversity.com/rules/axe/4.10/link-name?application=playwright,"<a id=""c-accordion-lvl2__title_relatedsearch-2"" class=""c-accordion-lvl2__title-link "" role=""button"" aria-expanded=""true"" aria-controls=""rs-2"" data-toggle=""collapse"" onclick=""javascript:InvokeRSD('collapse', 2)"" href=""#rs-2"">
								            </a>"
28,https://cucatalog.org/polaris/view.aspx?CN=2659862,The Urbana Free Library,serious,link-name,Ensure links have discernible text,Links must have discernible text,https://dequeuniversity.com/rules/axe/4.10/link-name?application=playwright,"<a id=""c-accordion-lvl2__title_relatedsearch-2"" class=""c-accordion-lvl2__title-link "" role=""button"" aria-expanded=""true"" aria-controls=""rs-2"" data-toggle=""collapse"" onclick=""javascript:InvokeRSD('collapse', 2)"" href=""#rs-2"">  
									            
											            </a>"
28,https://cucatalog.org/polaris/view.aspx?CN=2659862,The Urbana Free Library,serious,link-name,Ensure links have discernible text,Links must have discernible text,https://dequeuniversity.com/rules/axe/4.10/link-name?application=playwright,"<a id=""c-accordion-lvl2__title_relatedsearch-2"" class=""c-accordion-lvl2__title-link "" role=""button"" aria-expanded=""true"" aria-controls=""rs-2"" data-toggle=""collapse"" onclick=""javascript:InvokeRSD('collapse', 2)"" href=""#rs-2"">  
                                                            </a>"
28,https://cucatalog.org/polaris/view.aspx?CN=2659862,The Urbana Free Library,serious,link-name,Ensure links have discernible text,Links must have discernible text,https://dequeuniversity.com/rules/axe/4.10/link-name?application=playwright,"<a id=""c-accordion-lvl2__title_relatedsearch-3"" class=""c-accordion-lvl2__title-link "" role=""button"" aria-expanded=""true"" aria-controls=""rs-3"" data-toggle=""collapse"" onclick=""javascript:InvokeRSD('collapse', 3)"" href=""#rs-3"">    
                                </a>"
28,https://cucatalog.org/polaris/view.aspx?CN=2659862,The Urbana Free Library,serious,link-name,Ensure links have discernible text,Links must have discernible text,https://dequeuniversity.com/rules/axe/4.10/link-name?application=playwright,"<a id=""c-accordion-lvl2__title_relatedsearch-3"" class=""c-accordion-lvl2__title-link "" role=""button"" aria-expanded=""true"" aria-controls=""rs-3"" data-toggle=""collapse"" onclick=""javascript:InvokeRSD('collapse', 3)"" href=""#rs-3"">"
28,https://cucatalog.org/polaris/view.aspx?CN=2659862,The Urbana Free Library,serious,link-name,Ensure links have discernible text,Links must have discernible text,https://dequeuniversity.com/rules/axe/4.10/link-name?application=playwright,"<a id=""c-accordion-lvl2__title_relatedsearch-3"" class=""c-accordion-lvl2__title-link "" role=""button"" aria-expanded=""true"" aria-controls=""rs-3"" data-toggle=""collapse"" onclick=""javascript:InvokeRSD('collapse', 3)"" href=""#rs-3"">
                                        </a>"
28,https://cucatalog.org/polaris/view.aspx?CN=2659862,The Urbana Free Library,serious,link-name,Ensure links have discernible text,Links must have discernible text,https://dequeuniversity.com/rules/axe/4.10/link-name?application=playwright,"<a id=""c-accordion-lvl2__title_relatedsearch-3"" class=""c-accordion-lvl2__title-link "" role=""button"" aria-expanded=""true"" aria-controls=""rs-3"" data-toggle=""collapse"" onclick=""javascript:InvokeRSD('collapse', 3)"" href=""#rs-3"">
								            </a>"
28,https://cucatalog.org/polaris/view.aspx?CN=2659862,The Urbana Free Library,serious,link-name,Ensure links have discernible text,Links must have discernible text,https://dequeuniversity.com/rules/axe/4.10/link-name?application=playwright,"<a id=""c-accordion-lvl2__title_relatedsearch-3"" class=""c-accordion-lvl2__title-link "" role=""button"" aria-expanded=""true"" aria-controls=""rs-3"" data-toggle=""collapse"" onclick=""javascript:InvokeRSD('collapse', 3)"" href=""#rs-3"">  
									            
											            </a>"
28,https://cucatalog.org/polaris/view.aspx?CN=2659862,The Urbana Free Library,serious,link-name,Ensure links have discernible text,Links must have discernible text,https://dequeuniversity.com/rules/axe/4.10/link-name?application=playwright,"<a id=""c-accordion-lvl2__title_relatedsearch-3"" class=""c-accordion-lvl2__title-link "" role=""button"" aria-expanded=""true"" aria-controls=""rs-3"" data-toggle=""collapse"" onclick=""javascript:InvokeRSD('collapse', 3)"" href=""#rs-3"">  
                                                            </a>"
28,https://cucatalog.org/polaris/view.aspx?CN=2659862,The Urbana Free Library,serious,list,Ensure that lists are structured correctly,"<ul> and <ol> must only directly contain <li>, <script> or <template> elements",https://dequeuniversity.com/rules/axe/4.10/list?application=playwright,"<ul id=""c-title-detail__button-list-"" class=""c-title-detail-actions__list"" data-item-pos=""1"" data-item-page=""0"">"
28,https://cucatalog.org/polaris/view.aspx?CN=2659862,The Urbana Free Library,serious,list,Ensure that lists are structured correctly,"<ul> and <ol> must only directly contain <li>, <script> or <template> elements",https://dequeuniversity.com/rules/axe/4.10/list?application=playwright,"<ul class="" c-accordion__list c-accordion__list--show-bullets"">"
28,https://cucatalog.org/polaris/view.aspx?CN=2659862,The Urbana Free Library,serious,list,Ensure that lists are structured correctly,"<ul> and <ol> must only directly contain <li>, <script> or <template> elements",https://dequeuniversity.com/rules/axe/4.10/list?application=playwright,"<ul class="" c-accordion__list c-accordion__list--show-bullets"">"
28,https://cucatalog.org/polaris/view.aspx?CN=2659862,The Urbana Free Library,serious,listitem,Ensure <li> elements are used semantically,<li> elements must be contained in a <ul> or <ol>,https://dequeuniversity.com/rules/axe/4.10/listitem?application=playwright,"<li class=""nav__nav expandable-block-nav"">"
28,https://cucatalog.org/polaris/view.aspx?CN=2659862,The Urbana Free Library,serious,nested-interactive,Ensure interactive controls are not nested as they are not always announced by screen readers or can cause focus problems for assistive technologies,Interactive controls must not be nested,https://dequeuniversity.com/rules/axe/4.10/nested-interactive?application=playwright,"<div class=""c-accordion__heading"" role=""tab"">"
28,https://cucatalog.org/polaris/view.aspx?CN=2659862,The Urbana Free Library,serious,nested-interactive,Ensure interactive controls are not nested as they are not always announced by screen readers or can cause focus problems for assistive technologies,Interactive controls must not be nested,https://dequeuniversity.com/rules/axe/4.10/nested-interactive?application=playwright,"<div class=""c-accordion-lvl2__heading"" role=""tab"">"
28,https://cucatalog.org/polaris/view.aspx?CN=2659862,The Urbana Free Library,serious,nested-interactive,Ensure interactive controls are not nested as they are not always announced by screen readers or can cause focus problems for assistive technologies,Interactive controls must not be nested,https://dequeuniversity.com/rules/axe/4.10/nested-interactive?application=playwright,"<div class=""c-accordion-lvl2__heading"" role=""tab"">"
28,https://cucatalog.org/polaris/view.aspx?CN=2659862,The Urbana Free Library,serious,nested-interactive,Ensure interactive controls are not nested as they are not always announced by screen readers or can cause focus problems for assistive technologies,Interactive controls must not be nested,https://dequeuniversity.com/rules/axe/4.10/nested-interactive?application=playwright,"<div class=""c-accordion-lvl2__heading"" role=""tab"">"
28,https://cucatalog.org/polaris/view.aspx?CN=2659862,The Urbana Free Library,serious,nested-interactive,Ensure interactive controls are not nested as they are not always announced by screen readers or can cause focus problems for assistive technologies,Interactive controls must not be nested,https://dequeuniversity.com/rules/axe/4.10/nested-interactive?application=playwright,"<div class=""c-accordion__heading"" role=""tab"">"
28,https://cucatalog.org/polaris/view.aspx?CN=2659862,The Urbana Free Library,serious,nested-interactive,Ensure interactive controls are not nested as they are not always announced by screen readers or can cause focus problems for assistive technologies,Interactive controls must not be nested,https://dequeuniversity.com/rules/axe/4.10/nested-interactive?application=playwright,"<div class=""c-accordion__heading"" role=""tab"">"
28,https://cucatalog.org/polaris/view.aspx?CN=2659862,The Urbana Free Library,serious,nested-interactive,Ensure interactive controls are not nested as they are not always announced by screen readers or can cause focus problems for assistive technologies,Interactive controls must not be nested,https://dequeuniversity.com/rules/axe/4.10/nested-interactive?application=playwright,"<div class=""c-accordion__heading"" role=""tab"">"
28,https://cucatalog.org/polaris/view.aspx?CN=2659862,The Urbana Free Library,serious,nested-interactive,Ensure interactive controls are not nested as they are not always announced by screen readers or can cause focus problems for assistive technologies,Interactive controls must not be nested,https://dequeuniversity.com/rules/axe/4.10/nested-interactive?application=playwright,"<div class=""c-accordion__heading"" role=""tab"">"
28,https://cucatalog.org/polaris/view.aspx?CN=2659862,The Urbana Free Library,serious,nested-interactive,Ensure interactive controls are not nested as they are not always announced by screen readers or can cause focus problems for assistive technologies,Interactive controls must not be nested,https://dequeuniversity.com/rules/axe/4.10/nested-interactive?application=playwright,"<div class=""c-accordion__heading"" role=""tab"">"
28,https://cucatalog.org/polaris/view.aspx?CN=2659862,The Urbana Free Library,serious,nested-interactive,Ensure interactive controls are not nested as they are not always announced by screen readers or can cause focus problems for assistive technologies,Interactive controls must not be nested,https://dequeuniversity.com/rules/axe/4.10/nested-interactive?application=playwright,"<div class=""c-accordion__heading"" role=""tab"">"
28,https://cucatalog.org/polaris/view.aspx?CN=2659862,The Urbana Free Library,serious,nested-interactive,Ensure interactive controls are not nested as they are not always announced by screen readers or can cause focus problems for assistive technologies,Interactive controls must not be nested,https://dequeuniversity.com/rules/axe/4.10/nested-interactive?application=playwright,"<div class=""c-accordion__heading"" role=""tab"">"
28,https://cucatalog.org/polaris/view.aspx?CN=2659862,The Urbana Free Library,serious,nested-interactive,Ensure interactive controls are not nested as they are not always announced by screen readers or can cause focus problems for assistive technologies,Interactive controls must not be nested,https://dequeuniversity.com/rules/axe/4.10/nested-interactive?application=playwright,"<div class=""c-accordion__heading"" role=""tab"">"
28,https://cucatalog.org/polaris/view.aspx?CN=2659862,The Urbana Free Library,moderate,page-has-heading-one,"Ensure that the page, or at least one of its frames contains a level-one heading",Page should contain a level-one heading,https://dequeuniversity.com/rules/axe/4.10/page-has-heading-one?application=playwright,"<html class=""js flexbox flexboxlegacy canvas canvastext webgl no-touch geolocation postmessage no-websqldatabase indexeddb hashchange history draganddrop websockets rgba hsla multiplebgs backgroundsize borderimage borderradius boxshadow textshadow opacity cssanimations csscolumns cssgradients cssreflections csstransforms csstransforms3d csstransitions fontface generatedcontent video audio localstorage sessionstorage webworkers no-applicationcache svg inlinesvg smil svgclippaths"" lang=""en"" style="""">"
29,https://cucatalog.org/polaris/view.aspx?CN=2642128,The Urbana Free Library,critical,aria-allowed-attr,Ensure an element's role supports its ARIA attributes,Elements must only use supported ARIA attributes,https://dequeuniversity.com/rules/axe/4.10/aria-allowed-attr?application=playwright,"<div class=""c-search-header-options__container collapse in"" id=""c-search-header__search-options"" aria-labelledby=""c-search-header__search-options"" aria-expanded=""true"" style="""">"
29,https://cucatalog.org/polaris/view.aspx?CN=2642128,The Urbana Free Library,serious,aria-hidden-focus,Ensure aria-hidden elements are not focusable nor contain focusable elements,ARIA hidden element must not be focusable or contain focusable elements,https://dequeuniversity.com/rules/axe/4.10/aria-hidden-focus?application=playwright,"<a id=""__pos-1"" href=""#"" aria-hidden=""true"" aria-label=""Search Result""></a>"
29,https://cucatalog.org/polaris/view.aspx?CN=2642128,The Urbana Free Library,critical,aria-required-attr,Ensure elements with ARIA roles have all required ARIA attributes,Required ARIA attributes must be provided,https://dequeuniversity.com/rules/axe/4.10/aria-required-attr?application=playwright,"<select name=""ctl00$BodyMainContent$ctrlSearchBars$searchbarKeyword$dropdownSearchBy"" id=""dropdownSearchBy"" class=""SearchByList c-search-header__dropdown c-search-header__box--height"" aria-labelledby=""dropdownSearchByLabel"" role=""combobox"">"
29,https://cucatalog.org/polaris/view.aspx?CN=2642128,The Urbana Free Library,critical,aria-required-attr,Ensure elements with ARIA roles have all required ARIA attributes,Required ARIA attributes must be provided,https://dequeuniversity.com/rules/axe/4.10/aria-required-attr?application=playwright,"<select name=""ctl00$BodyMainContent$ctrlSearchBars$searchbarKeyword$dropdownLimitFilter"" id=""dropdownLimitFilter"" class=""c-search-header__dropdown c-search-header__box--height"" aria-labelledby=""dropdownLimitFilterLabel"" role=""combobox"" onchange=""javascript: AddDefaultTermAndHighlight('textboxTerm'); CheckDetailedMaterial();"">"
29,https://cucatalog.org/polaris/view.aspx?CN=2642128,The Urbana Free Library,critical,aria-required-children,Ensure elements with an ARIA role that require child roles contain them,Certain ARIA roles must contain particular children,https://dequeuniversity.com/rules/axe/4.10/aria-required-children?application=playwright,"<div class=""c-accordion-lvl2"" role=""tablist"" aria-multiselectable=""true"">"
29,https://cucatalog.org/polaris/view.aspx?CN=2642128,The Urbana Free Library,critical,aria-required-children,Ensure elements with an ARIA role that require child roles contain them,Certain ARIA roles must contain particular children,https://dequeuniversity.com/rules/axe/4.10/aria-required-children?application=playwright,"<div class=""c-accordion-lvl2__heading"" role=""tablist"">"
29,https://cucatalog.org/polaris/view.aspx?CN=2642128,The Urbana Free Library,critical,aria-required-parent,Ensure elements with an ARIA role that require parent roles are contained by them,Certain ARIA roles must be contained by particular parents,https://dequeuniversity.com/rules/axe/4.10/aria-required-parent?application=playwright,"<div class=""c-accordion__heading"" role=""tab"">"
29,https://cucatalog.org/polaris/view.aspx?CN=2642128,The Urbana Free Library,critical,aria-required-parent,Ensure elements with an ARIA role that require parent roles are contained by them,Certain ARIA roles must be contained by particular parents,https://dequeuniversity.com/rules/axe/4.10/aria-required-parent?application=playwright,"<div class=""c-accordion__heading"" role=""tab"">"
29,https://cucatalog.org/polaris/view.aspx?CN=2642128,The Urbana Free Library,critical,aria-required-parent,Ensure elements with an ARIA role that require parent roles are contained by them,Certain ARIA roles must be contained by particular parents,https://dequeuniversity.com/rules/axe/4.10/aria-required-parent?application=playwright,"<div class=""c-accordion__heading"" role=""tab"">"
29,https://cucatalog.org/polaris/view.aspx?CN=2642128,The Urbana Free Library,critical,aria-required-parent,Ensure elements with an ARIA role that require parent roles are contained by them,Certain ARIA roles must be contained by particular parents,https://dequeuniversity.com/rules/axe/4.10/aria-required-parent?application=playwright,"<div class=""c-accordion__heading"" role=""tab"">"
29,https://cucatalog.org/polaris/view.aspx?CN=2642128,The Urbana Free Library,critical,aria-required-parent,Ensure elements with an ARIA role that require parent roles are contained by them,Certain ARIA roles must be contained by particular parents,https://dequeuniversity.com/rules/axe/4.10/aria-required-parent?application=playwright,"<div class=""c-accordion__heading"" role=""tab"">"
29,https://cucatalog.org/polaris/view.aspx?CN=2642128,The Urbana Free Library,critical,aria-required-parent,Ensure elements with an ARIA role that require parent roles are contained by them,Certain ARIA roles must be contained by particular parents,https://dequeuniversity.com/rules/axe/4.10/aria-required-parent?application=playwright,"<div class=""c-accordion__heading"" role=""tab"">"
29,https://cucatalog.org/polaris/view.aspx?CN=2642128,The Urbana Free Library,critical,aria-required-parent,Ensure elements with an ARIA role that require parent roles are contained by them,Certain ARIA roles must be contained by particular parents,https://dequeuniversity.com/rules/axe/4.10/aria-required-parent?application=playwright,"<div class=""c-accordion__heading"" role=""tab"">"
29,https://cucatalog.org/polaris/view.aspx?CN=2642128,The Urbana Free Library,critical,aria-required-parent,Ensure elements with an ARIA role that require parent roles are contained by them,Certain ARIA roles must be contained by particular parents,https://dequeuniversity.com/rules/axe/4.10/aria-required-parent?application=playwright,"<div class=""c-accordion__heading"" role=""tab"">"
29,https://cucatalog.org/polaris/view.aspx?CN=2642128,The Urbana Free Library,critical,aria-required-parent,Ensure elements with an ARIA role that require parent roles are contained by them,Certain ARIA roles must be contained by particular parents,https://dequeuniversity.com/rules/axe/4.10/aria-required-parent?application=playwright,"<div class=""c-accordion__heading"" role=""tab"">"
29,https://cucatalog.org/polaris/view.aspx?CN=2642128,The Urbana Free Library,moderate,landmark-banner-is-top-level,Ensure the banner landmark is at top level,Banner landmark should not be contained in another landmark,https://dequeuniversity.com/rules/axe/4.10/landmark-banner-is-top-level?application=playwright,"<header class=""nav-panel__header"">"
29,https://cucatalog.org/polaris/view.aspx?CN=2642128,The Urbana Free Library,moderate,landmark-banner-is-top-level,Ensure the banner landmark is at top level,Banner landmark should not be contained in another landmark,https://dequeuniversity.com/rules/axe/4.10/landmark-banner-is-top-level?application=playwright,"<header class=""nav-panel__header"">"
29,https://cucatalog.org/polaris/view.aspx?CN=2642128,The Urbana Free Library,moderate,landmark-main-is-top-level,Ensure the main landmark is at top level,Main landmark should not be contained in another landmark,https://dequeuniversity.com/rules/axe/4.10/landmark-main-is-top-level?application=playwright,"<main class=""site-footer__main"">"
29,https://cucatalog.org/polaris/view.aspx?CN=2642128,The Urbana Free Library,moderate,landmark-no-duplicate-banner,Ensure the document has at most one banner landmark,Document should not have more than one banner landmark,https://dequeuniversity.com/rules/axe/4.10/landmark-no-duplicate-banner?application=playwright,"<header class=""site-header"">"
29,https://cucatalog.org/polaris/view.aspx?CN=2642128,The Urbana Free Library,moderate,landmark-no-duplicate-main,Ensure the document has at most one main landmark,Document should not have more than one main landmark,https://dequeuniversity.com/rules/axe/4.10/landmark-no-duplicate-main?application=playwright,"<main class=""site-main"" id=""content"">"
29,https://cucatalog.org/polaris/view.aspx?CN=2642128,The Urbana Free Library,moderate,landmark-unique,Ensure landmarks are unique,Landmarks should have a unique role or role/label/title (i.e. accessible name) combination,https://dequeuniversity.com/rules/axe/4.10/landmark-unique?application=playwright,"<header class=""site-header"">"
29,https://cucatalog.org/polaris/view.aspx?CN=2642128,The Urbana Free Library,moderate,landmark-unique,Ensure landmarks are unique,Landmarks should have a unique role or role/label/title (i.e. accessible name) combination,https://dequeuniversity.com/rules/axe/4.10/landmark-unique?application=playwright,"<nav class=""nav-panel__top-nav top-nav top-nav--split-header navbar-collapse"" role=""navigation"">"
29,https://cucatalog.org/polaris/view.aspx?CN=2642128,The Urbana Free Library,moderate,landmark-unique,Ensure landmarks are unique,Landmarks should have a unique role or role/label/title (i.e. accessible name) combination,https://dequeuniversity.com/rules/axe/4.10/landmark-unique?application=playwright,"<main class=""site-main"" id=""content"">"
29,https://cucatalog.org/polaris/view.aspx?CN=2642128,The Urbana Free Library,serious,link-name,Ensure links have discernible text,Links must have discernible text,https://dequeuniversity.com/rules/axe/4.10/link-name?application=playwright,"<a id=""c-accordion-lvl2__title_relatedsearch-2"" class=""c-accordion-lvl2__title-link "" role=""button"" aria-expanded=""true"" aria-controls=""rs-2"" data-toggle=""collapse"" onclick=""javascript:InvokeRSD('collapse', 2)"" href=""#rs-2"">    
                                </a>"
29,https://cucatalog.org/polaris/view.aspx?CN=2642128,The Urbana Free Library,serious,link-name,Ensure links have discernible text,Links must have discernible text,https://dequeuniversity.com/rules/axe/4.10/link-name?application=playwright,"<a id=""c-accordion-lvl2__title_relatedsearch-2"" class=""c-accordion-lvl2__title-link "" role=""button"" aria-expanded=""true"" aria-controls=""rs-2"" data-toggle=""collapse"" onclick=""javascript:InvokeRSD('collapse', 2)"" href=""#rs-2"">"
29,https://cucatalog.org/polaris/view.aspx?CN=2642128,The Urbana Free Library,serious,link-name,Ensure links have discernible text,Links must have discernible text,https://dequeuniversity.com/rules/axe/4.10/link-name?application=playwright,"<a id=""c-accordion-lvl2__title_relatedsearch-2"" class=""c-accordion-lvl2__title-link "" role=""button"" aria-expanded=""true"" aria-controls=""rs-2"" data-toggle=""collapse"" onclick=""javascript:InvokeRSD('collapse', 2)"" href=""#rs-2"">
                                        </a>"
29,https://cucatalog.org/polaris/view.aspx?CN=2642128,The Urbana Free Library,serious,link-name,Ensure links have discernible text,Links must have discernible text,https://dequeuniversity.com/rules/axe/4.10/link-name?application=playwright,"<a id=""c-accordion-lvl2__title_relatedsearch-2"" class=""c-accordion-lvl2__title-link "" role=""button"" aria-expanded=""true"" aria-controls=""rs-2"" data-toggle=""collapse"" onclick=""javascript:InvokeRSD('collapse', 2)"" href=""#rs-2"">
								            </a>"
29,https://cucatalog.org/polaris/view.aspx?CN=2642128,The Urbana Free Library,serious,link-name,Ensure links have discernible text,Links must have discernible text,https://dequeuniversity.com/rules/axe/4.10/link-name?application=playwright,"<a id=""c-accordion-lvl2__title_relatedsearch-2"" class=""c-accordion-lvl2__title-link "" role=""button"" aria-expanded=""true"" aria-controls=""rs-2"" data-toggle=""collapse"" onclick=""javascript:InvokeRSD('collapse', 2)"" href=""#rs-2"">  
									            
											            </a>"
29,https://cucatalog.org/polaris/view.aspx?CN=2642128,The Urbana Free Library,serious,link-name,Ensure links have discernible text,Links must have discernible text,https://dequeuniversity.com/rules/axe/4.10/link-name?application=playwright,"<a id=""c-accordion-lvl2__title_relatedsearch-2"" class=""c-accordion-lvl2__title-link "" role=""button"" aria-expanded=""true"" aria-controls=""rs-2"" data-toggle=""collapse"" onclick=""javascript:InvokeRSD('collapse', 2)"" href=""#rs-2"">  
                                                            </a>"
29,https://cucatalog.org/polaris/view.aspx?CN=2642128,The Urbana Free Library,serious,link-name,Ensure links have discernible text,Links must have discernible text,https://dequeuniversity.com/rules/axe/4.10/link-name?application=playwright,"<a id=""c-accordion-lvl2__title_relatedsearch-3"" class=""c-accordion-lvl2__title-link "" role=""button"" aria-expanded=""true"" aria-controls=""rs-3"" data-toggle=""collapse"" onclick=""javascript:InvokeRSD('collapse', 3)"" href=""#rs-3"">    
                                </a>"
29,https://cucatalog.org/polaris/view.aspx?CN=2642128,The Urbana Free Library,serious,link-name,Ensure links have discernible text,Links must have discernible text,https://dequeuniversity.com/rules/axe/4.10/link-name?application=playwright,"<a id=""c-accordion-lvl2__title_relatedsearch-3"" class=""c-accordion-lvl2__title-link "" role=""button"" aria-expanded=""true"" aria-controls=""rs-3"" data-toggle=""collapse"" onclick=""javascript:InvokeRSD('collapse', 3)"" href=""#rs-3"">"
29,https://cucatalog.org/polaris/view.aspx?CN=2642128,The Urbana Free Library,serious,link-name,Ensure links have discernible text,Links must have discernible text,https://dequeuniversity.com/rules/axe/4.10/link-name?application=playwright,"<a id=""c-accordion-lvl2__title_relatedsearch-3"" class=""c-accordion-lvl2__title-link "" role=""button"" aria-expanded=""true"" aria-controls=""rs-3"" data-toggle=""collapse"" onclick=""javascript:InvokeRSD('collapse', 3)"" href=""#rs-3"">
                                        </a>"
29,https://cucatalog.org/polaris/view.aspx?CN=2642128,The Urbana Free Library,serious,link-name,Ensure links have discernible text,Links must have discernible text,https://dequeuniversity.com/rules/axe/4.10/link-name?application=playwright,"<a id=""c-accordion-lvl2__title_relatedsearch-3"" class=""c-accordion-lvl2__title-link "" role=""button"" aria-expanded=""true"" aria-controls=""rs-3"" data-toggle=""collapse"" onclick=""javascript:InvokeRSD('collapse', 3)"" href=""#rs-3"">
								            </a>"
29,https://cucatalog.org/polaris/view.aspx?CN=2642128,The Urbana Free Library,serious,link-name,Ensure links have discernible text,Links must have discernible text,https://dequeuniversity.com/rules/axe/4.10/link-name?application=playwright,"<a id=""c-accordion-lvl2__title_relatedsearch-3"" class=""c-accordion-lvl2__title-link "" role=""button"" aria-expanded=""true"" aria-controls=""rs-3"" data-toggle=""collapse"" onclick=""javascript:InvokeRSD('collapse', 3)"" href=""#rs-3"">  
									            
											            </a>"
29,https://cucatalog.org/polaris/view.aspx?CN=2642128,The Urbana Free Library,serious,link-name,Ensure links have discernible text,Links must have discernible text,https://dequeuniversity.com/rules/axe/4.10/link-name?application=playwright,"<a id=""c-accordion-lvl2__title_relatedsearch-3"" class=""c-accordion-lvl2__title-link "" role=""button"" aria-expanded=""true"" aria-controls=""rs-3"" data-toggle=""collapse"" onclick=""javascript:InvokeRSD('collapse', 3)"" href=""#rs-3"">  
                                                            </a>"
29,https://cucatalog.org/polaris/view.aspx?CN=2642128,The Urbana Free Library,serious,list,Ensure that lists are structured correctly,"<ul> and <ol> must only directly contain <li>, <script> or <template> elements",https://dequeuniversity.com/rules/axe/4.10/list?application=playwright,"<ul id=""c-title-detail__button-list-"" class=""c-title-detail-actions__list"" data-item-pos=""1"" data-item-page=""0"">"
29,https://cucatalog.org/polaris/view.aspx?CN=2642128,The Urbana Free Library,serious,list,Ensure that lists are structured correctly,"<ul> and <ol> must only directly contain <li>, <script> or <template> elements",https://dequeuniversity.com/rules/axe/4.10/list?application=playwright,"<ul class="" c-accordion__list c-accordion__list--show-bullets"">"
29,https://cucatalog.org/polaris/view.aspx?CN=2642128,The Urbana Free Library,serious,list,Ensure that lists are structured correctly,"<ul> and <ol> must only directly contain <li>, <script> or <template> elements",https://dequeuniversity.com/rules/axe/4.10/list?application=playwright,"<ul class="" c-accordion__list c-accordion__list--show-bullets"">"
29,https://cucatalog.org/polaris/view.aspx?CN=2642128,The Urbana Free Library,serious,listitem,Ensure <li> elements are used semantically,<li> elements must be contained in a <ul> or <ol>,https://dequeuniversity.com/rules/axe/4.10/listitem?application=playwright,"<li class=""nav__nav expandable-block-nav"">"
29,https://cucatalog.org/polaris/view.aspx?CN=2642128,The Urbana Free Library,serious,nested-interactive,Ensure interactive controls are not nested as they are not always announced by screen readers or can cause focus problems for assistive technologies,Interactive controls must not be nested,https://dequeuniversity.com/rules/axe/4.10/nested-interactive?application=playwright,"<div class=""c-accordion__heading"" role=""tab"">"
29,https://cucatalog.org/polaris/view.aspx?CN=2642128,The Urbana Free Library,serious,nested-interactive,Ensure interactive controls are not nested as they are not always announced by screen readers or can cause focus problems for assistive technologies,Interactive controls must not be nested,https://dequeuniversity.com/rules/axe/4.10/nested-interactive?application=playwright,"<div class=""c-accordion-lvl2__heading"" role=""tab"">"
29,https://cucatalog.org/polaris/view.aspx?CN=2642128,The Urbana Free Library,serious,nested-interactive,Ensure interactive controls are not nested as they are not always announced by screen readers or can cause focus problems for assistive technologies,Interactive controls must not be nested,https://dequeuniversity.com/rules/axe/4.10/nested-interactive?application=playwright,"<div class=""c-accordion-lvl2__heading"" role=""tab"">"
29,https://cucatalog.org/polaris/view.aspx?CN=2642128,The Urbana Free Library,serious,nested-interactive,Ensure interactive controls are not nested as they are not always announced by screen readers or can cause focus problems for assistive technologies,Interactive controls must not be nested,https://dequeuniversity.com/rules/axe/4.10/nested-interactive?application=playwright,"<div class=""c-accordion-lvl2__heading"" role=""tab"">"
29,https://cucatalog.org/polaris/view.aspx?CN=2642128,The Urbana Free Library,serious,nested-interactive,Ensure interactive controls are not nested as they are not always announced by screen readers or can cause focus problems for assistive technologies,Interactive controls must not be nested,https://dequeuniversity.com/rules/axe/4.10/nested-interactive?application=playwright,"<div class=""c-accordion__heading"" role=""tab"">"
29,https://cucatalog.org/polaris/view.aspx?CN=2642128,The Urbana Free Library,serious,nested-interactive,Ensure interactive controls are not nested as they are not always announced by screen readers or can cause focus problems for assistive technologies,Interactive controls must not be nested,https://dequeuniversity.com/rules/axe/4.10/nested-interactive?application=playwright,"<div class=""c-accordion__heading"" role=""tab"">"
29,https://cucatalog.org/polaris/view.aspx?CN=2642128,The Urbana Free Library,serious,nested-interactive,Ensure interactive controls are not nested as they are not always announced by screen readers or can cause focus problems for assistive technologies,Interactive controls must not be nested,https://dequeuniversity.com/rules/axe/4.10/nested-interactive?application=playwright,"<div class=""c-accordion__heading"" role=""tab"">"
29,https://cucatalog.org/polaris/view.aspx?CN=2642128,The Urbana Free Library,serious,nested-interactive,Ensure interactive controls are not nested as they are not always announced by screen readers or can cause focus problems for assistive technologies,Interactive controls must not be nested,https://dequeuniversity.com/rules/axe/4.10/nested-interactive?application=playwright,"<div class=""c-accordion__heading"" role=""tab"">"
29,https://cucatalog.org/polaris/view.aspx?CN=2642128,The Urbana Free Library,serious,nested-interactive,Ensure interactive controls are not nested as they are not always announced by screen readers or can cause focus problems for assistive technologies,Interactive controls must not be nested,https://dequeuniversity.com/rules/axe/4.10/nested-interactive?application=playwright,"<div class=""c-accordion__heading"" role=""tab"">"
29,https://cucatalog.org/polaris/view.aspx?CN=2642128,The Urbana Free Library,serious,nested-interactive,Ensure interactive controls are not nested as they are not always announced by screen readers or can cause focus problems for assistive technologies,Interactive controls must not be nested,https://dequeuniversity.com/rules/axe/4.10/nested-interactive?application=playwright,"<div class=""c-accordion__heading"" role=""tab"">"
29,https://cucatalog.org/polaris/view.aspx?CN=2642128,The Urbana Free Library,serious,nested-interactive,Ensure interactive controls are not nested as they are not always announced by screen readers or can cause focus problems for assistive technologies,Interactive controls must not be nested,https://dequeuniversity.com/rules/axe/4.10/nested-interactive?application=playwright,"<div class=""c-accordion__heading"" role=""tab"">"
29,https://cucatalog.org/polaris/view.aspx?CN=2642128,The Urbana Free Library,serious,nested-interactive,Ensure interactive controls are not nested as they are not always announced by screen readers or can cause focus problems for assistive technologies,Interactive controls must not be nested,https://dequeuniversity.com/rules/axe/4.10/nested-interactive?application=playwright,"<div class=""c-accordion__heading"" role=""tab"">"
29,https://cucatalog.org/polaris/view.aspx?CN=2642128,The Urbana Free Library,moderate,page-has-heading-one,"Ensure that the page, or at least one of its frames contains a level-one heading",Page should contain a level-one heading,https://dequeuniversity.com/rules/axe/4.10/page-has-heading-one?application=playwright,"<html class=""js flexbox flexboxlegacy canvas canvastext webgl no-touch geolocation postmessage no-websqldatabase indexeddb hashchange history draganddrop websockets rgba hsla multiplebgs backgroundsize borderimage borderradius boxshadow textshadow opacity cssanimations csscolumns cssgradients cssreflections csstransforms csstransforms3d csstransitions fontface generatedcontent video audio localstorage sessionstorage webworkers no-applicationcache svg inlinesvg smil svgclippaths"" lang=""en"" style="""">"
3,https://cucatalog.org/polaris/default.aspx?ctx=6.1033.0.0.1&lp=1,The Urbana Free Library,critical,aria-required-parent,Ensure elements with an ARIA role that require parent roles are contained by them,Certain ARIA roles must be contained by particular parents,https://dequeuniversity.com/rules/axe/4.10/aria-required-parent?application=playwright,"<div class=""c-accordion__heading"" role=""tab"">"
3,https://cucatalog.org/polaris/default.aspx?ctx=6.1033.0.0.1&lp=1,The Urbana Free Library,critical,aria-required-parent,Ensure elements with an ARIA role that require parent roles are contained by them,Certain ARIA roles must be contained by particular parents,https://dequeuniversity.com/rules/axe/4.10/aria-required-parent?application=playwright,"<div class=""c-accordion__heading"" role=""tab"">"
3,https://cucatalog.org/polaris/default.aspx?ctx=6.1033.0.0.1&lp=1,The Urbana Free Library,critical,aria-required-parent,Ensure elements with an ARIA role that require parent roles are contained by them,Certain ARIA roles must be contained by particular parents,https://dequeuniversity.com/rules/axe/4.10/aria-required-parent?application=playwright,"<div class=""c-accordion__heading"" role=""tab"">"
3,https://cucatalog.org/polaris/default.aspx?ctx=6.1033.0.0.1&lp=1,The Urbana Free Library,critical,aria-required-parent,Ensure elements with an ARIA role that require parent roles are contained by them,Certain ARIA roles must be contained by particular parents,https://dequeuniversity.com/rules/axe/4.10/aria-required-parent?application=playwright,"<div class=""c-accordion__heading"" role=""tab"">"
3,https://cucatalog.org/polaris/default.aspx?ctx=6.1033.0.0.1&lp=1,The Urbana Free Library,critical,aria-required-parent,Ensure elements with an ARIA role that require parent roles are contained by them,Certain ARIA roles must be contained by particular parents,https://dequeuniversity.com/rules/axe/4.10/aria-required-parent?application=playwright,"<div class=""c-accordion__heading"" role=""tab"">"
3,https://cucatalog.org/polaris/default.aspx?ctx=6.1033.0.0.1&lp=1,The Urbana Free Library,critical,aria-required-parent,Ensure elements with an ARIA role that require parent roles are contained by them,Certain ARIA roles must be contained by particular parents,https://dequeuniversity.com/rules/axe/4.10/aria-required-parent?application=playwright,"<div class=""c-accordion__heading"" role=""tab"">"
3,https://cucatalog.org/polaris/default.aspx?ctx=6.1033.0.0.1&lp=1,The Urbana Free Library,critical,aria-required-parent,Ensure elements with an ARIA role that require parent roles are contained by them,Certain ARIA roles must be contained by particular parents,https://dequeuniversity.com/rules/axe/4.10/aria-required-parent?application=playwright,"<div class=""c-accordion__heading"" role=""tab"">"
3,https://cucatalog.org/polaris/default.aspx?ctx=6.1033.0.0.1&lp=1,The Urbana Free Library,critical,aria-required-parent,Ensure elements with an ARIA role that require parent roles are contained by them,Certain ARIA roles must be contained by particular parents,https://dequeuniversity.com/rules/axe/4.10/aria-required-parent?application=playwright,"<div class=""c-accordion__heading"" role=""tab"">"
3,https://cucatalog.org/polaris/default.aspx?ctx=6.1033.0.0.1&lp=1,The Urbana Free Library,critical,aria-required-parent,Ensure elements with an ARIA role that require parent roles are contained by them,Certain ARIA roles must be contained by particular parents,https://dequeuniversity.com/rules/axe/4.10/aria-required-parent?application=playwright,"<div class=""c-accordion__heading"" role=""tab"">"
3,https://cucatalog.org/polaris/default.aspx?ctx=6.1033.0.0.1&lp=1,The Urbana Free Library,critical,aria-required-parent,Ensure elements with an ARIA role that require parent roles are contained by them,Certain ARIA roles must be contained by particular parents,https://dequeuniversity.com/rules/axe/4.10/aria-required-parent?application=playwright,"<div class=""c-accordion__heading"" role=""tab"">"
3,https://cucatalog.org/polaris/default.aspx?ctx=6.1033.0.0.1&lp=1,The Urbana Free Library,critical,aria-required-parent,Ensure elements with an ARIA role that require parent roles are contained by them,Certain ARIA roles must be contained by particular parents,https://dequeuniversity.com/rules/axe/4.10/aria-required-parent?application=playwright,"<div class=""c-accordion__heading"" role=""tab"">"
3,https://cucatalog.org/polaris/default.aspx?ctx=6.1033.0.0.1&lp=1,The Urbana Free Library,critical,aria-required-parent,Ensure elements with an ARIA role that require parent roles are contained by them,Certain ARIA roles must be contained by particular parents,https://dequeuniversity.com/rules/axe/4.10/aria-required-parent?application=playwright,"<div class=""c-accordion__heading"" role=""tab"">"
3,https://cucatalog.org/polaris/default.aspx?ctx=6.1033.0.0.1&lp=1,The Urbana Free Library,critical,aria-required-parent,Ensure elements with an ARIA role that require parent roles are contained by them,Certain ARIA roles must be contained by particular parents,https://dequeuniversity.com/rules/axe/4.10/aria-required-parent?application=playwright,"<div class=""c-accordion__heading"" role=""tab"">"
3,https://cucatalog.org/polaris/default.aspx?ctx=6.1033.0.0.1&lp=1,The Urbana Free Library,critical,aria-required-parent,Ensure elements with an ARIA role that require parent roles are contained by them,Certain ARIA roles must be contained by particular parents,https://dequeuniversity.com/rules/axe/4.10/aria-required-parent?application=playwright,"<div class=""c-accordion__heading"" role=""tab"">"
3,https://cucatalog.org/polaris/default.aspx?ctx=6.1033.0.0.1&lp=1,The Urbana Free Library,critical,aria-required-parent,Ensure elements with an ARIA role that require parent roles are contained by them,Certain ARIA roles must be contained by particular parents,https://dequeuniversity.com/rules/axe/4.10/aria-required-parent?application=playwright,"<div class=""c-accordion__heading"" role=""tab"">"
3,https://cucatalog.org/polaris/default.aspx?ctx=6.1033.0.0.1&lp=1,The Urbana Free Library,critical,aria-required-parent,Ensure elements with an ARIA role that require parent roles are contained by them,Certain ARIA roles must be contained by particular parents,https://dequeuniversity.com/rules/axe/4.10/aria-required-parent?application=playwright,"<div class=""c-accordion__heading"" role=""tab"">"
3,https://cucatalog.org/polaris/default.aspx?ctx=6.1033.0.0.1&lp=1,The Urbana Free Library,moderate,landmark-banner-is-top-level,Ensure the banner landmark is at top level,Banner landmark should not be contained in another landmark,https://dequeuniversity.com/rules/axe/4.10/landmark-banner-is-top-level?application=playwright,"<header class=""nav-panel__header"">"
3,https://cucatalog.org/polaris/default.aspx?ctx=6.1033.0.0.1&lp=1,The Urbana Free Library,moderate,landmark-banner-is-top-level,Ensure the banner landmark is at top level,Banner landmark should not be contained in another landmark,https://dequeuniversity.com/rules/axe/4.10/landmark-banner-is-top-level?application=playwright,"<header class=""nav-panel__header"">"
3,https://cucatalog.org/polaris/default.aspx?ctx=6.1033.0.0.1&lp=1,The Urbana Free Library,moderate,landmark-main-is-top-level,Ensure the main landmark is at top level,Main landmark should not be contained in another landmark,https://dequeuniversity.com/rules/axe/4.10/landmark-main-is-top-level?application=playwright,"<main class=""site-footer__main"">"
3,https://cucatalog.org/polaris/default.aspx?ctx=6.1033.0.0.1&lp=1,The Urbana Free Library,moderate,landmark-no-duplicate-banner,Ensure the document has at most one banner landmark,Document should not have more than one banner landmark,https://dequeuniversity.com/rules/axe/4.10/landmark-no-duplicate-banner?application=playwright,"<header class=""site-header"">"
3,https://cucatalog.org/polaris/default.aspx?ctx=6.1033.0.0.1&lp=1,The Urbana Free Library,moderate,landmark-no-duplicate-main,Ensure the document has at most one main landmark,Document should not have more than one main landmark,https://dequeuniversity.com/rules/axe/4.10/landmark-no-duplicate-main?application=playwright,"<main class=""site-main"" id=""content"">"
3,https://cucatalog.org/polaris/default.aspx?ctx=6.1033.0.0.1&lp=1,The Urbana Free Library,moderate,landmark-unique,Ensure landmarks are unique,Landmarks should have a unique role or role/label/title (i.e. accessible name) combination,https://dequeuniversity.com/rules/axe/4.10/landmark-unique?application=playwright,"<header class=""site-header"">"
3,https://cucatalog.org/polaris/default.aspx?ctx=6.1033.0.0.1&lp=1,The Urbana Free Library,moderate,landmark-unique,Ensure landmarks are unique,Landmarks should have a unique role or role/label/title (i.e. accessible name) combination,https://dequeuniversity.com/rules/axe/4.10/landmark-unique?application=playwright,"<nav class=""nav-panel__top-nav top-nav top-nav--split-header navbar-collapse"" role=""navigation"">"
3,https://cucatalog.org/polaris/default.aspx?ctx=6.1033.0.0.1&lp=1,The Urbana Free Library,moderate,landmark-unique,Ensure landmarks are unique,Landmarks should have a unique role or role/label/title (i.e. accessible name) combination,https://dequeuniversity.com/rules/axe/4.10/landmark-unique?application=playwright,"<main class=""site-main"" id=""content"">"
3,https://cucatalog.org/polaris/default.aspx?ctx=6.1033.0.0.1&lp=1,The Urbana Free Library,serious,listitem,Ensure <li> elements are used semantically,<li> elements must be contained in a <ul> or <ol>,https://dequeuniversity.com/rules/axe/4.10/listitem?application=playwright,"<li class=""nav__nav expandable-block-nav"">"
3,https://cucatalog.org/polaris/default.aspx?ctx=6.1033.0.0.1&lp=1,The Urbana Free Library,serious,nested-interactive,Ensure interactive controls are not nested as they are not always announced by screen readers or can cause focus problems for assistive technologies,Interactive controls must not be nested,https://dequeuniversity.com/rules/axe/4.10/nested-interactive?application=playwright,"<div class=""c-accordion__heading"" role=""tab"">"
3,https://cucatalog.org/polaris/default.aspx?ctx=6.1033.0.0.1&lp=1,The Urbana Free Library,serious,nested-interactive,Ensure interactive controls are not nested as they are not always announced by screen readers or can cause focus problems for assistive technologies,Interactive controls must not be nested,https://dequeuniversity.com/rules/axe/4.10/nested-interactive?application=playwright,"<div class=""c-accordion__heading"" role=""tab"">"
3,https://cucatalog.org/polaris/default.aspx?ctx=6.1033.0.0.1&lp=1,The Urbana Free Library,serious,nested-interactive,Ensure interactive controls are not nested as they are not always announced by screen readers or can cause focus problems for assistive technologies,Interactive controls must not be nested,https://dequeuniversity.com/rules/axe/4.10/nested-interactive?application=playwright,"<div class=""c-accordion__heading"" role=""tab"">"
3,https://cucatalog.org/polaris/default.aspx?ctx=6.1033.0.0.1&lp=1,The Urbana Free Library,serious,nested-interactive,Ensure interactive controls are not nested as they are not always announced by screen readers or can cause focus problems for assistive technologies,Interactive controls must not be nested,https://dequeuniversity.com/rules/axe/4.10/nested-interactive?application=playwright,"<div class=""c-accordion__heading"" role=""tab"">"
3,https://cucatalog.org/polaris/default.aspx?ctx=6.1033.0.0.1&lp=1,The Urbana Free Library,serious,nested-interactive,Ensure interactive controls are not nested as they are not always announced by screen readers or can cause focus problems for assistive technologies,Interactive controls must not be nested,https://dequeuniversity.com/rules/axe/4.10/nested-interactive?application=playwright,"<div class=""c-accordion__heading"" role=""tab"">"
3,https://cucatalog.org/polaris/default.aspx?ctx=6.1033.0.0.1&lp=1,The Urbana Free Library,serious,nested-interactive,Ensure interactive controls are not nested as they are not always announced by screen readers or can cause focus problems for assistive technologies,Interactive controls must not be nested,https://dequeuniversity.com/rules/axe/4.10/nested-interactive?application=playwright,"<div class=""c-accordion__heading"" role=""tab"">"
3,https://cucatalog.org/polaris/default.aspx?ctx=6.1033.0.0.1&lp=1,The Urbana Free Library,serious,nested-interactive,Ensure interactive controls are not nested as they are not always announced by screen readers or can cause focus problems for assistive technologies,Interactive controls must not be nested,https://dequeuniversity.com/rules/axe/4.10/nested-interactive?application=playwright,"<div class=""c-accordion__heading"" role=""tab"">"
3,https://cucatalog.org/polaris/default.aspx?ctx=6.1033.0.0.1&lp=1,The Urbana Free Library,serious,nested-interactive,Ensure interactive controls are not nested as they are not always announced by screen readers or can cause focus problems for assistive technologies,Interactive controls must not be nested,https://dequeuniversity.com/rules/axe/4.10/nested-interactive?application=playwright,"<div class=""c-accordion__heading"" role=""tab"">"
3,https://cucatalog.org/polaris/default.aspx?ctx=6.1033.0.0.1&lp=1,The Urbana Free Library,serious,nested-interactive,Ensure interactive controls are not nested as they are not always announced by screen readers or can cause focus problems for assistive technologies,Interactive controls must not be nested,https://dequeuniversity.com/rules/axe/4.10/nested-interactive?application=playwright,"<div class=""c-accordion__heading"" role=""tab"">"
3,https://cucatalog.org/polaris/default.aspx?ctx=6.1033.0.0.1&lp=1,The Urbana Free Library,serious,nested-interactive,Ensure interactive controls are not nested as they are not always announced by screen readers or can cause focus problems for assistive technologies,Interactive controls must not be nested,https://dequeuniversity.com/rules/axe/4.10/nested-interactive?application=playwright,"<div class=""c-accordion__heading"" role=""tab"">"
3,https://cucatalog.org/polaris/default.aspx?ctx=6.1033.0.0.1&lp=1,The Urbana Free Library,serious,nested-interactive,Ensure interactive controls are not nested as they are not always announced by screen readers or can cause focus problems for assistive technologies,Interactive controls must not be nested,https://dequeuniversity.com/rules/axe/4.10/nested-interactive?application=playwright,"<div class=""c-accordion__heading"" role=""tab"">"
3,https://cucatalog.org/polaris/default.aspx?ctx=6.1033.0.0.1&lp=1,The Urbana Free Library,serious,nested-interactive,Ensure interactive controls are not nested as they are not always announced by screen readers or can cause focus problems for assistive technologies,Interactive controls must not be nested,https://dequeuniversity.com/rules/axe/4.10/nested-interactive?application=playwright,"<div class=""c-accordion__heading"" role=""tab"">"
3,https://cucatalog.org/polaris/default.aspx?ctx=6.1033.0.0.1&lp=1,The Urbana Free Library,serious,nested-interactive,Ensure interactive controls are not nested as they are not always announced by screen readers or can cause focus problems for assistive technologies,Interactive controls must not be nested,https://dequeuniversity.com/rules/axe/4.10/nested-interactive?application=playwright,"<div class=""c-accordion__heading"" role=""tab"">"
3,https://cucatalog.org/polaris/default.aspx?ctx=6.1033.0.0.1&lp=1,The Urbana Free Library,serious,nested-interactive,Ensure interactive controls are not nested as they are not always announced by screen readers or can cause focus problems for assistive technologies,Interactive controls must not be nested,https://dequeuniversity.com/rules/axe/4.10/nested-interactive?application=playwright,"<div class=""c-accordion__heading"" role=""tab"">"
3,https://cucatalog.org/polaris/default.aspx?ctx=6.1033.0.0.1&lp=1,The Urbana Free Library,serious,nested-interactive,Ensure interactive controls are not nested as they are not always announced by screen readers or can cause focus problems for assistive technologies,Interactive controls must not be nested,https://dequeuniversity.com/rules/axe/4.10/nested-interactive?application=playwright,"<div class=""c-accordion__heading"" role=""tab"">"
3,https://cucatalog.org/polaris/default.aspx?ctx=6.1033.0.0.1&lp=1,The Urbana Free Library,serious,nested-interactive,Ensure interactive controls are not nested as they are not always announced by screen readers or can cause focus problems for assistive technologies,Interactive controls must not be nested,https://dequeuniversity.com/rules/axe/4.10/nested-interactive?application=playwright,"<div class=""c-accordion__heading"" role=""tab"">"
3,https://cucatalog.org/polaris/default.aspx?ctx=6.1033.0.0.1&lp=1,The Urbana Free Library,moderate,page-has-heading-one,"Ensure that the page, or at least one of its frames contains a level-one heading",Page should contain a level-one heading,https://dequeuniversity.com/rules/axe/4.10/page-has-heading-one?application=playwright,"<html class=""js flexbox flexboxlegacy canvas canvastext webgl no-touch geolocation postmessage no-websqldatabase indexeddb hashchange history draganddrop websockets rgba hsla multiplebgs backgroundsize borderimage borderradius boxshadow textshadow opacity cssanimations csscolumns cssgradients cssreflections csstransforms csstransforms3d csstransitions fontface generatedcontent video audio localstorage sessionstorage webworkers no-applicationcache svg inlinesvg smil svgclippaths"" lang=""en"" style="""">"
30,https://cucatalog.org/polaris/view.aspx?CN=2638600,The Urbana Free Library,critical,aria-allowed-attr,Ensure an element's role supports its ARIA attributes,Elements must only use supported ARIA attributes,https://dequeuniversity.com/rules/axe/4.10/aria-allowed-attr?application=playwright,"<div class=""c-search-header-options__container collapse in"" id=""c-search-header__search-options"" aria-labelledby=""c-search-header__search-options"" aria-expanded=""true"" style="""">"
30,https://cucatalog.org/polaris/view.aspx?CN=2638600,The Urbana Free Library,serious,aria-hidden-focus,Ensure aria-hidden elements are not focusable nor contain focusable elements,ARIA hidden element must not be focusable or contain focusable elements,https://dequeuniversity.com/rules/axe/4.10/aria-hidden-focus?application=playwright,"<a id=""__pos-1"" href=""#"" aria-hidden=""true"" aria-label=""Search Result""></a>"
30,https://cucatalog.org/polaris/view.aspx?CN=2638600,The Urbana Free Library,critical,aria-required-attr,Ensure elements with ARIA roles have all required ARIA attributes,Required ARIA attributes must be provided,https://dequeuniversity.com/rules/axe/4.10/aria-required-attr?application=playwright,"<select name=""ctl00$BodyMainContent$ctrlSearchBars$searchbarKeyword$dropdownSearchBy"" id=""dropdownSearchBy"" class=""SearchByList c-search-header__dropdown c-search-header__box--height"" aria-labelledby=""dropdownSearchByLabel"" role=""combobox"">"
30,https://cucatalog.org/polaris/view.aspx?CN=2638600,The Urbana Free Library,critical,aria-required-attr,Ensure elements with ARIA roles have all required ARIA attributes,Required ARIA attributes must be provided,https://dequeuniversity.com/rules/axe/4.10/aria-required-attr?application=playwright,"<select name=""ctl00$BodyMainContent$ctrlSearchBars$searchbarKeyword$dropdownLimitFilter"" id=""dropdownLimitFilter"" class=""c-search-header__dropdown c-search-header__box--height"" aria-labelledby=""dropdownLimitFilterLabel"" role=""combobox"" onchange=""javascript: AddDefaultTermAndHighlight('textboxTerm'); CheckDetailedMaterial();"">"
30,https://cucatalog.org/polaris/view.aspx?CN=2638600,The Urbana Free Library,critical,aria-required-children,Ensure elements with an ARIA role that require child roles contain them,Certain ARIA roles must contain particular children,https://dequeuniversity.com/rules/axe/4.10/aria-required-children?application=playwright,"<div class=""c-accordion-lvl2"" role=""tablist"" aria-multiselectable=""true"">"
30,https://cucatalog.org/polaris/view.aspx?CN=2638600,The Urbana Free Library,critical,aria-required-children,Ensure elements with an ARIA role that require child roles contain them,Certain ARIA roles must contain particular children,https://dequeuniversity.com/rules/axe/4.10/aria-required-children?application=playwright,"<div class=""c-accordion-lvl2__heading"" role=""tablist"">"
30,https://cucatalog.org/polaris/view.aspx?CN=2638600,The Urbana Free Library,critical,aria-required-parent,Ensure elements with an ARIA role that require parent roles are contained by them,Certain ARIA roles must be contained by particular parents,https://dequeuniversity.com/rules/axe/4.10/aria-required-parent?application=playwright,"<div class=""c-accordion__heading"" role=""tab"">"
30,https://cucatalog.org/polaris/view.aspx?CN=2638600,The Urbana Free Library,critical,aria-required-parent,Ensure elements with an ARIA role that require parent roles are contained by them,Certain ARIA roles must be contained by particular parents,https://dequeuniversity.com/rules/axe/4.10/aria-required-parent?application=playwright,"<div class=""c-accordion__heading"" role=""tab"">"
30,https://cucatalog.org/polaris/view.aspx?CN=2638600,The Urbana Free Library,critical,aria-required-parent,Ensure elements with an ARIA role that require parent roles are contained by them,Certain ARIA roles must be contained by particular parents,https://dequeuniversity.com/rules/axe/4.10/aria-required-parent?application=playwright,"<div class=""c-accordion__heading"" role=""tab"">"
30,https://cucatalog.org/polaris/view.aspx?CN=2638600,The Urbana Free Library,critical,aria-required-parent,Ensure elements with an ARIA role that require parent roles are contained by them,Certain ARIA roles must be contained by particular parents,https://dequeuniversity.com/rules/axe/4.10/aria-required-parent?application=playwright,"<div class=""c-accordion__heading"" role=""tab"">"
30,https://cucatalog.org/polaris/view.aspx?CN=2638600,The Urbana Free Library,critical,aria-required-parent,Ensure elements with an ARIA role that require parent roles are contained by them,Certain ARIA roles must be contained by particular parents,https://dequeuniversity.com/rules/axe/4.10/aria-required-parent?application=playwright,"<div class=""c-accordion__heading"" role=""tab"">"
30,https://cucatalog.org/polaris/view.aspx?CN=2638600,The Urbana Free Library,critical,aria-required-parent,Ensure elements with an ARIA role that require parent roles are contained by them,Certain ARIA roles must be contained by particular parents,https://dequeuniversity.com/rules/axe/4.10/aria-required-parent?application=playwright,"<div class=""c-accordion__heading"" role=""tab"">"
30,https://cucatalog.org/polaris/view.aspx?CN=2638600,The Urbana Free Library,critical,aria-required-parent,Ensure elements with an ARIA role that require parent roles are contained by them,Certain ARIA roles must be contained by particular parents,https://dequeuniversity.com/rules/axe/4.10/aria-required-parent?application=playwright,"<div class=""c-accordion__heading"" role=""tab"">"
30,https://cucatalog.org/polaris/view.aspx?CN=2638600,The Urbana Free Library,critical,aria-required-parent,Ensure elements with an ARIA role that require parent roles are contained by them,Certain ARIA roles must be contained by particular parents,https://dequeuniversity.com/rules/axe/4.10/aria-required-parent?application=playwright,"<div class=""c-accordion__heading"" role=""tab"">"
30,https://cucatalog.org/polaris/view.aspx?CN=2638600,The Urbana Free Library,critical,aria-required-parent,Ensure elements with an ARIA role that require parent roles are contained by them,Certain ARIA roles must be contained by particular parents,https://dequeuniversity.com/rules/axe/4.10/aria-required-parent?application=playwright,"<div class=""c-accordion__heading"" role=""tab"">"
30,https://cucatalog.org/polaris/view.aspx?CN=2638600,The Urbana Free Library,moderate,landmark-banner-is-top-level,Ensure the banner landmark is at top level,Banner landmark should not be contained in another landmark,https://dequeuniversity.com/rules/axe/4.10/landmark-banner-is-top-level?application=playwright,"<header class=""nav-panel__header"">"
30,https://cucatalog.org/polaris/view.aspx?CN=2638600,The Urbana Free Library,moderate,landmark-banner-is-top-level,Ensure the banner landmark is at top level,Banner landmark should not be contained in another landmark,https://dequeuniversity.com/rules/axe/4.10/landmark-banner-is-top-level?application=playwright,"<header class=""nav-panel__header"">"
30,https://cucatalog.org/polaris/view.aspx?CN=2638600,The Urbana Free Library,moderate,landmark-main-is-top-level,Ensure the main landmark is at top level,Main landmark should not be contained in another landmark,https://dequeuniversity.com/rules/axe/4.10/landmark-main-is-top-level?application=playwright,"<main class=""site-footer__main"">"
30,https://cucatalog.org/polaris/view.aspx?CN=2638600,The Urbana Free Library,moderate,landmark-no-duplicate-banner,Ensure the document has at most one banner landmark,Document should not have more than one banner landmark,https://dequeuniversity.com/rules/axe/4.10/landmark-no-duplicate-banner?application=playwright,"<header class=""site-header"">"
30,https://cucatalog.org/polaris/view.aspx?CN=2638600,The Urbana Free Library,moderate,landmark-no-duplicate-main,Ensure the document has at most one main landmark,Document should not have more than one main landmark,https://dequeuniversity.com/rules/axe/4.10/landmark-no-duplicate-main?application=playwright,"<main class=""site-main"" id=""content"">"
30,https://cucatalog.org/polaris/view.aspx?CN=2638600,The Urbana Free Library,moderate,landmark-unique,Ensure landmarks are unique,Landmarks should have a unique role or role/label/title (i.e. accessible name) combination,https://dequeuniversity.com/rules/axe/4.10/landmark-unique?application=playwright,"<header class=""site-header"">"
30,https://cucatalog.org/polaris/view.aspx?CN=2638600,The Urbana Free Library,moderate,landmark-unique,Ensure landmarks are unique,Landmarks should have a unique role or role/label/title (i.e. accessible name) combination,https://dequeuniversity.com/rules/axe/4.10/landmark-unique?application=playwright,"<nav class=""nav-panel__top-nav top-nav top-nav--split-header navbar-collapse"" role=""navigation"">"
30,https://cucatalog.org/polaris/view.aspx?CN=2638600,The Urbana Free Library,moderate,landmark-unique,Ensure landmarks are unique,Landmarks should have a unique role or role/label/title (i.e. accessible name) combination,https://dequeuniversity.com/rules/axe/4.10/landmark-unique?application=playwright,"<main class=""site-main"" id=""content"">"
30,https://cucatalog.org/polaris/view.aspx?CN=2638600,The Urbana Free Library,serious,link-name,Ensure links have discernible text,Links must have discernible text,https://dequeuniversity.com/rules/axe/4.10/link-name?application=playwright,"<a id=""c-accordion-lvl2__title_relatedsearch-2"" class=""c-accordion-lvl2__title-link "" role=""button"" aria-expanded=""true"" aria-controls=""rs-2"" data-toggle=""collapse"" onclick=""javascript:InvokeRSD('collapse', 2)"" href=""#rs-2"">    
                                </a>"
30,https://cucatalog.org/polaris/view.aspx?CN=2638600,The Urbana Free Library,serious,link-name,Ensure links have discernible text,Links must have discernible text,https://dequeuniversity.com/rules/axe/4.10/link-name?application=playwright,"<a id=""c-accordion-lvl2__title_relatedsearch-2"" class=""c-accordion-lvl2__title-link "" role=""button"" aria-expanded=""true"" aria-controls=""rs-2"" data-toggle=""collapse"" onclick=""javascript:InvokeRSD('collapse', 2)"" href=""#rs-2"">"
30,https://cucatalog.org/polaris/view.aspx?CN=2638600,The Urbana Free Library,serious,link-name,Ensure links have discernible text,Links must have discernible text,https://dequeuniversity.com/rules/axe/4.10/link-name?application=playwright,"<a id=""c-accordion-lvl2__title_relatedsearch-2"" class=""c-accordion-lvl2__title-link "" role=""button"" aria-expanded=""true"" aria-controls=""rs-2"" data-toggle=""collapse"" onclick=""javascript:InvokeRSD('collapse', 2)"" href=""#rs-2"">
                                        </a>"
30,https://cucatalog.org/polaris/view.aspx?CN=2638600,The Urbana Free Library,serious,link-name,Ensure links have discernible text,Links must have discernible text,https://dequeuniversity.com/rules/axe/4.10/link-name?application=playwright,"<a id=""c-accordion-lvl2__title_relatedsearch-2"" class=""c-accordion-lvl2__title-link "" role=""button"" aria-expanded=""true"" aria-controls=""rs-2"" data-toggle=""collapse"" onclick=""javascript:InvokeRSD('collapse', 2)"" href=""#rs-2"">
								            </a>"
30,https://cucatalog.org/polaris/view.aspx?CN=2638600,The Urbana Free Library,serious,link-name,Ensure links have discernible text,Links must have discernible text,https://dequeuniversity.com/rules/axe/4.10/link-name?application=playwright,"<a id=""c-accordion-lvl2__title_relatedsearch-2"" class=""c-accordion-lvl2__title-link "" role=""button"" aria-expanded=""true"" aria-controls=""rs-2"" data-toggle=""collapse"" onclick=""javascript:InvokeRSD('collapse', 2)"" href=""#rs-2"">  
									            
											            </a>"
30,https://cucatalog.org/polaris/view.aspx?CN=2638600,The Urbana Free Library,serious,link-name,Ensure links have discernible text,Links must have discernible text,https://dequeuniversity.com/rules/axe/4.10/link-name?application=playwright,"<a id=""c-accordion-lvl2__title_relatedsearch-2"" class=""c-accordion-lvl2__title-link "" role=""button"" aria-expanded=""true"" aria-controls=""rs-2"" data-toggle=""collapse"" onclick=""javascript:InvokeRSD('collapse', 2)"" href=""#rs-2"">  
                                                            </a>"
30,https://cucatalog.org/polaris/view.aspx?CN=2638600,The Urbana Free Library,serious,link-name,Ensure links have discernible text,Links must have discernible text,https://dequeuniversity.com/rules/axe/4.10/link-name?application=playwright,"<a id=""c-accordion-lvl2__title_relatedsearch-3"" class=""c-accordion-lvl2__title-link "" role=""button"" aria-expanded=""true"" aria-controls=""rs-3"" data-toggle=""collapse"" onclick=""javascript:InvokeRSD('collapse', 3)"" href=""#rs-3"">    
                                </a>"
30,https://cucatalog.org/polaris/view.aspx?CN=2638600,The Urbana Free Library,serious,link-name,Ensure links have discernible text,Links must have discernible text,https://dequeuniversity.com/rules/axe/4.10/link-name?application=playwright,"<a id=""c-accordion-lvl2__title_relatedsearch-3"" class=""c-accordion-lvl2__title-link "" role=""button"" aria-expanded=""true"" aria-controls=""rs-3"" data-toggle=""collapse"" onclick=""javascript:InvokeRSD('collapse', 3)"" href=""#rs-3"">"
30,https://cucatalog.org/polaris/view.aspx?CN=2638600,The Urbana Free Library,serious,link-name,Ensure links have discernible text,Links must have discernible text,https://dequeuniversity.com/rules/axe/4.10/link-name?application=playwright,"<a id=""c-accordion-lvl2__title_relatedsearch-3"" class=""c-accordion-lvl2__title-link "" role=""button"" aria-expanded=""true"" aria-controls=""rs-3"" data-toggle=""collapse"" onclick=""javascript:InvokeRSD('collapse', 3)"" href=""#rs-3"">
                                        </a>"
30,https://cucatalog.org/polaris/view.aspx?CN=2638600,The Urbana Free Library,serious,link-name,Ensure links have discernible text,Links must have discernible text,https://dequeuniversity.com/rules/axe/4.10/link-name?application=playwright,"<a id=""c-accordion-lvl2__title_relatedsearch-3"" class=""c-accordion-lvl2__title-link "" role=""button"" aria-expanded=""true"" aria-controls=""rs-3"" data-toggle=""collapse"" onclick=""javascript:InvokeRSD('collapse', 3)"" href=""#rs-3"">
								            </a>"
30,https://cucatalog.org/polaris/view.aspx?CN=2638600,The Urbana Free Library,serious,link-name,Ensure links have discernible text,Links must have discernible text,https://dequeuniversity.com/rules/axe/4.10/link-name?application=playwright,"<a id=""c-accordion-lvl2__title_relatedsearch-3"" class=""c-accordion-lvl2__title-link "" role=""button"" aria-expanded=""true"" aria-controls=""rs-3"" data-toggle=""collapse"" onclick=""javascript:InvokeRSD('collapse', 3)"" href=""#rs-3"">  
									            
											            </a>"
30,https://cucatalog.org/polaris/view.aspx?CN=2638600,The Urbana Free Library,serious,link-name,Ensure links have discernible text,Links must have discernible text,https://dequeuniversity.com/rules/axe/4.10/link-name?application=playwright,"<a id=""c-accordion-lvl2__title_relatedsearch-3"" class=""c-accordion-lvl2__title-link "" role=""button"" aria-expanded=""true"" aria-controls=""rs-3"" data-toggle=""collapse"" onclick=""javascript:InvokeRSD('collapse', 3)"" href=""#rs-3"">  
                                                            </a>"
30,https://cucatalog.org/polaris/view.aspx?CN=2638600,The Urbana Free Library,serious,list,Ensure that lists are structured correctly,"<ul> and <ol> must only directly contain <li>, <script> or <template> elements",https://dequeuniversity.com/rules/axe/4.10/list?application=playwright,"<ul id=""c-title-detail__button-list-"" class=""c-title-detail-actions__list"" data-item-pos=""1"" data-item-page=""0"">"
30,https://cucatalog.org/polaris/view.aspx?CN=2638600,The Urbana Free Library,serious,list,Ensure that lists are structured correctly,"<ul> and <ol> must only directly contain <li>, <script> or <template> elements",https://dequeuniversity.com/rules/axe/4.10/list?application=playwright,"<ul class="" c-accordion__list c-accordion__list--show-bullets"">"
30,https://cucatalog.org/polaris/view.aspx?CN=2638600,The Urbana Free Library,serious,list,Ensure that lists are structured correctly,"<ul> and <ol> must only directly contain <li>, <script> or <template> elements",https://dequeuniversity.com/rules/axe/4.10/list?application=playwright,"<ul class="" c-accordion__list c-accordion__list--show-bullets"">"
30,https://cucatalog.org/polaris/view.aspx?CN=2638600,The Urbana Free Library,serious,listitem,Ensure <li> elements are used semantically,<li> elements must be contained in a <ul> or <ol>,https://dequeuniversity.com/rules/axe/4.10/listitem?application=playwright,"<li class=""nav__nav expandable-block-nav"">"
30,https://cucatalog.org/polaris/view.aspx?CN=2638600,The Urbana Free Library,serious,nested-interactive,Ensure interactive controls are not nested as they are not always announced by screen readers or can cause focus problems for assistive technologies,Interactive controls must not be nested,https://dequeuniversity.com/rules/axe/4.10/nested-interactive?application=playwright,"<div class=""c-accordion__heading"" role=""tab"">"
30,https://cucatalog.org/polaris/view.aspx?CN=2638600,The Urbana Free Library,serious,nested-interactive,Ensure interactive controls are not nested as they are not always announced by screen readers or can cause focus problems for assistive technologies,Interactive controls must not be nested,https://dequeuniversity.com/rules/axe/4.10/nested-interactive?application=playwright,"<div class=""c-accordion-lvl2__heading"" role=""tab"">"
30,https://cucatalog.org/polaris/view.aspx?CN=2638600,The Urbana Free Library,serious,nested-interactive,Ensure interactive controls are not nested as they are not always announced by screen readers or can cause focus problems for assistive technologies,Interactive controls must not be nested,https://dequeuniversity.com/rules/axe/4.10/nested-interactive?application=playwright,"<div class=""c-accordion-lvl2__heading"" role=""tab"">"
30,https://cucatalog.org/polaris/view.aspx?CN=2638600,The Urbana Free Library,serious,nested-interactive,Ensure interactive controls are not nested as they are not always announced by screen readers or can cause focus problems for assistive technologies,Interactive controls must not be nested,https://dequeuniversity.com/rules/axe/4.10/nested-interactive?application=playwright,"<div class=""c-accordion-lvl2__heading"" role=""tab"">"
30,https://cucatalog.org/polaris/view.aspx?CN=2638600,The Urbana Free Library,serious,nested-interactive,Ensure interactive controls are not nested as they are not always announced by screen readers or can cause focus problems for assistive technologies,Interactive controls must not be nested,https://dequeuniversity.com/rules/axe/4.10/nested-interactive?application=playwright,"<div class=""c-accordion__heading"" role=""tab"">"
30,https://cucatalog.org/polaris/view.aspx?CN=2638600,The Urbana Free Library,serious,nested-interactive,Ensure interactive controls are not nested as they are not always announced by screen readers or can cause focus problems for assistive technologies,Interactive controls must not be nested,https://dequeuniversity.com/rules/axe/4.10/nested-interactive?application=playwright,"<div class=""c-accordion__heading"" role=""tab"">"
30,https://cucatalog.org/polaris/view.aspx?CN=2638600,The Urbana Free Library,serious,nested-interactive,Ensure interactive controls are not nested as they are not always announced by screen readers or can cause focus problems for assistive technologies,Interactive controls must not be nested,https://dequeuniversity.com/rules/axe/4.10/nested-interactive?application=playwright,"<div class=""c-accordion__heading"" role=""tab"">"
30,https://cucatalog.org/polaris/view.aspx?CN=2638600,The Urbana Free Library,serious,nested-interactive,Ensure interactive controls are not nested as they are not always announced by screen readers or can cause focus problems for assistive technologies,Interactive controls must not be nested,https://dequeuniversity.com/rules/axe/4.10/nested-interactive?application=playwright,"<div class=""c-accordion__heading"" role=""tab"">"
30,https://cucatalog.org/polaris/view.aspx?CN=2638600,The Urbana Free Library,serious,nested-interactive,Ensure interactive controls are not nested as they are not always announced by screen readers or can cause focus problems for assistive technologies,Interactive controls must not be nested,https://dequeuniversity.com/rules/axe/4.10/nested-interactive?application=playwright,"<div class=""c-accordion__heading"" role=""tab"">"
30,https://cucatalog.org/polaris/view.aspx?CN=2638600,The Urbana Free Library,serious,nested-interactive,Ensure interactive controls are not nested as they are not always announced by screen readers or can cause focus problems for assistive technologies,Interactive controls must not be nested,https://dequeuniversity.com/rules/axe/4.10/nested-interactive?application=playwright,"<div class=""c-accordion__heading"" role=""tab"">"
30,https://cucatalog.org/polaris/view.aspx?CN=2638600,The Urbana Free Library,serious,nested-interactive,Ensure interactive controls are not nested as they are not always announced by screen readers or can cause focus problems for assistive technologies,Interactive controls must not be nested,https://dequeuniversity.com/rules/axe/4.10/nested-interactive?application=playwright,"<div class=""c-accordion__heading"" role=""tab"">"
30,https://cucatalog.org/polaris/view.aspx?CN=2638600,The Urbana Free Library,serious,nested-interactive,Ensure interactive controls are not nested as they are not always announced by screen readers or can cause focus problems for assistive technologies,Interactive controls must not be nested,https://dequeuniversity.com/rules/axe/4.10/nested-interactive?application=playwright,"<div class=""c-accordion__heading"" role=""tab"">"
30,https://cucatalog.org/polaris/view.aspx?CN=2638600,The Urbana Free Library,moderate,page-has-heading-one,"Ensure that the page, or at least one of its frames contains a level-one heading",Page should contain a level-one heading,https://dequeuniversity.com/rules/axe/4.10/page-has-heading-one?application=playwright,"<html class=""js flexbox flexboxlegacy canvas canvastext webgl no-touch geolocation postmessage no-websqldatabase indexeddb hashchange history draganddrop websockets rgba hsla multiplebgs backgroundsize borderimage borderradius boxshadow textshadow opacity cssanimations csscolumns cssgradients cssreflections csstransforms csstransforms3d csstransitions fontface generatedcontent video audio localstorage sessionstorage webworkers no-applicationcache svg inlinesvg smil svgclippaths"" lang=""en"" style="""">"
31,https://cucatalog.org/polaris/view.aspx?CN=2647253,The Urbana Free Library,critical,aria-allowed-attr,Ensure an element's role supports its ARIA attributes,Elements must only use supported ARIA attributes,https://dequeuniversity.com/rules/axe/4.10/aria-allowed-attr?application=playwright,"<div class=""c-search-header-options__container collapse in"" id=""c-search-header__search-options"" aria-labelledby=""c-search-header__search-options"" aria-expanded=""true"" style="""">"
31,https://cucatalog.org/polaris/view.aspx?CN=2647253,The Urbana Free Library,serious,aria-hidden-focus,Ensure aria-hidden elements are not focusable nor contain focusable elements,ARIA hidden element must not be focusable or contain focusable elements,https://dequeuniversity.com/rules/axe/4.10/aria-hidden-focus?application=playwright,"<a id=""__pos-1"" href=""#"" aria-hidden=""true"" aria-label=""Search Result""></a>"
31,https://cucatalog.org/polaris/view.aspx?CN=2647253,The Urbana Free Library,critical,aria-required-attr,Ensure elements with ARIA roles have all required ARIA attributes,Required ARIA attributes must be provided,https://dequeuniversity.com/rules/axe/4.10/aria-required-attr?application=playwright,"<select name=""ctl00$BodyMainContent$ctrlSearchBars$searchbarKeyword$dropdownSearchBy"" id=""dropdownSearchBy"" class=""SearchByList c-search-header__dropdown c-search-header__box--height"" aria-labelledby=""dropdownSearchByLabel"" role=""combobox"">"
31,https://cucatalog.org/polaris/view.aspx?CN=2647253,The Urbana Free Library,critical,aria-required-attr,Ensure elements with ARIA roles have all required ARIA attributes,Required ARIA attributes must be provided,https://dequeuniversity.com/rules/axe/4.10/aria-required-attr?application=playwright,"<select name=""ctl00$BodyMainContent$ctrlSearchBars$searchbarKeyword$dropdownLimitFilter"" id=""dropdownLimitFilter"" class=""c-search-header__dropdown c-search-header__box--height"" aria-labelledby=""dropdownLimitFilterLabel"" role=""combobox"" onchange=""javascript: AddDefaultTermAndHighlight('textboxTerm'); CheckDetailedMaterial();"">"
31,https://cucatalog.org/polaris/view.aspx?CN=2647253,The Urbana Free Library,critical,aria-required-children,Ensure elements with an ARIA role that require child roles contain them,Certain ARIA roles must contain particular children,https://dequeuniversity.com/rules/axe/4.10/aria-required-children?application=playwright,"<div class=""c-accordion-lvl2"" role=""tablist"" aria-multiselectable=""true"">"
31,https://cucatalog.org/polaris/view.aspx?CN=2647253,The Urbana Free Library,critical,aria-required-children,Ensure elements with an ARIA role that require child roles contain them,Certain ARIA roles must contain particular children,https://dequeuniversity.com/rules/axe/4.10/aria-required-children?application=playwright,"<div class=""c-accordion-lvl2__heading"" role=""tablist"">"
31,https://cucatalog.org/polaris/view.aspx?CN=2647253,The Urbana Free Library,critical,aria-required-parent,Ensure elements with an ARIA role that require parent roles are contained by them,Certain ARIA roles must be contained by particular parents,https://dequeuniversity.com/rules/axe/4.10/aria-required-parent?application=playwright,"<div class=""c-accordion__heading"" role=""tab"">"
31,https://cucatalog.org/polaris/view.aspx?CN=2647253,The Urbana Free Library,critical,aria-required-parent,Ensure elements with an ARIA role that require parent roles are contained by them,Certain ARIA roles must be contained by particular parents,https://dequeuniversity.com/rules/axe/4.10/aria-required-parent?application=playwright,"<div class=""c-accordion__heading"" role=""tab"">"
31,https://cucatalog.org/polaris/view.aspx?CN=2647253,The Urbana Free Library,critical,aria-required-parent,Ensure elements with an ARIA role that require parent roles are contained by them,Certain ARIA roles must be contained by particular parents,https://dequeuniversity.com/rules/axe/4.10/aria-required-parent?application=playwright,"<div class=""c-accordion__heading"" role=""tab"">"
31,https://cucatalog.org/polaris/view.aspx?CN=2647253,The Urbana Free Library,critical,aria-required-parent,Ensure elements with an ARIA role that require parent roles are contained by them,Certain ARIA roles must be contained by particular parents,https://dequeuniversity.com/rules/axe/4.10/aria-required-parent?application=playwright,"<div class=""c-accordion__heading"" role=""tab"">"
31,https://cucatalog.org/polaris/view.aspx?CN=2647253,The Urbana Free Library,critical,aria-required-parent,Ensure elements with an ARIA role that require parent roles are contained by them,Certain ARIA roles must be contained by particular parents,https://dequeuniversity.com/rules/axe/4.10/aria-required-parent?application=playwright,"<div class=""c-accordion__heading"" role=""tab"">"
31,https://cucatalog.org/polaris/view.aspx?CN=2647253,The Urbana Free Library,critical,aria-required-parent,Ensure elements with an ARIA role that require parent roles are contained by them,Certain ARIA roles must be contained by particular parents,https://dequeuniversity.com/rules/axe/4.10/aria-required-parent?application=playwright,"<div class=""c-accordion__heading"" role=""tab"">"
31,https://cucatalog.org/polaris/view.aspx?CN=2647253,The Urbana Free Library,critical,aria-required-parent,Ensure elements with an ARIA role that require parent roles are contained by them,Certain ARIA roles must be contained by particular parents,https://dequeuniversity.com/rules/axe/4.10/aria-required-parent?application=playwright,"<div class=""c-accordion__heading"" role=""tab"">"
31,https://cucatalog.org/polaris/view.aspx?CN=2647253,The Urbana Free Library,critical,aria-required-parent,Ensure elements with an ARIA role that require parent roles are contained by them,Certain ARIA roles must be contained by particular parents,https://dequeuniversity.com/rules/axe/4.10/aria-required-parent?application=playwright,"<div class=""c-accordion__heading"" role=""tab"">"
31,https://cucatalog.org/polaris/view.aspx?CN=2647253,The Urbana Free Library,critical,aria-required-parent,Ensure elements with an ARIA role that require parent roles are contained by them,Certain ARIA roles must be contained by particular parents,https://dequeuniversity.com/rules/axe/4.10/aria-required-parent?application=playwright,"<div class=""c-accordion__heading"" role=""tab"">"
31,https://cucatalog.org/polaris/view.aspx?CN=2647253,The Urbana Free Library,moderate,landmark-banner-is-top-level,Ensure the banner landmark is at top level,Banner landmark should not be contained in another landmark,https://dequeuniversity.com/rules/axe/4.10/landmark-banner-is-top-level?application=playwright,"<header class=""nav-panel__header"">"
31,https://cucatalog.org/polaris/view.aspx?CN=2647253,The Urbana Free Library,moderate,landmark-banner-is-top-level,Ensure the banner landmark is at top level,Banner landmark should not be contained in another landmark,https://dequeuniversity.com/rules/axe/4.10/landmark-banner-is-top-level?application=playwright,"<header class=""nav-panel__header"">"
31,https://cucatalog.org/polaris/view.aspx?CN=2647253,The Urbana Free Library,moderate,landmark-main-is-top-level,Ensure the main landmark is at top level,Main landmark should not be contained in another landmark,https://dequeuniversity.com/rules/axe/4.10/landmark-main-is-top-level?application=playwright,"<main class=""site-footer__main"">"
31,https://cucatalog.org/polaris/view.aspx?CN=2647253,The Urbana Free Library,moderate,landmark-no-duplicate-banner,Ensure the document has at most one banner landmark,Document should not have more than one banner landmark,https://dequeuniversity.com/rules/axe/4.10/landmark-no-duplicate-banner?application=playwright,"<header class=""site-header"">"
31,https://cucatalog.org/polaris/view.aspx?CN=2647253,The Urbana Free Library,moderate,landmark-no-duplicate-main,Ensure the document has at most one main landmark,Document should not have more than one main landmark,https://dequeuniversity.com/rules/axe/4.10/landmark-no-duplicate-main?application=playwright,"<main class=""site-main"" id=""content"">"
31,https://cucatalog.org/polaris/view.aspx?CN=2647253,The Urbana Free Library,moderate,landmark-unique,Ensure landmarks are unique,Landmarks should have a unique role or role/label/title (i.e. accessible name) combination,https://dequeuniversity.com/rules/axe/4.10/landmark-unique?application=playwright,"<header class=""site-header"">"
31,https://cucatalog.org/polaris/view.aspx?CN=2647253,The Urbana Free Library,moderate,landmark-unique,Ensure landmarks are unique,Landmarks should have a unique role or role/label/title (i.e. accessible name) combination,https://dequeuniversity.com/rules/axe/4.10/landmark-unique?application=playwright,"<nav class=""nav-panel__top-nav top-nav top-nav--split-header navbar-collapse"" role=""navigation"">"
31,https://cucatalog.org/polaris/view.aspx?CN=2647253,The Urbana Free Library,moderate,landmark-unique,Ensure landmarks are unique,Landmarks should have a unique role or role/label/title (i.e. accessible name) combination,https://dequeuniversity.com/rules/axe/4.10/landmark-unique?application=playwright,"<main class=""site-main"" id=""content"">"
31,https://cucatalog.org/polaris/view.aspx?CN=2647253,The Urbana Free Library,serious,link-name,Ensure links have discernible text,Links must have discernible text,https://dequeuniversity.com/rules/axe/4.10/link-name?application=playwright,"<a id=""c-accordion-lvl2__title_relatedsearch-2"" class=""c-accordion-lvl2__title-link "" role=""button"" aria-expanded=""true"" aria-controls=""rs-2"" data-toggle=""collapse"" onclick=""javascript:InvokeRSD('collapse', 2)"" href=""#rs-2"">    
                                </a>"
31,https://cucatalog.org/polaris/view.aspx?CN=2647253,The Urbana Free Library,serious,link-name,Ensure links have discernible text,Links must have discernible text,https://dequeuniversity.com/rules/axe/4.10/link-name?application=playwright,"<a id=""c-accordion-lvl2__title_relatedsearch-2"" class=""c-accordion-lvl2__title-link "" role=""button"" aria-expanded=""true"" aria-controls=""rs-2"" data-toggle=""collapse"" onclick=""javascript:InvokeRSD('collapse', 2)"" href=""#rs-2"">"
31,https://cucatalog.org/polaris/view.aspx?CN=2647253,The Urbana Free Library,serious,link-name,Ensure links have discernible text,Links must have discernible text,https://dequeuniversity.com/rules/axe/4.10/link-name?application=playwright,"<a id=""c-accordion-lvl2__title_relatedsearch-2"" class=""c-accordion-lvl2__title-link "" role=""button"" aria-expanded=""true"" aria-controls=""rs-2"" data-toggle=""collapse"" onclick=""javascript:InvokeRSD('collapse', 2)"" href=""#rs-2"">
                                        </a>"
31,https://cucatalog.org/polaris/view.aspx?CN=2647253,The Urbana Free Library,serious,link-name,Ensure links have discernible text,Links must have discernible text,https://dequeuniversity.com/rules/axe/4.10/link-name?application=playwright,"<a id=""c-accordion-lvl2__title_relatedsearch-2"" class=""c-accordion-lvl2__title-link "" role=""button"" aria-expanded=""true"" aria-controls=""rs-2"" data-toggle=""collapse"" onclick=""javascript:InvokeRSD('collapse', 2)"" href=""#rs-2"">
								            </a>"
31,https://cucatalog.org/polaris/view.aspx?CN=2647253,The Urbana Free Library,serious,link-name,Ensure links have discernible text,Links must have discernible text,https://dequeuniversity.com/rules/axe/4.10/link-name?application=playwright,"<a id=""c-accordion-lvl2__title_relatedsearch-2"" class=""c-accordion-lvl2__title-link "" role=""button"" aria-expanded=""true"" aria-controls=""rs-2"" data-toggle=""collapse"" onclick=""javascript:InvokeRSD('collapse', 2)"" href=""#rs-2"">  
									            
											            </a>"
31,https://cucatalog.org/polaris/view.aspx?CN=2647253,The Urbana Free Library,serious,link-name,Ensure links have discernible text,Links must have discernible text,https://dequeuniversity.com/rules/axe/4.10/link-name?application=playwright,"<a id=""c-accordion-lvl2__title_relatedsearch-2"" class=""c-accordion-lvl2__title-link "" role=""button"" aria-expanded=""true"" aria-controls=""rs-2"" data-toggle=""collapse"" onclick=""javascript:InvokeRSD('collapse', 2)"" href=""#rs-2"">  
                                                            </a>"
31,https://cucatalog.org/polaris/view.aspx?CN=2647253,The Urbana Free Library,serious,link-name,Ensure links have discernible text,Links must have discernible text,https://dequeuniversity.com/rules/axe/4.10/link-name?application=playwright,"<a id=""c-accordion-lvl2__title_relatedsearch-3"" class=""c-accordion-lvl2__title-link "" role=""button"" aria-expanded=""true"" aria-controls=""rs-3"" data-toggle=""collapse"" onclick=""javascript:InvokeRSD('collapse', 3)"" href=""#rs-3"">    
                                </a>"
31,https://cucatalog.org/polaris/view.aspx?CN=2647253,The Urbana Free Library,serious,link-name,Ensure links have discernible text,Links must have discernible text,https://dequeuniversity.com/rules/axe/4.10/link-name?application=playwright,"<a id=""c-accordion-lvl2__title_relatedsearch-3"" class=""c-accordion-lvl2__title-link "" role=""button"" aria-expanded=""true"" aria-controls=""rs-3"" data-toggle=""collapse"" onclick=""javascript:InvokeRSD('collapse', 3)"" href=""#rs-3"">"
31,https://cucatalog.org/polaris/view.aspx?CN=2647253,The Urbana Free Library,serious,link-name,Ensure links have discernible text,Links must have discernible text,https://dequeuniversity.com/rules/axe/4.10/link-name?application=playwright,"<a id=""c-accordion-lvl2__title_relatedsearch-3"" class=""c-accordion-lvl2__title-link "" role=""button"" aria-expanded=""true"" aria-controls=""rs-3"" data-toggle=""collapse"" onclick=""javascript:InvokeRSD('collapse', 3)"" href=""#rs-3"">
                                        </a>"
31,https://cucatalog.org/polaris/view.aspx?CN=2647253,The Urbana Free Library,serious,link-name,Ensure links have discernible text,Links must have discernible text,https://dequeuniversity.com/rules/axe/4.10/link-name?application=playwright,"<a id=""c-accordion-lvl2__title_relatedsearch-3"" class=""c-accordion-lvl2__title-link "" role=""button"" aria-expanded=""true"" aria-controls=""rs-3"" data-toggle=""collapse"" onclick=""javascript:InvokeRSD('collapse', 3)"" href=""#rs-3"">
								            </a>"
31,https://cucatalog.org/polaris/view.aspx?CN=2647253,The Urbana Free Library,serious,link-name,Ensure links have discernible text,Links must have discernible text,https://dequeuniversity.com/rules/axe/4.10/link-name?application=playwright,"<a id=""c-accordion-lvl2__title_relatedsearch-3"" class=""c-accordion-lvl2__title-link "" role=""button"" aria-expanded=""true"" aria-controls=""rs-3"" data-toggle=""collapse"" onclick=""javascript:InvokeRSD('collapse', 3)"" href=""#rs-3"">  
									            
											            </a>"
31,https://cucatalog.org/polaris/view.aspx?CN=2647253,The Urbana Free Library,serious,link-name,Ensure links have discernible text,Links must have discernible text,https://dequeuniversity.com/rules/axe/4.10/link-name?application=playwright,"<a id=""c-accordion-lvl2__title_relatedsearch-3"" class=""c-accordion-lvl2__title-link "" role=""button"" aria-expanded=""true"" aria-controls=""rs-3"" data-toggle=""collapse"" onclick=""javascript:InvokeRSD('collapse', 3)"" href=""#rs-3"">  
                                                            </a>"
31,https://cucatalog.org/polaris/view.aspx?CN=2647253,The Urbana Free Library,serious,link-name,Ensure links have discernible text,Links must have discernible text,https://dequeuniversity.com/rules/axe/4.10/link-name?application=playwright,"<a id=""c-accordion-lvl2__title_relatedsearch-4"" class=""c-accordion-lvl2__title-link "" role=""button"" aria-expanded=""true"" aria-controls=""rs-4"" data-toggle=""collapse"" onclick=""javascript:InvokeRSD('collapse', 4)"" href=""#rs-4"">    
                                </a>"
31,https://cucatalog.org/polaris/view.aspx?CN=2647253,The Urbana Free Library,serious,link-name,Ensure links have discernible text,Links must have discernible text,https://dequeuniversity.com/rules/axe/4.10/link-name?application=playwright,"<a id=""c-accordion-lvl2__title_relatedsearch-4"" class=""c-accordion-lvl2__title-link "" role=""button"" aria-expanded=""true"" aria-controls=""rs-4"" data-toggle=""collapse"" onclick=""javascript:InvokeRSD('collapse', 4)"" href=""#rs-4"">"
31,https://cucatalog.org/polaris/view.aspx?CN=2647253,The Urbana Free Library,serious,link-name,Ensure links have discernible text,Links must have discernible text,https://dequeuniversity.com/rules/axe/4.10/link-name?application=playwright,"<a id=""c-accordion-lvl2__title_relatedsearch-4"" class=""c-accordion-lvl2__title-link "" role=""button"" aria-expanded=""true"" aria-controls=""rs-4"" data-toggle=""collapse"" onclick=""javascript:InvokeRSD('collapse', 4)"" href=""#rs-4"">
                                        </a>"
31,https://cucatalog.org/polaris/view.aspx?CN=2647253,The Urbana Free Library,serious,link-name,Ensure links have discernible text,Links must have discernible text,https://dequeuniversity.com/rules/axe/4.10/link-name?application=playwright,"<a id=""c-accordion-lvl2__title_relatedsearch-4"" class=""c-accordion-lvl2__title-link "" role=""button"" aria-expanded=""true"" aria-controls=""rs-4"" data-toggle=""collapse"" onclick=""javascript:InvokeRSD('collapse', 4)"" href=""#rs-4"">
								            </a>"
31,https://cucatalog.org/polaris/view.aspx?CN=2647253,The Urbana Free Library,serious,link-name,Ensure links have discernible text,Links must have discernible text,https://dequeuniversity.com/rules/axe/4.10/link-name?application=playwright,"<a id=""c-accordion-lvl2__title_relatedsearch-4"" class=""c-accordion-lvl2__title-link "" role=""button"" aria-expanded=""true"" aria-controls=""rs-4"" data-toggle=""collapse"" onclick=""javascript:InvokeRSD('collapse', 4)"" href=""#rs-4"">  
									            
											            </a>"
31,https://cucatalog.org/polaris/view.aspx?CN=2647253,The Urbana Free Library,serious,link-name,Ensure links have discernible text,Links must have discernible text,https://dequeuniversity.com/rules/axe/4.10/link-name?application=playwright,"<a id=""c-accordion-lvl2__title_relatedsearch-4"" class=""c-accordion-lvl2__title-link "" role=""button"" aria-expanded=""true"" aria-controls=""rs-4"" data-toggle=""collapse"" onclick=""javascript:InvokeRSD('collapse', 4)"" href=""#rs-4"">  
                                                            </a>"
31,https://cucatalog.org/polaris/view.aspx?CN=2647253,The Urbana Free Library,serious,list,Ensure that lists are structured correctly,"<ul> and <ol> must only directly contain <li>, <script> or <template> elements",https://dequeuniversity.com/rules/axe/4.10/list?application=playwright,"<ul id=""c-title-detail__button-list-"" class=""c-title-detail-actions__list"" data-item-pos=""1"" data-item-page=""0"">"
31,https://cucatalog.org/polaris/view.aspx?CN=2647253,The Urbana Free Library,serious,list,Ensure that lists are structured correctly,"<ul> and <ol> must only directly contain <li>, <script> or <template> elements",https://dequeuniversity.com/rules/axe/4.10/list?application=playwright,"<ul class="" c-accordion__list c-accordion__list--show-bullets"">"
31,https://cucatalog.org/polaris/view.aspx?CN=2647253,The Urbana Free Library,serious,list,Ensure that lists are structured correctly,"<ul> and <ol> must only directly contain <li>, <script> or <template> elements",https://dequeuniversity.com/rules/axe/4.10/list?application=playwright,"<ul class="" c-accordion__list c-accordion__list--show-bullets"">"
31,https://cucatalog.org/polaris/view.aspx?CN=2647253,The Urbana Free Library,serious,list,Ensure that lists are structured correctly,"<ul> and <ol> must only directly contain <li>, <script> or <template> elements",https://dequeuniversity.com/rules/axe/4.10/list?application=playwright,"<ul class="" c-accordion__list c-accordion__list--show-bullets"">"
31,https://cucatalog.org/polaris/view.aspx?CN=2647253,The Urbana Free Library,serious,listitem,Ensure <li> elements are used semantically,<li> elements must be contained in a <ul> or <ol>,https://dequeuniversity.com/rules/axe/4.10/listitem?application=playwright,"<li class=""nav__nav expandable-block-nav"">"
31,https://cucatalog.org/polaris/view.aspx?CN=2647253,The Urbana Free Library,serious,nested-interactive,Ensure interactive controls are not nested as they are not always announced by screen readers or can cause focus problems for assistive technologies,Interactive controls must not be nested,https://dequeuniversity.com/rules/axe/4.10/nested-interactive?application=playwright,"<div class=""c-accordion__heading"" role=""tab"">"
31,https://cucatalog.org/polaris/view.aspx?CN=2647253,The Urbana Free Library,serious,nested-interactive,Ensure interactive controls are not nested as they are not always announced by screen readers or can cause focus problems for assistive technologies,Interactive controls must not be nested,https://dequeuniversity.com/rules/axe/4.10/nested-interactive?application=playwright,"<div class=""c-accordion-lvl2__heading"" role=""tab"">"
31,https://cucatalog.org/polaris/view.aspx?CN=2647253,The Urbana Free Library,serious,nested-interactive,Ensure interactive controls are not nested as they are not always announced by screen readers or can cause focus problems for assistive technologies,Interactive controls must not be nested,https://dequeuniversity.com/rules/axe/4.10/nested-interactive?application=playwright,"<div class=""c-accordion-lvl2__heading"" role=""tab"">"
31,https://cucatalog.org/polaris/view.aspx?CN=2647253,The Urbana Free Library,serious,nested-interactive,Ensure interactive controls are not nested as they are not always announced by screen readers or can cause focus problems for assistive technologies,Interactive controls must not be nested,https://dequeuniversity.com/rules/axe/4.10/nested-interactive?application=playwright,"<div class=""c-accordion-lvl2__heading"" role=""tab"">"
31,https://cucatalog.org/polaris/view.aspx?CN=2647253,The Urbana Free Library,serious,nested-interactive,Ensure interactive controls are not nested as they are not always announced by screen readers or can cause focus problems for assistive technologies,Interactive controls must not be nested,https://dequeuniversity.com/rules/axe/4.10/nested-interactive?application=playwright,"<div class=""c-accordion-lvl2__heading"" role=""tab"">"
31,https://cucatalog.org/polaris/view.aspx?CN=2647253,The Urbana Free Library,serious,nested-interactive,Ensure interactive controls are not nested as they are not always announced by screen readers or can cause focus problems for assistive technologies,Interactive controls must not be nested,https://dequeuniversity.com/rules/axe/4.10/nested-interactive?application=playwright,"<div class=""c-accordion__heading"" role=""tab"">"
31,https://cucatalog.org/polaris/view.aspx?CN=2647253,The Urbana Free Library,serious,nested-interactive,Ensure interactive controls are not nested as they are not always announced by screen readers or can cause focus problems for assistive technologies,Interactive controls must not be nested,https://dequeuniversity.com/rules/axe/4.10/nested-interactive?application=playwright,"<div class=""c-accordion__heading"" role=""tab"">"
31,https://cucatalog.org/polaris/view.aspx?CN=2647253,The Urbana Free Library,serious,nested-interactive,Ensure interactive controls are not nested as they are not always announced by screen readers or can cause focus problems for assistive technologies,Interactive controls must not be nested,https://dequeuniversity.com/rules/axe/4.10/nested-interactive?application=playwright,"<div class=""c-accordion__heading"" role=""tab"">"
31,https://cucatalog.org/polaris/view.aspx?CN=2647253,The Urbana Free Library,serious,nested-interactive,Ensure interactive controls are not nested as they are not always announced by screen readers or can cause focus problems for assistive technologies,Interactive controls must not be nested,https://dequeuniversity.com/rules/axe/4.10/nested-interactive?application=playwright,"<div class=""c-accordion__heading"" role=""tab"">"
31,https://cucatalog.org/polaris/view.aspx?CN=2647253,The Urbana Free Library,serious,nested-interactive,Ensure interactive controls are not nested as they are not always announced by screen readers or can cause focus problems for assistive technologies,Interactive controls must not be nested,https://dequeuniversity.com/rules/axe/4.10/nested-interactive?application=playwright,"<div class=""c-accordion__heading"" role=""tab"">"
31,https://cucatalog.org/polaris/view.aspx?CN=2647253,The Urbana Free Library,serious,nested-interactive,Ensure interactive controls are not nested as they are not always announced by screen readers or can cause focus problems for assistive technologies,Interactive controls must not be nested,https://dequeuniversity.com/rules/axe/4.10/nested-interactive?application=playwright,"<div class=""c-accordion__heading"" role=""tab"">"
31,https://cucatalog.org/polaris/view.aspx?CN=2647253,The Urbana Free Library,serious,nested-interactive,Ensure interactive controls are not nested as they are not always announced by screen readers or can cause focus problems for assistive technologies,Interactive controls must not be nested,https://dequeuniversity.com/rules/axe/4.10/nested-interactive?application=playwright,"<div class=""c-accordion__heading"" role=""tab"">"
31,https://cucatalog.org/polaris/view.aspx?CN=2647253,The Urbana Free Library,serious,nested-interactive,Ensure interactive controls are not nested as they are not always announced by screen readers or can cause focus problems for assistive technologies,Interactive controls must not be nested,https://dequeuniversity.com/rules/axe/4.10/nested-interactive?application=playwright,"<div class=""c-accordion__heading"" role=""tab"">"
31,https://cucatalog.org/polaris/view.aspx?CN=2647253,The Urbana Free Library,moderate,page-has-heading-one,"Ensure that the page, or at least one of its frames contains a level-one heading",Page should contain a level-one heading,https://dequeuniversity.com/rules/axe/4.10/page-has-heading-one?application=playwright,"<html class=""js flexbox flexboxlegacy canvas canvastext webgl no-touch geolocation postmessage no-websqldatabase indexeddb hashchange history draganddrop websockets rgba hsla multiplebgs backgroundsize borderimage borderradius boxshadow textshadow opacity cssanimations csscolumns cssgradients cssreflections csstransforms csstransforms3d csstransitions fontface generatedcontent video audio localstorage sessionstorage webworkers no-applicationcache svg inlinesvg smil svgclippaths"" lang=""en"" style="""">"
32,https://cucatalog.org/polaris/view.aspx?CN=2645922,The Urbana Free Library,critical,aria-allowed-attr,Ensure an element's role supports its ARIA attributes,Elements must only use supported ARIA attributes,https://dequeuniversity.com/rules/axe/4.10/aria-allowed-attr?application=playwright,"<div class=""c-search-header-options__container collapse in"" id=""c-search-header__search-options"" aria-labelledby=""c-search-header__search-options"" aria-expanded=""true"" style="""">"
32,https://cucatalog.org/polaris/view.aspx?CN=2645922,The Urbana Free Library,serious,aria-hidden-focus,Ensure aria-hidden elements are not focusable nor contain focusable elements,ARIA hidden element must not be focusable or contain focusable elements,https://dequeuniversity.com/rules/axe/4.10/aria-hidden-focus?application=playwright,"<a id=""__pos-1"" href=""#"" aria-hidden=""true"" aria-label=""Search Result""></a>"
32,https://cucatalog.org/polaris/view.aspx?CN=2645922,The Urbana Free Library,critical,aria-required-attr,Ensure elements with ARIA roles have all required ARIA attributes,Required ARIA attributes must be provided,https://dequeuniversity.com/rules/axe/4.10/aria-required-attr?application=playwright,"<select name=""ctl00$BodyMainContent$ctrlSearchBars$searchbarKeyword$dropdownSearchBy"" id=""dropdownSearchBy"" class=""SearchByList c-search-header__dropdown c-search-header__box--height"" aria-labelledby=""dropdownSearchByLabel"" role=""combobox"">"
32,https://cucatalog.org/polaris/view.aspx?CN=2645922,The Urbana Free Library,critical,aria-required-attr,Ensure elements with ARIA roles have all required ARIA attributes,Required ARIA attributes must be provided,https://dequeuniversity.com/rules/axe/4.10/aria-required-attr?application=playwright,"<select name=""ctl00$BodyMainContent$ctrlSearchBars$searchbarKeyword$dropdownLimitFilter"" id=""dropdownLimitFilter"" class=""c-search-header__dropdown c-search-header__box--height"" aria-labelledby=""dropdownLimitFilterLabel"" role=""combobox"" onchange=""javascript: AddDefaultTermAndHighlight('textboxTerm'); CheckDetailedMaterial();"">"
32,https://cucatalog.org/polaris/view.aspx?CN=2645922,The Urbana Free Library,critical,aria-required-children,Ensure elements with an ARIA role that require child roles contain them,Certain ARIA roles must contain particular children,https://dequeuniversity.com/rules/axe/4.10/aria-required-children?application=playwright,"<div class=""c-accordion-lvl2"" role=""tablist"" aria-multiselectable=""true"">"
32,https://cucatalog.org/polaris/view.aspx?CN=2645922,The Urbana Free Library,critical,aria-required-children,Ensure elements with an ARIA role that require child roles contain them,Certain ARIA roles must contain particular children,https://dequeuniversity.com/rules/axe/4.10/aria-required-children?application=playwright,"<div class=""c-accordion-lvl2__heading"" role=""tablist"">"
32,https://cucatalog.org/polaris/view.aspx?CN=2645922,The Urbana Free Library,critical,aria-required-parent,Ensure elements with an ARIA role that require parent roles are contained by them,Certain ARIA roles must be contained by particular parents,https://dequeuniversity.com/rules/axe/4.10/aria-required-parent?application=playwright,"<div class=""c-accordion__heading"" role=""tab"">"
32,https://cucatalog.org/polaris/view.aspx?CN=2645922,The Urbana Free Library,critical,aria-required-parent,Ensure elements with an ARIA role that require parent roles are contained by them,Certain ARIA roles must be contained by particular parents,https://dequeuniversity.com/rules/axe/4.10/aria-required-parent?application=playwright,"<div class=""c-accordion__heading"" role=""tab"">"
32,https://cucatalog.org/polaris/view.aspx?CN=2645922,The Urbana Free Library,critical,aria-required-parent,Ensure elements with an ARIA role that require parent roles are contained by them,Certain ARIA roles must be contained by particular parents,https://dequeuniversity.com/rules/axe/4.10/aria-required-parent?application=playwright,"<div class=""c-accordion__heading"" role=""tab"">"
32,https://cucatalog.org/polaris/view.aspx?CN=2645922,The Urbana Free Library,critical,aria-required-parent,Ensure elements with an ARIA role that require parent roles are contained by them,Certain ARIA roles must be contained by particular parents,https://dequeuniversity.com/rules/axe/4.10/aria-required-parent?application=playwright,"<div class=""c-accordion__heading"" role=""tab"">"
32,https://cucatalog.org/polaris/view.aspx?CN=2645922,The Urbana Free Library,critical,aria-required-parent,Ensure elements with an ARIA role that require parent roles are contained by them,Certain ARIA roles must be contained by particular parents,https://dequeuniversity.com/rules/axe/4.10/aria-required-parent?application=playwright,"<div class=""c-accordion__heading"" role=""tab"">"
32,https://cucatalog.org/polaris/view.aspx?CN=2645922,The Urbana Free Library,critical,aria-required-parent,Ensure elements with an ARIA role that require parent roles are contained by them,Certain ARIA roles must be contained by particular parents,https://dequeuniversity.com/rules/axe/4.10/aria-required-parent?application=playwright,"<div class=""c-accordion__heading"" role=""tab"">"
32,https://cucatalog.org/polaris/view.aspx?CN=2645922,The Urbana Free Library,critical,aria-required-parent,Ensure elements with an ARIA role that require parent roles are contained by them,Certain ARIA roles must be contained by particular parents,https://dequeuniversity.com/rules/axe/4.10/aria-required-parent?application=playwright,"<div class=""c-accordion__heading"" role=""tab"">"
32,https://cucatalog.org/polaris/view.aspx?CN=2645922,The Urbana Free Library,critical,aria-required-parent,Ensure elements with an ARIA role that require parent roles are contained by them,Certain ARIA roles must be contained by particular parents,https://dequeuniversity.com/rules/axe/4.10/aria-required-parent?application=playwright,"<div class=""c-accordion__heading"" role=""tab"">"
32,https://cucatalog.org/polaris/view.aspx?CN=2645922,The Urbana Free Library,critical,aria-required-parent,Ensure elements with an ARIA role that require parent roles are contained by them,Certain ARIA roles must be contained by particular parents,https://dequeuniversity.com/rules/axe/4.10/aria-required-parent?application=playwright,"<div class=""c-accordion__heading"" role=""tab"">"
32,https://cucatalog.org/polaris/view.aspx?CN=2645922,The Urbana Free Library,moderate,landmark-banner-is-top-level,Ensure the banner landmark is at top level,Banner landmark should not be contained in another landmark,https://dequeuniversity.com/rules/axe/4.10/landmark-banner-is-top-level?application=playwright,"<header class=""nav-panel__header"">"
32,https://cucatalog.org/polaris/view.aspx?CN=2645922,The Urbana Free Library,moderate,landmark-banner-is-top-level,Ensure the banner landmark is at top level,Banner landmark should not be contained in another landmark,https://dequeuniversity.com/rules/axe/4.10/landmark-banner-is-top-level?application=playwright,"<header class=""nav-panel__header"">"
32,https://cucatalog.org/polaris/view.aspx?CN=2645922,The Urbana Free Library,moderate,landmark-main-is-top-level,Ensure the main landmark is at top level,Main landmark should not be contained in another landmark,https://dequeuniversity.com/rules/axe/4.10/landmark-main-is-top-level?application=playwright,"<main class=""site-footer__main"">"
32,https://cucatalog.org/polaris/view.aspx?CN=2645922,The Urbana Free Library,moderate,landmark-no-duplicate-banner,Ensure the document has at most one banner landmark,Document should not have more than one banner landmark,https://dequeuniversity.com/rules/axe/4.10/landmark-no-duplicate-banner?application=playwright,"<header class=""site-header"">"
32,https://cucatalog.org/polaris/view.aspx?CN=2645922,The Urbana Free Library,moderate,landmark-no-duplicate-main,Ensure the document has at most one main landmark,Document should not have more than one main landmark,https://dequeuniversity.com/rules/axe/4.10/landmark-no-duplicate-main?application=playwright,"<main class=""site-main"" id=""content"">"
32,https://cucatalog.org/polaris/view.aspx?CN=2645922,The Urbana Free Library,moderate,landmark-unique,Ensure landmarks are unique,Landmarks should have a unique role or role/label/title (i.e. accessible name) combination,https://dequeuniversity.com/rules/axe/4.10/landmark-unique?application=playwright,"<header class=""site-header"">"
32,https://cucatalog.org/polaris/view.aspx?CN=2645922,The Urbana Free Library,moderate,landmark-unique,Ensure landmarks are unique,Landmarks should have a unique role or role/label/title (i.e. accessible name) combination,https://dequeuniversity.com/rules/axe/4.10/landmark-unique?application=playwright,"<nav class=""nav-panel__top-nav top-nav top-nav--split-header navbar-collapse"" role=""navigation"">"
32,https://cucatalog.org/polaris/view.aspx?CN=2645922,The Urbana Free Library,moderate,landmark-unique,Ensure landmarks are unique,Landmarks should have a unique role or role/label/title (i.e. accessible name) combination,https://dequeuniversity.com/rules/axe/4.10/landmark-unique?application=playwright,"<main class=""site-main"" id=""content"">"
32,https://cucatalog.org/polaris/view.aspx?CN=2645922,The Urbana Free Library,serious,link-name,Ensure links have discernible text,Links must have discernible text,https://dequeuniversity.com/rules/axe/4.10/link-name?application=playwright,"<a id=""c-accordion-lvl2__title_relatedsearch-2"" class=""c-accordion-lvl2__title-link "" role=""button"" aria-expanded=""true"" aria-controls=""rs-2"" data-toggle=""collapse"" onclick=""javascript:InvokeRSD('collapse', 2)"" href=""#rs-2"">    
                                </a>"
32,https://cucatalog.org/polaris/view.aspx?CN=2645922,The Urbana Free Library,serious,link-name,Ensure links have discernible text,Links must have discernible text,https://dequeuniversity.com/rules/axe/4.10/link-name?application=playwright,"<a id=""c-accordion-lvl2__title_relatedsearch-2"" class=""c-accordion-lvl2__title-link "" role=""button"" aria-expanded=""true"" aria-controls=""rs-2"" data-toggle=""collapse"" onclick=""javascript:InvokeRSD('collapse', 2)"" href=""#rs-2"">"
32,https://cucatalog.org/polaris/view.aspx?CN=2645922,The Urbana Free Library,serious,link-name,Ensure links have discernible text,Links must have discernible text,https://dequeuniversity.com/rules/axe/4.10/link-name?application=playwright,"<a id=""c-accordion-lvl2__title_relatedsearch-2"" class=""c-accordion-lvl2__title-link "" role=""button"" aria-expanded=""true"" aria-controls=""rs-2"" data-toggle=""collapse"" onclick=""javascript:InvokeRSD('collapse', 2)"" href=""#rs-2"">
                                        </a>"
32,https://cucatalog.org/polaris/view.aspx?CN=2645922,The Urbana Free Library,serious,link-name,Ensure links have discernible text,Links must have discernible text,https://dequeuniversity.com/rules/axe/4.10/link-name?application=playwright,"<a id=""c-accordion-lvl2__title_relatedsearch-2"" class=""c-accordion-lvl2__title-link "" role=""button"" aria-expanded=""true"" aria-controls=""rs-2"" data-toggle=""collapse"" onclick=""javascript:InvokeRSD('collapse', 2)"" href=""#rs-2"">
								            </a>"
32,https://cucatalog.org/polaris/view.aspx?CN=2645922,The Urbana Free Library,serious,link-name,Ensure links have discernible text,Links must have discernible text,https://dequeuniversity.com/rules/axe/4.10/link-name?application=playwright,"<a id=""c-accordion-lvl2__title_relatedsearch-2"" class=""c-accordion-lvl2__title-link "" role=""button"" aria-expanded=""true"" aria-controls=""rs-2"" data-toggle=""collapse"" onclick=""javascript:InvokeRSD('collapse', 2)"" href=""#rs-2"">  
									            
											            </a>"
32,https://cucatalog.org/polaris/view.aspx?CN=2645922,The Urbana Free Library,serious,link-name,Ensure links have discernible text,Links must have discernible text,https://dequeuniversity.com/rules/axe/4.10/link-name?application=playwright,"<a id=""c-accordion-lvl2__title_relatedsearch-2"" class=""c-accordion-lvl2__title-link "" role=""button"" aria-expanded=""true"" aria-controls=""rs-2"" data-toggle=""collapse"" onclick=""javascript:InvokeRSD('collapse', 2)"" href=""#rs-2"">  
                                                            </a>"
32,https://cucatalog.org/polaris/view.aspx?CN=2645922,The Urbana Free Library,serious,link-name,Ensure links have discernible text,Links must have discernible text,https://dequeuniversity.com/rules/axe/4.10/link-name?application=playwright,"<a id=""c-accordion-lvl2__title_relatedsearch-3"" class=""c-accordion-lvl2__title-link "" role=""button"" aria-expanded=""true"" aria-controls=""rs-3"" data-toggle=""collapse"" onclick=""javascript:InvokeRSD('collapse', 3)"" href=""#rs-3"">    
                                </a>"
32,https://cucatalog.org/polaris/view.aspx?CN=2645922,The Urbana Free Library,serious,link-name,Ensure links have discernible text,Links must have discernible text,https://dequeuniversity.com/rules/axe/4.10/link-name?application=playwright,"<a id=""c-accordion-lvl2__title_relatedsearch-3"" class=""c-accordion-lvl2__title-link "" role=""button"" aria-expanded=""true"" aria-controls=""rs-3"" data-toggle=""collapse"" onclick=""javascript:InvokeRSD('collapse', 3)"" href=""#rs-3"">"
32,https://cucatalog.org/polaris/view.aspx?CN=2645922,The Urbana Free Library,serious,link-name,Ensure links have discernible text,Links must have discernible text,https://dequeuniversity.com/rules/axe/4.10/link-name?application=playwright,"<a id=""c-accordion-lvl2__title_relatedsearch-3"" class=""c-accordion-lvl2__title-link "" role=""button"" aria-expanded=""true"" aria-controls=""rs-3"" data-toggle=""collapse"" onclick=""javascript:InvokeRSD('collapse', 3)"" href=""#rs-3"">
                                        </a>"
32,https://cucatalog.org/polaris/view.aspx?CN=2645922,The Urbana Free Library,serious,link-name,Ensure links have discernible text,Links must have discernible text,https://dequeuniversity.com/rules/axe/4.10/link-name?application=playwright,"<a id=""c-accordion-lvl2__title_relatedsearch-3"" class=""c-accordion-lvl2__title-link "" role=""button"" aria-expanded=""true"" aria-controls=""rs-3"" data-toggle=""collapse"" onclick=""javascript:InvokeRSD('collapse', 3)"" href=""#rs-3"">
								            </a>"
32,https://cucatalog.org/polaris/view.aspx?CN=2645922,The Urbana Free Library,serious,link-name,Ensure links have discernible text,Links must have discernible text,https://dequeuniversity.com/rules/axe/4.10/link-name?application=playwright,"<a id=""c-accordion-lvl2__title_relatedsearch-3"" class=""c-accordion-lvl2__title-link "" role=""button"" aria-expanded=""true"" aria-controls=""rs-3"" data-toggle=""collapse"" onclick=""javascript:InvokeRSD('collapse', 3)"" href=""#rs-3"">  
									            
											            </a>"
32,https://cucatalog.org/polaris/view.aspx?CN=2645922,The Urbana Free Library,serious,link-name,Ensure links have discernible text,Links must have discernible text,https://dequeuniversity.com/rules/axe/4.10/link-name?application=playwright,"<a id=""c-accordion-lvl2__title_relatedsearch-3"" class=""c-accordion-lvl2__title-link "" role=""button"" aria-expanded=""true"" aria-controls=""rs-3"" data-toggle=""collapse"" onclick=""javascript:InvokeRSD('collapse', 3)"" href=""#rs-3"">  
                                                            </a>"
32,https://cucatalog.org/polaris/view.aspx?CN=2645922,The Urbana Free Library,serious,list,Ensure that lists are structured correctly,"<ul> and <ol> must only directly contain <li>, <script> or <template> elements",https://dequeuniversity.com/rules/axe/4.10/list?application=playwright,"<ul id=""c-title-detail__button-list-"" class=""c-title-detail-actions__list"" data-item-pos=""1"" data-item-page=""0"">"
32,https://cucatalog.org/polaris/view.aspx?CN=2645922,The Urbana Free Library,serious,list,Ensure that lists are structured correctly,"<ul> and <ol> must only directly contain <li>, <script> or <template> elements",https://dequeuniversity.com/rules/axe/4.10/list?application=playwright,"<ul class="" c-accordion__list c-accordion__list--show-bullets"">"
32,https://cucatalog.org/polaris/view.aspx?CN=2645922,The Urbana Free Library,serious,list,Ensure that lists are structured correctly,"<ul> and <ol> must only directly contain <li>, <script> or <template> elements",https://dequeuniversity.com/rules/axe/4.10/list?application=playwright,"<ul class="" c-accordion__list c-accordion__list--show-bullets"">"
32,https://cucatalog.org/polaris/view.aspx?CN=2645922,The Urbana Free Library,serious,listitem,Ensure <li> elements are used semantically,<li> elements must be contained in a <ul> or <ol>,https://dequeuniversity.com/rules/axe/4.10/listitem?application=playwright,"<li class=""nav__nav expandable-block-nav"">"
32,https://cucatalog.org/polaris/view.aspx?CN=2645922,The Urbana Free Library,serious,nested-interactive,Ensure interactive controls are not nested as they are not always announced by screen readers or can cause focus problems for assistive technologies,Interactive controls must not be nested,https://dequeuniversity.com/rules/axe/4.10/nested-interactive?application=playwright,"<div class=""c-accordion__heading"" role=""tab"">"
32,https://cucatalog.org/polaris/view.aspx?CN=2645922,The Urbana Free Library,serious,nested-interactive,Ensure interactive controls are not nested as they are not always announced by screen readers or can cause focus problems for assistive technologies,Interactive controls must not be nested,https://dequeuniversity.com/rules/axe/4.10/nested-interactive?application=playwright,"<div class=""c-accordion-lvl2__heading"" role=""tab"">"
32,https://cucatalog.org/polaris/view.aspx?CN=2645922,The Urbana Free Library,serious,nested-interactive,Ensure interactive controls are not nested as they are not always announced by screen readers or can cause focus problems for assistive technologies,Interactive controls must not be nested,https://dequeuniversity.com/rules/axe/4.10/nested-interactive?application=playwright,"<div class=""c-accordion-lvl2__heading"" role=""tab"">"
32,https://cucatalog.org/polaris/view.aspx?CN=2645922,The Urbana Free Library,serious,nested-interactive,Ensure interactive controls are not nested as they are not always announced by screen readers or can cause focus problems for assistive technologies,Interactive controls must not be nested,https://dequeuniversity.com/rules/axe/4.10/nested-interactive?application=playwright,"<div class=""c-accordion-lvl2__heading"" role=""tab"">"
32,https://cucatalog.org/polaris/view.aspx?CN=2645922,The Urbana Free Library,serious,nested-interactive,Ensure interactive controls are not nested as they are not always announced by screen readers or can cause focus problems for assistive technologies,Interactive controls must not be nested,https://dequeuniversity.com/rules/axe/4.10/nested-interactive?application=playwright,"<div class=""c-accordion__heading"" role=""tab"">"
32,https://cucatalog.org/polaris/view.aspx?CN=2645922,The Urbana Free Library,serious,nested-interactive,Ensure interactive controls are not nested as they are not always announced by screen readers or can cause focus problems for assistive technologies,Interactive controls must not be nested,https://dequeuniversity.com/rules/axe/4.10/nested-interactive?application=playwright,"<div class=""c-accordion__heading"" role=""tab"">"
32,https://cucatalog.org/polaris/view.aspx?CN=2645922,The Urbana Free Library,serious,nested-interactive,Ensure interactive controls are not nested as they are not always announced by screen readers or can cause focus problems for assistive technologies,Interactive controls must not be nested,https://dequeuniversity.com/rules/axe/4.10/nested-interactive?application=playwright,"<div class=""c-accordion__heading"" role=""tab"">"
32,https://cucatalog.org/polaris/view.aspx?CN=2645922,The Urbana Free Library,serious,nested-interactive,Ensure interactive controls are not nested as they are not always announced by screen readers or can cause focus problems for assistive technologies,Interactive controls must not be nested,https://dequeuniversity.com/rules/axe/4.10/nested-interactive?application=playwright,"<div class=""c-accordion__heading"" role=""tab"">"
32,https://cucatalog.org/polaris/view.aspx?CN=2645922,The Urbana Free Library,serious,nested-interactive,Ensure interactive controls are not nested as they are not always announced by screen readers or can cause focus problems for assistive technologies,Interactive controls must not be nested,https://dequeuniversity.com/rules/axe/4.10/nested-interactive?application=playwright,"<div class=""c-accordion__heading"" role=""tab"">"
32,https://cucatalog.org/polaris/view.aspx?CN=2645922,The Urbana Free Library,serious,nested-interactive,Ensure interactive controls are not nested as they are not always announced by screen readers or can cause focus problems for assistive technologies,Interactive controls must not be nested,https://dequeuniversity.com/rules/axe/4.10/nested-interactive?application=playwright,"<div class=""c-accordion__heading"" role=""tab"">"
32,https://cucatalog.org/polaris/view.aspx?CN=2645922,The Urbana Free Library,serious,nested-interactive,Ensure interactive controls are not nested as they are not always announced by screen readers or can cause focus problems for assistive technologies,Interactive controls must not be nested,https://dequeuniversity.com/rules/axe/4.10/nested-interactive?application=playwright,"<div class=""c-accordion__heading"" role=""tab"">"
32,https://cucatalog.org/polaris/view.aspx?CN=2645922,The Urbana Free Library,serious,nested-interactive,Ensure interactive controls are not nested as they are not always announced by screen readers or can cause focus problems for assistive technologies,Interactive controls must not be nested,https://dequeuniversity.com/rules/axe/4.10/nested-interactive?application=playwright,"<div class=""c-accordion__heading"" role=""tab"">"
32,https://cucatalog.org/polaris/view.aspx?CN=2645922,The Urbana Free Library,moderate,page-has-heading-one,"Ensure that the page, or at least one of its frames contains a level-one heading",Page should contain a level-one heading,https://dequeuniversity.com/rules/axe/4.10/page-has-heading-one?application=playwright,"<html class=""js flexbox flexboxlegacy canvas canvastext webgl no-touch geolocation postmessage no-websqldatabase indexeddb hashchange history draganddrop websockets rgba hsla multiplebgs backgroundsize borderimage borderradius boxshadow textshadow opacity cssanimations csscolumns cssgradients cssreflections csstransforms csstransforms3d csstransitions fontface generatedcontent video audio localstorage sessionstorage webworkers no-applicationcache svg inlinesvg smil svgclippaths"" lang=""en"" style="""">"
33,https://cucatalog.org/polaris/view.aspx?CN=2635134,The Urbana Free Library,critical,aria-allowed-attr,Ensure an element's role supports its ARIA attributes,Elements must only use supported ARIA attributes,https://dequeuniversity.com/rules/axe/4.10/aria-allowed-attr?application=playwright,"<div class=""c-search-header-options__container collapse in"" id=""c-search-header__search-options"" aria-labelledby=""c-search-header__search-options"" aria-expanded=""true"" style="""">"
33,https://cucatalog.org/polaris/view.aspx?CN=2635134,The Urbana Free Library,serious,aria-hidden-focus,Ensure aria-hidden elements are not focusable nor contain focusable elements,ARIA hidden element must not be focusable or contain focusable elements,https://dequeuniversity.com/rules/axe/4.10/aria-hidden-focus?application=playwright,"<a id=""__pos-1"" href=""#"" aria-hidden=""true"" aria-label=""Search Result""></a>"
33,https://cucatalog.org/polaris/view.aspx?CN=2635134,The Urbana Free Library,critical,aria-required-attr,Ensure elements with ARIA roles have all required ARIA attributes,Required ARIA attributes must be provided,https://dequeuniversity.com/rules/axe/4.10/aria-required-attr?application=playwright,"<select name=""ctl00$BodyMainContent$ctrlSearchBars$searchbarKeyword$dropdownSearchBy"" id=""dropdownSearchBy"" class=""SearchByList c-search-header__dropdown c-search-header__box--height"" aria-labelledby=""dropdownSearchByLabel"" role=""combobox"">"
33,https://cucatalog.org/polaris/view.aspx?CN=2635134,The Urbana Free Library,critical,aria-required-attr,Ensure elements with ARIA roles have all required ARIA attributes,Required ARIA attributes must be provided,https://dequeuniversity.com/rules/axe/4.10/aria-required-attr?application=playwright,"<select name=""ctl00$BodyMainContent$ctrlSearchBars$searchbarKeyword$dropdownLimitFilter"" id=""dropdownLimitFilter"" class=""c-search-header__dropdown c-search-header__box--height"" aria-labelledby=""dropdownLimitFilterLabel"" role=""combobox"" onchange=""javascript: AddDefaultTermAndHighlight('textboxTerm'); CheckDetailedMaterial();"">"
33,https://cucatalog.org/polaris/view.aspx?CN=2635134,The Urbana Free Library,critical,aria-required-children,Ensure elements with an ARIA role that require child roles contain them,Certain ARIA roles must contain particular children,https://dequeuniversity.com/rules/axe/4.10/aria-required-children?application=playwright,"<div class=""c-accordion-lvl2"" role=""tablist"" aria-multiselectable=""true"">"
33,https://cucatalog.org/polaris/view.aspx?CN=2635134,The Urbana Free Library,critical,aria-required-children,Ensure elements with an ARIA role that require child roles contain them,Certain ARIA roles must contain particular children,https://dequeuniversity.com/rules/axe/4.10/aria-required-children?application=playwright,"<div class=""c-accordion-lvl2__heading"" role=""tablist"">"
33,https://cucatalog.org/polaris/view.aspx?CN=2635134,The Urbana Free Library,critical,aria-required-parent,Ensure elements with an ARIA role that require parent roles are contained by them,Certain ARIA roles must be contained by particular parents,https://dequeuniversity.com/rules/axe/4.10/aria-required-parent?application=playwright,"<div class=""c-accordion__heading"" role=""tab"">"
33,https://cucatalog.org/polaris/view.aspx?CN=2635134,The Urbana Free Library,critical,aria-required-parent,Ensure elements with an ARIA role that require parent roles are contained by them,Certain ARIA roles must be contained by particular parents,https://dequeuniversity.com/rules/axe/4.10/aria-required-parent?application=playwright,"<div class=""c-accordion__heading"" role=""tab"">"
33,https://cucatalog.org/polaris/view.aspx?CN=2635134,The Urbana Free Library,critical,aria-required-parent,Ensure elements with an ARIA role that require parent roles are contained by them,Certain ARIA roles must be contained by particular parents,https://dequeuniversity.com/rules/axe/4.10/aria-required-parent?application=playwright,"<div class=""c-accordion__heading"" role=""tab"">"
33,https://cucatalog.org/polaris/view.aspx?CN=2635134,The Urbana Free Library,critical,aria-required-parent,Ensure elements with an ARIA role that require parent roles are contained by them,Certain ARIA roles must be contained by particular parents,https://dequeuniversity.com/rules/axe/4.10/aria-required-parent?application=playwright,"<div class=""c-accordion__heading"" role=""tab"">"
33,https://cucatalog.org/polaris/view.aspx?CN=2635134,The Urbana Free Library,critical,aria-required-parent,Ensure elements with an ARIA role that require parent roles are contained by them,Certain ARIA roles must be contained by particular parents,https://dequeuniversity.com/rules/axe/4.10/aria-required-parent?application=playwright,"<div class=""c-accordion__heading"" role=""tab"">"
33,https://cucatalog.org/polaris/view.aspx?CN=2635134,The Urbana Free Library,critical,aria-required-parent,Ensure elements with an ARIA role that require parent roles are contained by them,Certain ARIA roles must be contained by particular parents,https://dequeuniversity.com/rules/axe/4.10/aria-required-parent?application=playwright,"<div class=""c-accordion__heading"" role=""tab"">"
33,https://cucatalog.org/polaris/view.aspx?CN=2635134,The Urbana Free Library,critical,aria-required-parent,Ensure elements with an ARIA role that require parent roles are contained by them,Certain ARIA roles must be contained by particular parents,https://dequeuniversity.com/rules/axe/4.10/aria-required-parent?application=playwright,"<div class=""c-accordion__heading"" role=""tab"">"
33,https://cucatalog.org/polaris/view.aspx?CN=2635134,The Urbana Free Library,critical,aria-required-parent,Ensure elements with an ARIA role that require parent roles are contained by them,Certain ARIA roles must be contained by particular parents,https://dequeuniversity.com/rules/axe/4.10/aria-required-parent?application=playwright,"<div class=""c-accordion__heading"" role=""tab"">"
33,https://cucatalog.org/polaris/view.aspx?CN=2635134,The Urbana Free Library,critical,aria-required-parent,Ensure elements with an ARIA role that require parent roles are contained by them,Certain ARIA roles must be contained by particular parents,https://dequeuniversity.com/rules/axe/4.10/aria-required-parent?application=playwright,"<div class=""c-accordion__heading"" role=""tab"">"
33,https://cucatalog.org/polaris/view.aspx?CN=2635134,The Urbana Free Library,moderate,landmark-banner-is-top-level,Ensure the banner landmark is at top level,Banner landmark should not be contained in another landmark,https://dequeuniversity.com/rules/axe/4.10/landmark-banner-is-top-level?application=playwright,"<header class=""nav-panel__header"">"
33,https://cucatalog.org/polaris/view.aspx?CN=2635134,The Urbana Free Library,moderate,landmark-banner-is-top-level,Ensure the banner landmark is at top level,Banner landmark should not be contained in another landmark,https://dequeuniversity.com/rules/axe/4.10/landmark-banner-is-top-level?application=playwright,"<header class=""nav-panel__header"">"
33,https://cucatalog.org/polaris/view.aspx?CN=2635134,The Urbana Free Library,moderate,landmark-main-is-top-level,Ensure the main landmark is at top level,Main landmark should not be contained in another landmark,https://dequeuniversity.com/rules/axe/4.10/landmark-main-is-top-level?application=playwright,"<main class=""site-footer__main"">"
33,https://cucatalog.org/polaris/view.aspx?CN=2635134,The Urbana Free Library,moderate,landmark-no-duplicate-banner,Ensure the document has at most one banner landmark,Document should not have more than one banner landmark,https://dequeuniversity.com/rules/axe/4.10/landmark-no-duplicate-banner?application=playwright,"<header class=""site-header"">"
33,https://cucatalog.org/polaris/view.aspx?CN=2635134,The Urbana Free Library,moderate,landmark-no-duplicate-main,Ensure the document has at most one main landmark,Document should not have more than one main landmark,https://dequeuniversity.com/rules/axe/4.10/landmark-no-duplicate-main?application=playwright,"<main class=""site-main"" id=""content"">"
33,https://cucatalog.org/polaris/view.aspx?CN=2635134,The Urbana Free Library,moderate,landmark-unique,Ensure landmarks are unique,Landmarks should have a unique role or role/label/title (i.e. accessible name) combination,https://dequeuniversity.com/rules/axe/4.10/landmark-unique?application=playwright,"<header class=""site-header"">"
33,https://cucatalog.org/polaris/view.aspx?CN=2635134,The Urbana Free Library,moderate,landmark-unique,Ensure landmarks are unique,Landmarks should have a unique role or role/label/title (i.e. accessible name) combination,https://dequeuniversity.com/rules/axe/4.10/landmark-unique?application=playwright,"<nav class=""nav-panel__top-nav top-nav top-nav--split-header navbar-collapse"" role=""navigation"">"
33,https://cucatalog.org/polaris/view.aspx?CN=2635134,The Urbana Free Library,moderate,landmark-unique,Ensure landmarks are unique,Landmarks should have a unique role or role/label/title (i.e. accessible name) combination,https://dequeuniversity.com/rules/axe/4.10/landmark-unique?application=playwright,"<main class=""site-main"" id=""content"">"
33,https://cucatalog.org/polaris/view.aspx?CN=2635134,The Urbana Free Library,serious,link-name,Ensure links have discernible text,Links must have discernible text,https://dequeuniversity.com/rules/axe/4.10/link-name?application=playwright,"<a id=""c-accordion-lvl2__title_relatedsearch-2"" class=""c-accordion-lvl2__title-link "" role=""button"" aria-expanded=""true"" aria-controls=""rs-2"" data-toggle=""collapse"" onclick=""javascript:InvokeRSD('collapse', 2)"" href=""#rs-2"">    
                                </a>"
33,https://cucatalog.org/polaris/view.aspx?CN=2635134,The Urbana Free Library,serious,link-name,Ensure links have discernible text,Links must have discernible text,https://dequeuniversity.com/rules/axe/4.10/link-name?application=playwright,"<a id=""c-accordion-lvl2__title_relatedsearch-2"" class=""c-accordion-lvl2__title-link "" role=""button"" aria-expanded=""true"" aria-controls=""rs-2"" data-toggle=""collapse"" onclick=""javascript:InvokeRSD('collapse', 2)"" href=""#rs-2"">"
33,https://cucatalog.org/polaris/view.aspx?CN=2635134,The Urbana Free Library,serious,link-name,Ensure links have discernible text,Links must have discernible text,https://dequeuniversity.com/rules/axe/4.10/link-name?application=playwright,"<a id=""c-accordion-lvl2__title_relatedsearch-2"" class=""c-accordion-lvl2__title-link "" role=""button"" aria-expanded=""true"" aria-controls=""rs-2"" data-toggle=""collapse"" onclick=""javascript:InvokeRSD('collapse', 2)"" href=""#rs-2"">
                                        </a>"
33,https://cucatalog.org/polaris/view.aspx?CN=2635134,The Urbana Free Library,serious,link-name,Ensure links have discernible text,Links must have discernible text,https://dequeuniversity.com/rules/axe/4.10/link-name?application=playwright,"<a id=""c-accordion-lvl2__title_relatedsearch-2"" class=""c-accordion-lvl2__title-link "" role=""button"" aria-expanded=""true"" aria-controls=""rs-2"" data-toggle=""collapse"" onclick=""javascript:InvokeRSD('collapse', 2)"" href=""#rs-2"">
								            </a>"
33,https://cucatalog.org/polaris/view.aspx?CN=2635134,The Urbana Free Library,serious,link-name,Ensure links have discernible text,Links must have discernible text,https://dequeuniversity.com/rules/axe/4.10/link-name?application=playwright,"<a id=""c-accordion-lvl2__title_relatedsearch-2"" class=""c-accordion-lvl2__title-link "" role=""button"" aria-expanded=""true"" aria-controls=""rs-2"" data-toggle=""collapse"" onclick=""javascript:InvokeRSD('collapse', 2)"" href=""#rs-2"">  
									            
											            </a>"
33,https://cucatalog.org/polaris/view.aspx?CN=2635134,The Urbana Free Library,serious,link-name,Ensure links have discernible text,Links must have discernible text,https://dequeuniversity.com/rules/axe/4.10/link-name?application=playwright,"<a id=""c-accordion-lvl2__title_relatedsearch-2"" class=""c-accordion-lvl2__title-link "" role=""button"" aria-expanded=""true"" aria-controls=""rs-2"" data-toggle=""collapse"" onclick=""javascript:InvokeRSD('collapse', 2)"" href=""#rs-2"">  
                                                            </a>"
33,https://cucatalog.org/polaris/view.aspx?CN=2635134,The Urbana Free Library,serious,link-name,Ensure links have discernible text,Links must have discernible text,https://dequeuniversity.com/rules/axe/4.10/link-name?application=playwright,"<a id=""c-accordion-lvl2__title_relatedsearch-3"" class=""c-accordion-lvl2__title-link "" role=""button"" aria-expanded=""true"" aria-controls=""rs-3"" data-toggle=""collapse"" onclick=""javascript:InvokeRSD('collapse', 3)"" href=""#rs-3"">    
                                </a>"
33,https://cucatalog.org/polaris/view.aspx?CN=2635134,The Urbana Free Library,serious,link-name,Ensure links have discernible text,Links must have discernible text,https://dequeuniversity.com/rules/axe/4.10/link-name?application=playwright,"<a id=""c-accordion-lvl2__title_relatedsearch-3"" class=""c-accordion-lvl2__title-link "" role=""button"" aria-expanded=""true"" aria-controls=""rs-3"" data-toggle=""collapse"" onclick=""javascript:InvokeRSD('collapse', 3)"" href=""#rs-3"">"
33,https://cucatalog.org/polaris/view.aspx?CN=2635134,The Urbana Free Library,serious,link-name,Ensure links have discernible text,Links must have discernible text,https://dequeuniversity.com/rules/axe/4.10/link-name?application=playwright,"<a id=""c-accordion-lvl2__title_relatedsearch-3"" class=""c-accordion-lvl2__title-link "" role=""button"" aria-expanded=""true"" aria-controls=""rs-3"" data-toggle=""collapse"" onclick=""javascript:InvokeRSD('collapse', 3)"" href=""#rs-3"">
                                        </a>"
33,https://cucatalog.org/polaris/view.aspx?CN=2635134,The Urbana Free Library,serious,link-name,Ensure links have discernible text,Links must have discernible text,https://dequeuniversity.com/rules/axe/4.10/link-name?application=playwright,"<a id=""c-accordion-lvl2__title_relatedsearch-3"" class=""c-accordion-lvl2__title-link "" role=""button"" aria-expanded=""true"" aria-controls=""rs-3"" data-toggle=""collapse"" onclick=""javascript:InvokeRSD('collapse', 3)"" href=""#rs-3"">
								            </a>"
33,https://cucatalog.org/polaris/view.aspx?CN=2635134,The Urbana Free Library,serious,link-name,Ensure links have discernible text,Links must have discernible text,https://dequeuniversity.com/rules/axe/4.10/link-name?application=playwright,"<a id=""c-accordion-lvl2__title_relatedsearch-3"" class=""c-accordion-lvl2__title-link "" role=""button"" aria-expanded=""true"" aria-controls=""rs-3"" data-toggle=""collapse"" onclick=""javascript:InvokeRSD('collapse', 3)"" href=""#rs-3"">  
									            
											            </a>"
33,https://cucatalog.org/polaris/view.aspx?CN=2635134,The Urbana Free Library,serious,link-name,Ensure links have discernible text,Links must have discernible text,https://dequeuniversity.com/rules/axe/4.10/link-name?application=playwright,"<a id=""c-accordion-lvl2__title_relatedsearch-3"" class=""c-accordion-lvl2__title-link "" role=""button"" aria-expanded=""true"" aria-controls=""rs-3"" data-toggle=""collapse"" onclick=""javascript:InvokeRSD('collapse', 3)"" href=""#rs-3"">  
                                                            </a>"
33,https://cucatalog.org/polaris/view.aspx?CN=2635134,The Urbana Free Library,serious,link-name,Ensure links have discernible text,Links must have discernible text,https://dequeuniversity.com/rules/axe/4.10/link-name?application=playwright,"<a id=""c-accordion-lvl2__title_relatedsearch-4"" class=""c-accordion-lvl2__title-link "" role=""button"" aria-expanded=""true"" aria-controls=""rs-4"" data-toggle=""collapse"" onclick=""javascript:InvokeRSD('collapse', 4)"" href=""#rs-4"">    
                                </a>"
33,https://cucatalog.org/polaris/view.aspx?CN=2635134,The Urbana Free Library,serious,link-name,Ensure links have discernible text,Links must have discernible text,https://dequeuniversity.com/rules/axe/4.10/link-name?application=playwright,"<a id=""c-accordion-lvl2__title_relatedsearch-4"" class=""c-accordion-lvl2__title-link "" role=""button"" aria-expanded=""true"" aria-controls=""rs-4"" data-toggle=""collapse"" onclick=""javascript:InvokeRSD('collapse', 4)"" href=""#rs-4"">"
33,https://cucatalog.org/polaris/view.aspx?CN=2635134,The Urbana Free Library,serious,link-name,Ensure links have discernible text,Links must have discernible text,https://dequeuniversity.com/rules/axe/4.10/link-name?application=playwright,"<a id=""c-accordion-lvl2__title_relatedsearch-4"" class=""c-accordion-lvl2__title-link "" role=""button"" aria-expanded=""true"" aria-controls=""rs-4"" data-toggle=""collapse"" onclick=""javascript:InvokeRSD('collapse', 4)"" href=""#rs-4"">
                                        </a>"
33,https://cucatalog.org/polaris/view.aspx?CN=2635134,The Urbana Free Library,serious,link-name,Ensure links have discernible text,Links must have discernible text,https://dequeuniversity.com/rules/axe/4.10/link-name?application=playwright,"<a id=""c-accordion-lvl2__title_relatedsearch-4"" class=""c-accordion-lvl2__title-link "" role=""button"" aria-expanded=""true"" aria-controls=""rs-4"" data-toggle=""collapse"" onclick=""javascript:InvokeRSD('collapse', 4)"" href=""#rs-4"">
								            </a>"
33,https://cucatalog.org/polaris/view.aspx?CN=2635134,The Urbana Free Library,serious,link-name,Ensure links have discernible text,Links must have discernible text,https://dequeuniversity.com/rules/axe/4.10/link-name?application=playwright,"<a id=""c-accordion-lvl2__title_relatedsearch-4"" class=""c-accordion-lvl2__title-link "" role=""button"" aria-expanded=""true"" aria-controls=""rs-4"" data-toggle=""collapse"" onclick=""javascript:InvokeRSD('collapse', 4)"" href=""#rs-4"">  
									            
											            </a>"
33,https://cucatalog.org/polaris/view.aspx?CN=2635134,The Urbana Free Library,serious,link-name,Ensure links have discernible text,Links must have discernible text,https://dequeuniversity.com/rules/axe/4.10/link-name?application=playwright,"<a id=""c-accordion-lvl2__title_relatedsearch-4"" class=""c-accordion-lvl2__title-link "" role=""button"" aria-expanded=""true"" aria-controls=""rs-4"" data-toggle=""collapse"" onclick=""javascript:InvokeRSD('collapse', 4)"" href=""#rs-4"">  
                                                            </a>"
33,https://cucatalog.org/polaris/view.aspx?CN=2635134,The Urbana Free Library,serious,list,Ensure that lists are structured correctly,"<ul> and <ol> must only directly contain <li>, <script> or <template> elements",https://dequeuniversity.com/rules/axe/4.10/list?application=playwright,"<ul id=""c-title-detail__button-list-"" class=""c-title-detail-actions__list"" data-item-pos=""1"" data-item-page=""0"">"
33,https://cucatalog.org/polaris/view.aspx?CN=2635134,The Urbana Free Library,serious,list,Ensure that lists are structured correctly,"<ul> and <ol> must only directly contain <li>, <script> or <template> elements",https://dequeuniversity.com/rules/axe/4.10/list?application=playwright,"<ul class="" c-accordion__list c-accordion__list--show-bullets"">"
33,https://cucatalog.org/polaris/view.aspx?CN=2635134,The Urbana Free Library,serious,list,Ensure that lists are structured correctly,"<ul> and <ol> must only directly contain <li>, <script> or <template> elements",https://dequeuniversity.com/rules/axe/4.10/list?application=playwright,"<ul class="" c-accordion__list c-accordion__list--show-bullets"">"
33,https://cucatalog.org/polaris/view.aspx?CN=2635134,The Urbana Free Library,serious,list,Ensure that lists are structured correctly,"<ul> and <ol> must only directly contain <li>, <script> or <template> elements",https://dequeuniversity.com/rules/axe/4.10/list?application=playwright,"<ul class="" c-accordion__list c-accordion__list--show-bullets"">"
33,https://cucatalog.org/polaris/view.aspx?CN=2635134,The Urbana Free Library,serious,listitem,Ensure <li> elements are used semantically,<li> elements must be contained in a <ul> or <ol>,https://dequeuniversity.com/rules/axe/4.10/listitem?application=playwright,"<li class=""nav__nav expandable-block-nav"">"
33,https://cucatalog.org/polaris/view.aspx?CN=2635134,The Urbana Free Library,serious,nested-interactive,Ensure interactive controls are not nested as they are not always announced by screen readers or can cause focus problems for assistive technologies,Interactive controls must not be nested,https://dequeuniversity.com/rules/axe/4.10/nested-interactive?application=playwright,"<div class=""c-accordion__heading"" role=""tab"">"
33,https://cucatalog.org/polaris/view.aspx?CN=2635134,The Urbana Free Library,serious,nested-interactive,Ensure interactive controls are not nested as they are not always announced by screen readers or can cause focus problems for assistive technologies,Interactive controls must not be nested,https://dequeuniversity.com/rules/axe/4.10/nested-interactive?application=playwright,"<div class=""c-accordion-lvl2__heading"" role=""tab"">"
33,https://cucatalog.org/polaris/view.aspx?CN=2635134,The Urbana Free Library,serious,nested-interactive,Ensure interactive controls are not nested as they are not always announced by screen readers or can cause focus problems for assistive technologies,Interactive controls must not be nested,https://dequeuniversity.com/rules/axe/4.10/nested-interactive?application=playwright,"<div class=""c-accordion-lvl2__heading"" role=""tab"">"
33,https://cucatalog.org/polaris/view.aspx?CN=2635134,The Urbana Free Library,serious,nested-interactive,Ensure interactive controls are not nested as they are not always announced by screen readers or can cause focus problems for assistive technologies,Interactive controls must not be nested,https://dequeuniversity.com/rules/axe/4.10/nested-interactive?application=playwright,"<div class=""c-accordion-lvl2__heading"" role=""tab"">"
33,https://cucatalog.org/polaris/view.aspx?CN=2635134,The Urbana Free Library,serious,nested-interactive,Ensure interactive controls are not nested as they are not always announced by screen readers or can cause focus problems for assistive technologies,Interactive controls must not be nested,https://dequeuniversity.com/rules/axe/4.10/nested-interactive?application=playwright,"<div class=""c-accordion-lvl2__heading"" role=""tab"">"
33,https://cucatalog.org/polaris/view.aspx?CN=2635134,The Urbana Free Library,serious,nested-interactive,Ensure interactive controls are not nested as they are not always announced by screen readers or can cause focus problems for assistive technologies,Interactive controls must not be nested,https://dequeuniversity.com/rules/axe/4.10/nested-interactive?application=playwright,"<div class=""c-accordion__heading"" role=""tab"">"
33,https://cucatalog.org/polaris/view.aspx?CN=2635134,The Urbana Free Library,serious,nested-interactive,Ensure interactive controls are not nested as they are not always announced by screen readers or can cause focus problems for assistive technologies,Interactive controls must not be nested,https://dequeuniversity.com/rules/axe/4.10/nested-interactive?application=playwright,"<div class=""c-accordion__heading"" role=""tab"">"
33,https://cucatalog.org/polaris/view.aspx?CN=2635134,The Urbana Free Library,serious,nested-interactive,Ensure interactive controls are not nested as they are not always announced by screen readers or can cause focus problems for assistive technologies,Interactive controls must not be nested,https://dequeuniversity.com/rules/axe/4.10/nested-interactive?application=playwright,"<div class=""c-accordion__heading"" role=""tab"">"
33,https://cucatalog.org/polaris/view.aspx?CN=2635134,The Urbana Free Library,serious,nested-interactive,Ensure interactive controls are not nested as they are not always announced by screen readers or can cause focus problems for assistive technologies,Interactive controls must not be nested,https://dequeuniversity.com/rules/axe/4.10/nested-interactive?application=playwright,"<div class=""c-accordion__heading"" role=""tab"">"
33,https://cucatalog.org/polaris/view.aspx?CN=2635134,The Urbana Free Library,serious,nested-interactive,Ensure interactive controls are not nested as they are not always announced by screen readers or can cause focus problems for assistive technologies,Interactive controls must not be nested,https://dequeuniversity.com/rules/axe/4.10/nested-interactive?application=playwright,"<div class=""c-accordion__heading"" role=""tab"">"
33,https://cucatalog.org/polaris/view.aspx?CN=2635134,The Urbana Free Library,serious,nested-interactive,Ensure interactive controls are not nested as they are not always announced by screen readers or can cause focus problems for assistive technologies,Interactive controls must not be nested,https://dequeuniversity.com/rules/axe/4.10/nested-interactive?application=playwright,"<div class=""c-accordion__heading"" role=""tab"">"
33,https://cucatalog.org/polaris/view.aspx?CN=2635134,The Urbana Free Library,serious,nested-interactive,Ensure interactive controls are not nested as they are not always announced by screen readers or can cause focus problems for assistive technologies,Interactive controls must not be nested,https://dequeuniversity.com/rules/axe/4.10/nested-interactive?application=playwright,"<div class=""c-accordion__heading"" role=""tab"">"
33,https://cucatalog.org/polaris/view.aspx?CN=2635134,The Urbana Free Library,serious,nested-interactive,Ensure interactive controls are not nested as they are not always announced by screen readers or can cause focus problems for assistive technologies,Interactive controls must not be nested,https://dequeuniversity.com/rules/axe/4.10/nested-interactive?application=playwright,"<div class=""c-accordion__heading"" role=""tab"">"
33,https://cucatalog.org/polaris/view.aspx?CN=2635134,The Urbana Free Library,moderate,page-has-heading-one,"Ensure that the page, or at least one of its frames contains a level-one heading",Page should contain a level-one heading,https://dequeuniversity.com/rules/axe/4.10/page-has-heading-one?application=playwright,"<html class=""js flexbox flexboxlegacy canvas canvastext webgl no-touch geolocation postmessage no-websqldatabase indexeddb hashchange history draganddrop websockets rgba hsla multiplebgs backgroundsize borderimage borderradius boxshadow textshadow opacity cssanimations csscolumns cssgradients cssreflections csstransforms csstransforms3d csstransitions fontface generatedcontent video audio localstorage sessionstorage webworkers no-applicationcache svg inlinesvg smil svgclippaths"" lang=""en"" style="""">"
34,https://cucatalog.org/polaris/view.aspx?CN=2642980,The Urbana Free Library,critical,aria-allowed-attr,Ensure an element's role supports its ARIA attributes,Elements must only use supported ARIA attributes,https://dequeuniversity.com/rules/axe/4.10/aria-allowed-attr?application=playwright,"<div class=""c-search-header-options__container collapse in"" id=""c-search-header__search-options"" aria-labelledby=""c-search-header__search-options"" aria-expanded=""true"" style="""">"
34,https://cucatalog.org/polaris/view.aspx?CN=2642980,The Urbana Free Library,serious,aria-hidden-focus,Ensure aria-hidden elements are not focusable nor contain focusable elements,ARIA hidden element must not be focusable or contain focusable elements,https://dequeuniversity.com/rules/axe/4.10/aria-hidden-focus?application=playwright,"<a id=""__pos-1"" href=""#"" aria-hidden=""true"" aria-label=""Search Result""></a>"
34,https://cucatalog.org/polaris/view.aspx?CN=2642980,The Urbana Free Library,critical,aria-required-attr,Ensure elements with ARIA roles have all required ARIA attributes,Required ARIA attributes must be provided,https://dequeuniversity.com/rules/axe/4.10/aria-required-attr?application=playwright,"<select name=""ctl00$BodyMainContent$ctrlSearchBars$searchbarKeyword$dropdownSearchBy"" id=""dropdownSearchBy"" class=""SearchByList c-search-header__dropdown c-search-header__box--height"" aria-labelledby=""dropdownSearchByLabel"" role=""combobox"">"
34,https://cucatalog.org/polaris/view.aspx?CN=2642980,The Urbana Free Library,critical,aria-required-attr,Ensure elements with ARIA roles have all required ARIA attributes,Required ARIA attributes must be provided,https://dequeuniversity.com/rules/axe/4.10/aria-required-attr?application=playwright,"<select name=""ctl00$BodyMainContent$ctrlSearchBars$searchbarKeyword$dropdownLimitFilter"" id=""dropdownLimitFilter"" class=""c-search-header__dropdown c-search-header__box--height"" aria-labelledby=""dropdownLimitFilterLabel"" role=""combobox"" onchange=""javascript: AddDefaultTermAndHighlight('textboxTerm'); CheckDetailedMaterial();"">"
34,https://cucatalog.org/polaris/view.aspx?CN=2642980,The Urbana Free Library,critical,aria-required-children,Ensure elements with an ARIA role that require child roles contain them,Certain ARIA roles must contain particular children,https://dequeuniversity.com/rules/axe/4.10/aria-required-children?application=playwright,"<div class=""c-accordion-lvl2"" role=""tablist"" aria-multiselectable=""true"">"
34,https://cucatalog.org/polaris/view.aspx?CN=2642980,The Urbana Free Library,critical,aria-required-children,Ensure elements with an ARIA role that require child roles contain them,Certain ARIA roles must contain particular children,https://dequeuniversity.com/rules/axe/4.10/aria-required-children?application=playwright,"<div class=""c-accordion-lvl2__heading"" role=""tablist"">"
34,https://cucatalog.org/polaris/view.aspx?CN=2642980,The Urbana Free Library,critical,aria-required-parent,Ensure elements with an ARIA role that require parent roles are contained by them,Certain ARIA roles must be contained by particular parents,https://dequeuniversity.com/rules/axe/4.10/aria-required-parent?application=playwright,"<div class=""c-accordion__heading"" role=""tab"">"
34,https://cucatalog.org/polaris/view.aspx?CN=2642980,The Urbana Free Library,critical,aria-required-parent,Ensure elements with an ARIA role that require parent roles are contained by them,Certain ARIA roles must be contained by particular parents,https://dequeuniversity.com/rules/axe/4.10/aria-required-parent?application=playwright,"<div class=""c-accordion__heading"" role=""tab"">"
34,https://cucatalog.org/polaris/view.aspx?CN=2642980,The Urbana Free Library,critical,aria-required-parent,Ensure elements with an ARIA role that require parent roles are contained by them,Certain ARIA roles must be contained by particular parents,https://dequeuniversity.com/rules/axe/4.10/aria-required-parent?application=playwright,"<div class=""c-accordion__heading"" role=""tab"">"
34,https://cucatalog.org/polaris/view.aspx?CN=2642980,The Urbana Free Library,critical,aria-required-parent,Ensure elements with an ARIA role that require parent roles are contained by them,Certain ARIA roles must be contained by particular parents,https://dequeuniversity.com/rules/axe/4.10/aria-required-parent?application=playwright,"<div class=""c-accordion__heading"" role=""tab"">"
34,https://cucatalog.org/polaris/view.aspx?CN=2642980,The Urbana Free Library,critical,aria-required-parent,Ensure elements with an ARIA role that require parent roles are contained by them,Certain ARIA roles must be contained by particular parents,https://dequeuniversity.com/rules/axe/4.10/aria-required-parent?application=playwright,"<div class=""c-accordion__heading"" role=""tab"">"
34,https://cucatalog.org/polaris/view.aspx?CN=2642980,The Urbana Free Library,critical,aria-required-parent,Ensure elements with an ARIA role that require parent roles are contained by them,Certain ARIA roles must be contained by particular parents,https://dequeuniversity.com/rules/axe/4.10/aria-required-parent?application=playwright,"<div class=""c-accordion__heading"" role=""tab"">"
34,https://cucatalog.org/polaris/view.aspx?CN=2642980,The Urbana Free Library,critical,aria-required-parent,Ensure elements with an ARIA role that require parent roles are contained by them,Certain ARIA roles must be contained by particular parents,https://dequeuniversity.com/rules/axe/4.10/aria-required-parent?application=playwright,"<div class=""c-accordion__heading"" role=""tab"">"
34,https://cucatalog.org/polaris/view.aspx?CN=2642980,The Urbana Free Library,critical,aria-required-parent,Ensure elements with an ARIA role that require parent roles are contained by them,Certain ARIA roles must be contained by particular parents,https://dequeuniversity.com/rules/axe/4.10/aria-required-parent?application=playwright,"<div class=""c-accordion__heading"" role=""tab"">"
34,https://cucatalog.org/polaris/view.aspx?CN=2642980,The Urbana Free Library,critical,aria-required-parent,Ensure elements with an ARIA role that require parent roles are contained by them,Certain ARIA roles must be contained by particular parents,https://dequeuniversity.com/rules/axe/4.10/aria-required-parent?application=playwright,"<div class=""c-accordion__heading"" role=""tab"">"
34,https://cucatalog.org/polaris/view.aspx?CN=2642980,The Urbana Free Library,moderate,landmark-banner-is-top-level,Ensure the banner landmark is at top level,Banner landmark should not be contained in another landmark,https://dequeuniversity.com/rules/axe/4.10/landmark-banner-is-top-level?application=playwright,"<header class=""nav-panel__header"">"
34,https://cucatalog.org/polaris/view.aspx?CN=2642980,The Urbana Free Library,moderate,landmark-banner-is-top-level,Ensure the banner landmark is at top level,Banner landmark should not be contained in another landmark,https://dequeuniversity.com/rules/axe/4.10/landmark-banner-is-top-level?application=playwright,"<header class=""nav-panel__header"">"
34,https://cucatalog.org/polaris/view.aspx?CN=2642980,The Urbana Free Library,moderate,landmark-main-is-top-level,Ensure the main landmark is at top level,Main landmark should not be contained in another landmark,https://dequeuniversity.com/rules/axe/4.10/landmark-main-is-top-level?application=playwright,"<main class=""site-footer__main"">"
34,https://cucatalog.org/polaris/view.aspx?CN=2642980,The Urbana Free Library,moderate,landmark-no-duplicate-banner,Ensure the document has at most one banner landmark,Document should not have more than one banner landmark,https://dequeuniversity.com/rules/axe/4.10/landmark-no-duplicate-banner?application=playwright,"<header class=""site-header"">"
34,https://cucatalog.org/polaris/view.aspx?CN=2642980,The Urbana Free Library,moderate,landmark-no-duplicate-main,Ensure the document has at most one main landmark,Document should not have more than one main landmark,https://dequeuniversity.com/rules/axe/4.10/landmark-no-duplicate-main?application=playwright,"<main class=""site-main"" id=""content"">"
34,https://cucatalog.org/polaris/view.aspx?CN=2642980,The Urbana Free Library,moderate,landmark-unique,Ensure landmarks are unique,Landmarks should have a unique role or role/label/title (i.e. accessible name) combination,https://dequeuniversity.com/rules/axe/4.10/landmark-unique?application=playwright,"<header class=""site-header"">"
34,https://cucatalog.org/polaris/view.aspx?CN=2642980,The Urbana Free Library,moderate,landmark-unique,Ensure landmarks are unique,Landmarks should have a unique role or role/label/title (i.e. accessible name) combination,https://dequeuniversity.com/rules/axe/4.10/landmark-unique?application=playwright,"<nav class=""nav-panel__top-nav top-nav top-nav--split-header navbar-collapse"" role=""navigation"">"
34,https://cucatalog.org/polaris/view.aspx?CN=2642980,The Urbana Free Library,moderate,landmark-unique,Ensure landmarks are unique,Landmarks should have a unique role or role/label/title (i.e. accessible name) combination,https://dequeuniversity.com/rules/axe/4.10/landmark-unique?application=playwright,"<main class=""site-main"" id=""content"">"
34,https://cucatalog.org/polaris/view.aspx?CN=2642980,The Urbana Free Library,serious,link-name,Ensure links have discernible text,Links must have discernible text,https://dequeuniversity.com/rules/axe/4.10/link-name?application=playwright,"<a id=""c-accordion-lvl2__title_relatedsearch-2"" class=""c-accordion-lvl2__title-link "" role=""button"" aria-expanded=""true"" aria-controls=""rs-2"" data-toggle=""collapse"" onclick=""javascript:InvokeRSD('collapse', 2)"" href=""#rs-2"">    
                                </a>"
34,https://cucatalog.org/polaris/view.aspx?CN=2642980,The Urbana Free Library,serious,link-name,Ensure links have discernible text,Links must have discernible text,https://dequeuniversity.com/rules/axe/4.10/link-name?application=playwright,"<a id=""c-accordion-lvl2__title_relatedsearch-2"" class=""c-accordion-lvl2__title-link "" role=""button"" aria-expanded=""true"" aria-controls=""rs-2"" data-toggle=""collapse"" onclick=""javascript:InvokeRSD('collapse', 2)"" href=""#rs-2"">"
34,https://cucatalog.org/polaris/view.aspx?CN=2642980,The Urbana Free Library,serious,link-name,Ensure links have discernible text,Links must have discernible text,https://dequeuniversity.com/rules/axe/4.10/link-name?application=playwright,"<a id=""c-accordion-lvl2__title_relatedsearch-2"" class=""c-accordion-lvl2__title-link "" role=""button"" aria-expanded=""true"" aria-controls=""rs-2"" data-toggle=""collapse"" onclick=""javascript:InvokeRSD('collapse', 2)"" href=""#rs-2"">
                                        </a>"
34,https://cucatalog.org/polaris/view.aspx?CN=2642980,The Urbana Free Library,serious,link-name,Ensure links have discernible text,Links must have discernible text,https://dequeuniversity.com/rules/axe/4.10/link-name?application=playwright,"<a id=""c-accordion-lvl2__title_relatedsearch-2"" class=""c-accordion-lvl2__title-link "" role=""button"" aria-expanded=""true"" aria-controls=""rs-2"" data-toggle=""collapse"" onclick=""javascript:InvokeRSD('collapse', 2)"" href=""#rs-2"">
								            </a>"
34,https://cucatalog.org/polaris/view.aspx?CN=2642980,The Urbana Free Library,serious,link-name,Ensure links have discernible text,Links must have discernible text,https://dequeuniversity.com/rules/axe/4.10/link-name?application=playwright,"<a id=""c-accordion-lvl2__title_relatedsearch-2"" class=""c-accordion-lvl2__title-link "" role=""button"" aria-expanded=""true"" aria-controls=""rs-2"" data-toggle=""collapse"" onclick=""javascript:InvokeRSD('collapse', 2)"" href=""#rs-2"">  
									            
											            </a>"
34,https://cucatalog.org/polaris/view.aspx?CN=2642980,The Urbana Free Library,serious,link-name,Ensure links have discernible text,Links must have discernible text,https://dequeuniversity.com/rules/axe/4.10/link-name?application=playwright,"<a id=""c-accordion-lvl2__title_relatedsearch-2"" class=""c-accordion-lvl2__title-link "" role=""button"" aria-expanded=""true"" aria-controls=""rs-2"" data-toggle=""collapse"" onclick=""javascript:InvokeRSD('collapse', 2)"" href=""#rs-2"">  
                                                            </a>"
34,https://cucatalog.org/polaris/view.aspx?CN=2642980,The Urbana Free Library,serious,link-name,Ensure links have discernible text,Links must have discernible text,https://dequeuniversity.com/rules/axe/4.10/link-name?application=playwright,"<a id=""c-accordion-lvl2__title_relatedsearch-3"" class=""c-accordion-lvl2__title-link "" role=""button"" aria-expanded=""true"" aria-controls=""rs-3"" data-toggle=""collapse"" onclick=""javascript:InvokeRSD('collapse', 3)"" href=""#rs-3"">    
                                </a>"
34,https://cucatalog.org/polaris/view.aspx?CN=2642980,The Urbana Free Library,serious,link-name,Ensure links have discernible text,Links must have discernible text,https://dequeuniversity.com/rules/axe/4.10/link-name?application=playwright,"<a id=""c-accordion-lvl2__title_relatedsearch-3"" class=""c-accordion-lvl2__title-link "" role=""button"" aria-expanded=""true"" aria-controls=""rs-3"" data-toggle=""collapse"" onclick=""javascript:InvokeRSD('collapse', 3)"" href=""#rs-3"">"
34,https://cucatalog.org/polaris/view.aspx?CN=2642980,The Urbana Free Library,serious,link-name,Ensure links have discernible text,Links must have discernible text,https://dequeuniversity.com/rules/axe/4.10/link-name?application=playwright,"<a id=""c-accordion-lvl2__title_relatedsearch-3"" class=""c-accordion-lvl2__title-link "" role=""button"" aria-expanded=""true"" aria-controls=""rs-3"" data-toggle=""collapse"" onclick=""javascript:InvokeRSD('collapse', 3)"" href=""#rs-3"">
                                        </a>"
34,https://cucatalog.org/polaris/view.aspx?CN=2642980,The Urbana Free Library,serious,link-name,Ensure links have discernible text,Links must have discernible text,https://dequeuniversity.com/rules/axe/4.10/link-name?application=playwright,"<a id=""c-accordion-lvl2__title_relatedsearch-3"" class=""c-accordion-lvl2__title-link "" role=""button"" aria-expanded=""true"" aria-controls=""rs-3"" data-toggle=""collapse"" onclick=""javascript:InvokeRSD('collapse', 3)"" href=""#rs-3"">
								            </a>"
34,https://cucatalog.org/polaris/view.aspx?CN=2642980,The Urbana Free Library,serious,link-name,Ensure links have discernible text,Links must have discernible text,https://dequeuniversity.com/rules/axe/4.10/link-name?application=playwright,"<a id=""c-accordion-lvl2__title_relatedsearch-3"" class=""c-accordion-lvl2__title-link "" role=""button"" aria-expanded=""true"" aria-controls=""rs-3"" data-toggle=""collapse"" onclick=""javascript:InvokeRSD('collapse', 3)"" href=""#rs-3"">  
									            
											            </a>"
34,https://cucatalog.org/polaris/view.aspx?CN=2642980,The Urbana Free Library,serious,link-name,Ensure links have discernible text,Links must have discernible text,https://dequeuniversity.com/rules/axe/4.10/link-name?application=playwright,"<a id=""c-accordion-lvl2__title_relatedsearch-3"" class=""c-accordion-lvl2__title-link "" role=""button"" aria-expanded=""true"" aria-controls=""rs-3"" data-toggle=""collapse"" onclick=""javascript:InvokeRSD('collapse', 3)"" href=""#rs-3"">  
                                                            </a>"
34,https://cucatalog.org/polaris/view.aspx?CN=2642980,The Urbana Free Library,serious,list,Ensure that lists are structured correctly,"<ul> and <ol> must only directly contain <li>, <script> or <template> elements",https://dequeuniversity.com/rules/axe/4.10/list?application=playwright,"<ul id=""c-title-detail__button-list-"" class=""c-title-detail-actions__list"" data-item-pos=""1"" data-item-page=""0"">"
34,https://cucatalog.org/polaris/view.aspx?CN=2642980,The Urbana Free Library,serious,list,Ensure that lists are structured correctly,"<ul> and <ol> must only directly contain <li>, <script> or <template> elements",https://dequeuniversity.com/rules/axe/4.10/list?application=playwright,"<ul class="" c-accordion__list c-accordion__list--show-bullets"">"
34,https://cucatalog.org/polaris/view.aspx?CN=2642980,The Urbana Free Library,serious,list,Ensure that lists are structured correctly,"<ul> and <ol> must only directly contain <li>, <script> or <template> elements",https://dequeuniversity.com/rules/axe/4.10/list?application=playwright,"<ul class="" c-accordion__list c-accordion__list--show-bullets"">"
34,https://cucatalog.org/polaris/view.aspx?CN=2642980,The Urbana Free Library,serious,listitem,Ensure <li> elements are used semantically,<li> elements must be contained in a <ul> or <ol>,https://dequeuniversity.com/rules/axe/4.10/listitem?application=playwright,"<li class=""nav__nav expandable-block-nav"">"
34,https://cucatalog.org/polaris/view.aspx?CN=2642980,The Urbana Free Library,serious,nested-interactive,Ensure interactive controls are not nested as they are not always announced by screen readers or can cause focus problems for assistive technologies,Interactive controls must not be nested,https://dequeuniversity.com/rules/axe/4.10/nested-interactive?application=playwright,"<div class=""c-accordion__heading"" role=""tab"">"
34,https://cucatalog.org/polaris/view.aspx?CN=2642980,The Urbana Free Library,serious,nested-interactive,Ensure interactive controls are not nested as they are not always announced by screen readers or can cause focus problems for assistive technologies,Interactive controls must not be nested,https://dequeuniversity.com/rules/axe/4.10/nested-interactive?application=playwright,"<div class=""c-accordion-lvl2__heading"" role=""tab"">"
34,https://cucatalog.org/polaris/view.aspx?CN=2642980,The Urbana Free Library,serious,nested-interactive,Ensure interactive controls are not nested as they are not always announced by screen readers or can cause focus problems for assistive technologies,Interactive controls must not be nested,https://dequeuniversity.com/rules/axe/4.10/nested-interactive?application=playwright,"<div class=""c-accordion-lvl2__heading"" role=""tab"">"
34,https://cucatalog.org/polaris/view.aspx?CN=2642980,The Urbana Free Library,serious,nested-interactive,Ensure interactive controls are not nested as they are not always announced by screen readers or can cause focus problems for assistive technologies,Interactive controls must not be nested,https://dequeuniversity.com/rules/axe/4.10/nested-interactive?application=playwright,"<div class=""c-accordion-lvl2__heading"" role=""tab"">"
34,https://cucatalog.org/polaris/view.aspx?CN=2642980,The Urbana Free Library,serious,nested-interactive,Ensure interactive controls are not nested as they are not always announced by screen readers or can cause focus problems for assistive technologies,Interactive controls must not be nested,https://dequeuniversity.com/rules/axe/4.10/nested-interactive?application=playwright,"<div class=""c-accordion__heading"" role=""tab"">"
34,https://cucatalog.org/polaris/view.aspx?CN=2642980,The Urbana Free Library,serious,nested-interactive,Ensure interactive controls are not nested as they are not always announced by screen readers or can cause focus problems for assistive technologies,Interactive controls must not be nested,https://dequeuniversity.com/rules/axe/4.10/nested-interactive?application=playwright,"<div class=""c-accordion__heading"" role=""tab"">"
34,https://cucatalog.org/polaris/view.aspx?CN=2642980,The Urbana Free Library,serious,nested-interactive,Ensure interactive controls are not nested as they are not always announced by screen readers or can cause focus problems for assistive technologies,Interactive controls must not be nested,https://dequeuniversity.com/rules/axe/4.10/nested-interactive?application=playwright,"<div class=""c-accordion__heading"" role=""tab"">"
34,https://cucatalog.org/polaris/view.aspx?CN=2642980,The Urbana Free Library,serious,nested-interactive,Ensure interactive controls are not nested as they are not always announced by screen readers or can cause focus problems for assistive technologies,Interactive controls must not be nested,https://dequeuniversity.com/rules/axe/4.10/nested-interactive?application=playwright,"<div class=""c-accordion__heading"" role=""tab"">"
34,https://cucatalog.org/polaris/view.aspx?CN=2642980,The Urbana Free Library,serious,nested-interactive,Ensure interactive controls are not nested as they are not always announced by screen readers or can cause focus problems for assistive technologies,Interactive controls must not be nested,https://dequeuniversity.com/rules/axe/4.10/nested-interactive?application=playwright,"<div class=""c-accordion__heading"" role=""tab"">"
34,https://cucatalog.org/polaris/view.aspx?CN=2642980,The Urbana Free Library,serious,nested-interactive,Ensure interactive controls are not nested as they are not always announced by screen readers or can cause focus problems for assistive technologies,Interactive controls must not be nested,https://dequeuniversity.com/rules/axe/4.10/nested-interactive?application=playwright,"<div class=""c-accordion__heading"" role=""tab"">"
34,https://cucatalog.org/polaris/view.aspx?CN=2642980,The Urbana Free Library,serious,nested-interactive,Ensure interactive controls are not nested as they are not always announced by screen readers or can cause focus problems for assistive technologies,Interactive controls must not be nested,https://dequeuniversity.com/rules/axe/4.10/nested-interactive?application=playwright,"<div class=""c-accordion__heading"" role=""tab"">"
34,https://cucatalog.org/polaris/view.aspx?CN=2642980,The Urbana Free Library,serious,nested-interactive,Ensure interactive controls are not nested as they are not always announced by screen readers or can cause focus problems for assistive technologies,Interactive controls must not be nested,https://dequeuniversity.com/rules/axe/4.10/nested-interactive?application=playwright,"<div class=""c-accordion__heading"" role=""tab"">"
34,https://cucatalog.org/polaris/view.aspx?CN=2642980,The Urbana Free Library,moderate,page-has-heading-one,"Ensure that the page, or at least one of its frames contains a level-one heading",Page should contain a level-one heading,https://dequeuniversity.com/rules/axe/4.10/page-has-heading-one?application=playwright,"<html class=""js flexbox flexboxlegacy canvas canvastext webgl no-touch geolocation postmessage no-websqldatabase indexeddb hashchange history draganddrop websockets rgba hsla multiplebgs backgroundsize borderimage borderradius boxshadow textshadow opacity cssanimations csscolumns cssgradients cssreflections csstransforms csstransforms3d csstransitions fontface generatedcontent video audio localstorage sessionstorage webworkers no-applicationcache svg inlinesvg smil svgclippaths"" lang=""en"" style="""">"
35,https://cucatalog.org/polaris/view.aspx?CN=2638684,The Urbana Free Library,critical,aria-allowed-attr,Ensure an element's role supports its ARIA attributes,Elements must only use supported ARIA attributes,https://dequeuniversity.com/rules/axe/4.10/aria-allowed-attr?application=playwright,"<div class=""c-search-header-options__container collapse in"" id=""c-search-header__search-options"" aria-labelledby=""c-search-header__search-options"" aria-expanded=""true"" style="""">"
35,https://cucatalog.org/polaris/view.aspx?CN=2638684,The Urbana Free Library,serious,aria-hidden-focus,Ensure aria-hidden elements are not focusable nor contain focusable elements,ARIA hidden element must not be focusable or contain focusable elements,https://dequeuniversity.com/rules/axe/4.10/aria-hidden-focus?application=playwright,"<a id=""__pos-1"" href=""#"" aria-hidden=""true"" aria-label=""Search Result""></a>"
35,https://cucatalog.org/polaris/view.aspx?CN=2638684,The Urbana Free Library,critical,aria-required-attr,Ensure elements with ARIA roles have all required ARIA attributes,Required ARIA attributes must be provided,https://dequeuniversity.com/rules/axe/4.10/aria-required-attr?application=playwright,"<select name=""ctl00$BodyMainContent$ctrlSearchBars$searchbarKeyword$dropdownSearchBy"" id=""dropdownSearchBy"" class=""SearchByList c-search-header__dropdown c-search-header__box--height"" aria-labelledby=""dropdownSearchByLabel"" role=""combobox"">"
35,https://cucatalog.org/polaris/view.aspx?CN=2638684,The Urbana Free Library,critical,aria-required-attr,Ensure elements with ARIA roles have all required ARIA attributes,Required ARIA attributes must be provided,https://dequeuniversity.com/rules/axe/4.10/aria-required-attr?application=playwright,"<select name=""ctl00$BodyMainContent$ctrlSearchBars$searchbarKeyword$dropdownLimitFilter"" id=""dropdownLimitFilter"" class=""c-search-header__dropdown c-search-header__box--height"" aria-labelledby=""dropdownLimitFilterLabel"" role=""combobox"" onchange=""javascript: AddDefaultTermAndHighlight('textboxTerm'); CheckDetailedMaterial();"">"
35,https://cucatalog.org/polaris/view.aspx?CN=2638684,The Urbana Free Library,critical,aria-required-children,Ensure elements with an ARIA role that require child roles contain them,Certain ARIA roles must contain particular children,https://dequeuniversity.com/rules/axe/4.10/aria-required-children?application=playwright,"<div class=""c-accordion-lvl2"" role=""tablist"" aria-multiselectable=""true"">"
35,https://cucatalog.org/polaris/view.aspx?CN=2638684,The Urbana Free Library,critical,aria-required-children,Ensure elements with an ARIA role that require child roles contain them,Certain ARIA roles must contain particular children,https://dequeuniversity.com/rules/axe/4.10/aria-required-children?application=playwright,"<div class=""c-accordion-lvl2__heading"" role=""tablist"">"
35,https://cucatalog.org/polaris/view.aspx?CN=2638684,The Urbana Free Library,critical,aria-required-parent,Ensure elements with an ARIA role that require parent roles are contained by them,Certain ARIA roles must be contained by particular parents,https://dequeuniversity.com/rules/axe/4.10/aria-required-parent?application=playwright,"<div class=""c-accordion__heading"" role=""tab"">"
35,https://cucatalog.org/polaris/view.aspx?CN=2638684,The Urbana Free Library,critical,aria-required-parent,Ensure elements with an ARIA role that require parent roles are contained by them,Certain ARIA roles must be contained by particular parents,https://dequeuniversity.com/rules/axe/4.10/aria-required-parent?application=playwright,"<div class=""c-accordion__heading"" role=""tab"">"
35,https://cucatalog.org/polaris/view.aspx?CN=2638684,The Urbana Free Library,critical,aria-required-parent,Ensure elements with an ARIA role that require parent roles are contained by them,Certain ARIA roles must be contained by particular parents,https://dequeuniversity.com/rules/axe/4.10/aria-required-parent?application=playwright,"<div class=""c-accordion__heading"" role=""tab"">"
35,https://cucatalog.org/polaris/view.aspx?CN=2638684,The Urbana Free Library,critical,aria-required-parent,Ensure elements with an ARIA role that require parent roles are contained by them,Certain ARIA roles must be contained by particular parents,https://dequeuniversity.com/rules/axe/4.10/aria-required-parent?application=playwright,"<div class=""c-accordion__heading"" role=""tab"">"
35,https://cucatalog.org/polaris/view.aspx?CN=2638684,The Urbana Free Library,critical,aria-required-parent,Ensure elements with an ARIA role that require parent roles are contained by them,Certain ARIA roles must be contained by particular parents,https://dequeuniversity.com/rules/axe/4.10/aria-required-parent?application=playwright,"<div class=""c-accordion__heading"" role=""tab"">"
35,https://cucatalog.org/polaris/view.aspx?CN=2638684,The Urbana Free Library,critical,aria-required-parent,Ensure elements with an ARIA role that require parent roles are contained by them,Certain ARIA roles must be contained by particular parents,https://dequeuniversity.com/rules/axe/4.10/aria-required-parent?application=playwright,"<div class=""c-accordion__heading"" role=""tab"">"
35,https://cucatalog.org/polaris/view.aspx?CN=2638684,The Urbana Free Library,critical,aria-required-parent,Ensure elements with an ARIA role that require parent roles are contained by them,Certain ARIA roles must be contained by particular parents,https://dequeuniversity.com/rules/axe/4.10/aria-required-parent?application=playwright,"<div class=""c-accordion__heading"" role=""tab"">"
35,https://cucatalog.org/polaris/view.aspx?CN=2638684,The Urbana Free Library,critical,aria-required-parent,Ensure elements with an ARIA role that require parent roles are contained by them,Certain ARIA roles must be contained by particular parents,https://dequeuniversity.com/rules/axe/4.10/aria-required-parent?application=playwright,"<div class=""c-accordion__heading"" role=""tab"">"
35,https://cucatalog.org/polaris/view.aspx?CN=2638684,The Urbana Free Library,critical,aria-required-parent,Ensure elements with an ARIA role that require parent roles are contained by them,Certain ARIA roles must be contained by particular parents,https://dequeuniversity.com/rules/axe/4.10/aria-required-parent?application=playwright,"<div class=""c-accordion__heading"" role=""tab"">"
35,https://cucatalog.org/polaris/view.aspx?CN=2638684,The Urbana Free Library,moderate,landmark-banner-is-top-level,Ensure the banner landmark is at top level,Banner landmark should not be contained in another landmark,https://dequeuniversity.com/rules/axe/4.10/landmark-banner-is-top-level?application=playwright,"<header class=""nav-panel__header"">"
35,https://cucatalog.org/polaris/view.aspx?CN=2638684,The Urbana Free Library,moderate,landmark-banner-is-top-level,Ensure the banner landmark is at top level,Banner landmark should not be contained in another landmark,https://dequeuniversity.com/rules/axe/4.10/landmark-banner-is-top-level?application=playwright,"<header class=""nav-panel__header"">"
35,https://cucatalog.org/polaris/view.aspx?CN=2638684,The Urbana Free Library,moderate,landmark-main-is-top-level,Ensure the main landmark is at top level,Main landmark should not be contained in another landmark,https://dequeuniversity.com/rules/axe/4.10/landmark-main-is-top-level?application=playwright,"<main class=""site-footer__main"">"
35,https://cucatalog.org/polaris/view.aspx?CN=2638684,The Urbana Free Library,moderate,landmark-no-duplicate-banner,Ensure the document has at most one banner landmark,Document should not have more than one banner landmark,https://dequeuniversity.com/rules/axe/4.10/landmark-no-duplicate-banner?application=playwright,"<header class=""site-header"">"
35,https://cucatalog.org/polaris/view.aspx?CN=2638684,The Urbana Free Library,moderate,landmark-no-duplicate-main,Ensure the document has at most one main landmark,Document should not have more than one main landmark,https://dequeuniversity.com/rules/axe/4.10/landmark-no-duplicate-main?application=playwright,"<main class=""site-main"" id=""content"">"
35,https://cucatalog.org/polaris/view.aspx?CN=2638684,The Urbana Free Library,moderate,landmark-unique,Ensure landmarks are unique,Landmarks should have a unique role or role/label/title (i.e. accessible name) combination,https://dequeuniversity.com/rules/axe/4.10/landmark-unique?application=playwright,"<header class=""site-header"">"
35,https://cucatalog.org/polaris/view.aspx?CN=2638684,The Urbana Free Library,moderate,landmark-unique,Ensure landmarks are unique,Landmarks should have a unique role or role/label/title (i.e. accessible name) combination,https://dequeuniversity.com/rules/axe/4.10/landmark-unique?application=playwright,"<nav class=""nav-panel__top-nav top-nav top-nav--split-header navbar-collapse"" role=""navigation"">"
35,https://cucatalog.org/polaris/view.aspx?CN=2638684,The Urbana Free Library,moderate,landmark-unique,Ensure landmarks are unique,Landmarks should have a unique role or role/label/title (i.e. accessible name) combination,https://dequeuniversity.com/rules/axe/4.10/landmark-unique?application=playwright,"<main class=""site-main"" id=""content"">"
35,https://cucatalog.org/polaris/view.aspx?CN=2638684,The Urbana Free Library,serious,link-name,Ensure links have discernible text,Links must have discernible text,https://dequeuniversity.com/rules/axe/4.10/link-name?application=playwright,"<a id=""c-accordion-lvl2__title_relatedsearch-2"" class=""c-accordion-lvl2__title-link "" role=""button"" aria-expanded=""true"" aria-controls=""rs-2"" data-toggle=""collapse"" onclick=""javascript:InvokeRSD('collapse', 2)"" href=""#rs-2"">    
                                </a>"
35,https://cucatalog.org/polaris/view.aspx?CN=2638684,The Urbana Free Library,serious,link-name,Ensure links have discernible text,Links must have discernible text,https://dequeuniversity.com/rules/axe/4.10/link-name?application=playwright,"<a id=""c-accordion-lvl2__title_relatedsearch-2"" class=""c-accordion-lvl2__title-link "" role=""button"" aria-expanded=""true"" aria-controls=""rs-2"" data-toggle=""collapse"" onclick=""javascript:InvokeRSD('collapse', 2)"" href=""#rs-2"">"
35,https://cucatalog.org/polaris/view.aspx?CN=2638684,The Urbana Free Library,serious,link-name,Ensure links have discernible text,Links must have discernible text,https://dequeuniversity.com/rules/axe/4.10/link-name?application=playwright,"<a id=""c-accordion-lvl2__title_relatedsearch-2"" class=""c-accordion-lvl2__title-link "" role=""button"" aria-expanded=""true"" aria-controls=""rs-2"" data-toggle=""collapse"" onclick=""javascript:InvokeRSD('collapse', 2)"" href=""#rs-2"">
                                        </a>"
35,https://cucatalog.org/polaris/view.aspx?CN=2638684,The Urbana Free Library,serious,link-name,Ensure links have discernible text,Links must have discernible text,https://dequeuniversity.com/rules/axe/4.10/link-name?application=playwright,"<a id=""c-accordion-lvl2__title_relatedsearch-2"" class=""c-accordion-lvl2__title-link "" role=""button"" aria-expanded=""true"" aria-controls=""rs-2"" data-toggle=""collapse"" onclick=""javascript:InvokeRSD('collapse', 2)"" href=""#rs-2"">
								            </a>"
35,https://cucatalog.org/polaris/view.aspx?CN=2638684,The Urbana Free Library,serious,link-name,Ensure links have discernible text,Links must have discernible text,https://dequeuniversity.com/rules/axe/4.10/link-name?application=playwright,"<a id=""c-accordion-lvl2__title_relatedsearch-2"" class=""c-accordion-lvl2__title-link "" role=""button"" aria-expanded=""true"" aria-controls=""rs-2"" data-toggle=""collapse"" onclick=""javascript:InvokeRSD('collapse', 2)"" href=""#rs-2"">  
									            
											            </a>"
35,https://cucatalog.org/polaris/view.aspx?CN=2638684,The Urbana Free Library,serious,link-name,Ensure links have discernible text,Links must have discernible text,https://dequeuniversity.com/rules/axe/4.10/link-name?application=playwright,"<a id=""c-accordion-lvl2__title_relatedsearch-2"" class=""c-accordion-lvl2__title-link "" role=""button"" aria-expanded=""true"" aria-controls=""rs-2"" data-toggle=""collapse"" onclick=""javascript:InvokeRSD('collapse', 2)"" href=""#rs-2"">  
                                                            </a>"
35,https://cucatalog.org/polaris/view.aspx?CN=2638684,The Urbana Free Library,serious,link-name,Ensure links have discernible text,Links must have discernible text,https://dequeuniversity.com/rules/axe/4.10/link-name?application=playwright,"<a id=""c-accordion-lvl2__title_relatedsearch-3"" class=""c-accordion-lvl2__title-link "" role=""button"" aria-expanded=""true"" aria-controls=""rs-3"" data-toggle=""collapse"" onclick=""javascript:InvokeRSD('collapse', 3)"" href=""#rs-3"">    
                                </a>"
35,https://cucatalog.org/polaris/view.aspx?CN=2638684,The Urbana Free Library,serious,link-name,Ensure links have discernible text,Links must have discernible text,https://dequeuniversity.com/rules/axe/4.10/link-name?application=playwright,"<a id=""c-accordion-lvl2__title_relatedsearch-3"" class=""c-accordion-lvl2__title-link "" role=""button"" aria-expanded=""true"" aria-controls=""rs-3"" data-toggle=""collapse"" onclick=""javascript:InvokeRSD('collapse', 3)"" href=""#rs-3"">"
35,https://cucatalog.org/polaris/view.aspx?CN=2638684,The Urbana Free Library,serious,link-name,Ensure links have discernible text,Links must have discernible text,https://dequeuniversity.com/rules/axe/4.10/link-name?application=playwright,"<a id=""c-accordion-lvl2__title_relatedsearch-3"" class=""c-accordion-lvl2__title-link "" role=""button"" aria-expanded=""true"" aria-controls=""rs-3"" data-toggle=""collapse"" onclick=""javascript:InvokeRSD('collapse', 3)"" href=""#rs-3"">
                                        </a>"
35,https://cucatalog.org/polaris/view.aspx?CN=2638684,The Urbana Free Library,serious,link-name,Ensure links have discernible text,Links must have discernible text,https://dequeuniversity.com/rules/axe/4.10/link-name?application=playwright,"<a id=""c-accordion-lvl2__title_relatedsearch-3"" class=""c-accordion-lvl2__title-link "" role=""button"" aria-expanded=""true"" aria-controls=""rs-3"" data-toggle=""collapse"" onclick=""javascript:InvokeRSD('collapse', 3)"" href=""#rs-3"">
								            </a>"
35,https://cucatalog.org/polaris/view.aspx?CN=2638684,The Urbana Free Library,serious,link-name,Ensure links have discernible text,Links must have discernible text,https://dequeuniversity.com/rules/axe/4.10/link-name?application=playwright,"<a id=""c-accordion-lvl2__title_relatedsearch-3"" class=""c-accordion-lvl2__title-link "" role=""button"" aria-expanded=""true"" aria-controls=""rs-3"" data-toggle=""collapse"" onclick=""javascript:InvokeRSD('collapse', 3)"" href=""#rs-3"">  
									            
											            </a>"
35,https://cucatalog.org/polaris/view.aspx?CN=2638684,The Urbana Free Library,serious,link-name,Ensure links have discernible text,Links must have discernible text,https://dequeuniversity.com/rules/axe/4.10/link-name?application=playwright,"<a id=""c-accordion-lvl2__title_relatedsearch-3"" class=""c-accordion-lvl2__title-link "" role=""button"" aria-expanded=""true"" aria-controls=""rs-3"" data-toggle=""collapse"" onclick=""javascript:InvokeRSD('collapse', 3)"" href=""#rs-3"">  
                                                            </a>"
35,https://cucatalog.org/polaris/view.aspx?CN=2638684,The Urbana Free Library,serious,link-name,Ensure links have discernible text,Links must have discernible text,https://dequeuniversity.com/rules/axe/4.10/link-name?application=playwright,"<a id=""c-accordion-lvl2__title_relatedsearch-4"" class=""c-accordion-lvl2__title-link "" role=""button"" aria-expanded=""true"" aria-controls=""rs-4"" data-toggle=""collapse"" onclick=""javascript:InvokeRSD('collapse', 4)"" href=""#rs-4"">    
                                </a>"
35,https://cucatalog.org/polaris/view.aspx?CN=2638684,The Urbana Free Library,serious,link-name,Ensure links have discernible text,Links must have discernible text,https://dequeuniversity.com/rules/axe/4.10/link-name?application=playwright,"<a id=""c-accordion-lvl2__title_relatedsearch-4"" class=""c-accordion-lvl2__title-link "" role=""button"" aria-expanded=""true"" aria-controls=""rs-4"" data-toggle=""collapse"" onclick=""javascript:InvokeRSD('collapse', 4)"" href=""#rs-4"">"
35,https://cucatalog.org/polaris/view.aspx?CN=2638684,The Urbana Free Library,serious,link-name,Ensure links have discernible text,Links must have discernible text,https://dequeuniversity.com/rules/axe/4.10/link-name?application=playwright,"<a id=""c-accordion-lvl2__title_relatedsearch-4"" class=""c-accordion-lvl2__title-link "" role=""button"" aria-expanded=""true"" aria-controls=""rs-4"" data-toggle=""collapse"" onclick=""javascript:InvokeRSD('collapse', 4)"" href=""#rs-4"">
                                        </a>"
35,https://cucatalog.org/polaris/view.aspx?CN=2638684,The Urbana Free Library,serious,link-name,Ensure links have discernible text,Links must have discernible text,https://dequeuniversity.com/rules/axe/4.10/link-name?application=playwright,"<a id=""c-accordion-lvl2__title_relatedsearch-4"" class=""c-accordion-lvl2__title-link "" role=""button"" aria-expanded=""true"" aria-controls=""rs-4"" data-toggle=""collapse"" onclick=""javascript:InvokeRSD('collapse', 4)"" href=""#rs-4"">
								            </a>"
35,https://cucatalog.org/polaris/view.aspx?CN=2638684,The Urbana Free Library,serious,link-name,Ensure links have discernible text,Links must have discernible text,https://dequeuniversity.com/rules/axe/4.10/link-name?application=playwright,"<a id=""c-accordion-lvl2__title_relatedsearch-4"" class=""c-accordion-lvl2__title-link "" role=""button"" aria-expanded=""true"" aria-controls=""rs-4"" data-toggle=""collapse"" onclick=""javascript:InvokeRSD('collapse', 4)"" href=""#rs-4"">  
									            
											            </a>"
35,https://cucatalog.org/polaris/view.aspx?CN=2638684,The Urbana Free Library,serious,link-name,Ensure links have discernible text,Links must have discernible text,https://dequeuniversity.com/rules/axe/4.10/link-name?application=playwright,"<a id=""c-accordion-lvl2__title_relatedsearch-4"" class=""c-accordion-lvl2__title-link "" role=""button"" aria-expanded=""true"" aria-controls=""rs-4"" data-toggle=""collapse"" onclick=""javascript:InvokeRSD('collapse', 4)"" href=""#rs-4"">  
                                                            </a>"
35,https://cucatalog.org/polaris/view.aspx?CN=2638684,The Urbana Free Library,serious,list,Ensure that lists are structured correctly,"<ul> and <ol> must only directly contain <li>, <script> or <template> elements",https://dequeuniversity.com/rules/axe/4.10/list?application=playwright,"<ul id=""c-title-detail__button-list-"" class=""c-title-detail-actions__list"" data-item-pos=""1"" data-item-page=""0"">"
35,https://cucatalog.org/polaris/view.aspx?CN=2638684,The Urbana Free Library,serious,list,Ensure that lists are structured correctly,"<ul> and <ol> must only directly contain <li>, <script> or <template> elements",https://dequeuniversity.com/rules/axe/4.10/list?application=playwright,"<ul class="" c-accordion__list c-accordion__list--show-bullets"">"
35,https://cucatalog.org/polaris/view.aspx?CN=2638684,The Urbana Free Library,serious,list,Ensure that lists are structured correctly,"<ul> and <ol> must only directly contain <li>, <script> or <template> elements",https://dequeuniversity.com/rules/axe/4.10/list?application=playwright,"<ul class="" c-accordion__list c-accordion__list--show-bullets"">"
35,https://cucatalog.org/polaris/view.aspx?CN=2638684,The Urbana Free Library,serious,list,Ensure that lists are structured correctly,"<ul> and <ol> must only directly contain <li>, <script> or <template> elements",https://dequeuniversity.com/rules/axe/4.10/list?application=playwright,"<ul class="" c-accordion__list c-accordion__list--show-bullets"">"
35,https://cucatalog.org/polaris/view.aspx?CN=2638684,The Urbana Free Library,serious,listitem,Ensure <li> elements are used semantically,<li> elements must be contained in a <ul> or <ol>,https://dequeuniversity.com/rules/axe/4.10/listitem?application=playwright,"<li class=""nav__nav expandable-block-nav"">"
35,https://cucatalog.org/polaris/view.aspx?CN=2638684,The Urbana Free Library,serious,nested-interactive,Ensure interactive controls are not nested as they are not always announced by screen readers or can cause focus problems for assistive technologies,Interactive controls must not be nested,https://dequeuniversity.com/rules/axe/4.10/nested-interactive?application=playwright,"<div class=""c-accordion__heading"" role=""tab"">"
35,https://cucatalog.org/polaris/view.aspx?CN=2638684,The Urbana Free Library,serious,nested-interactive,Ensure interactive controls are not nested as they are not always announced by screen readers or can cause focus problems for assistive technologies,Interactive controls must not be nested,https://dequeuniversity.com/rules/axe/4.10/nested-interactive?application=playwright,"<div class=""c-accordion-lvl2__heading"" role=""tab"">"
35,https://cucatalog.org/polaris/view.aspx?CN=2638684,The Urbana Free Library,serious,nested-interactive,Ensure interactive controls are not nested as they are not always announced by screen readers or can cause focus problems for assistive technologies,Interactive controls must not be nested,https://dequeuniversity.com/rules/axe/4.10/nested-interactive?application=playwright,"<div class=""c-accordion-lvl2__heading"" role=""tab"">"
35,https://cucatalog.org/polaris/view.aspx?CN=2638684,The Urbana Free Library,serious,nested-interactive,Ensure interactive controls are not nested as they are not always announced by screen readers or can cause focus problems for assistive technologies,Interactive controls must not be nested,https://dequeuniversity.com/rules/axe/4.10/nested-interactive?application=playwright,"<div class=""c-accordion-lvl2__heading"" role=""tab"">"
35,https://cucatalog.org/polaris/view.aspx?CN=2638684,The Urbana Free Library,serious,nested-interactive,Ensure interactive controls are not nested as they are not always announced by screen readers or can cause focus problems for assistive technologies,Interactive controls must not be nested,https://dequeuniversity.com/rules/axe/4.10/nested-interactive?application=playwright,"<div class=""c-accordion-lvl2__heading"" role=""tab"">"
35,https://cucatalog.org/polaris/view.aspx?CN=2638684,The Urbana Free Library,serious,nested-interactive,Ensure interactive controls are not nested as they are not always announced by screen readers or can cause focus problems for assistive technologies,Interactive controls must not be nested,https://dequeuniversity.com/rules/axe/4.10/nested-interactive?application=playwright,"<div class=""c-accordion__heading"" role=""tab"">"
35,https://cucatalog.org/polaris/view.aspx?CN=2638684,The Urbana Free Library,serious,nested-interactive,Ensure interactive controls are not nested as they are not always announced by screen readers or can cause focus problems for assistive technologies,Interactive controls must not be nested,https://dequeuniversity.com/rules/axe/4.10/nested-interactive?application=playwright,"<div class=""c-accordion__heading"" role=""tab"">"
35,https://cucatalog.org/polaris/view.aspx?CN=2638684,The Urbana Free Library,serious,nested-interactive,Ensure interactive controls are not nested as they are not always announced by screen readers or can cause focus problems for assistive technologies,Interactive controls must not be nested,https://dequeuniversity.com/rules/axe/4.10/nested-interactive?application=playwright,"<div class=""c-accordion__heading"" role=""tab"">"
35,https://cucatalog.org/polaris/view.aspx?CN=2638684,The Urbana Free Library,serious,nested-interactive,Ensure interactive controls are not nested as they are not always announced by screen readers or can cause focus problems for assistive technologies,Interactive controls must not be nested,https://dequeuniversity.com/rules/axe/4.10/nested-interactive?application=playwright,"<div class=""c-accordion__heading"" role=""tab"">"
35,https://cucatalog.org/polaris/view.aspx?CN=2638684,The Urbana Free Library,serious,nested-interactive,Ensure interactive controls are not nested as they are not always announced by screen readers or can cause focus problems for assistive technologies,Interactive controls must not be nested,https://dequeuniversity.com/rules/axe/4.10/nested-interactive?application=playwright,"<div class=""c-accordion__heading"" role=""tab"">"
35,https://cucatalog.org/polaris/view.aspx?CN=2638684,The Urbana Free Library,serious,nested-interactive,Ensure interactive controls are not nested as they are not always announced by screen readers or can cause focus problems for assistive technologies,Interactive controls must not be nested,https://dequeuniversity.com/rules/axe/4.10/nested-interactive?application=playwright,"<div class=""c-accordion__heading"" role=""tab"">"
35,https://cucatalog.org/polaris/view.aspx?CN=2638684,The Urbana Free Library,serious,nested-interactive,Ensure interactive controls are not nested as they are not always announced by screen readers or can cause focus problems for assistive technologies,Interactive controls must not be nested,https://dequeuniversity.com/rules/axe/4.10/nested-interactive?application=playwright,"<div class=""c-accordion__heading"" role=""tab"">"
35,https://cucatalog.org/polaris/view.aspx?CN=2638684,The Urbana Free Library,serious,nested-interactive,Ensure interactive controls are not nested as they are not always announced by screen readers or can cause focus problems for assistive technologies,Interactive controls must not be nested,https://dequeuniversity.com/rules/axe/4.10/nested-interactive?application=playwright,"<div class=""c-accordion__heading"" role=""tab"">"
35,https://cucatalog.org/polaris/view.aspx?CN=2638684,The Urbana Free Library,moderate,page-has-heading-one,"Ensure that the page, or at least one of its frames contains a level-one heading",Page should contain a level-one heading,https://dequeuniversity.com/rules/axe/4.10/page-has-heading-one?application=playwright,"<html class=""js flexbox flexboxlegacy canvas canvastext webgl no-touch geolocation postmessage no-websqldatabase indexeddb hashchange history draganddrop websockets rgba hsla multiplebgs backgroundsize borderimage borderradius boxshadow textshadow opacity cssanimations csscolumns cssgradients cssreflections csstransforms csstransforms3d csstransitions fontface generatedcontent video audio localstorage sessionstorage webworkers no-applicationcache svg inlinesvg smil svgclippaths"" lang=""en"" style="""">"
36,https://cucatalog.org/polaris/view.aspx?CN=2647321,The Urbana Free Library,critical,aria-allowed-attr,Ensure an element's role supports its ARIA attributes,Elements must only use supported ARIA attributes,https://dequeuniversity.com/rules/axe/4.10/aria-allowed-attr?application=playwright,"<div class=""c-search-header-options__container collapse in"" id=""c-search-header__search-options"" aria-labelledby=""c-search-header__search-options"" aria-expanded=""true"" style="""">"
36,https://cucatalog.org/polaris/view.aspx?CN=2647321,The Urbana Free Library,serious,aria-hidden-focus,Ensure aria-hidden elements are not focusable nor contain focusable elements,ARIA hidden element must not be focusable or contain focusable elements,https://dequeuniversity.com/rules/axe/4.10/aria-hidden-focus?application=playwright,"<a id=""__pos-1"" href=""#"" aria-hidden=""true"" aria-label=""Search Result""></a>"
36,https://cucatalog.org/polaris/view.aspx?CN=2647321,The Urbana Free Library,critical,aria-required-attr,Ensure elements with ARIA roles have all required ARIA attributes,Required ARIA attributes must be provided,https://dequeuniversity.com/rules/axe/4.10/aria-required-attr?application=playwright,"<select name=""ctl00$BodyMainContent$ctrlSearchBars$searchbarKeyword$dropdownSearchBy"" id=""dropdownSearchBy"" class=""SearchByList c-search-header__dropdown c-search-header__box--height"" aria-labelledby=""dropdownSearchByLabel"" role=""combobox"">"
36,https://cucatalog.org/polaris/view.aspx?CN=2647321,The Urbana Free Library,critical,aria-required-attr,Ensure elements with ARIA roles have all required ARIA attributes,Required ARIA attributes must be provided,https://dequeuniversity.com/rules/axe/4.10/aria-required-attr?application=playwright,"<select name=""ctl00$BodyMainContent$ctrlSearchBars$searchbarKeyword$dropdownLimitFilter"" id=""dropdownLimitFilter"" class=""c-search-header__dropdown c-search-header__box--height"" aria-labelledby=""dropdownLimitFilterLabel"" role=""combobox"" onchange=""javascript: AddDefaultTermAndHighlight('textboxTerm'); CheckDetailedMaterial();"">"
36,https://cucatalog.org/polaris/view.aspx?CN=2647321,The Urbana Free Library,critical,aria-required-children,Ensure elements with an ARIA role that require child roles contain them,Certain ARIA roles must contain particular children,https://dequeuniversity.com/rules/axe/4.10/aria-required-children?application=playwright,"<div class=""c-accordion-lvl2"" role=""tablist"" aria-multiselectable=""true"">"
36,https://cucatalog.org/polaris/view.aspx?CN=2647321,The Urbana Free Library,critical,aria-required-children,Ensure elements with an ARIA role that require child roles contain them,Certain ARIA roles must contain particular children,https://dequeuniversity.com/rules/axe/4.10/aria-required-children?application=playwright,"<div class=""c-accordion-lvl2__heading"" role=""tablist"">"
36,https://cucatalog.org/polaris/view.aspx?CN=2647321,The Urbana Free Library,critical,aria-required-parent,Ensure elements with an ARIA role that require parent roles are contained by them,Certain ARIA roles must be contained by particular parents,https://dequeuniversity.com/rules/axe/4.10/aria-required-parent?application=playwright,"<div class=""c-accordion__heading"" role=""tab"">"
36,https://cucatalog.org/polaris/view.aspx?CN=2647321,The Urbana Free Library,critical,aria-required-parent,Ensure elements with an ARIA role that require parent roles are contained by them,Certain ARIA roles must be contained by particular parents,https://dequeuniversity.com/rules/axe/4.10/aria-required-parent?application=playwright,"<div class=""c-accordion__heading"" role=""tab"">"
36,https://cucatalog.org/polaris/view.aspx?CN=2647321,The Urbana Free Library,critical,aria-required-parent,Ensure elements with an ARIA role that require parent roles are contained by them,Certain ARIA roles must be contained by particular parents,https://dequeuniversity.com/rules/axe/4.10/aria-required-parent?application=playwright,"<div class=""c-accordion__heading"" role=""tab"">"
36,https://cucatalog.org/polaris/view.aspx?CN=2647321,The Urbana Free Library,critical,aria-required-parent,Ensure elements with an ARIA role that require parent roles are contained by them,Certain ARIA roles must be contained by particular parents,https://dequeuniversity.com/rules/axe/4.10/aria-required-parent?application=playwright,"<div class=""c-accordion__heading"" role=""tab"">"
36,https://cucatalog.org/polaris/view.aspx?CN=2647321,The Urbana Free Library,critical,aria-required-parent,Ensure elements with an ARIA role that require parent roles are contained by them,Certain ARIA roles must be contained by particular parents,https://dequeuniversity.com/rules/axe/4.10/aria-required-parent?application=playwright,"<div class=""c-accordion__heading"" role=""tab"">"
36,https://cucatalog.org/polaris/view.aspx?CN=2647321,The Urbana Free Library,critical,aria-required-parent,Ensure elements with an ARIA role that require parent roles are contained by them,Certain ARIA roles must be contained by particular parents,https://dequeuniversity.com/rules/axe/4.10/aria-required-parent?application=playwright,"<div class=""c-accordion__heading"" role=""tab"">"
36,https://cucatalog.org/polaris/view.aspx?CN=2647321,The Urbana Free Library,critical,aria-required-parent,Ensure elements with an ARIA role that require parent roles are contained by them,Certain ARIA roles must be contained by particular parents,https://dequeuniversity.com/rules/axe/4.10/aria-required-parent?application=playwright,"<div class=""c-accordion__heading"" role=""tab"">"
36,https://cucatalog.org/polaris/view.aspx?CN=2647321,The Urbana Free Library,critical,aria-required-parent,Ensure elements with an ARIA role that require parent roles are contained by them,Certain ARIA roles must be contained by particular parents,https://dequeuniversity.com/rules/axe/4.10/aria-required-parent?application=playwright,"<div class=""c-accordion__heading"" role=""tab"">"
36,https://cucatalog.org/polaris/view.aspx?CN=2647321,The Urbana Free Library,critical,aria-required-parent,Ensure elements with an ARIA role that require parent roles are contained by them,Certain ARIA roles must be contained by particular parents,https://dequeuniversity.com/rules/axe/4.10/aria-required-parent?application=playwright,"<div class=""c-accordion__heading"" role=""tab"">"
36,https://cucatalog.org/polaris/view.aspx?CN=2647321,The Urbana Free Library,moderate,landmark-banner-is-top-level,Ensure the banner landmark is at top level,Banner landmark should not be contained in another landmark,https://dequeuniversity.com/rules/axe/4.10/landmark-banner-is-top-level?application=playwright,"<header class=""nav-panel__header"">"
36,https://cucatalog.org/polaris/view.aspx?CN=2647321,The Urbana Free Library,moderate,landmark-banner-is-top-level,Ensure the banner landmark is at top level,Banner landmark should not be contained in another landmark,https://dequeuniversity.com/rules/axe/4.10/landmark-banner-is-top-level?application=playwright,"<header class=""nav-panel__header"">"
36,https://cucatalog.org/polaris/view.aspx?CN=2647321,The Urbana Free Library,moderate,landmark-main-is-top-level,Ensure the main landmark is at top level,Main landmark should not be contained in another landmark,https://dequeuniversity.com/rules/axe/4.10/landmark-main-is-top-level?application=playwright,"<main class=""site-footer__main"">"
36,https://cucatalog.org/polaris/view.aspx?CN=2647321,The Urbana Free Library,moderate,landmark-no-duplicate-banner,Ensure the document has at most one banner landmark,Document should not have more than one banner landmark,https://dequeuniversity.com/rules/axe/4.10/landmark-no-duplicate-banner?application=playwright,"<header class=""site-header"">"
36,https://cucatalog.org/polaris/view.aspx?CN=2647321,The Urbana Free Library,moderate,landmark-no-duplicate-main,Ensure the document has at most one main landmark,Document should not have more than one main landmark,https://dequeuniversity.com/rules/axe/4.10/landmark-no-duplicate-main?application=playwright,"<main class=""site-main"" id=""content"">"
36,https://cucatalog.org/polaris/view.aspx?CN=2647321,The Urbana Free Library,moderate,landmark-unique,Ensure landmarks are unique,Landmarks should have a unique role or role/label/title (i.e. accessible name) combination,https://dequeuniversity.com/rules/axe/4.10/landmark-unique?application=playwright,"<header class=""site-header"">"
36,https://cucatalog.org/polaris/view.aspx?CN=2647321,The Urbana Free Library,moderate,landmark-unique,Ensure landmarks are unique,Landmarks should have a unique role or role/label/title (i.e. accessible name) combination,https://dequeuniversity.com/rules/axe/4.10/landmark-unique?application=playwright,"<nav class=""nav-panel__top-nav top-nav top-nav--split-header navbar-collapse"" role=""navigation"">"
36,https://cucatalog.org/polaris/view.aspx?CN=2647321,The Urbana Free Library,moderate,landmark-unique,Ensure landmarks are unique,Landmarks should have a unique role or role/label/title (i.e. accessible name) combination,https://dequeuniversity.com/rules/axe/4.10/landmark-unique?application=playwright,"<main class=""site-main"" id=""content"">"
36,https://cucatalog.org/polaris/view.aspx?CN=2647321,The Urbana Free Library,serious,link-name,Ensure links have discernible text,Links must have discernible text,https://dequeuniversity.com/rules/axe/4.10/link-name?application=playwright,"<a id=""c-accordion-lvl2__title_relatedsearch-2"" class=""c-accordion-lvl2__title-link "" role=""button"" aria-expanded=""true"" aria-controls=""rs-2"" data-toggle=""collapse"" onclick=""javascript:InvokeRSD('collapse', 2)"" href=""#rs-2"">    
                                </a>"
36,https://cucatalog.org/polaris/view.aspx?CN=2647321,The Urbana Free Library,serious,link-name,Ensure links have discernible text,Links must have discernible text,https://dequeuniversity.com/rules/axe/4.10/link-name?application=playwright,"<a id=""c-accordion-lvl2__title_relatedsearch-2"" class=""c-accordion-lvl2__title-link "" role=""button"" aria-expanded=""true"" aria-controls=""rs-2"" data-toggle=""collapse"" onclick=""javascript:InvokeRSD('collapse', 2)"" href=""#rs-2"">"
36,https://cucatalog.org/polaris/view.aspx?CN=2647321,The Urbana Free Library,serious,link-name,Ensure links have discernible text,Links must have discernible text,https://dequeuniversity.com/rules/axe/4.10/link-name?application=playwright,"<a id=""c-accordion-lvl2__title_relatedsearch-2"" class=""c-accordion-lvl2__title-link "" role=""button"" aria-expanded=""true"" aria-controls=""rs-2"" data-toggle=""collapse"" onclick=""javascript:InvokeRSD('collapse', 2)"" href=""#rs-2"">
                                        </a>"
36,https://cucatalog.org/polaris/view.aspx?CN=2647321,The Urbana Free Library,serious,link-name,Ensure links have discernible text,Links must have discernible text,https://dequeuniversity.com/rules/axe/4.10/link-name?application=playwright,"<a id=""c-accordion-lvl2__title_relatedsearch-2"" class=""c-accordion-lvl2__title-link "" role=""button"" aria-expanded=""true"" aria-controls=""rs-2"" data-toggle=""collapse"" onclick=""javascript:InvokeRSD('collapse', 2)"" href=""#rs-2"">
								            </a>"
36,https://cucatalog.org/polaris/view.aspx?CN=2647321,The Urbana Free Library,serious,link-name,Ensure links have discernible text,Links must have discernible text,https://dequeuniversity.com/rules/axe/4.10/link-name?application=playwright,"<a id=""c-accordion-lvl2__title_relatedsearch-2"" class=""c-accordion-lvl2__title-link "" role=""button"" aria-expanded=""true"" aria-controls=""rs-2"" data-toggle=""collapse"" onclick=""javascript:InvokeRSD('collapse', 2)"" href=""#rs-2"">  
									            
											            </a>"
36,https://cucatalog.org/polaris/view.aspx?CN=2647321,The Urbana Free Library,serious,link-name,Ensure links have discernible text,Links must have discernible text,https://dequeuniversity.com/rules/axe/4.10/link-name?application=playwright,"<a id=""c-accordion-lvl2__title_relatedsearch-2"" class=""c-accordion-lvl2__title-link "" role=""button"" aria-expanded=""true"" aria-controls=""rs-2"" data-toggle=""collapse"" onclick=""javascript:InvokeRSD('collapse', 2)"" href=""#rs-2"">  
                                                            </a>"
36,https://cucatalog.org/polaris/view.aspx?CN=2647321,The Urbana Free Library,serious,link-name,Ensure links have discernible text,Links must have discernible text,https://dequeuniversity.com/rules/axe/4.10/link-name?application=playwright,"<a id=""c-accordion-lvl2__title_relatedsearch-3"" class=""c-accordion-lvl2__title-link "" role=""button"" aria-expanded=""true"" aria-controls=""rs-3"" data-toggle=""collapse"" onclick=""javascript:InvokeRSD('collapse', 3)"" href=""#rs-3"">    
                                </a>"
36,https://cucatalog.org/polaris/view.aspx?CN=2647321,The Urbana Free Library,serious,link-name,Ensure links have discernible text,Links must have discernible text,https://dequeuniversity.com/rules/axe/4.10/link-name?application=playwright,"<a id=""c-accordion-lvl2__title_relatedsearch-3"" class=""c-accordion-lvl2__title-link "" role=""button"" aria-expanded=""true"" aria-controls=""rs-3"" data-toggle=""collapse"" onclick=""javascript:InvokeRSD('collapse', 3)"" href=""#rs-3"">"
36,https://cucatalog.org/polaris/view.aspx?CN=2647321,The Urbana Free Library,serious,link-name,Ensure links have discernible text,Links must have discernible text,https://dequeuniversity.com/rules/axe/4.10/link-name?application=playwright,"<a id=""c-accordion-lvl2__title_relatedsearch-3"" class=""c-accordion-lvl2__title-link "" role=""button"" aria-expanded=""true"" aria-controls=""rs-3"" data-toggle=""collapse"" onclick=""javascript:InvokeRSD('collapse', 3)"" href=""#rs-3"">
                                        </a>"
36,https://cucatalog.org/polaris/view.aspx?CN=2647321,The Urbana Free Library,serious,link-name,Ensure links have discernible text,Links must have discernible text,https://dequeuniversity.com/rules/axe/4.10/link-name?application=playwright,"<a id=""c-accordion-lvl2__title_relatedsearch-3"" class=""c-accordion-lvl2__title-link "" role=""button"" aria-expanded=""true"" aria-controls=""rs-3"" data-toggle=""collapse"" onclick=""javascript:InvokeRSD('collapse', 3)"" href=""#rs-3"">
								            </a>"
36,https://cucatalog.org/polaris/view.aspx?CN=2647321,The Urbana Free Library,serious,link-name,Ensure links have discernible text,Links must have discernible text,https://dequeuniversity.com/rules/axe/4.10/link-name?application=playwright,"<a id=""c-accordion-lvl2__title_relatedsearch-3"" class=""c-accordion-lvl2__title-link "" role=""button"" aria-expanded=""true"" aria-controls=""rs-3"" data-toggle=""collapse"" onclick=""javascript:InvokeRSD('collapse', 3)"" href=""#rs-3"">  
									            
											            </a>"
36,https://cucatalog.org/polaris/view.aspx?CN=2647321,The Urbana Free Library,serious,link-name,Ensure links have discernible text,Links must have discernible text,https://dequeuniversity.com/rules/axe/4.10/link-name?application=playwright,"<a id=""c-accordion-lvl2__title_relatedsearch-3"" class=""c-accordion-lvl2__title-link "" role=""button"" aria-expanded=""true"" aria-controls=""rs-3"" data-toggle=""collapse"" onclick=""javascript:InvokeRSD('collapse', 3)"" href=""#rs-3"">  
                                                            </a>"
36,https://cucatalog.org/polaris/view.aspx?CN=2647321,The Urbana Free Library,serious,list,Ensure that lists are structured correctly,"<ul> and <ol> must only directly contain <li>, <script> or <template> elements",https://dequeuniversity.com/rules/axe/4.10/list?application=playwright,"<ul id=""c-title-detail__button-list-"" class=""c-title-detail-actions__list"" data-item-pos=""1"" data-item-page=""0"">"
36,https://cucatalog.org/polaris/view.aspx?CN=2647321,The Urbana Free Library,serious,list,Ensure that lists are structured correctly,"<ul> and <ol> must only directly contain <li>, <script> or <template> elements",https://dequeuniversity.com/rules/axe/4.10/list?application=playwright,"<ul class="" c-accordion__list c-accordion__list--show-bullets"">"
36,https://cucatalog.org/polaris/view.aspx?CN=2647321,The Urbana Free Library,serious,list,Ensure that lists are structured correctly,"<ul> and <ol> must only directly contain <li>, <script> or <template> elements",https://dequeuniversity.com/rules/axe/4.10/list?application=playwright,"<ul class="" c-accordion__list c-accordion__list--show-bullets"">"
36,https://cucatalog.org/polaris/view.aspx?CN=2647321,The Urbana Free Library,serious,listitem,Ensure <li> elements are used semantically,<li> elements must be contained in a <ul> or <ol>,https://dequeuniversity.com/rules/axe/4.10/listitem?application=playwright,"<li class=""nav__nav expandable-block-nav"">"
36,https://cucatalog.org/polaris/view.aspx?CN=2647321,The Urbana Free Library,serious,nested-interactive,Ensure interactive controls are not nested as they are not always announced by screen readers or can cause focus problems for assistive technologies,Interactive controls must not be nested,https://dequeuniversity.com/rules/axe/4.10/nested-interactive?application=playwright,"<div class=""c-accordion__heading"" role=""tab"">"
36,https://cucatalog.org/polaris/view.aspx?CN=2647321,The Urbana Free Library,serious,nested-interactive,Ensure interactive controls are not nested as they are not always announced by screen readers or can cause focus problems for assistive technologies,Interactive controls must not be nested,https://dequeuniversity.com/rules/axe/4.10/nested-interactive?application=playwright,"<div class=""c-accordion-lvl2__heading"" role=""tab"">"
36,https://cucatalog.org/polaris/view.aspx?CN=2647321,The Urbana Free Library,serious,nested-interactive,Ensure interactive controls are not nested as they are not always announced by screen readers or can cause focus problems for assistive technologies,Interactive controls must not be nested,https://dequeuniversity.com/rules/axe/4.10/nested-interactive?application=playwright,"<div class=""c-accordion-lvl2__heading"" role=""tab"">"
36,https://cucatalog.org/polaris/view.aspx?CN=2647321,The Urbana Free Library,serious,nested-interactive,Ensure interactive controls are not nested as they are not always announced by screen readers or can cause focus problems for assistive technologies,Interactive controls must not be nested,https://dequeuniversity.com/rules/axe/4.10/nested-interactive?application=playwright,"<div class=""c-accordion-lvl2__heading"" role=""tab"">"
36,https://cucatalog.org/polaris/view.aspx?CN=2647321,The Urbana Free Library,serious,nested-interactive,Ensure interactive controls are not nested as they are not always announced by screen readers or can cause focus problems for assistive technologies,Interactive controls must not be nested,https://dequeuniversity.com/rules/axe/4.10/nested-interactive?application=playwright,"<div class=""c-accordion__heading"" role=""tab"">"
36,https://cucatalog.org/polaris/view.aspx?CN=2647321,The Urbana Free Library,serious,nested-interactive,Ensure interactive controls are not nested as they are not always announced by screen readers or can cause focus problems for assistive technologies,Interactive controls must not be nested,https://dequeuniversity.com/rules/axe/4.10/nested-interactive?application=playwright,"<div class=""c-accordion__heading"" role=""tab"">"
36,https://cucatalog.org/polaris/view.aspx?CN=2647321,The Urbana Free Library,serious,nested-interactive,Ensure interactive controls are not nested as they are not always announced by screen readers or can cause focus problems for assistive technologies,Interactive controls must not be nested,https://dequeuniversity.com/rules/axe/4.10/nested-interactive?application=playwright,"<div class=""c-accordion__heading"" role=""tab"">"
36,https://cucatalog.org/polaris/view.aspx?CN=2647321,The Urbana Free Library,serious,nested-interactive,Ensure interactive controls are not nested as they are not always announced by screen readers or can cause focus problems for assistive technologies,Interactive controls must not be nested,https://dequeuniversity.com/rules/axe/4.10/nested-interactive?application=playwright,"<div class=""c-accordion__heading"" role=""tab"">"
36,https://cucatalog.org/polaris/view.aspx?CN=2647321,The Urbana Free Library,serious,nested-interactive,Ensure interactive controls are not nested as they are not always announced by screen readers or can cause focus problems for assistive technologies,Interactive controls must not be nested,https://dequeuniversity.com/rules/axe/4.10/nested-interactive?application=playwright,"<div class=""c-accordion__heading"" role=""tab"">"
36,https://cucatalog.org/polaris/view.aspx?CN=2647321,The Urbana Free Library,serious,nested-interactive,Ensure interactive controls are not nested as they are not always announced by screen readers or can cause focus problems for assistive technologies,Interactive controls must not be nested,https://dequeuniversity.com/rules/axe/4.10/nested-interactive?application=playwright,"<div class=""c-accordion__heading"" role=""tab"">"
36,https://cucatalog.org/polaris/view.aspx?CN=2647321,The Urbana Free Library,serious,nested-interactive,Ensure interactive controls are not nested as they are not always announced by screen readers or can cause focus problems for assistive technologies,Interactive controls must not be nested,https://dequeuniversity.com/rules/axe/4.10/nested-interactive?application=playwright,"<div class=""c-accordion__heading"" role=""tab"">"
36,https://cucatalog.org/polaris/view.aspx?CN=2647321,The Urbana Free Library,serious,nested-interactive,Ensure interactive controls are not nested as they are not always announced by screen readers or can cause focus problems for assistive technologies,Interactive controls must not be nested,https://dequeuniversity.com/rules/axe/4.10/nested-interactive?application=playwright,"<div class=""c-accordion__heading"" role=""tab"">"
36,https://cucatalog.org/polaris/view.aspx?CN=2647321,The Urbana Free Library,moderate,page-has-heading-one,"Ensure that the page, or at least one of its frames contains a level-one heading",Page should contain a level-one heading,https://dequeuniversity.com/rules/axe/4.10/page-has-heading-one?application=playwright,"<html class=""js flexbox flexboxlegacy canvas canvastext webgl no-touch geolocation postmessage no-websqldatabase indexeddb hashchange history draganddrop websockets rgba hsla multiplebgs backgroundsize borderimage borderradius boxshadow textshadow opacity cssanimations csscolumns cssgradients cssreflections csstransforms csstransforms3d csstransitions fontface generatedcontent video audio localstorage sessionstorage webworkers no-applicationcache svg inlinesvg smil svgclippaths"" lang=""en"" style="""">"
37,https://cucatalog.org/polaris/view.aspx?CN=2648012,The Urbana Free Library,critical,aria-allowed-attr,Ensure an element's role supports its ARIA attributes,Elements must only use supported ARIA attributes,https://dequeuniversity.com/rules/axe/4.10/aria-allowed-attr?application=playwright,"<div class=""c-search-header-options__container collapse in"" id=""c-search-header__search-options"" aria-labelledby=""c-search-header__search-options"" aria-expanded=""true"" style="""">"
37,https://cucatalog.org/polaris/view.aspx?CN=2648012,The Urbana Free Library,serious,aria-hidden-focus,Ensure aria-hidden elements are not focusable nor contain focusable elements,ARIA hidden element must not be focusable or contain focusable elements,https://dequeuniversity.com/rules/axe/4.10/aria-hidden-focus?application=playwright,"<a id=""__pos-1"" href=""#"" aria-hidden=""true"" aria-label=""Search Result""></a>"
37,https://cucatalog.org/polaris/view.aspx?CN=2648012,The Urbana Free Library,critical,aria-required-attr,Ensure elements with ARIA roles have all required ARIA attributes,Required ARIA attributes must be provided,https://dequeuniversity.com/rules/axe/4.10/aria-required-attr?application=playwright,"<select name=""ctl00$BodyMainContent$ctrlSearchBars$searchbarKeyword$dropdownSearchBy"" id=""dropdownSearchBy"" class=""SearchByList c-search-header__dropdown c-search-header__box--height"" aria-labelledby=""dropdownSearchByLabel"" role=""combobox"">"
37,https://cucatalog.org/polaris/view.aspx?CN=2648012,The Urbana Free Library,critical,aria-required-attr,Ensure elements with ARIA roles have all required ARIA attributes,Required ARIA attributes must be provided,https://dequeuniversity.com/rules/axe/4.10/aria-required-attr?application=playwright,"<select name=""ctl00$BodyMainContent$ctrlSearchBars$searchbarKeyword$dropdownLimitFilter"" id=""dropdownLimitFilter"" class=""c-search-header__dropdown c-search-header__box--height"" aria-labelledby=""dropdownLimitFilterLabel"" role=""combobox"" onchange=""javascript: AddDefaultTermAndHighlight('textboxTerm'); CheckDetailedMaterial();"">"
37,https://cucatalog.org/polaris/view.aspx?CN=2648012,The Urbana Free Library,critical,aria-required-children,Ensure elements with an ARIA role that require child roles contain them,Certain ARIA roles must contain particular children,https://dequeuniversity.com/rules/axe/4.10/aria-required-children?application=playwright,"<div class=""c-accordion-lvl2"" role=""tablist"" aria-multiselectable=""true"">"
37,https://cucatalog.org/polaris/view.aspx?CN=2648012,The Urbana Free Library,critical,aria-required-children,Ensure elements with an ARIA role that require child roles contain them,Certain ARIA roles must contain particular children,https://dequeuniversity.com/rules/axe/4.10/aria-required-children?application=playwright,"<div class=""c-accordion-lvl2__heading"" role=""tablist"">"
37,https://cucatalog.org/polaris/view.aspx?CN=2648012,The Urbana Free Library,critical,aria-required-parent,Ensure elements with an ARIA role that require parent roles are contained by them,Certain ARIA roles must be contained by particular parents,https://dequeuniversity.com/rules/axe/4.10/aria-required-parent?application=playwright,"<div class=""c-accordion__heading"" role=""tab"">"
37,https://cucatalog.org/polaris/view.aspx?CN=2648012,The Urbana Free Library,critical,aria-required-parent,Ensure elements with an ARIA role that require parent roles are contained by them,Certain ARIA roles must be contained by particular parents,https://dequeuniversity.com/rules/axe/4.10/aria-required-parent?application=playwright,"<div class=""c-accordion__heading"" role=""tab"">"
37,https://cucatalog.org/polaris/view.aspx?CN=2648012,The Urbana Free Library,critical,aria-required-parent,Ensure elements with an ARIA role that require parent roles are contained by them,Certain ARIA roles must be contained by particular parents,https://dequeuniversity.com/rules/axe/4.10/aria-required-parent?application=playwright,"<div class=""c-accordion__heading"" role=""tab"">"
37,https://cucatalog.org/polaris/view.aspx?CN=2648012,The Urbana Free Library,critical,aria-required-parent,Ensure elements with an ARIA role that require parent roles are contained by them,Certain ARIA roles must be contained by particular parents,https://dequeuniversity.com/rules/axe/4.10/aria-required-parent?application=playwright,"<div class=""c-accordion__heading"" role=""tab"">"
37,https://cucatalog.org/polaris/view.aspx?CN=2648012,The Urbana Free Library,critical,aria-required-parent,Ensure elements with an ARIA role that require parent roles are contained by them,Certain ARIA roles must be contained by particular parents,https://dequeuniversity.com/rules/axe/4.10/aria-required-parent?application=playwright,"<div class=""c-accordion__heading"" role=""tab"">"
37,https://cucatalog.org/polaris/view.aspx?CN=2648012,The Urbana Free Library,critical,aria-required-parent,Ensure elements with an ARIA role that require parent roles are contained by them,Certain ARIA roles must be contained by particular parents,https://dequeuniversity.com/rules/axe/4.10/aria-required-parent?application=playwright,"<div class=""c-accordion__heading"" role=""tab"">"
37,https://cucatalog.org/polaris/view.aspx?CN=2648012,The Urbana Free Library,critical,aria-required-parent,Ensure elements with an ARIA role that require parent roles are contained by them,Certain ARIA roles must be contained by particular parents,https://dequeuniversity.com/rules/axe/4.10/aria-required-parent?application=playwright,"<div class=""c-accordion__heading"" role=""tab"">"
37,https://cucatalog.org/polaris/view.aspx?CN=2648012,The Urbana Free Library,critical,aria-required-parent,Ensure elements with an ARIA role that require parent roles are contained by them,Certain ARIA roles must be contained by particular parents,https://dequeuniversity.com/rules/axe/4.10/aria-required-parent?application=playwright,"<div class=""c-accordion__heading"" role=""tab"">"
37,https://cucatalog.org/polaris/view.aspx?CN=2648012,The Urbana Free Library,critical,aria-required-parent,Ensure elements with an ARIA role that require parent roles are contained by them,Certain ARIA roles must be contained by particular parents,https://dequeuniversity.com/rules/axe/4.10/aria-required-parent?application=playwright,"<div class=""c-accordion__heading"" role=""tab"">"
37,https://cucatalog.org/polaris/view.aspx?CN=2648012,The Urbana Free Library,moderate,landmark-banner-is-top-level,Ensure the banner landmark is at top level,Banner landmark should not be contained in another landmark,https://dequeuniversity.com/rules/axe/4.10/landmark-banner-is-top-level?application=playwright,"<header class=""nav-panel__header"">"
37,https://cucatalog.org/polaris/view.aspx?CN=2648012,The Urbana Free Library,moderate,landmark-banner-is-top-level,Ensure the banner landmark is at top level,Banner landmark should not be contained in another landmark,https://dequeuniversity.com/rules/axe/4.10/landmark-banner-is-top-level?application=playwright,"<header class=""nav-panel__header"">"
37,https://cucatalog.org/polaris/view.aspx?CN=2648012,The Urbana Free Library,moderate,landmark-main-is-top-level,Ensure the main landmark is at top level,Main landmark should not be contained in another landmark,https://dequeuniversity.com/rules/axe/4.10/landmark-main-is-top-level?application=playwright,"<main class=""site-footer__main"">"
37,https://cucatalog.org/polaris/view.aspx?CN=2648012,The Urbana Free Library,moderate,landmark-no-duplicate-banner,Ensure the document has at most one banner landmark,Document should not have more than one banner landmark,https://dequeuniversity.com/rules/axe/4.10/landmark-no-duplicate-banner?application=playwright,"<header class=""site-header"">"
37,https://cucatalog.org/polaris/view.aspx?CN=2648012,The Urbana Free Library,moderate,landmark-no-duplicate-main,Ensure the document has at most one main landmark,Document should not have more than one main landmark,https://dequeuniversity.com/rules/axe/4.10/landmark-no-duplicate-main?application=playwright,"<main class=""site-main"" id=""content"">"
37,https://cucatalog.org/polaris/view.aspx?CN=2648012,The Urbana Free Library,moderate,landmark-unique,Ensure landmarks are unique,Landmarks should have a unique role or role/label/title (i.e. accessible name) combination,https://dequeuniversity.com/rules/axe/4.10/landmark-unique?application=playwright,"<header class=""site-header"">"
37,https://cucatalog.org/polaris/view.aspx?CN=2648012,The Urbana Free Library,moderate,landmark-unique,Ensure landmarks are unique,Landmarks should have a unique role or role/label/title (i.e. accessible name) combination,https://dequeuniversity.com/rules/axe/4.10/landmark-unique?application=playwright,"<nav class=""nav-panel__top-nav top-nav top-nav--split-header navbar-collapse"" role=""navigation"">"
37,https://cucatalog.org/polaris/view.aspx?CN=2648012,The Urbana Free Library,moderate,landmark-unique,Ensure landmarks are unique,Landmarks should have a unique role or role/label/title (i.e. accessible name) combination,https://dequeuniversity.com/rules/axe/4.10/landmark-unique?application=playwright,"<main class=""site-main"" id=""content"">"
37,https://cucatalog.org/polaris/view.aspx?CN=2648012,The Urbana Free Library,serious,link-name,Ensure links have discernible text,Links must have discernible text,https://dequeuniversity.com/rules/axe/4.10/link-name?application=playwright,"<a id=""c-accordion-lvl2__title_relatedsearch-2"" class=""c-accordion-lvl2__title-link "" role=""button"" aria-expanded=""true"" aria-controls=""rs-2"" data-toggle=""collapse"" onclick=""javascript:InvokeRSD('collapse', 2)"" href=""#rs-2"">    
                                </a>"
37,https://cucatalog.org/polaris/view.aspx?CN=2648012,The Urbana Free Library,serious,link-name,Ensure links have discernible text,Links must have discernible text,https://dequeuniversity.com/rules/axe/4.10/link-name?application=playwright,"<a id=""c-accordion-lvl2__title_relatedsearch-2"" class=""c-accordion-lvl2__title-link "" role=""button"" aria-expanded=""true"" aria-controls=""rs-2"" data-toggle=""collapse"" onclick=""javascript:InvokeRSD('collapse', 2)"" href=""#rs-2"">"
37,https://cucatalog.org/polaris/view.aspx?CN=2648012,The Urbana Free Library,serious,link-name,Ensure links have discernible text,Links must have discernible text,https://dequeuniversity.com/rules/axe/4.10/link-name?application=playwright,"<a id=""c-accordion-lvl2__title_relatedsearch-2"" class=""c-accordion-lvl2__title-link "" role=""button"" aria-expanded=""true"" aria-controls=""rs-2"" data-toggle=""collapse"" onclick=""javascript:InvokeRSD('collapse', 2)"" href=""#rs-2"">
                                        </a>"
37,https://cucatalog.org/polaris/view.aspx?CN=2648012,The Urbana Free Library,serious,link-name,Ensure links have discernible text,Links must have discernible text,https://dequeuniversity.com/rules/axe/4.10/link-name?application=playwright,"<a id=""c-accordion-lvl2__title_relatedsearch-2"" class=""c-accordion-lvl2__title-link "" role=""button"" aria-expanded=""true"" aria-controls=""rs-2"" data-toggle=""collapse"" onclick=""javascript:InvokeRSD('collapse', 2)"" href=""#rs-2"">
								            </a>"
37,https://cucatalog.org/polaris/view.aspx?CN=2648012,The Urbana Free Library,serious,link-name,Ensure links have discernible text,Links must have discernible text,https://dequeuniversity.com/rules/axe/4.10/link-name?application=playwright,"<a id=""c-accordion-lvl2__title_relatedsearch-2"" class=""c-accordion-lvl2__title-link "" role=""button"" aria-expanded=""true"" aria-controls=""rs-2"" data-toggle=""collapse"" onclick=""javascript:InvokeRSD('collapse', 2)"" href=""#rs-2"">  
									            
											            </a>"
37,https://cucatalog.org/polaris/view.aspx?CN=2648012,The Urbana Free Library,serious,link-name,Ensure links have discernible text,Links must have discernible text,https://dequeuniversity.com/rules/axe/4.10/link-name?application=playwright,"<a id=""c-accordion-lvl2__title_relatedsearch-2"" class=""c-accordion-lvl2__title-link "" role=""button"" aria-expanded=""true"" aria-controls=""rs-2"" data-toggle=""collapse"" onclick=""javascript:InvokeRSD('collapse', 2)"" href=""#rs-2"">  
                                                            </a>"
37,https://cucatalog.org/polaris/view.aspx?CN=2648012,The Urbana Free Library,serious,link-name,Ensure links have discernible text,Links must have discernible text,https://dequeuniversity.com/rules/axe/4.10/link-name?application=playwright,"<a id=""c-accordion-lvl2__title_relatedsearch-3"" class=""c-accordion-lvl2__title-link "" role=""button"" aria-expanded=""true"" aria-controls=""rs-3"" data-toggle=""collapse"" onclick=""javascript:InvokeRSD('collapse', 3)"" href=""#rs-3"">    
                                </a>"
37,https://cucatalog.org/polaris/view.aspx?CN=2648012,The Urbana Free Library,serious,link-name,Ensure links have discernible text,Links must have discernible text,https://dequeuniversity.com/rules/axe/4.10/link-name?application=playwright,"<a id=""c-accordion-lvl2__title_relatedsearch-3"" class=""c-accordion-lvl2__title-link "" role=""button"" aria-expanded=""true"" aria-controls=""rs-3"" data-toggle=""collapse"" onclick=""javascript:InvokeRSD('collapse', 3)"" href=""#rs-3"">"
37,https://cucatalog.org/polaris/view.aspx?CN=2648012,The Urbana Free Library,serious,link-name,Ensure links have discernible text,Links must have discernible text,https://dequeuniversity.com/rules/axe/4.10/link-name?application=playwright,"<a id=""c-accordion-lvl2__title_relatedsearch-3"" class=""c-accordion-lvl2__title-link "" role=""button"" aria-expanded=""true"" aria-controls=""rs-3"" data-toggle=""collapse"" onclick=""javascript:InvokeRSD('collapse', 3)"" href=""#rs-3"">
                                        </a>"
37,https://cucatalog.org/polaris/view.aspx?CN=2648012,The Urbana Free Library,serious,link-name,Ensure links have discernible text,Links must have discernible text,https://dequeuniversity.com/rules/axe/4.10/link-name?application=playwright,"<a id=""c-accordion-lvl2__title_relatedsearch-3"" class=""c-accordion-lvl2__title-link "" role=""button"" aria-expanded=""true"" aria-controls=""rs-3"" data-toggle=""collapse"" onclick=""javascript:InvokeRSD('collapse', 3)"" href=""#rs-3"">
								            </a>"
37,https://cucatalog.org/polaris/view.aspx?CN=2648012,The Urbana Free Library,serious,link-name,Ensure links have discernible text,Links must have discernible text,https://dequeuniversity.com/rules/axe/4.10/link-name?application=playwright,"<a id=""c-accordion-lvl2__title_relatedsearch-3"" class=""c-accordion-lvl2__title-link "" role=""button"" aria-expanded=""true"" aria-controls=""rs-3"" data-toggle=""collapse"" onclick=""javascript:InvokeRSD('collapse', 3)"" href=""#rs-3"">  
									            
											            </a>"
37,https://cucatalog.org/polaris/view.aspx?CN=2648012,The Urbana Free Library,serious,link-name,Ensure links have discernible text,Links must have discernible text,https://dequeuniversity.com/rules/axe/4.10/link-name?application=playwright,"<a id=""c-accordion-lvl2__title_relatedsearch-3"" class=""c-accordion-lvl2__title-link "" role=""button"" aria-expanded=""true"" aria-controls=""rs-3"" data-toggle=""collapse"" onclick=""javascript:InvokeRSD('collapse', 3)"" href=""#rs-3"">  
                                                            </a>"
37,https://cucatalog.org/polaris/view.aspx?CN=2648012,The Urbana Free Library,serious,list,Ensure that lists are structured correctly,"<ul> and <ol> must only directly contain <li>, <script> or <template> elements",https://dequeuniversity.com/rules/axe/4.10/list?application=playwright,"<ul id=""c-title-detail__button-list-"" class=""c-title-detail-actions__list"" data-item-pos=""1"" data-item-page=""0"">"
37,https://cucatalog.org/polaris/view.aspx?CN=2648012,The Urbana Free Library,serious,list,Ensure that lists are structured correctly,"<ul> and <ol> must only directly contain <li>, <script> or <template> elements",https://dequeuniversity.com/rules/axe/4.10/list?application=playwright,"<ul class="" c-accordion__list c-accordion__list--show-bullets"">"
37,https://cucatalog.org/polaris/view.aspx?CN=2648012,The Urbana Free Library,serious,list,Ensure that lists are structured correctly,"<ul> and <ol> must only directly contain <li>, <script> or <template> elements",https://dequeuniversity.com/rules/axe/4.10/list?application=playwright,"<ul class="" c-accordion__list c-accordion__list--show-bullets"">"
37,https://cucatalog.org/polaris/view.aspx?CN=2648012,The Urbana Free Library,serious,listitem,Ensure <li> elements are used semantically,<li> elements must be contained in a <ul> or <ol>,https://dequeuniversity.com/rules/axe/4.10/listitem?application=playwright,"<li class=""nav__nav expandable-block-nav"">"
37,https://cucatalog.org/polaris/view.aspx?CN=2648012,The Urbana Free Library,serious,nested-interactive,Ensure interactive controls are not nested as they are not always announced by screen readers or can cause focus problems for assistive technologies,Interactive controls must not be nested,https://dequeuniversity.com/rules/axe/4.10/nested-interactive?application=playwright,"<div class=""c-accordion__heading"" role=""tab"">"
37,https://cucatalog.org/polaris/view.aspx?CN=2648012,The Urbana Free Library,serious,nested-interactive,Ensure interactive controls are not nested as they are not always announced by screen readers or can cause focus problems for assistive technologies,Interactive controls must not be nested,https://dequeuniversity.com/rules/axe/4.10/nested-interactive?application=playwright,"<div class=""c-accordion-lvl2__heading"" role=""tab"">"
37,https://cucatalog.org/polaris/view.aspx?CN=2648012,The Urbana Free Library,serious,nested-interactive,Ensure interactive controls are not nested as they are not always announced by screen readers or can cause focus problems for assistive technologies,Interactive controls must not be nested,https://dequeuniversity.com/rules/axe/4.10/nested-interactive?application=playwright,"<div class=""c-accordion-lvl2__heading"" role=""tab"">"
37,https://cucatalog.org/polaris/view.aspx?CN=2648012,The Urbana Free Library,serious,nested-interactive,Ensure interactive controls are not nested as they are not always announced by screen readers or can cause focus problems for assistive technologies,Interactive controls must not be nested,https://dequeuniversity.com/rules/axe/4.10/nested-interactive?application=playwright,"<div class=""c-accordion-lvl2__heading"" role=""tab"">"
37,https://cucatalog.org/polaris/view.aspx?CN=2648012,The Urbana Free Library,serious,nested-interactive,Ensure interactive controls are not nested as they are not always announced by screen readers or can cause focus problems for assistive technologies,Interactive controls must not be nested,https://dequeuniversity.com/rules/axe/4.10/nested-interactive?application=playwright,"<div class=""c-accordion__heading"" role=""tab"">"
37,https://cucatalog.org/polaris/view.aspx?CN=2648012,The Urbana Free Library,serious,nested-interactive,Ensure interactive controls are not nested as they are not always announced by screen readers or can cause focus problems for assistive technologies,Interactive controls must not be nested,https://dequeuniversity.com/rules/axe/4.10/nested-interactive?application=playwright,"<div class=""c-accordion__heading"" role=""tab"">"
37,https://cucatalog.org/polaris/view.aspx?CN=2648012,The Urbana Free Library,serious,nested-interactive,Ensure interactive controls are not nested as they are not always announced by screen readers or can cause focus problems for assistive technologies,Interactive controls must not be nested,https://dequeuniversity.com/rules/axe/4.10/nested-interactive?application=playwright,"<div class=""c-accordion__heading"" role=""tab"">"
37,https://cucatalog.org/polaris/view.aspx?CN=2648012,The Urbana Free Library,serious,nested-interactive,Ensure interactive controls are not nested as they are not always announced by screen readers or can cause focus problems for assistive technologies,Interactive controls must not be nested,https://dequeuniversity.com/rules/axe/4.10/nested-interactive?application=playwright,"<div class=""c-accordion__heading"" role=""tab"">"
37,https://cucatalog.org/polaris/view.aspx?CN=2648012,The Urbana Free Library,serious,nested-interactive,Ensure interactive controls are not nested as they are not always announced by screen readers or can cause focus problems for assistive technologies,Interactive controls must not be nested,https://dequeuniversity.com/rules/axe/4.10/nested-interactive?application=playwright,"<div class=""c-accordion__heading"" role=""tab"">"
37,https://cucatalog.org/polaris/view.aspx?CN=2648012,The Urbana Free Library,serious,nested-interactive,Ensure interactive controls are not nested as they are not always announced by screen readers or can cause focus problems for assistive technologies,Interactive controls must not be nested,https://dequeuniversity.com/rules/axe/4.10/nested-interactive?application=playwright,"<div class=""c-accordion__heading"" role=""tab"">"
37,https://cucatalog.org/polaris/view.aspx?CN=2648012,The Urbana Free Library,serious,nested-interactive,Ensure interactive controls are not nested as they are not always announced by screen readers or can cause focus problems for assistive technologies,Interactive controls must not be nested,https://dequeuniversity.com/rules/axe/4.10/nested-interactive?application=playwright,"<div class=""c-accordion__heading"" role=""tab"">"
37,https://cucatalog.org/polaris/view.aspx?CN=2648012,The Urbana Free Library,serious,nested-interactive,Ensure interactive controls are not nested as they are not always announced by screen readers or can cause focus problems for assistive technologies,Interactive controls must not be nested,https://dequeuniversity.com/rules/axe/4.10/nested-interactive?application=playwright,"<div class=""c-accordion__heading"" role=""tab"">"
37,https://cucatalog.org/polaris/view.aspx?CN=2648012,The Urbana Free Library,moderate,page-has-heading-one,"Ensure that the page, or at least one of its frames contains a level-one heading",Page should contain a level-one heading,https://dequeuniversity.com/rules/axe/4.10/page-has-heading-one?application=playwright,"<html class=""js flexbox flexboxlegacy canvas canvastext webgl no-touch geolocation postmessage no-websqldatabase indexeddb hashchange history draganddrop websockets rgba hsla multiplebgs backgroundsize borderimage borderradius boxshadow textshadow opacity cssanimations csscolumns cssgradients cssreflections csstransforms csstransforms3d csstransitions fontface generatedcontent video audio localstorage sessionstorage webworkers no-applicationcache svg inlinesvg smil svgclippaths"" lang=""en"" style="""">"
38,https://cucatalog.org/polaris/view.aspx?CN=2634321,The Urbana Free Library,critical,aria-allowed-attr,Ensure an element's role supports its ARIA attributes,Elements must only use supported ARIA attributes,https://dequeuniversity.com/rules/axe/4.10/aria-allowed-attr?application=playwright,"<div class=""c-search-header-options__container collapse in"" id=""c-search-header__search-options"" aria-labelledby=""c-search-header__search-options"" aria-expanded=""true"" style="""">"
38,https://cucatalog.org/polaris/view.aspx?CN=2634321,The Urbana Free Library,serious,aria-hidden-focus,Ensure aria-hidden elements are not focusable nor contain focusable elements,ARIA hidden element must not be focusable or contain focusable elements,https://dequeuniversity.com/rules/axe/4.10/aria-hidden-focus?application=playwright,"<a id=""__pos-1"" href=""#"" aria-hidden=""true"" aria-label=""Search Result""></a>"
38,https://cucatalog.org/polaris/view.aspx?CN=2634321,The Urbana Free Library,critical,aria-required-attr,Ensure elements with ARIA roles have all required ARIA attributes,Required ARIA attributes must be provided,https://dequeuniversity.com/rules/axe/4.10/aria-required-attr?application=playwright,"<select name=""ctl00$BodyMainContent$ctrlSearchBars$searchbarKeyword$dropdownSearchBy"" id=""dropdownSearchBy"" class=""SearchByList c-search-header__dropdown c-search-header__box--height"" aria-labelledby=""dropdownSearchByLabel"" role=""combobox"">"
38,https://cucatalog.org/polaris/view.aspx?CN=2634321,The Urbana Free Library,critical,aria-required-attr,Ensure elements with ARIA roles have all required ARIA attributes,Required ARIA attributes must be provided,https://dequeuniversity.com/rules/axe/4.10/aria-required-attr?application=playwright,"<select name=""ctl00$BodyMainContent$ctrlSearchBars$searchbarKeyword$dropdownLimitFilter"" id=""dropdownLimitFilter"" class=""c-search-header__dropdown c-search-header__box--height"" aria-labelledby=""dropdownLimitFilterLabel"" role=""combobox"" onchange=""javascript: AddDefaultTermAndHighlight('textboxTerm'); CheckDetailedMaterial();"">"
38,https://cucatalog.org/polaris/view.aspx?CN=2634321,The Urbana Free Library,critical,aria-required-children,Ensure elements with an ARIA role that require child roles contain them,Certain ARIA roles must contain particular children,https://dequeuniversity.com/rules/axe/4.10/aria-required-children?application=playwright,"<div class=""c-accordion-lvl2"" role=""tablist"" aria-multiselectable=""true"">"
38,https://cucatalog.org/polaris/view.aspx?CN=2634321,The Urbana Free Library,critical,aria-required-children,Ensure elements with an ARIA role that require child roles contain them,Certain ARIA roles must contain particular children,https://dequeuniversity.com/rules/axe/4.10/aria-required-children?application=playwright,"<div class=""c-accordion-lvl2__heading"" role=""tablist"">"
38,https://cucatalog.org/polaris/view.aspx?CN=2634321,The Urbana Free Library,critical,aria-required-parent,Ensure elements with an ARIA role that require parent roles are contained by them,Certain ARIA roles must be contained by particular parents,https://dequeuniversity.com/rules/axe/4.10/aria-required-parent?application=playwright,"<div class=""c-accordion__heading"" role=""tab"">"
38,https://cucatalog.org/polaris/view.aspx?CN=2634321,The Urbana Free Library,critical,aria-required-parent,Ensure elements with an ARIA role that require parent roles are contained by them,Certain ARIA roles must be contained by particular parents,https://dequeuniversity.com/rules/axe/4.10/aria-required-parent?application=playwright,"<div class=""c-accordion__heading"" role=""tab"">"
38,https://cucatalog.org/polaris/view.aspx?CN=2634321,The Urbana Free Library,critical,aria-required-parent,Ensure elements with an ARIA role that require parent roles are contained by them,Certain ARIA roles must be contained by particular parents,https://dequeuniversity.com/rules/axe/4.10/aria-required-parent?application=playwright,"<div class=""c-accordion__heading"" role=""tab"">"
38,https://cucatalog.org/polaris/view.aspx?CN=2634321,The Urbana Free Library,critical,aria-required-parent,Ensure elements with an ARIA role that require parent roles are contained by them,Certain ARIA roles must be contained by particular parents,https://dequeuniversity.com/rules/axe/4.10/aria-required-parent?application=playwright,"<div class=""c-accordion__heading"" role=""tab"">"
38,https://cucatalog.org/polaris/view.aspx?CN=2634321,The Urbana Free Library,critical,aria-required-parent,Ensure elements with an ARIA role that require parent roles are contained by them,Certain ARIA roles must be contained by particular parents,https://dequeuniversity.com/rules/axe/4.10/aria-required-parent?application=playwright,"<div class=""c-accordion__heading"" role=""tab"">"
38,https://cucatalog.org/polaris/view.aspx?CN=2634321,The Urbana Free Library,critical,aria-required-parent,Ensure elements with an ARIA role that require parent roles are contained by them,Certain ARIA roles must be contained by particular parents,https://dequeuniversity.com/rules/axe/4.10/aria-required-parent?application=playwright,"<div class=""c-accordion__heading"" role=""tab"">"
38,https://cucatalog.org/polaris/view.aspx?CN=2634321,The Urbana Free Library,critical,aria-required-parent,Ensure elements with an ARIA role that require parent roles are contained by them,Certain ARIA roles must be contained by particular parents,https://dequeuniversity.com/rules/axe/4.10/aria-required-parent?application=playwright,"<div class=""c-accordion__heading"" role=""tab"">"
38,https://cucatalog.org/polaris/view.aspx?CN=2634321,The Urbana Free Library,critical,aria-required-parent,Ensure elements with an ARIA role that require parent roles are contained by them,Certain ARIA roles must be contained by particular parents,https://dequeuniversity.com/rules/axe/4.10/aria-required-parent?application=playwright,"<div class=""c-accordion__heading"" role=""tab"">"
38,https://cucatalog.org/polaris/view.aspx?CN=2634321,The Urbana Free Library,critical,aria-required-parent,Ensure elements with an ARIA role that require parent roles are contained by them,Certain ARIA roles must be contained by particular parents,https://dequeuniversity.com/rules/axe/4.10/aria-required-parent?application=playwright,"<div class=""c-accordion__heading"" role=""tab"">"
38,https://cucatalog.org/polaris/view.aspx?CN=2634321,The Urbana Free Library,moderate,landmark-banner-is-top-level,Ensure the banner landmark is at top level,Banner landmark should not be contained in another landmark,https://dequeuniversity.com/rules/axe/4.10/landmark-banner-is-top-level?application=playwright,"<header class=""nav-panel__header"">"
38,https://cucatalog.org/polaris/view.aspx?CN=2634321,The Urbana Free Library,moderate,landmark-banner-is-top-level,Ensure the banner landmark is at top level,Banner landmark should not be contained in another landmark,https://dequeuniversity.com/rules/axe/4.10/landmark-banner-is-top-level?application=playwright,"<header class=""nav-panel__header"">"
38,https://cucatalog.org/polaris/view.aspx?CN=2634321,The Urbana Free Library,moderate,landmark-main-is-top-level,Ensure the main landmark is at top level,Main landmark should not be contained in another landmark,https://dequeuniversity.com/rules/axe/4.10/landmark-main-is-top-level?application=playwright,"<main class=""site-footer__main"">"
38,https://cucatalog.org/polaris/view.aspx?CN=2634321,The Urbana Free Library,moderate,landmark-no-duplicate-banner,Ensure the document has at most one banner landmark,Document should not have more than one banner landmark,https://dequeuniversity.com/rules/axe/4.10/landmark-no-duplicate-banner?application=playwright,"<header class=""site-header"">"
38,https://cucatalog.org/polaris/view.aspx?CN=2634321,The Urbana Free Library,moderate,landmark-no-duplicate-main,Ensure the document has at most one main landmark,Document should not have more than one main landmark,https://dequeuniversity.com/rules/axe/4.10/landmark-no-duplicate-main?application=playwright,"<main class=""site-main"" id=""content"">"
38,https://cucatalog.org/polaris/view.aspx?CN=2634321,The Urbana Free Library,moderate,landmark-unique,Ensure landmarks are unique,Landmarks should have a unique role or role/label/title (i.e. accessible name) combination,https://dequeuniversity.com/rules/axe/4.10/landmark-unique?application=playwright,"<header class=""site-header"">"
38,https://cucatalog.org/polaris/view.aspx?CN=2634321,The Urbana Free Library,moderate,landmark-unique,Ensure landmarks are unique,Landmarks should have a unique role or role/label/title (i.e. accessible name) combination,https://dequeuniversity.com/rules/axe/4.10/landmark-unique?application=playwright,"<nav class=""nav-panel__top-nav top-nav top-nav--split-header navbar-collapse"" role=""navigation"">"
38,https://cucatalog.org/polaris/view.aspx?CN=2634321,The Urbana Free Library,moderate,landmark-unique,Ensure landmarks are unique,Landmarks should have a unique role or role/label/title (i.e. accessible name) combination,https://dequeuniversity.com/rules/axe/4.10/landmark-unique?application=playwright,"<main class=""site-main"" id=""content"">"
38,https://cucatalog.org/polaris/view.aspx?CN=2634321,The Urbana Free Library,serious,link-name,Ensure links have discernible text,Links must have discernible text,https://dequeuniversity.com/rules/axe/4.10/link-name?application=playwright,"<a id=""c-accordion-lvl2__title_relatedsearch-2"" class=""c-accordion-lvl2__title-link "" role=""button"" aria-expanded=""true"" aria-controls=""rs-2"" data-toggle=""collapse"" onclick=""javascript:InvokeRSD('collapse', 2)"" href=""#rs-2"">    
                                </a>"
38,https://cucatalog.org/polaris/view.aspx?CN=2634321,The Urbana Free Library,serious,link-name,Ensure links have discernible text,Links must have discernible text,https://dequeuniversity.com/rules/axe/4.10/link-name?application=playwright,"<a id=""c-accordion-lvl2__title_relatedsearch-2"" class=""c-accordion-lvl2__title-link "" role=""button"" aria-expanded=""true"" aria-controls=""rs-2"" data-toggle=""collapse"" onclick=""javascript:InvokeRSD('collapse', 2)"" href=""#rs-2"">"
38,https://cucatalog.org/polaris/view.aspx?CN=2634321,The Urbana Free Library,serious,link-name,Ensure links have discernible text,Links must have discernible text,https://dequeuniversity.com/rules/axe/4.10/link-name?application=playwright,"<a id=""c-accordion-lvl2__title_relatedsearch-2"" class=""c-accordion-lvl2__title-link "" role=""button"" aria-expanded=""true"" aria-controls=""rs-2"" data-toggle=""collapse"" onclick=""javascript:InvokeRSD('collapse', 2)"" href=""#rs-2"">
                                        </a>"
38,https://cucatalog.org/polaris/view.aspx?CN=2634321,The Urbana Free Library,serious,link-name,Ensure links have discernible text,Links must have discernible text,https://dequeuniversity.com/rules/axe/4.10/link-name?application=playwright,"<a id=""c-accordion-lvl2__title_relatedsearch-2"" class=""c-accordion-lvl2__title-link "" role=""button"" aria-expanded=""true"" aria-controls=""rs-2"" data-toggle=""collapse"" onclick=""javascript:InvokeRSD('collapse', 2)"" href=""#rs-2"">
								            </a>"
38,https://cucatalog.org/polaris/view.aspx?CN=2634321,The Urbana Free Library,serious,link-name,Ensure links have discernible text,Links must have discernible text,https://dequeuniversity.com/rules/axe/4.10/link-name?application=playwright,"<a id=""c-accordion-lvl2__title_relatedsearch-2"" class=""c-accordion-lvl2__title-link "" role=""button"" aria-expanded=""true"" aria-controls=""rs-2"" data-toggle=""collapse"" onclick=""javascript:InvokeRSD('collapse', 2)"" href=""#rs-2"">  
									            
											            </a>"
38,https://cucatalog.org/polaris/view.aspx?CN=2634321,The Urbana Free Library,serious,link-name,Ensure links have discernible text,Links must have discernible text,https://dequeuniversity.com/rules/axe/4.10/link-name?application=playwright,"<a id=""c-accordion-lvl2__title_relatedsearch-2"" class=""c-accordion-lvl2__title-link "" role=""button"" aria-expanded=""true"" aria-controls=""rs-2"" data-toggle=""collapse"" onclick=""javascript:InvokeRSD('collapse', 2)"" href=""#rs-2"">  
                                                            </a>"
38,https://cucatalog.org/polaris/view.aspx?CN=2634321,The Urbana Free Library,serious,link-name,Ensure links have discernible text,Links must have discernible text,https://dequeuniversity.com/rules/axe/4.10/link-name?application=playwright,"<a id=""c-accordion-lvl2__title_relatedsearch-3"" class=""c-accordion-lvl2__title-link "" role=""button"" aria-expanded=""true"" aria-controls=""rs-3"" data-toggle=""collapse"" onclick=""javascript:InvokeRSD('collapse', 3)"" href=""#rs-3"">    
                                </a>"
38,https://cucatalog.org/polaris/view.aspx?CN=2634321,The Urbana Free Library,serious,link-name,Ensure links have discernible text,Links must have discernible text,https://dequeuniversity.com/rules/axe/4.10/link-name?application=playwright,"<a id=""c-accordion-lvl2__title_relatedsearch-3"" class=""c-accordion-lvl2__title-link "" role=""button"" aria-expanded=""true"" aria-controls=""rs-3"" data-toggle=""collapse"" onclick=""javascript:InvokeRSD('collapse', 3)"" href=""#rs-3"">"
38,https://cucatalog.org/polaris/view.aspx?CN=2634321,The Urbana Free Library,serious,link-name,Ensure links have discernible text,Links must have discernible text,https://dequeuniversity.com/rules/axe/4.10/link-name?application=playwright,"<a id=""c-accordion-lvl2__title_relatedsearch-3"" class=""c-accordion-lvl2__title-link "" role=""button"" aria-expanded=""true"" aria-controls=""rs-3"" data-toggle=""collapse"" onclick=""javascript:InvokeRSD('collapse', 3)"" href=""#rs-3"">
                                        </a>"
38,https://cucatalog.org/polaris/view.aspx?CN=2634321,The Urbana Free Library,serious,link-name,Ensure links have discernible text,Links must have discernible text,https://dequeuniversity.com/rules/axe/4.10/link-name?application=playwright,"<a id=""c-accordion-lvl2__title_relatedsearch-3"" class=""c-accordion-lvl2__title-link "" role=""button"" aria-expanded=""true"" aria-controls=""rs-3"" data-toggle=""collapse"" onclick=""javascript:InvokeRSD('collapse', 3)"" href=""#rs-3"">
								            </a>"
38,https://cucatalog.org/polaris/view.aspx?CN=2634321,The Urbana Free Library,serious,link-name,Ensure links have discernible text,Links must have discernible text,https://dequeuniversity.com/rules/axe/4.10/link-name?application=playwright,"<a id=""c-accordion-lvl2__title_relatedsearch-3"" class=""c-accordion-lvl2__title-link "" role=""button"" aria-expanded=""true"" aria-controls=""rs-3"" data-toggle=""collapse"" onclick=""javascript:InvokeRSD('collapse', 3)"" href=""#rs-3"">  
									            
											            </a>"
38,https://cucatalog.org/polaris/view.aspx?CN=2634321,The Urbana Free Library,serious,link-name,Ensure links have discernible text,Links must have discernible text,https://dequeuniversity.com/rules/axe/4.10/link-name?application=playwright,"<a id=""c-accordion-lvl2__title_relatedsearch-3"" class=""c-accordion-lvl2__title-link "" role=""button"" aria-expanded=""true"" aria-controls=""rs-3"" data-toggle=""collapse"" onclick=""javascript:InvokeRSD('collapse', 3)"" href=""#rs-3"">  
                                                            </a>"
38,https://cucatalog.org/polaris/view.aspx?CN=2634321,The Urbana Free Library,serious,list,Ensure that lists are structured correctly,"<ul> and <ol> must only directly contain <li>, <script> or <template> elements",https://dequeuniversity.com/rules/axe/4.10/list?application=playwright,"<ul id=""c-title-detail__button-list-"" class=""c-title-detail-actions__list"" data-item-pos=""1"" data-item-page=""0"">"
38,https://cucatalog.org/polaris/view.aspx?CN=2634321,The Urbana Free Library,serious,list,Ensure that lists are structured correctly,"<ul> and <ol> must only directly contain <li>, <script> or <template> elements",https://dequeuniversity.com/rules/axe/4.10/list?application=playwright,"<ul class="" c-accordion__list c-accordion__list--show-bullets"">"
38,https://cucatalog.org/polaris/view.aspx?CN=2634321,The Urbana Free Library,serious,list,Ensure that lists are structured correctly,"<ul> and <ol> must only directly contain <li>, <script> or <template> elements",https://dequeuniversity.com/rules/axe/4.10/list?application=playwright,"<ul class="" c-accordion__list c-accordion__list--show-bullets"">"
38,https://cucatalog.org/polaris/view.aspx?CN=2634321,The Urbana Free Library,serious,listitem,Ensure <li> elements are used semantically,<li> elements must be contained in a <ul> or <ol>,https://dequeuniversity.com/rules/axe/4.10/listitem?application=playwright,"<li class=""nav__nav expandable-block-nav"">"
38,https://cucatalog.org/polaris/view.aspx?CN=2634321,The Urbana Free Library,serious,nested-interactive,Ensure interactive controls are not nested as they are not always announced by screen readers or can cause focus problems for assistive technologies,Interactive controls must not be nested,https://dequeuniversity.com/rules/axe/4.10/nested-interactive?application=playwright,"<div class=""c-accordion__heading"" role=""tab"">"
38,https://cucatalog.org/polaris/view.aspx?CN=2634321,The Urbana Free Library,serious,nested-interactive,Ensure interactive controls are not nested as they are not always announced by screen readers or can cause focus problems for assistive technologies,Interactive controls must not be nested,https://dequeuniversity.com/rules/axe/4.10/nested-interactive?application=playwright,"<div class=""c-accordion-lvl2__heading"" role=""tab"">"
38,https://cucatalog.org/polaris/view.aspx?CN=2634321,The Urbana Free Library,serious,nested-interactive,Ensure interactive controls are not nested as they are not always announced by screen readers or can cause focus problems for assistive technologies,Interactive controls must not be nested,https://dequeuniversity.com/rules/axe/4.10/nested-interactive?application=playwright,"<div class=""c-accordion-lvl2__heading"" role=""tab"">"
38,https://cucatalog.org/polaris/view.aspx?CN=2634321,The Urbana Free Library,serious,nested-interactive,Ensure interactive controls are not nested as they are not always announced by screen readers or can cause focus problems for assistive technologies,Interactive controls must not be nested,https://dequeuniversity.com/rules/axe/4.10/nested-interactive?application=playwright,"<div class=""c-accordion-lvl2__heading"" role=""tab"">"
38,https://cucatalog.org/polaris/view.aspx?CN=2634321,The Urbana Free Library,serious,nested-interactive,Ensure interactive controls are not nested as they are not always announced by screen readers or can cause focus problems for assistive technologies,Interactive controls must not be nested,https://dequeuniversity.com/rules/axe/4.10/nested-interactive?application=playwright,"<div class=""c-accordion__heading"" role=""tab"">"
38,https://cucatalog.org/polaris/view.aspx?CN=2634321,The Urbana Free Library,serious,nested-interactive,Ensure interactive controls are not nested as they are not always announced by screen readers or can cause focus problems for assistive technologies,Interactive controls must not be nested,https://dequeuniversity.com/rules/axe/4.10/nested-interactive?application=playwright,"<div class=""c-accordion__heading"" role=""tab"">"
38,https://cucatalog.org/polaris/view.aspx?CN=2634321,The Urbana Free Library,serious,nested-interactive,Ensure interactive controls are not nested as they are not always announced by screen readers or can cause focus problems for assistive technologies,Interactive controls must not be nested,https://dequeuniversity.com/rules/axe/4.10/nested-interactive?application=playwright,"<div class=""c-accordion__heading"" role=""tab"">"
38,https://cucatalog.org/polaris/view.aspx?CN=2634321,The Urbana Free Library,serious,nested-interactive,Ensure interactive controls are not nested as they are not always announced by screen readers or can cause focus problems for assistive technologies,Interactive controls must not be nested,https://dequeuniversity.com/rules/axe/4.10/nested-interactive?application=playwright,"<div class=""c-accordion__heading"" role=""tab"">"
38,https://cucatalog.org/polaris/view.aspx?CN=2634321,The Urbana Free Library,serious,nested-interactive,Ensure interactive controls are not nested as they are not always announced by screen readers or can cause focus problems for assistive technologies,Interactive controls must not be nested,https://dequeuniversity.com/rules/axe/4.10/nested-interactive?application=playwright,"<div class=""c-accordion__heading"" role=""tab"">"
38,https://cucatalog.org/polaris/view.aspx?CN=2634321,The Urbana Free Library,serious,nested-interactive,Ensure interactive controls are not nested as they are not always announced by screen readers or can cause focus problems for assistive technologies,Interactive controls must not be nested,https://dequeuniversity.com/rules/axe/4.10/nested-interactive?application=playwright,"<div class=""c-accordion__heading"" role=""tab"">"
38,https://cucatalog.org/polaris/view.aspx?CN=2634321,The Urbana Free Library,serious,nested-interactive,Ensure interactive controls are not nested as they are not always announced by screen readers or can cause focus problems for assistive technologies,Interactive controls must not be nested,https://dequeuniversity.com/rules/axe/4.10/nested-interactive?application=playwright,"<div class=""c-accordion__heading"" role=""tab"">"
38,https://cucatalog.org/polaris/view.aspx?CN=2634321,The Urbana Free Library,serious,nested-interactive,Ensure interactive controls are not nested as they are not always announced by screen readers or can cause focus problems for assistive technologies,Interactive controls must not be nested,https://dequeuniversity.com/rules/axe/4.10/nested-interactive?application=playwright,"<div class=""c-accordion__heading"" role=""tab"">"
38,https://cucatalog.org/polaris/view.aspx?CN=2634321,The Urbana Free Library,moderate,page-has-heading-one,"Ensure that the page, or at least one of its frames contains a level-one heading",Page should contain a level-one heading,https://dequeuniversity.com/rules/axe/4.10/page-has-heading-one?application=playwright,"<html class=""js flexbox flexboxlegacy canvas canvastext webgl no-touch geolocation postmessage no-websqldatabase indexeddb hashchange history draganddrop websockets rgba hsla multiplebgs backgroundsize borderimage borderradius boxshadow textshadow opacity cssanimations csscolumns cssgradients cssreflections csstransforms csstransforms3d csstransitions fontface generatedcontent video audio localstorage sessionstorage webworkers no-applicationcache svg inlinesvg smil svgclippaths"" lang=""en"" style="""">"
39,https://cucatalog.org/polaris/view.aspx?CN=2644129,The Urbana Free Library,critical,aria-allowed-attr,Ensure an element's role supports its ARIA attributes,Elements must only use supported ARIA attributes,https://dequeuniversity.com/rules/axe/4.10/aria-allowed-attr?application=playwright,"<div class=""c-search-header-options__container collapse in"" id=""c-search-header__search-options"" aria-labelledby=""c-search-header__search-options"" aria-expanded=""true"" style="""">"
39,https://cucatalog.org/polaris/view.aspx?CN=2644129,The Urbana Free Library,serious,aria-hidden-focus,Ensure aria-hidden elements are not focusable nor contain focusable elements,ARIA hidden element must not be focusable or contain focusable elements,https://dequeuniversity.com/rules/axe/4.10/aria-hidden-focus?application=playwright,"<a id=""__pos-1"" href=""#"" aria-hidden=""true"" aria-label=""Search Result""></a>"
39,https://cucatalog.org/polaris/view.aspx?CN=2644129,The Urbana Free Library,critical,aria-required-attr,Ensure elements with ARIA roles have all required ARIA attributes,Required ARIA attributes must be provided,https://dequeuniversity.com/rules/axe/4.10/aria-required-attr?application=playwright,"<select name=""ctl00$BodyMainContent$ctrlSearchBars$searchbarKeyword$dropdownSearchBy"" id=""dropdownSearchBy"" class=""SearchByList c-search-header__dropdown c-search-header__box--height"" aria-labelledby=""dropdownSearchByLabel"" role=""combobox"">"
39,https://cucatalog.org/polaris/view.aspx?CN=2644129,The Urbana Free Library,critical,aria-required-attr,Ensure elements with ARIA roles have all required ARIA attributes,Required ARIA attributes must be provided,https://dequeuniversity.com/rules/axe/4.10/aria-required-attr?application=playwright,"<select name=""ctl00$BodyMainContent$ctrlSearchBars$searchbarKeyword$dropdownLimitFilter"" id=""dropdownLimitFilter"" class=""c-search-header__dropdown c-search-header__box--height"" aria-labelledby=""dropdownLimitFilterLabel"" role=""combobox"" onchange=""javascript: AddDefaultTermAndHighlight('textboxTerm'); CheckDetailedMaterial();"">"
39,https://cucatalog.org/polaris/view.aspx?CN=2644129,The Urbana Free Library,critical,aria-required-children,Ensure elements with an ARIA role that require child roles contain them,Certain ARIA roles must contain particular children,https://dequeuniversity.com/rules/axe/4.10/aria-required-children?application=playwright,"<div class=""c-accordion-lvl2"" role=""tablist"" aria-multiselectable=""true"">"
39,https://cucatalog.org/polaris/view.aspx?CN=2644129,The Urbana Free Library,critical,aria-required-children,Ensure elements with an ARIA role that require child roles contain them,Certain ARIA roles must contain particular children,https://dequeuniversity.com/rules/axe/4.10/aria-required-children?application=playwright,"<div class=""c-accordion-lvl2__heading"" role=""tablist"">"
39,https://cucatalog.org/polaris/view.aspx?CN=2644129,The Urbana Free Library,critical,aria-required-parent,Ensure elements with an ARIA role that require parent roles are contained by them,Certain ARIA roles must be contained by particular parents,https://dequeuniversity.com/rules/axe/4.10/aria-required-parent?application=playwright,"<div class=""c-accordion__heading"" role=""tab"">"
39,https://cucatalog.org/polaris/view.aspx?CN=2644129,The Urbana Free Library,critical,aria-required-parent,Ensure elements with an ARIA role that require parent roles are contained by them,Certain ARIA roles must be contained by particular parents,https://dequeuniversity.com/rules/axe/4.10/aria-required-parent?application=playwright,"<div class=""c-accordion__heading"" role=""tab"">"
39,https://cucatalog.org/polaris/view.aspx?CN=2644129,The Urbana Free Library,critical,aria-required-parent,Ensure elements with an ARIA role that require parent roles are contained by them,Certain ARIA roles must be contained by particular parents,https://dequeuniversity.com/rules/axe/4.10/aria-required-parent?application=playwright,"<div class=""c-accordion__heading"" role=""tab"">"
39,https://cucatalog.org/polaris/view.aspx?CN=2644129,The Urbana Free Library,critical,aria-required-parent,Ensure elements with an ARIA role that require parent roles are contained by them,Certain ARIA roles must be contained by particular parents,https://dequeuniversity.com/rules/axe/4.10/aria-required-parent?application=playwright,"<div class=""c-accordion__heading"" role=""tab"">"
39,https://cucatalog.org/polaris/view.aspx?CN=2644129,The Urbana Free Library,critical,aria-required-parent,Ensure elements with an ARIA role that require parent roles are contained by them,Certain ARIA roles must be contained by particular parents,https://dequeuniversity.com/rules/axe/4.10/aria-required-parent?application=playwright,"<div class=""c-accordion__heading"" role=""tab"">"
39,https://cucatalog.org/polaris/view.aspx?CN=2644129,The Urbana Free Library,critical,aria-required-parent,Ensure elements with an ARIA role that require parent roles are contained by them,Certain ARIA roles must be contained by particular parents,https://dequeuniversity.com/rules/axe/4.10/aria-required-parent?application=playwright,"<div class=""c-accordion__heading"" role=""tab"">"
39,https://cucatalog.org/polaris/view.aspx?CN=2644129,The Urbana Free Library,critical,aria-required-parent,Ensure elements with an ARIA role that require parent roles are contained by them,Certain ARIA roles must be contained by particular parents,https://dequeuniversity.com/rules/axe/4.10/aria-required-parent?application=playwright,"<div class=""c-accordion__heading"" role=""tab"">"
39,https://cucatalog.org/polaris/view.aspx?CN=2644129,The Urbana Free Library,critical,aria-required-parent,Ensure elements with an ARIA role that require parent roles are contained by them,Certain ARIA roles must be contained by particular parents,https://dequeuniversity.com/rules/axe/4.10/aria-required-parent?application=playwright,"<div class=""c-accordion__heading"" role=""tab"">"
39,https://cucatalog.org/polaris/view.aspx?CN=2644129,The Urbana Free Library,critical,aria-required-parent,Ensure elements with an ARIA role that require parent roles are contained by them,Certain ARIA roles must be contained by particular parents,https://dequeuniversity.com/rules/axe/4.10/aria-required-parent?application=playwright,"<div class=""c-accordion__heading"" role=""tab"">"
39,https://cucatalog.org/polaris/view.aspx?CN=2644129,The Urbana Free Library,moderate,landmark-banner-is-top-level,Ensure the banner landmark is at top level,Banner landmark should not be contained in another landmark,https://dequeuniversity.com/rules/axe/4.10/landmark-banner-is-top-level?application=playwright,"<header class=""nav-panel__header"">"
39,https://cucatalog.org/polaris/view.aspx?CN=2644129,The Urbana Free Library,moderate,landmark-banner-is-top-level,Ensure the banner landmark is at top level,Banner landmark should not be contained in another landmark,https://dequeuniversity.com/rules/axe/4.10/landmark-banner-is-top-level?application=playwright,"<header class=""nav-panel__header"">"
39,https://cucatalog.org/polaris/view.aspx?CN=2644129,The Urbana Free Library,moderate,landmark-main-is-top-level,Ensure the main landmark is at top level,Main landmark should not be contained in another landmark,https://dequeuniversity.com/rules/axe/4.10/landmark-main-is-top-level?application=playwright,"<main class=""site-footer__main"">"
39,https://cucatalog.org/polaris/view.aspx?CN=2644129,The Urbana Free Library,moderate,landmark-no-duplicate-banner,Ensure the document has at most one banner landmark,Document should not have more than one banner landmark,https://dequeuniversity.com/rules/axe/4.10/landmark-no-duplicate-banner?application=playwright,"<header class=""site-header"">"
39,https://cucatalog.org/polaris/view.aspx?CN=2644129,The Urbana Free Library,moderate,landmark-no-duplicate-main,Ensure the document has at most one main landmark,Document should not have more than one main landmark,https://dequeuniversity.com/rules/axe/4.10/landmark-no-duplicate-main?application=playwright,"<main class=""site-main"" id=""content"">"
39,https://cucatalog.org/polaris/view.aspx?CN=2644129,The Urbana Free Library,moderate,landmark-unique,Ensure landmarks are unique,Landmarks should have a unique role or role/label/title (i.e. accessible name) combination,https://dequeuniversity.com/rules/axe/4.10/landmark-unique?application=playwright,"<header class=""site-header"">"
39,https://cucatalog.org/polaris/view.aspx?CN=2644129,The Urbana Free Library,moderate,landmark-unique,Ensure landmarks are unique,Landmarks should have a unique role or role/label/title (i.e. accessible name) combination,https://dequeuniversity.com/rules/axe/4.10/landmark-unique?application=playwright,"<nav class=""nav-panel__top-nav top-nav top-nav--split-header navbar-collapse"" role=""navigation"">"
39,https://cucatalog.org/polaris/view.aspx?CN=2644129,The Urbana Free Library,moderate,landmark-unique,Ensure landmarks are unique,Landmarks should have a unique role or role/label/title (i.e. accessible name) combination,https://dequeuniversity.com/rules/axe/4.10/landmark-unique?application=playwright,"<main class=""site-main"" id=""content"">"
39,https://cucatalog.org/polaris/view.aspx?CN=2644129,The Urbana Free Library,serious,link-name,Ensure links have discernible text,Links must have discernible text,https://dequeuniversity.com/rules/axe/4.10/link-name?application=playwright,"<a id=""c-accordion-lvl2__title_relatedsearch-2"" class=""c-accordion-lvl2__title-link "" role=""button"" aria-expanded=""true"" aria-controls=""rs-2"" data-toggle=""collapse"" onclick=""javascript:InvokeRSD('collapse', 2)"" href=""#rs-2"">    
                                </a>"
39,https://cucatalog.org/polaris/view.aspx?CN=2644129,The Urbana Free Library,serious,link-name,Ensure links have discernible text,Links must have discernible text,https://dequeuniversity.com/rules/axe/4.10/link-name?application=playwright,"<a id=""c-accordion-lvl2__title_relatedsearch-2"" class=""c-accordion-lvl2__title-link "" role=""button"" aria-expanded=""true"" aria-controls=""rs-2"" data-toggle=""collapse"" onclick=""javascript:InvokeRSD('collapse', 2)"" href=""#rs-2"">"
39,https://cucatalog.org/polaris/view.aspx?CN=2644129,The Urbana Free Library,serious,link-name,Ensure links have discernible text,Links must have discernible text,https://dequeuniversity.com/rules/axe/4.10/link-name?application=playwright,"<a id=""c-accordion-lvl2__title_relatedsearch-2"" class=""c-accordion-lvl2__title-link "" role=""button"" aria-expanded=""true"" aria-controls=""rs-2"" data-toggle=""collapse"" onclick=""javascript:InvokeRSD('collapse', 2)"" href=""#rs-2"">
                                        </a>"
39,https://cucatalog.org/polaris/view.aspx?CN=2644129,The Urbana Free Library,serious,link-name,Ensure links have discernible text,Links must have discernible text,https://dequeuniversity.com/rules/axe/4.10/link-name?application=playwright,"<a id=""c-accordion-lvl2__title_relatedsearch-2"" class=""c-accordion-lvl2__title-link "" role=""button"" aria-expanded=""true"" aria-controls=""rs-2"" data-toggle=""collapse"" onclick=""javascript:InvokeRSD('collapse', 2)"" href=""#rs-2"">
								            </a>"
39,https://cucatalog.org/polaris/view.aspx?CN=2644129,The Urbana Free Library,serious,link-name,Ensure links have discernible text,Links must have discernible text,https://dequeuniversity.com/rules/axe/4.10/link-name?application=playwright,"<a id=""c-accordion-lvl2__title_relatedsearch-2"" class=""c-accordion-lvl2__title-link "" role=""button"" aria-expanded=""true"" aria-controls=""rs-2"" data-toggle=""collapse"" onclick=""javascript:InvokeRSD('collapse', 2)"" href=""#rs-2"">  
									            
											            </a>"
39,https://cucatalog.org/polaris/view.aspx?CN=2644129,The Urbana Free Library,serious,link-name,Ensure links have discernible text,Links must have discernible text,https://dequeuniversity.com/rules/axe/4.10/link-name?application=playwright,"<a id=""c-accordion-lvl2__title_relatedsearch-2"" class=""c-accordion-lvl2__title-link "" role=""button"" aria-expanded=""true"" aria-controls=""rs-2"" data-toggle=""collapse"" onclick=""javascript:InvokeRSD('collapse', 2)"" href=""#rs-2"">  
                                                            </a>"
39,https://cucatalog.org/polaris/view.aspx?CN=2644129,The Urbana Free Library,serious,link-name,Ensure links have discernible text,Links must have discernible text,https://dequeuniversity.com/rules/axe/4.10/link-name?application=playwright,"<a id=""c-accordion-lvl2__title_relatedsearch-3"" class=""c-accordion-lvl2__title-link "" role=""button"" aria-expanded=""true"" aria-controls=""rs-3"" data-toggle=""collapse"" onclick=""javascript:InvokeRSD('collapse', 3)"" href=""#rs-3"">    
                                </a>"
39,https://cucatalog.org/polaris/view.aspx?CN=2644129,The Urbana Free Library,serious,link-name,Ensure links have discernible text,Links must have discernible text,https://dequeuniversity.com/rules/axe/4.10/link-name?application=playwright,"<a id=""c-accordion-lvl2__title_relatedsearch-3"" class=""c-accordion-lvl2__title-link "" role=""button"" aria-expanded=""true"" aria-controls=""rs-3"" data-toggle=""collapse"" onclick=""javascript:InvokeRSD('collapse', 3)"" href=""#rs-3"">"
39,https://cucatalog.org/polaris/view.aspx?CN=2644129,The Urbana Free Library,serious,link-name,Ensure links have discernible text,Links must have discernible text,https://dequeuniversity.com/rules/axe/4.10/link-name?application=playwright,"<a id=""c-accordion-lvl2__title_relatedsearch-3"" class=""c-accordion-lvl2__title-link "" role=""button"" aria-expanded=""true"" aria-controls=""rs-3"" data-toggle=""collapse"" onclick=""javascript:InvokeRSD('collapse', 3)"" href=""#rs-3"">
                                        </a>"
39,https://cucatalog.org/polaris/view.aspx?CN=2644129,The Urbana Free Library,serious,link-name,Ensure links have discernible text,Links must have discernible text,https://dequeuniversity.com/rules/axe/4.10/link-name?application=playwright,"<a id=""c-accordion-lvl2__title_relatedsearch-3"" class=""c-accordion-lvl2__title-link "" role=""button"" aria-expanded=""true"" aria-controls=""rs-3"" data-toggle=""collapse"" onclick=""javascript:InvokeRSD('collapse', 3)"" href=""#rs-3"">
								            </a>"
39,https://cucatalog.org/polaris/view.aspx?CN=2644129,The Urbana Free Library,serious,link-name,Ensure links have discernible text,Links must have discernible text,https://dequeuniversity.com/rules/axe/4.10/link-name?application=playwright,"<a id=""c-accordion-lvl2__title_relatedsearch-3"" class=""c-accordion-lvl2__title-link "" role=""button"" aria-expanded=""true"" aria-controls=""rs-3"" data-toggle=""collapse"" onclick=""javascript:InvokeRSD('collapse', 3)"" href=""#rs-3"">  
									            
											            </a>"
39,https://cucatalog.org/polaris/view.aspx?CN=2644129,The Urbana Free Library,serious,link-name,Ensure links have discernible text,Links must have discernible text,https://dequeuniversity.com/rules/axe/4.10/link-name?application=playwright,"<a id=""c-accordion-lvl2__title_relatedsearch-3"" class=""c-accordion-lvl2__title-link "" role=""button"" aria-expanded=""true"" aria-controls=""rs-3"" data-toggle=""collapse"" onclick=""javascript:InvokeRSD('collapse', 3)"" href=""#rs-3"">  
                                                            </a>"
39,https://cucatalog.org/polaris/view.aspx?CN=2644129,The Urbana Free Library,serious,list,Ensure that lists are structured correctly,"<ul> and <ol> must only directly contain <li>, <script> or <template> elements",https://dequeuniversity.com/rules/axe/4.10/list?application=playwright,"<ul id=""c-title-detail__button-list-"" class=""c-title-detail-actions__list"" data-item-pos=""1"" data-item-page=""0"">"
39,https://cucatalog.org/polaris/view.aspx?CN=2644129,The Urbana Free Library,serious,list,Ensure that lists are structured correctly,"<ul> and <ol> must only directly contain <li>, <script> or <template> elements",https://dequeuniversity.com/rules/axe/4.10/list?application=playwright,"<ul class="" c-accordion__list c-accordion__list--show-bullets"">"
39,https://cucatalog.org/polaris/view.aspx?CN=2644129,The Urbana Free Library,serious,list,Ensure that lists are structured correctly,"<ul> and <ol> must only directly contain <li>, <script> or <template> elements",https://dequeuniversity.com/rules/axe/4.10/list?application=playwright,"<ul class="" c-accordion__list c-accordion__list--show-bullets"">"
39,https://cucatalog.org/polaris/view.aspx?CN=2644129,The Urbana Free Library,serious,listitem,Ensure <li> elements are used semantically,<li> elements must be contained in a <ul> or <ol>,https://dequeuniversity.com/rules/axe/4.10/listitem?application=playwright,"<li class=""nav__nav expandable-block-nav"">"
39,https://cucatalog.org/polaris/view.aspx?CN=2644129,The Urbana Free Library,serious,nested-interactive,Ensure interactive controls are not nested as they are not always announced by screen readers or can cause focus problems for assistive technologies,Interactive controls must not be nested,https://dequeuniversity.com/rules/axe/4.10/nested-interactive?application=playwright,"<div class=""c-accordion__heading"" role=""tab"">"
39,https://cucatalog.org/polaris/view.aspx?CN=2644129,The Urbana Free Library,serious,nested-interactive,Ensure interactive controls are not nested as they are not always announced by screen readers or can cause focus problems for assistive technologies,Interactive controls must not be nested,https://dequeuniversity.com/rules/axe/4.10/nested-interactive?application=playwright,"<div class=""c-accordion-lvl2__heading"" role=""tab"">"
39,https://cucatalog.org/polaris/view.aspx?CN=2644129,The Urbana Free Library,serious,nested-interactive,Ensure interactive controls are not nested as they are not always announced by screen readers or can cause focus problems for assistive technologies,Interactive controls must not be nested,https://dequeuniversity.com/rules/axe/4.10/nested-interactive?application=playwright,"<div class=""c-accordion-lvl2__heading"" role=""tab"">"
39,https://cucatalog.org/polaris/view.aspx?CN=2644129,The Urbana Free Library,serious,nested-interactive,Ensure interactive controls are not nested as they are not always announced by screen readers or can cause focus problems for assistive technologies,Interactive controls must not be nested,https://dequeuniversity.com/rules/axe/4.10/nested-interactive?application=playwright,"<div class=""c-accordion-lvl2__heading"" role=""tab"">"
39,https://cucatalog.org/polaris/view.aspx?CN=2644129,The Urbana Free Library,serious,nested-interactive,Ensure interactive controls are not nested as they are not always announced by screen readers or can cause focus problems for assistive technologies,Interactive controls must not be nested,https://dequeuniversity.com/rules/axe/4.10/nested-interactive?application=playwright,"<div class=""c-accordion__heading"" role=""tab"">"
39,https://cucatalog.org/polaris/view.aspx?CN=2644129,The Urbana Free Library,serious,nested-interactive,Ensure interactive controls are not nested as they are not always announced by screen readers or can cause focus problems for assistive technologies,Interactive controls must not be nested,https://dequeuniversity.com/rules/axe/4.10/nested-interactive?application=playwright,"<div class=""c-accordion__heading"" role=""tab"">"
39,https://cucatalog.org/polaris/view.aspx?CN=2644129,The Urbana Free Library,serious,nested-interactive,Ensure interactive controls are not nested as they are not always announced by screen readers or can cause focus problems for assistive technologies,Interactive controls must not be nested,https://dequeuniversity.com/rules/axe/4.10/nested-interactive?application=playwright,"<div class=""c-accordion__heading"" role=""tab"">"
39,https://cucatalog.org/polaris/view.aspx?CN=2644129,The Urbana Free Library,serious,nested-interactive,Ensure interactive controls are not nested as they are not always announced by screen readers or can cause focus problems for assistive technologies,Interactive controls must not be nested,https://dequeuniversity.com/rules/axe/4.10/nested-interactive?application=playwright,"<div class=""c-accordion__heading"" role=""tab"">"
39,https://cucatalog.org/polaris/view.aspx?CN=2644129,The Urbana Free Library,serious,nested-interactive,Ensure interactive controls are not nested as they are not always announced by screen readers or can cause focus problems for assistive technologies,Interactive controls must not be nested,https://dequeuniversity.com/rules/axe/4.10/nested-interactive?application=playwright,"<div class=""c-accordion__heading"" role=""tab"">"
39,https://cucatalog.org/polaris/view.aspx?CN=2644129,The Urbana Free Library,serious,nested-interactive,Ensure interactive controls are not nested as they are not always announced by screen readers or can cause focus problems for assistive technologies,Interactive controls must not be nested,https://dequeuniversity.com/rules/axe/4.10/nested-interactive?application=playwright,"<div class=""c-accordion__heading"" role=""tab"">"
39,https://cucatalog.org/polaris/view.aspx?CN=2644129,The Urbana Free Library,serious,nested-interactive,Ensure interactive controls are not nested as they are not always announced by screen readers or can cause focus problems for assistive technologies,Interactive controls must not be nested,https://dequeuniversity.com/rules/axe/4.10/nested-interactive?application=playwright,"<div class=""c-accordion__heading"" role=""tab"">"
39,https://cucatalog.org/polaris/view.aspx?CN=2644129,The Urbana Free Library,serious,nested-interactive,Ensure interactive controls are not nested as they are not always announced by screen readers or can cause focus problems for assistive technologies,Interactive controls must not be nested,https://dequeuniversity.com/rules/axe/4.10/nested-interactive?application=playwright,"<div class=""c-accordion__heading"" role=""tab"">"
39,https://cucatalog.org/polaris/view.aspx?CN=2644129,The Urbana Free Library,moderate,page-has-heading-one,"Ensure that the page, or at least one of its frames contains a level-one heading",Page should contain a level-one heading,https://dequeuniversity.com/rules/axe/4.10/page-has-heading-one?application=playwright,"<html class=""js flexbox flexboxlegacy canvas canvastext webgl no-touch geolocation postmessage no-websqldatabase indexeddb hashchange history draganddrop websockets rgba hsla multiplebgs backgroundsize borderimage borderradius boxshadow textshadow opacity cssanimations csscolumns cssgradients cssreflections csstransforms csstransforms3d csstransitions fontface generatedcontent video audio localstorage sessionstorage webworkers no-applicationcache svg inlinesvg smil svgclippaths"" lang=""en"" style="""">"
4,https://cucatalog.org/polaris/default.aspx?ctx=6.1033.0.0.1,The Urbana Free Library,critical,aria-required-parent,Ensure elements with an ARIA role that require parent roles are contained by them,Certain ARIA roles must be contained by particular parents,https://dequeuniversity.com/rules/axe/4.10/aria-required-parent?application=playwright,"<div class=""c-accordion__heading"" role=""tab"">"
4,https://cucatalog.org/polaris/default.aspx?ctx=6.1033.0.0.1,The Urbana Free Library,critical,aria-required-parent,Ensure elements with an ARIA role that require parent roles are contained by them,Certain ARIA roles must be contained by particular parents,https://dequeuniversity.com/rules/axe/4.10/aria-required-parent?application=playwright,"<div class=""c-accordion__heading"" role=""tab"">"
4,https://cucatalog.org/polaris/default.aspx?ctx=6.1033.0.0.1,The Urbana Free Library,critical,aria-required-parent,Ensure elements with an ARIA role that require parent roles are contained by them,Certain ARIA roles must be contained by particular parents,https://dequeuniversity.com/rules/axe/4.10/aria-required-parent?application=playwright,"<div class=""c-accordion__heading"" role=""tab"">"
4,https://cucatalog.org/polaris/default.aspx?ctx=6.1033.0.0.1,The Urbana Free Library,critical,aria-required-parent,Ensure elements with an ARIA role that require parent roles are contained by them,Certain ARIA roles must be contained by particular parents,https://dequeuniversity.com/rules/axe/4.10/aria-required-parent?application=playwright,"<div class=""c-accordion__heading"" role=""tab"">"
4,https://cucatalog.org/polaris/default.aspx?ctx=6.1033.0.0.1,The Urbana Free Library,critical,aria-required-parent,Ensure elements with an ARIA role that require parent roles are contained by them,Certain ARIA roles must be contained by particular parents,https://dequeuniversity.com/rules/axe/4.10/aria-required-parent?application=playwright,"<div class=""c-accordion__heading"" role=""tab"">"
4,https://cucatalog.org/polaris/default.aspx?ctx=6.1033.0.0.1,The Urbana Free Library,critical,aria-required-parent,Ensure elements with an ARIA role that require parent roles are contained by them,Certain ARIA roles must be contained by particular parents,https://dequeuniversity.com/rules/axe/4.10/aria-required-parent?application=playwright,"<div class=""c-accordion__heading"" role=""tab"">"
4,https://cucatalog.org/polaris/default.aspx?ctx=6.1033.0.0.1,The Urbana Free Library,critical,aria-required-parent,Ensure elements with an ARIA role that require parent roles are contained by them,Certain ARIA roles must be contained by particular parents,https://dequeuniversity.com/rules/axe/4.10/aria-required-parent?application=playwright,"<div class=""c-accordion__heading"" role=""tab"">"
4,https://cucatalog.org/polaris/default.aspx?ctx=6.1033.0.0.1,The Urbana Free Library,critical,aria-required-parent,Ensure elements with an ARIA role that require parent roles are contained by them,Certain ARIA roles must be contained by particular parents,https://dequeuniversity.com/rules/axe/4.10/aria-required-parent?application=playwright,"<div class=""c-accordion__heading"" role=""tab"">"
4,https://cucatalog.org/polaris/default.aspx?ctx=6.1033.0.0.1,The Urbana Free Library,critical,aria-required-parent,Ensure elements with an ARIA role that require parent roles are contained by them,Certain ARIA roles must be contained by particular parents,https://dequeuniversity.com/rules/axe/4.10/aria-required-parent?application=playwright,"<div class=""c-accordion__heading"" role=""tab"">"
4,https://cucatalog.org/polaris/default.aspx?ctx=6.1033.0.0.1,The Urbana Free Library,critical,aria-required-parent,Ensure elements with an ARIA role that require parent roles are contained by them,Certain ARIA roles must be contained by particular parents,https://dequeuniversity.com/rules/axe/4.10/aria-required-parent?application=playwright,"<div class=""c-accordion__heading"" role=""tab"">"
4,https://cucatalog.org/polaris/default.aspx?ctx=6.1033.0.0.1,The Urbana Free Library,critical,aria-required-parent,Ensure elements with an ARIA role that require parent roles are contained by them,Certain ARIA roles must be contained by particular parents,https://dequeuniversity.com/rules/axe/4.10/aria-required-parent?application=playwright,"<div class=""c-accordion__heading"" role=""tab"">"
4,https://cucatalog.org/polaris/default.aspx?ctx=6.1033.0.0.1,The Urbana Free Library,critical,aria-required-parent,Ensure elements with an ARIA role that require parent roles are contained by them,Certain ARIA roles must be contained by particular parents,https://dequeuniversity.com/rules/axe/4.10/aria-required-parent?application=playwright,"<div class=""c-accordion__heading"" role=""tab"">"
4,https://cucatalog.org/polaris/default.aspx?ctx=6.1033.0.0.1,The Urbana Free Library,critical,aria-required-parent,Ensure elements with an ARIA role that require parent roles are contained by them,Certain ARIA roles must be contained by particular parents,https://dequeuniversity.com/rules/axe/4.10/aria-required-parent?application=playwright,"<div class=""c-accordion__heading"" role=""tab"">"
4,https://cucatalog.org/polaris/default.aspx?ctx=6.1033.0.0.1,The Urbana Free Library,critical,aria-required-parent,Ensure elements with an ARIA role that require parent roles are contained by them,Certain ARIA roles must be contained by particular parents,https://dequeuniversity.com/rules/axe/4.10/aria-required-parent?application=playwright,"<div class=""c-accordion__heading"" role=""tab"">"
4,https://cucatalog.org/polaris/default.aspx?ctx=6.1033.0.0.1,The Urbana Free Library,critical,aria-required-parent,Ensure elements with an ARIA role that require parent roles are contained by them,Certain ARIA roles must be contained by particular parents,https://dequeuniversity.com/rules/axe/4.10/aria-required-parent?application=playwright,"<div class=""c-accordion__heading"" role=""tab"">"
4,https://cucatalog.org/polaris/default.aspx?ctx=6.1033.0.0.1,The Urbana Free Library,critical,aria-required-parent,Ensure elements with an ARIA role that require parent roles are contained by them,Certain ARIA roles must be contained by particular parents,https://dequeuniversity.com/rules/axe/4.10/aria-required-parent?application=playwright,"<div class=""c-accordion__heading"" role=""tab"">"
4,https://cucatalog.org/polaris/default.aspx?ctx=6.1033.0.0.1,The Urbana Free Library,moderate,landmark-banner-is-top-level,Ensure the banner landmark is at top level,Banner landmark should not be contained in another landmark,https://dequeuniversity.com/rules/axe/4.10/landmark-banner-is-top-level?application=playwright,"<header class=""nav-panel__header"">"
4,https://cucatalog.org/polaris/default.aspx?ctx=6.1033.0.0.1,The Urbana Free Library,moderate,landmark-banner-is-top-level,Ensure the banner landmark is at top level,Banner landmark should not be contained in another landmark,https://dequeuniversity.com/rules/axe/4.10/landmark-banner-is-top-level?application=playwright,"<header class=""nav-panel__header"">"
4,https://cucatalog.org/polaris/default.aspx?ctx=6.1033.0.0.1,The Urbana Free Library,moderate,landmark-main-is-top-level,Ensure the main landmark is at top level,Main landmark should not be contained in another landmark,https://dequeuniversity.com/rules/axe/4.10/landmark-main-is-top-level?application=playwright,"<main class=""site-footer__main"">"
4,https://cucatalog.org/polaris/default.aspx?ctx=6.1033.0.0.1,The Urbana Free Library,moderate,landmark-no-duplicate-banner,Ensure the document has at most one banner landmark,Document should not have more than one banner landmark,https://dequeuniversity.com/rules/axe/4.10/landmark-no-duplicate-banner?application=playwright,"<header class=""site-header"">"
4,https://cucatalog.org/polaris/default.aspx?ctx=6.1033.0.0.1,The Urbana Free Library,moderate,landmark-no-duplicate-main,Ensure the document has at most one main landmark,Document should not have more than one main landmark,https://dequeuniversity.com/rules/axe/4.10/landmark-no-duplicate-main?application=playwright,"<main class=""site-main"" id=""content"">"
4,https://cucatalog.org/polaris/default.aspx?ctx=6.1033.0.0.1,The Urbana Free Library,moderate,landmark-unique,Ensure landmarks are unique,Landmarks should have a unique role or role/label/title (i.e. accessible name) combination,https://dequeuniversity.com/rules/axe/4.10/landmark-unique?application=playwright,"<header class=""site-header"">"
4,https://cucatalog.org/polaris/default.aspx?ctx=6.1033.0.0.1,The Urbana Free Library,moderate,landmark-unique,Ensure landmarks are unique,Landmarks should have a unique role or role/label/title (i.e. accessible name) combination,https://dequeuniversity.com/rules/axe/4.10/landmark-unique?application=playwright,"<nav class=""nav-panel__top-nav top-nav top-nav--split-header navbar-collapse"" role=""navigation"">"
4,https://cucatalog.org/polaris/default.aspx?ctx=6.1033.0.0.1,The Urbana Free Library,moderate,landmark-unique,Ensure landmarks are unique,Landmarks should have a unique role or role/label/title (i.e. accessible name) combination,https://dequeuniversity.com/rules/axe/4.10/landmark-unique?application=playwright,"<main class=""site-main"" id=""content"">"
4,https://cucatalog.org/polaris/default.aspx?ctx=6.1033.0.0.1,The Urbana Free Library,serious,listitem,Ensure <li> elements are used semantically,<li> elements must be contained in a <ul> or <ol>,https://dequeuniversity.com/rules/axe/4.10/listitem?application=playwright,"<li class=""nav__nav expandable-block-nav"">"
4,https://cucatalog.org/polaris/default.aspx?ctx=6.1033.0.0.1,The Urbana Free Library,serious,nested-interactive,Ensure interactive controls are not nested as they are not always announced by screen readers or can cause focus problems for assistive technologies,Interactive controls must not be nested,https://dequeuniversity.com/rules/axe/4.10/nested-interactive?application=playwright,"<div class=""c-accordion__heading"" role=""tab"">"
4,https://cucatalog.org/polaris/default.aspx?ctx=6.1033.0.0.1,The Urbana Free Library,serious,nested-interactive,Ensure interactive controls are not nested as they are not always announced by screen readers or can cause focus problems for assistive technologies,Interactive controls must not be nested,https://dequeuniversity.com/rules/axe/4.10/nested-interactive?application=playwright,"<div class=""c-accordion__heading"" role=""tab"">"
4,https://cucatalog.org/polaris/default.aspx?ctx=6.1033.0.0.1,The Urbana Free Library,serious,nested-interactive,Ensure interactive controls are not nested as they are not always announced by screen readers or can cause focus problems for assistive technologies,Interactive controls must not be nested,https://dequeuniversity.com/rules/axe/4.10/nested-interactive?application=playwright,"<div class=""c-accordion__heading"" role=""tab"">"
4,https://cucatalog.org/polaris/default.aspx?ctx=6.1033.0.0.1,The Urbana Free Library,serious,nested-interactive,Ensure interactive controls are not nested as they are not always announced by screen readers or can cause focus problems for assistive technologies,Interactive controls must not be nested,https://dequeuniversity.com/rules/axe/4.10/nested-interactive?application=playwright,"<div class=""c-accordion__heading"" role=""tab"">"
4,https://cucatalog.org/polaris/default.aspx?ctx=6.1033.0.0.1,The Urbana Free Library,serious,nested-interactive,Ensure interactive controls are not nested as they are not always announced by screen readers or can cause focus problems for assistive technologies,Interactive controls must not be nested,https://dequeuniversity.com/rules/axe/4.10/nested-interactive?application=playwright,"<div class=""c-accordion__heading"" role=""tab"">"
4,https://cucatalog.org/polaris/default.aspx?ctx=6.1033.0.0.1,The Urbana Free Library,serious,nested-interactive,Ensure interactive controls are not nested as they are not always announced by screen readers or can cause focus problems for assistive technologies,Interactive controls must not be nested,https://dequeuniversity.com/rules/axe/4.10/nested-interactive?application=playwright,"<div class=""c-accordion__heading"" role=""tab"">"
4,https://cucatalog.org/polaris/default.aspx?ctx=6.1033.0.0.1,The Urbana Free Library,serious,nested-interactive,Ensure interactive controls are not nested as they are not always announced by screen readers or can cause focus problems for assistive technologies,Interactive controls must not be nested,https://dequeuniversity.com/rules/axe/4.10/nested-interactive?application=playwright,"<div class=""c-accordion__heading"" role=""tab"">"
4,https://cucatalog.org/polaris/default.aspx?ctx=6.1033.0.0.1,The Urbana Free Library,serious,nested-interactive,Ensure interactive controls are not nested as they are not always announced by screen readers or can cause focus problems for assistive technologies,Interactive controls must not be nested,https://dequeuniversity.com/rules/axe/4.10/nested-interactive?application=playwright,"<div class=""c-accordion__heading"" role=""tab"">"
4,https://cucatalog.org/polaris/default.aspx?ctx=6.1033.0.0.1,The Urbana Free Library,serious,nested-interactive,Ensure interactive controls are not nested as they are not always announced by screen readers or can cause focus problems for assistive technologies,Interactive controls must not be nested,https://dequeuniversity.com/rules/axe/4.10/nested-interactive?application=playwright,"<div class=""c-accordion__heading"" role=""tab"">"
4,https://cucatalog.org/polaris/default.aspx?ctx=6.1033.0.0.1,The Urbana Free Library,serious,nested-interactive,Ensure interactive controls are not nested as they are not always announced by screen readers or can cause focus problems for assistive technologies,Interactive controls must not be nested,https://dequeuniversity.com/rules/axe/4.10/nested-interactive?application=playwright,"<div class=""c-accordion__heading"" role=""tab"">"
4,https://cucatalog.org/polaris/default.aspx?ctx=6.1033.0.0.1,The Urbana Free Library,serious,nested-interactive,Ensure interactive controls are not nested as they are not always announced by screen readers or can cause focus problems for assistive technologies,Interactive controls must not be nested,https://dequeuniversity.com/rules/axe/4.10/nested-interactive?application=playwright,"<div class=""c-accordion__heading"" role=""tab"">"
4,https://cucatalog.org/polaris/default.aspx?ctx=6.1033.0.0.1,The Urbana Free Library,serious,nested-interactive,Ensure interactive controls are not nested as they are not always announced by screen readers or can cause focus problems for assistive technologies,Interactive controls must not be nested,https://dequeuniversity.com/rules/axe/4.10/nested-interactive?application=playwright,"<div class=""c-accordion__heading"" role=""tab"">"
4,https://cucatalog.org/polaris/default.aspx?ctx=6.1033.0.0.1,The Urbana Free Library,serious,nested-interactive,Ensure interactive controls are not nested as they are not always announced by screen readers or can cause focus problems for assistive technologies,Interactive controls must not be nested,https://dequeuniversity.com/rules/axe/4.10/nested-interactive?application=playwright,"<div class=""c-accordion__heading"" role=""tab"">"
4,https://cucatalog.org/polaris/default.aspx?ctx=6.1033.0.0.1,The Urbana Free Library,serious,nested-interactive,Ensure interactive controls are not nested as they are not always announced by screen readers or can cause focus problems for assistive technologies,Interactive controls must not be nested,https://dequeuniversity.com/rules/axe/4.10/nested-interactive?application=playwright,"<div class=""c-accordion__heading"" role=""tab"">"
4,https://cucatalog.org/polaris/default.aspx?ctx=6.1033.0.0.1,The Urbana Free Library,serious,nested-interactive,Ensure interactive controls are not nested as they are not always announced by screen readers or can cause focus problems for assistive technologies,Interactive controls must not be nested,https://dequeuniversity.com/rules/axe/4.10/nested-interactive?application=playwright,"<div class=""c-accordion__heading"" role=""tab"">"
4,https://cucatalog.org/polaris/default.aspx?ctx=6.1033.0.0.1,The Urbana Free Library,serious,nested-interactive,Ensure interactive controls are not nested as they are not always announced by screen readers or can cause focus problems for assistive technologies,Interactive controls must not be nested,https://dequeuniversity.com/rules/axe/4.10/nested-interactive?application=playwright,"<div class=""c-accordion__heading"" role=""tab"">"
4,https://cucatalog.org/polaris/default.aspx?ctx=6.1033.0.0.1,The Urbana Free Library,moderate,page-has-heading-one,"Ensure that the page, or at least one of its frames contains a level-one heading",Page should contain a level-one heading,https://dequeuniversity.com/rules/axe/4.10/page-has-heading-one?application=playwright,"<html class=""js flexbox flexboxlegacy canvas canvastext webgl no-touch geolocation postmessage no-websqldatabase indexeddb hashchange history draganddrop websockets rgba hsla multiplebgs backgroundsize borderimage borderradius boxshadow textshadow opacity cssanimations csscolumns cssgradients cssreflections csstransforms csstransforms3d csstransitions fontface generatedcontent video audio localstorage sessionstorage webworkers no-applicationcache svg inlinesvg smil svgclippaths"" lang=""en"" style="""">"
40,https://cucatalog.org/polaris/view.aspx?CN=2638597,The Urbana Free Library,critical,aria-allowed-attr,Ensure an element's role supports its ARIA attributes,Elements must only use supported ARIA attributes,https://dequeuniversity.com/rules/axe/4.10/aria-allowed-attr?application=playwright,"<div class=""c-search-header-options__container collapse in"" id=""c-search-header__search-options"" aria-labelledby=""c-search-header__search-options"" aria-expanded=""true"" style="""">"
40,https://cucatalog.org/polaris/view.aspx?CN=2638597,The Urbana Free Library,serious,aria-hidden-focus,Ensure aria-hidden elements are not focusable nor contain focusable elements,ARIA hidden element must not be focusable or contain focusable elements,https://dequeuniversity.com/rules/axe/4.10/aria-hidden-focus?application=playwright,"<a id=""__pos-1"" href=""#"" aria-hidden=""true"" aria-label=""Search Result""></a>"
40,https://cucatalog.org/polaris/view.aspx?CN=2638597,The Urbana Free Library,critical,aria-required-attr,Ensure elements with ARIA roles have all required ARIA attributes,Required ARIA attributes must be provided,https://dequeuniversity.com/rules/axe/4.10/aria-required-attr?application=playwright,"<select name=""ctl00$BodyMainContent$ctrlSearchBars$searchbarKeyword$dropdownSearchBy"" id=""dropdownSearchBy"" class=""SearchByList c-search-header__dropdown c-search-header__box--height"" aria-labelledby=""dropdownSearchByLabel"" role=""combobox"">"
40,https://cucatalog.org/polaris/view.aspx?CN=2638597,The Urbana Free Library,critical,aria-required-attr,Ensure elements with ARIA roles have all required ARIA attributes,Required ARIA attributes must be provided,https://dequeuniversity.com/rules/axe/4.10/aria-required-attr?application=playwright,"<select name=""ctl00$BodyMainContent$ctrlSearchBars$searchbarKeyword$dropdownLimitFilter"" id=""dropdownLimitFilter"" class=""c-search-header__dropdown c-search-header__box--height"" aria-labelledby=""dropdownLimitFilterLabel"" role=""combobox"" onchange=""javascript: AddDefaultTermAndHighlight('textboxTerm'); CheckDetailedMaterial();"">"
40,https://cucatalog.org/polaris/view.aspx?CN=2638597,The Urbana Free Library,critical,aria-required-children,Ensure elements with an ARIA role that require child roles contain them,Certain ARIA roles must contain particular children,https://dequeuniversity.com/rules/axe/4.10/aria-required-children?application=playwright,"<div class=""c-accordion-lvl2"" role=""tablist"" aria-multiselectable=""true"">"
40,https://cucatalog.org/polaris/view.aspx?CN=2638597,The Urbana Free Library,critical,aria-required-children,Ensure elements with an ARIA role that require child roles contain them,Certain ARIA roles must contain particular children,https://dequeuniversity.com/rules/axe/4.10/aria-required-children?application=playwright,"<div class=""c-accordion-lvl2__heading"" role=""tablist"">"
40,https://cucatalog.org/polaris/view.aspx?CN=2638597,The Urbana Free Library,critical,aria-required-parent,Ensure elements with an ARIA role that require parent roles are contained by them,Certain ARIA roles must be contained by particular parents,https://dequeuniversity.com/rules/axe/4.10/aria-required-parent?application=playwright,"<div class=""c-accordion__heading"" role=""tab"">"
40,https://cucatalog.org/polaris/view.aspx?CN=2638597,The Urbana Free Library,critical,aria-required-parent,Ensure elements with an ARIA role that require parent roles are contained by them,Certain ARIA roles must be contained by particular parents,https://dequeuniversity.com/rules/axe/4.10/aria-required-parent?application=playwright,"<div class=""c-accordion__heading"" role=""tab"">"
40,https://cucatalog.org/polaris/view.aspx?CN=2638597,The Urbana Free Library,critical,aria-required-parent,Ensure elements with an ARIA role that require parent roles are contained by them,Certain ARIA roles must be contained by particular parents,https://dequeuniversity.com/rules/axe/4.10/aria-required-parent?application=playwright,"<div class=""c-accordion__heading"" role=""tab"">"
40,https://cucatalog.org/polaris/view.aspx?CN=2638597,The Urbana Free Library,critical,aria-required-parent,Ensure elements with an ARIA role that require parent roles are contained by them,Certain ARIA roles must be contained by particular parents,https://dequeuniversity.com/rules/axe/4.10/aria-required-parent?application=playwright,"<div class=""c-accordion__heading"" role=""tab"">"
40,https://cucatalog.org/polaris/view.aspx?CN=2638597,The Urbana Free Library,critical,aria-required-parent,Ensure elements with an ARIA role that require parent roles are contained by them,Certain ARIA roles must be contained by particular parents,https://dequeuniversity.com/rules/axe/4.10/aria-required-parent?application=playwright,"<div class=""c-accordion__heading"" role=""tab"">"
40,https://cucatalog.org/polaris/view.aspx?CN=2638597,The Urbana Free Library,critical,aria-required-parent,Ensure elements with an ARIA role that require parent roles are contained by them,Certain ARIA roles must be contained by particular parents,https://dequeuniversity.com/rules/axe/4.10/aria-required-parent?application=playwright,"<div class=""c-accordion__heading"" role=""tab"">"
40,https://cucatalog.org/polaris/view.aspx?CN=2638597,The Urbana Free Library,critical,aria-required-parent,Ensure elements with an ARIA role that require parent roles are contained by them,Certain ARIA roles must be contained by particular parents,https://dequeuniversity.com/rules/axe/4.10/aria-required-parent?application=playwright,"<div class=""c-accordion__heading"" role=""tab"">"
40,https://cucatalog.org/polaris/view.aspx?CN=2638597,The Urbana Free Library,critical,aria-required-parent,Ensure elements with an ARIA role that require parent roles are contained by them,Certain ARIA roles must be contained by particular parents,https://dequeuniversity.com/rules/axe/4.10/aria-required-parent?application=playwright,"<div class=""c-accordion__heading"" role=""tab"">"
40,https://cucatalog.org/polaris/view.aspx?CN=2638597,The Urbana Free Library,critical,aria-required-parent,Ensure elements with an ARIA role that require parent roles are contained by them,Certain ARIA roles must be contained by particular parents,https://dequeuniversity.com/rules/axe/4.10/aria-required-parent?application=playwright,"<div class=""c-accordion__heading"" role=""tab"">"
40,https://cucatalog.org/polaris/view.aspx?CN=2638597,The Urbana Free Library,moderate,landmark-banner-is-top-level,Ensure the banner landmark is at top level,Banner landmark should not be contained in another landmark,https://dequeuniversity.com/rules/axe/4.10/landmark-banner-is-top-level?application=playwright,"<header class=""nav-panel__header"">"
40,https://cucatalog.org/polaris/view.aspx?CN=2638597,The Urbana Free Library,moderate,landmark-banner-is-top-level,Ensure the banner landmark is at top level,Banner landmark should not be contained in another landmark,https://dequeuniversity.com/rules/axe/4.10/landmark-banner-is-top-level?application=playwright,"<header class=""nav-panel__header"">"
40,https://cucatalog.org/polaris/view.aspx?CN=2638597,The Urbana Free Library,moderate,landmark-main-is-top-level,Ensure the main landmark is at top level,Main landmark should not be contained in another landmark,https://dequeuniversity.com/rules/axe/4.10/landmark-main-is-top-level?application=playwright,"<main class=""site-footer__main"">"
40,https://cucatalog.org/polaris/view.aspx?CN=2638597,The Urbana Free Library,moderate,landmark-no-duplicate-banner,Ensure the document has at most one banner landmark,Document should not have more than one banner landmark,https://dequeuniversity.com/rules/axe/4.10/landmark-no-duplicate-banner?application=playwright,"<header class=""site-header"">"
40,https://cucatalog.org/polaris/view.aspx?CN=2638597,The Urbana Free Library,moderate,landmark-no-duplicate-main,Ensure the document has at most one main landmark,Document should not have more than one main landmark,https://dequeuniversity.com/rules/axe/4.10/landmark-no-duplicate-main?application=playwright,"<main class=""site-main"" id=""content"">"
40,https://cucatalog.org/polaris/view.aspx?CN=2638597,The Urbana Free Library,moderate,landmark-unique,Ensure landmarks are unique,Landmarks should have a unique role or role/label/title (i.e. accessible name) combination,https://dequeuniversity.com/rules/axe/4.10/landmark-unique?application=playwright,"<header class=""site-header"">"
40,https://cucatalog.org/polaris/view.aspx?CN=2638597,The Urbana Free Library,moderate,landmark-unique,Ensure landmarks are unique,Landmarks should have a unique role or role/label/title (i.e. accessible name) combination,https://dequeuniversity.com/rules/axe/4.10/landmark-unique?application=playwright,"<nav class=""nav-panel__top-nav top-nav top-nav--split-header navbar-collapse"" role=""navigation"">"
40,https://cucatalog.org/polaris/view.aspx?CN=2638597,The Urbana Free Library,moderate,landmark-unique,Ensure landmarks are unique,Landmarks should have a unique role or role/label/title (i.e. accessible name) combination,https://dequeuniversity.com/rules/axe/4.10/landmark-unique?application=playwright,"<main class=""site-main"" id=""content"">"
40,https://cucatalog.org/polaris/view.aspx?CN=2638597,The Urbana Free Library,serious,link-name,Ensure links have discernible text,Links must have discernible text,https://dequeuniversity.com/rules/axe/4.10/link-name?application=playwright,"<a id=""c-accordion-lvl2__title_relatedsearch-2"" class=""c-accordion-lvl2__title-link "" role=""button"" aria-expanded=""true"" aria-controls=""rs-2"" data-toggle=""collapse"" onclick=""javascript:InvokeRSD('collapse', 2)"" href=""#rs-2"">    
                                </a>"
40,https://cucatalog.org/polaris/view.aspx?CN=2638597,The Urbana Free Library,serious,link-name,Ensure links have discernible text,Links must have discernible text,https://dequeuniversity.com/rules/axe/4.10/link-name?application=playwright,"<a id=""c-accordion-lvl2__title_relatedsearch-2"" class=""c-accordion-lvl2__title-link "" role=""button"" aria-expanded=""true"" aria-controls=""rs-2"" data-toggle=""collapse"" onclick=""javascript:InvokeRSD('collapse', 2)"" href=""#rs-2"">"
40,https://cucatalog.org/polaris/view.aspx?CN=2638597,The Urbana Free Library,serious,link-name,Ensure links have discernible text,Links must have discernible text,https://dequeuniversity.com/rules/axe/4.10/link-name?application=playwright,"<a id=""c-accordion-lvl2__title_relatedsearch-2"" class=""c-accordion-lvl2__title-link "" role=""button"" aria-expanded=""true"" aria-controls=""rs-2"" data-toggle=""collapse"" onclick=""javascript:InvokeRSD('collapse', 2)"" href=""#rs-2"">
                                        </a>"
40,https://cucatalog.org/polaris/view.aspx?CN=2638597,The Urbana Free Library,serious,link-name,Ensure links have discernible text,Links must have discernible text,https://dequeuniversity.com/rules/axe/4.10/link-name?application=playwright,"<a id=""c-accordion-lvl2__title_relatedsearch-2"" class=""c-accordion-lvl2__title-link "" role=""button"" aria-expanded=""true"" aria-controls=""rs-2"" data-toggle=""collapse"" onclick=""javascript:InvokeRSD('collapse', 2)"" href=""#rs-2"">
								            </a>"
40,https://cucatalog.org/polaris/view.aspx?CN=2638597,The Urbana Free Library,serious,link-name,Ensure links have discernible text,Links must have discernible text,https://dequeuniversity.com/rules/axe/4.10/link-name?application=playwright,"<a id=""c-accordion-lvl2__title_relatedsearch-2"" class=""c-accordion-lvl2__title-link "" role=""button"" aria-expanded=""true"" aria-controls=""rs-2"" data-toggle=""collapse"" onclick=""javascript:InvokeRSD('collapse', 2)"" href=""#rs-2"">  
									            
											            </a>"
40,https://cucatalog.org/polaris/view.aspx?CN=2638597,The Urbana Free Library,serious,link-name,Ensure links have discernible text,Links must have discernible text,https://dequeuniversity.com/rules/axe/4.10/link-name?application=playwright,"<a id=""c-accordion-lvl2__title_relatedsearch-2"" class=""c-accordion-lvl2__title-link "" role=""button"" aria-expanded=""true"" aria-controls=""rs-2"" data-toggle=""collapse"" onclick=""javascript:InvokeRSD('collapse', 2)"" href=""#rs-2"">  
                                                            </a>"
40,https://cucatalog.org/polaris/view.aspx?CN=2638597,The Urbana Free Library,serious,link-name,Ensure links have discernible text,Links must have discernible text,https://dequeuniversity.com/rules/axe/4.10/link-name?application=playwright,"<a id=""c-accordion-lvl2__title_relatedsearch-3"" class=""c-accordion-lvl2__title-link "" role=""button"" aria-expanded=""true"" aria-controls=""rs-3"" data-toggle=""collapse"" onclick=""javascript:InvokeRSD('collapse', 3)"" href=""#rs-3"">    
                                </a>"
40,https://cucatalog.org/polaris/view.aspx?CN=2638597,The Urbana Free Library,serious,link-name,Ensure links have discernible text,Links must have discernible text,https://dequeuniversity.com/rules/axe/4.10/link-name?application=playwright,"<a id=""c-accordion-lvl2__title_relatedsearch-3"" class=""c-accordion-lvl2__title-link "" role=""button"" aria-expanded=""true"" aria-controls=""rs-3"" data-toggle=""collapse"" onclick=""javascript:InvokeRSD('collapse', 3)"" href=""#rs-3"">"
40,https://cucatalog.org/polaris/view.aspx?CN=2638597,The Urbana Free Library,serious,link-name,Ensure links have discernible text,Links must have discernible text,https://dequeuniversity.com/rules/axe/4.10/link-name?application=playwright,"<a id=""c-accordion-lvl2__title_relatedsearch-3"" class=""c-accordion-lvl2__title-link "" role=""button"" aria-expanded=""true"" aria-controls=""rs-3"" data-toggle=""collapse"" onclick=""javascript:InvokeRSD('collapse', 3)"" href=""#rs-3"">
                                        </a>"
40,https://cucatalog.org/polaris/view.aspx?CN=2638597,The Urbana Free Library,serious,link-name,Ensure links have discernible text,Links must have discernible text,https://dequeuniversity.com/rules/axe/4.10/link-name?application=playwright,"<a id=""c-accordion-lvl2__title_relatedsearch-3"" class=""c-accordion-lvl2__title-link "" role=""button"" aria-expanded=""true"" aria-controls=""rs-3"" data-toggle=""collapse"" onclick=""javascript:InvokeRSD('collapse', 3)"" href=""#rs-3"">
								            </a>"
40,https://cucatalog.org/polaris/view.aspx?CN=2638597,The Urbana Free Library,serious,link-name,Ensure links have discernible text,Links must have discernible text,https://dequeuniversity.com/rules/axe/4.10/link-name?application=playwright,"<a id=""c-accordion-lvl2__title_relatedsearch-3"" class=""c-accordion-lvl2__title-link "" role=""button"" aria-expanded=""true"" aria-controls=""rs-3"" data-toggle=""collapse"" onclick=""javascript:InvokeRSD('collapse', 3)"" href=""#rs-3"">  
									            
											            </a>"
40,https://cucatalog.org/polaris/view.aspx?CN=2638597,The Urbana Free Library,serious,link-name,Ensure links have discernible text,Links must have discernible text,https://dequeuniversity.com/rules/axe/4.10/link-name?application=playwright,"<a id=""c-accordion-lvl2__title_relatedsearch-3"" class=""c-accordion-lvl2__title-link "" role=""button"" aria-expanded=""true"" aria-controls=""rs-3"" data-toggle=""collapse"" onclick=""javascript:InvokeRSD('collapse', 3)"" href=""#rs-3"">  
                                                            </a>"
40,https://cucatalog.org/polaris/view.aspx?CN=2638597,The Urbana Free Library,serious,list,Ensure that lists are structured correctly,"<ul> and <ol> must only directly contain <li>, <script> or <template> elements",https://dequeuniversity.com/rules/axe/4.10/list?application=playwright,"<ul id=""c-title-detail__button-list-"" class=""c-title-detail-actions__list"" data-item-pos=""1"" data-item-page=""0"">"
40,https://cucatalog.org/polaris/view.aspx?CN=2638597,The Urbana Free Library,serious,list,Ensure that lists are structured correctly,"<ul> and <ol> must only directly contain <li>, <script> or <template> elements",https://dequeuniversity.com/rules/axe/4.10/list?application=playwright,"<ul class="" c-accordion__list c-accordion__list--show-bullets"">"
40,https://cucatalog.org/polaris/view.aspx?CN=2638597,The Urbana Free Library,serious,list,Ensure that lists are structured correctly,"<ul> and <ol> must only directly contain <li>, <script> or <template> elements",https://dequeuniversity.com/rules/axe/4.10/list?application=playwright,"<ul class="" c-accordion__list c-accordion__list--show-bullets"">"
40,https://cucatalog.org/polaris/view.aspx?CN=2638597,The Urbana Free Library,serious,listitem,Ensure <li> elements are used semantically,<li> elements must be contained in a <ul> or <ol>,https://dequeuniversity.com/rules/axe/4.10/listitem?application=playwright,"<li class=""nav__nav expandable-block-nav"">"
40,https://cucatalog.org/polaris/view.aspx?CN=2638597,The Urbana Free Library,serious,nested-interactive,Ensure interactive controls are not nested as they are not always announced by screen readers or can cause focus problems for assistive technologies,Interactive controls must not be nested,https://dequeuniversity.com/rules/axe/4.10/nested-interactive?application=playwright,"<div class=""c-accordion__heading"" role=""tab"">"
40,https://cucatalog.org/polaris/view.aspx?CN=2638597,The Urbana Free Library,serious,nested-interactive,Ensure interactive controls are not nested as they are not always announced by screen readers or can cause focus problems for assistive technologies,Interactive controls must not be nested,https://dequeuniversity.com/rules/axe/4.10/nested-interactive?application=playwright,"<div class=""c-accordion-lvl2__heading"" role=""tab"">"
40,https://cucatalog.org/polaris/view.aspx?CN=2638597,The Urbana Free Library,serious,nested-interactive,Ensure interactive controls are not nested as they are not always announced by screen readers or can cause focus problems for assistive technologies,Interactive controls must not be nested,https://dequeuniversity.com/rules/axe/4.10/nested-interactive?application=playwright,"<div class=""c-accordion-lvl2__heading"" role=""tab"">"
40,https://cucatalog.org/polaris/view.aspx?CN=2638597,The Urbana Free Library,serious,nested-interactive,Ensure interactive controls are not nested as they are not always announced by screen readers or can cause focus problems for assistive technologies,Interactive controls must not be nested,https://dequeuniversity.com/rules/axe/4.10/nested-interactive?application=playwright,"<div class=""c-accordion-lvl2__heading"" role=""tab"">"
40,https://cucatalog.org/polaris/view.aspx?CN=2638597,The Urbana Free Library,serious,nested-interactive,Ensure interactive controls are not nested as they are not always announced by screen readers or can cause focus problems for assistive technologies,Interactive controls must not be nested,https://dequeuniversity.com/rules/axe/4.10/nested-interactive?application=playwright,"<div class=""c-accordion__heading"" role=""tab"">"
40,https://cucatalog.org/polaris/view.aspx?CN=2638597,The Urbana Free Library,serious,nested-interactive,Ensure interactive controls are not nested as they are not always announced by screen readers or can cause focus problems for assistive technologies,Interactive controls must not be nested,https://dequeuniversity.com/rules/axe/4.10/nested-interactive?application=playwright,"<div class=""c-accordion__heading"" role=""tab"">"
40,https://cucatalog.org/polaris/view.aspx?CN=2638597,The Urbana Free Library,serious,nested-interactive,Ensure interactive controls are not nested as they are not always announced by screen readers or can cause focus problems for assistive technologies,Interactive controls must not be nested,https://dequeuniversity.com/rules/axe/4.10/nested-interactive?application=playwright,"<div class=""c-accordion__heading"" role=""tab"">"
40,https://cucatalog.org/polaris/view.aspx?CN=2638597,The Urbana Free Library,serious,nested-interactive,Ensure interactive controls are not nested as they are not always announced by screen readers or can cause focus problems for assistive technologies,Interactive controls must not be nested,https://dequeuniversity.com/rules/axe/4.10/nested-interactive?application=playwright,"<div class=""c-accordion__heading"" role=""tab"">"
40,https://cucatalog.org/polaris/view.aspx?CN=2638597,The Urbana Free Library,serious,nested-interactive,Ensure interactive controls are not nested as they are not always announced by screen readers or can cause focus problems for assistive technologies,Interactive controls must not be nested,https://dequeuniversity.com/rules/axe/4.10/nested-interactive?application=playwright,"<div class=""c-accordion__heading"" role=""tab"">"
40,https://cucatalog.org/polaris/view.aspx?CN=2638597,The Urbana Free Library,serious,nested-interactive,Ensure interactive controls are not nested as they are not always announced by screen readers or can cause focus problems for assistive technologies,Interactive controls must not be nested,https://dequeuniversity.com/rules/axe/4.10/nested-interactive?application=playwright,"<div class=""c-accordion__heading"" role=""tab"">"
40,https://cucatalog.org/polaris/view.aspx?CN=2638597,The Urbana Free Library,serious,nested-interactive,Ensure interactive controls are not nested as they are not always announced by screen readers or can cause focus problems for assistive technologies,Interactive controls must not be nested,https://dequeuniversity.com/rules/axe/4.10/nested-interactive?application=playwright,"<div class=""c-accordion__heading"" role=""tab"">"
40,https://cucatalog.org/polaris/view.aspx?CN=2638597,The Urbana Free Library,serious,nested-interactive,Ensure interactive controls are not nested as they are not always announced by screen readers or can cause focus problems for assistive technologies,Interactive controls must not be nested,https://dequeuniversity.com/rules/axe/4.10/nested-interactive?application=playwright,"<div class=""c-accordion__heading"" role=""tab"">"
40,https://cucatalog.org/polaris/view.aspx?CN=2638597,The Urbana Free Library,moderate,page-has-heading-one,"Ensure that the page, or at least one of its frames contains a level-one heading",Page should contain a level-one heading,https://dequeuniversity.com/rules/axe/4.10/page-has-heading-one?application=playwright,"<html class=""js flexbox flexboxlegacy canvas canvastext webgl no-touch geolocation postmessage no-websqldatabase indexeddb hashchange history draganddrop websockets rgba hsla multiplebgs backgroundsize borderimage borderradius boxshadow textshadow opacity cssanimations csscolumns cssgradients cssreflections csstransforms csstransforms3d csstransitions fontface generatedcontent video audio localstorage sessionstorage webworkers no-applicationcache svg inlinesvg smil svgclippaths"" lang=""en"" style="""">"
41,https://cucatalog.org/polaris/view.aspx?CN=2634322,The Urbana Free Library,critical,aria-allowed-attr,Ensure an element's role supports its ARIA attributes,Elements must only use supported ARIA attributes,https://dequeuniversity.com/rules/axe/4.10/aria-allowed-attr?application=playwright,"<div class=""c-search-header-options__container collapse in"" id=""c-search-header__search-options"" aria-labelledby=""c-search-header__search-options"" aria-expanded=""true"" style="""">"
41,https://cucatalog.org/polaris/view.aspx?CN=2634322,The Urbana Free Library,serious,aria-hidden-focus,Ensure aria-hidden elements are not focusable nor contain focusable elements,ARIA hidden element must not be focusable or contain focusable elements,https://dequeuniversity.com/rules/axe/4.10/aria-hidden-focus?application=playwright,"<a id=""__pos-1"" href=""#"" aria-hidden=""true"" aria-label=""Search Result""></a>"
41,https://cucatalog.org/polaris/view.aspx?CN=2634322,The Urbana Free Library,critical,aria-required-attr,Ensure elements with ARIA roles have all required ARIA attributes,Required ARIA attributes must be provided,https://dequeuniversity.com/rules/axe/4.10/aria-required-attr?application=playwright,"<select name=""ctl00$BodyMainContent$ctrlSearchBars$searchbarKeyword$dropdownSearchBy"" id=""dropdownSearchBy"" class=""SearchByList c-search-header__dropdown c-search-header__box--height"" aria-labelledby=""dropdownSearchByLabel"" role=""combobox"">"
41,https://cucatalog.org/polaris/view.aspx?CN=2634322,The Urbana Free Library,critical,aria-required-attr,Ensure elements with ARIA roles have all required ARIA attributes,Required ARIA attributes must be provided,https://dequeuniversity.com/rules/axe/4.10/aria-required-attr?application=playwright,"<select name=""ctl00$BodyMainContent$ctrlSearchBars$searchbarKeyword$dropdownLimitFilter"" id=""dropdownLimitFilter"" class=""c-search-header__dropdown c-search-header__box--height"" aria-labelledby=""dropdownLimitFilterLabel"" role=""combobox"" onchange=""javascript: AddDefaultTermAndHighlight('textboxTerm'); CheckDetailedMaterial();"">"
41,https://cucatalog.org/polaris/view.aspx?CN=2634322,The Urbana Free Library,critical,aria-required-children,Ensure elements with an ARIA role that require child roles contain them,Certain ARIA roles must contain particular children,https://dequeuniversity.com/rules/axe/4.10/aria-required-children?application=playwright,"<div class=""c-accordion-lvl2"" role=""tablist"" aria-multiselectable=""true"">"
41,https://cucatalog.org/polaris/view.aspx?CN=2634322,The Urbana Free Library,critical,aria-required-children,Ensure elements with an ARIA role that require child roles contain them,Certain ARIA roles must contain particular children,https://dequeuniversity.com/rules/axe/4.10/aria-required-children?application=playwright,"<div class=""c-accordion-lvl2__heading"" role=""tablist"">"
41,https://cucatalog.org/polaris/view.aspx?CN=2634322,The Urbana Free Library,critical,aria-required-parent,Ensure elements with an ARIA role that require parent roles are contained by them,Certain ARIA roles must be contained by particular parents,https://dequeuniversity.com/rules/axe/4.10/aria-required-parent?application=playwright,"<div class=""c-accordion__heading"" role=""tab"">"
41,https://cucatalog.org/polaris/view.aspx?CN=2634322,The Urbana Free Library,critical,aria-required-parent,Ensure elements with an ARIA role that require parent roles are contained by them,Certain ARIA roles must be contained by particular parents,https://dequeuniversity.com/rules/axe/4.10/aria-required-parent?application=playwright,"<div class=""c-accordion__heading"" role=""tab"">"
41,https://cucatalog.org/polaris/view.aspx?CN=2634322,The Urbana Free Library,critical,aria-required-parent,Ensure elements with an ARIA role that require parent roles are contained by them,Certain ARIA roles must be contained by particular parents,https://dequeuniversity.com/rules/axe/4.10/aria-required-parent?application=playwright,"<div class=""c-accordion__heading"" role=""tab"">"
41,https://cucatalog.org/polaris/view.aspx?CN=2634322,The Urbana Free Library,critical,aria-required-parent,Ensure elements with an ARIA role that require parent roles are contained by them,Certain ARIA roles must be contained by particular parents,https://dequeuniversity.com/rules/axe/4.10/aria-required-parent?application=playwright,"<div class=""c-accordion__heading"" role=""tab"">"
41,https://cucatalog.org/polaris/view.aspx?CN=2634322,The Urbana Free Library,critical,aria-required-parent,Ensure elements with an ARIA role that require parent roles are contained by them,Certain ARIA roles must be contained by particular parents,https://dequeuniversity.com/rules/axe/4.10/aria-required-parent?application=playwright,"<div class=""c-accordion__heading"" role=""tab"">"
41,https://cucatalog.org/polaris/view.aspx?CN=2634322,The Urbana Free Library,critical,aria-required-parent,Ensure elements with an ARIA role that require parent roles are contained by them,Certain ARIA roles must be contained by particular parents,https://dequeuniversity.com/rules/axe/4.10/aria-required-parent?application=playwright,"<div class=""c-accordion__heading"" role=""tab"">"
41,https://cucatalog.org/polaris/view.aspx?CN=2634322,The Urbana Free Library,critical,aria-required-parent,Ensure elements with an ARIA role that require parent roles are contained by them,Certain ARIA roles must be contained by particular parents,https://dequeuniversity.com/rules/axe/4.10/aria-required-parent?application=playwright,"<div class=""c-accordion__heading"" role=""tab"">"
41,https://cucatalog.org/polaris/view.aspx?CN=2634322,The Urbana Free Library,critical,aria-required-parent,Ensure elements with an ARIA role that require parent roles are contained by them,Certain ARIA roles must be contained by particular parents,https://dequeuniversity.com/rules/axe/4.10/aria-required-parent?application=playwright,"<div class=""c-accordion__heading"" role=""tab"">"
41,https://cucatalog.org/polaris/view.aspx?CN=2634322,The Urbana Free Library,critical,aria-required-parent,Ensure elements with an ARIA role that require parent roles are contained by them,Certain ARIA roles must be contained by particular parents,https://dequeuniversity.com/rules/axe/4.10/aria-required-parent?application=playwright,"<div class=""c-accordion__heading"" role=""tab"">"
41,https://cucatalog.org/polaris/view.aspx?CN=2634322,The Urbana Free Library,moderate,landmark-banner-is-top-level,Ensure the banner landmark is at top level,Banner landmark should not be contained in another landmark,https://dequeuniversity.com/rules/axe/4.10/landmark-banner-is-top-level?application=playwright,"<header class=""nav-panel__header"">"
41,https://cucatalog.org/polaris/view.aspx?CN=2634322,The Urbana Free Library,moderate,landmark-banner-is-top-level,Ensure the banner landmark is at top level,Banner landmark should not be contained in another landmark,https://dequeuniversity.com/rules/axe/4.10/landmark-banner-is-top-level?application=playwright,"<header class=""nav-panel__header"">"
41,https://cucatalog.org/polaris/view.aspx?CN=2634322,The Urbana Free Library,moderate,landmark-main-is-top-level,Ensure the main landmark is at top level,Main landmark should not be contained in another landmark,https://dequeuniversity.com/rules/axe/4.10/landmark-main-is-top-level?application=playwright,"<main class=""site-footer__main"">"
41,https://cucatalog.org/polaris/view.aspx?CN=2634322,The Urbana Free Library,moderate,landmark-no-duplicate-banner,Ensure the document has at most one banner landmark,Document should not have more than one banner landmark,https://dequeuniversity.com/rules/axe/4.10/landmark-no-duplicate-banner?application=playwright,"<header class=""site-header"">"
41,https://cucatalog.org/polaris/view.aspx?CN=2634322,The Urbana Free Library,moderate,landmark-no-duplicate-main,Ensure the document has at most one main landmark,Document should not have more than one main landmark,https://dequeuniversity.com/rules/axe/4.10/landmark-no-duplicate-main?application=playwright,"<main class=""site-main"" id=""content"">"
41,https://cucatalog.org/polaris/view.aspx?CN=2634322,The Urbana Free Library,moderate,landmark-unique,Ensure landmarks are unique,Landmarks should have a unique role or role/label/title (i.e. accessible name) combination,https://dequeuniversity.com/rules/axe/4.10/landmark-unique?application=playwright,"<header class=""site-header"">"
41,https://cucatalog.org/polaris/view.aspx?CN=2634322,The Urbana Free Library,moderate,landmark-unique,Ensure landmarks are unique,Landmarks should have a unique role or role/label/title (i.e. accessible name) combination,https://dequeuniversity.com/rules/axe/4.10/landmark-unique?application=playwright,"<nav class=""nav-panel__top-nav top-nav top-nav--split-header navbar-collapse"" role=""navigation"">"
41,https://cucatalog.org/polaris/view.aspx?CN=2634322,The Urbana Free Library,moderate,landmark-unique,Ensure landmarks are unique,Landmarks should have a unique role or role/label/title (i.e. accessible name) combination,https://dequeuniversity.com/rules/axe/4.10/landmark-unique?application=playwright,"<main class=""site-main"" id=""content"">"
41,https://cucatalog.org/polaris/view.aspx?CN=2634322,The Urbana Free Library,serious,link-name,Ensure links have discernible text,Links must have discernible text,https://dequeuniversity.com/rules/axe/4.10/link-name?application=playwright,"<a id=""c-accordion-lvl2__title_relatedsearch-2"" class=""c-accordion-lvl2__title-link "" role=""button"" aria-expanded=""true"" aria-controls=""rs-2"" data-toggle=""collapse"" onclick=""javascript:InvokeRSD('collapse', 2)"" href=""#rs-2"">    
                                </a>"
41,https://cucatalog.org/polaris/view.aspx?CN=2634322,The Urbana Free Library,serious,link-name,Ensure links have discernible text,Links must have discernible text,https://dequeuniversity.com/rules/axe/4.10/link-name?application=playwright,"<a id=""c-accordion-lvl2__title_relatedsearch-2"" class=""c-accordion-lvl2__title-link "" role=""button"" aria-expanded=""true"" aria-controls=""rs-2"" data-toggle=""collapse"" onclick=""javascript:InvokeRSD('collapse', 2)"" href=""#rs-2"">"
41,https://cucatalog.org/polaris/view.aspx?CN=2634322,The Urbana Free Library,serious,link-name,Ensure links have discernible text,Links must have discernible text,https://dequeuniversity.com/rules/axe/4.10/link-name?application=playwright,"<a id=""c-accordion-lvl2__title_relatedsearch-2"" class=""c-accordion-lvl2__title-link "" role=""button"" aria-expanded=""true"" aria-controls=""rs-2"" data-toggle=""collapse"" onclick=""javascript:InvokeRSD('collapse', 2)"" href=""#rs-2"">
                                        </a>"
41,https://cucatalog.org/polaris/view.aspx?CN=2634322,The Urbana Free Library,serious,link-name,Ensure links have discernible text,Links must have discernible text,https://dequeuniversity.com/rules/axe/4.10/link-name?application=playwright,"<a id=""c-accordion-lvl2__title_relatedsearch-2"" class=""c-accordion-lvl2__title-link "" role=""button"" aria-expanded=""true"" aria-controls=""rs-2"" data-toggle=""collapse"" onclick=""javascript:InvokeRSD('collapse', 2)"" href=""#rs-2"">
								            </a>"
41,https://cucatalog.org/polaris/view.aspx?CN=2634322,The Urbana Free Library,serious,link-name,Ensure links have discernible text,Links must have discernible text,https://dequeuniversity.com/rules/axe/4.10/link-name?application=playwright,"<a id=""c-accordion-lvl2__title_relatedsearch-2"" class=""c-accordion-lvl2__title-link "" role=""button"" aria-expanded=""true"" aria-controls=""rs-2"" data-toggle=""collapse"" onclick=""javascript:InvokeRSD('collapse', 2)"" href=""#rs-2"">  
									            
											            </a>"
41,https://cucatalog.org/polaris/view.aspx?CN=2634322,The Urbana Free Library,serious,link-name,Ensure links have discernible text,Links must have discernible text,https://dequeuniversity.com/rules/axe/4.10/link-name?application=playwright,"<a id=""c-accordion-lvl2__title_relatedsearch-2"" class=""c-accordion-lvl2__title-link "" role=""button"" aria-expanded=""true"" aria-controls=""rs-2"" data-toggle=""collapse"" onclick=""javascript:InvokeRSD('collapse', 2)"" href=""#rs-2"">  
                                                            </a>"
41,https://cucatalog.org/polaris/view.aspx?CN=2634322,The Urbana Free Library,serious,link-name,Ensure links have discernible text,Links must have discernible text,https://dequeuniversity.com/rules/axe/4.10/link-name?application=playwright,"<a id=""c-accordion-lvl2__title_relatedsearch-3"" class=""c-accordion-lvl2__title-link "" role=""button"" aria-expanded=""true"" aria-controls=""rs-3"" data-toggle=""collapse"" onclick=""javascript:InvokeRSD('collapse', 3)"" href=""#rs-3"">    
                                </a>"
41,https://cucatalog.org/polaris/view.aspx?CN=2634322,The Urbana Free Library,serious,link-name,Ensure links have discernible text,Links must have discernible text,https://dequeuniversity.com/rules/axe/4.10/link-name?application=playwright,"<a id=""c-accordion-lvl2__title_relatedsearch-3"" class=""c-accordion-lvl2__title-link "" role=""button"" aria-expanded=""true"" aria-controls=""rs-3"" data-toggle=""collapse"" onclick=""javascript:InvokeRSD('collapse', 3)"" href=""#rs-3"">"
41,https://cucatalog.org/polaris/view.aspx?CN=2634322,The Urbana Free Library,serious,link-name,Ensure links have discernible text,Links must have discernible text,https://dequeuniversity.com/rules/axe/4.10/link-name?application=playwright,"<a id=""c-accordion-lvl2__title_relatedsearch-3"" class=""c-accordion-lvl2__title-link "" role=""button"" aria-expanded=""true"" aria-controls=""rs-3"" data-toggle=""collapse"" onclick=""javascript:InvokeRSD('collapse', 3)"" href=""#rs-3"">
                                        </a>"
41,https://cucatalog.org/polaris/view.aspx?CN=2634322,The Urbana Free Library,serious,link-name,Ensure links have discernible text,Links must have discernible text,https://dequeuniversity.com/rules/axe/4.10/link-name?application=playwright,"<a id=""c-accordion-lvl2__title_relatedsearch-3"" class=""c-accordion-lvl2__title-link "" role=""button"" aria-expanded=""true"" aria-controls=""rs-3"" data-toggle=""collapse"" onclick=""javascript:InvokeRSD('collapse', 3)"" href=""#rs-3"">
								            </a>"
41,https://cucatalog.org/polaris/view.aspx?CN=2634322,The Urbana Free Library,serious,link-name,Ensure links have discernible text,Links must have discernible text,https://dequeuniversity.com/rules/axe/4.10/link-name?application=playwright,"<a id=""c-accordion-lvl2__title_relatedsearch-3"" class=""c-accordion-lvl2__title-link "" role=""button"" aria-expanded=""true"" aria-controls=""rs-3"" data-toggle=""collapse"" onclick=""javascript:InvokeRSD('collapse', 3)"" href=""#rs-3"">  
									            
											            </a>"
41,https://cucatalog.org/polaris/view.aspx?CN=2634322,The Urbana Free Library,serious,link-name,Ensure links have discernible text,Links must have discernible text,https://dequeuniversity.com/rules/axe/4.10/link-name?application=playwright,"<a id=""c-accordion-lvl2__title_relatedsearch-3"" class=""c-accordion-lvl2__title-link "" role=""button"" aria-expanded=""true"" aria-controls=""rs-3"" data-toggle=""collapse"" onclick=""javascript:InvokeRSD('collapse', 3)"" href=""#rs-3"">  
                                                            </a>"
41,https://cucatalog.org/polaris/view.aspx?CN=2634322,The Urbana Free Library,serious,list,Ensure that lists are structured correctly,"<ul> and <ol> must only directly contain <li>, <script> or <template> elements",https://dequeuniversity.com/rules/axe/4.10/list?application=playwright,"<ul id=""c-title-detail__button-list-"" class=""c-title-detail-actions__list"" data-item-pos=""1"" data-item-page=""0"">"
41,https://cucatalog.org/polaris/view.aspx?CN=2634322,The Urbana Free Library,serious,list,Ensure that lists are structured correctly,"<ul> and <ol> must only directly contain <li>, <script> or <template> elements",https://dequeuniversity.com/rules/axe/4.10/list?application=playwright,"<ul class="" c-accordion__list c-accordion__list--show-bullets"">"
41,https://cucatalog.org/polaris/view.aspx?CN=2634322,The Urbana Free Library,serious,list,Ensure that lists are structured correctly,"<ul> and <ol> must only directly contain <li>, <script> or <template> elements",https://dequeuniversity.com/rules/axe/4.10/list?application=playwright,"<ul class="" c-accordion__list c-accordion__list--show-bullets"">"
41,https://cucatalog.org/polaris/view.aspx?CN=2634322,The Urbana Free Library,serious,listitem,Ensure <li> elements are used semantically,<li> elements must be contained in a <ul> or <ol>,https://dequeuniversity.com/rules/axe/4.10/listitem?application=playwright,"<li class=""nav__nav expandable-block-nav"">"
41,https://cucatalog.org/polaris/view.aspx?CN=2634322,The Urbana Free Library,serious,nested-interactive,Ensure interactive controls are not nested as they are not always announced by screen readers or can cause focus problems for assistive technologies,Interactive controls must not be nested,https://dequeuniversity.com/rules/axe/4.10/nested-interactive?application=playwright,"<div class=""c-accordion__heading"" role=""tab"">"
41,https://cucatalog.org/polaris/view.aspx?CN=2634322,The Urbana Free Library,serious,nested-interactive,Ensure interactive controls are not nested as they are not always announced by screen readers or can cause focus problems for assistive technologies,Interactive controls must not be nested,https://dequeuniversity.com/rules/axe/4.10/nested-interactive?application=playwright,"<div class=""c-accordion-lvl2__heading"" role=""tab"">"
41,https://cucatalog.org/polaris/view.aspx?CN=2634322,The Urbana Free Library,serious,nested-interactive,Ensure interactive controls are not nested as they are not always announced by screen readers or can cause focus problems for assistive technologies,Interactive controls must not be nested,https://dequeuniversity.com/rules/axe/4.10/nested-interactive?application=playwright,"<div class=""c-accordion-lvl2__heading"" role=""tab"">"
41,https://cucatalog.org/polaris/view.aspx?CN=2634322,The Urbana Free Library,serious,nested-interactive,Ensure interactive controls are not nested as they are not always announced by screen readers or can cause focus problems for assistive technologies,Interactive controls must not be nested,https://dequeuniversity.com/rules/axe/4.10/nested-interactive?application=playwright,"<div class=""c-accordion-lvl2__heading"" role=""tab"">"
41,https://cucatalog.org/polaris/view.aspx?CN=2634322,The Urbana Free Library,serious,nested-interactive,Ensure interactive controls are not nested as they are not always announced by screen readers or can cause focus problems for assistive technologies,Interactive controls must not be nested,https://dequeuniversity.com/rules/axe/4.10/nested-interactive?application=playwright,"<div class=""c-accordion__heading"" role=""tab"">"
41,https://cucatalog.org/polaris/view.aspx?CN=2634322,The Urbana Free Library,serious,nested-interactive,Ensure interactive controls are not nested as they are not always announced by screen readers or can cause focus problems for assistive technologies,Interactive controls must not be nested,https://dequeuniversity.com/rules/axe/4.10/nested-interactive?application=playwright,"<div class=""c-accordion__heading"" role=""tab"">"
41,https://cucatalog.org/polaris/view.aspx?CN=2634322,The Urbana Free Library,serious,nested-interactive,Ensure interactive controls are not nested as they are not always announced by screen readers or can cause focus problems for assistive technologies,Interactive controls must not be nested,https://dequeuniversity.com/rules/axe/4.10/nested-interactive?application=playwright,"<div class=""c-accordion__heading"" role=""tab"">"
41,https://cucatalog.org/polaris/view.aspx?CN=2634322,The Urbana Free Library,serious,nested-interactive,Ensure interactive controls are not nested as they are not always announced by screen readers or can cause focus problems for assistive technologies,Interactive controls must not be nested,https://dequeuniversity.com/rules/axe/4.10/nested-interactive?application=playwright,"<div class=""c-accordion__heading"" role=""tab"">"
41,https://cucatalog.org/polaris/view.aspx?CN=2634322,The Urbana Free Library,serious,nested-interactive,Ensure interactive controls are not nested as they are not always announced by screen readers or can cause focus problems for assistive technologies,Interactive controls must not be nested,https://dequeuniversity.com/rules/axe/4.10/nested-interactive?application=playwright,"<div class=""c-accordion__heading"" role=""tab"">"
41,https://cucatalog.org/polaris/view.aspx?CN=2634322,The Urbana Free Library,serious,nested-interactive,Ensure interactive controls are not nested as they are not always announced by screen readers or can cause focus problems for assistive technologies,Interactive controls must not be nested,https://dequeuniversity.com/rules/axe/4.10/nested-interactive?application=playwright,"<div class=""c-accordion__heading"" role=""tab"">"
41,https://cucatalog.org/polaris/view.aspx?CN=2634322,The Urbana Free Library,serious,nested-interactive,Ensure interactive controls are not nested as they are not always announced by screen readers or can cause focus problems for assistive technologies,Interactive controls must not be nested,https://dequeuniversity.com/rules/axe/4.10/nested-interactive?application=playwright,"<div class=""c-accordion__heading"" role=""tab"">"
41,https://cucatalog.org/polaris/view.aspx?CN=2634322,The Urbana Free Library,serious,nested-interactive,Ensure interactive controls are not nested as they are not always announced by screen readers or can cause focus problems for assistive technologies,Interactive controls must not be nested,https://dequeuniversity.com/rules/axe/4.10/nested-interactive?application=playwright,"<div class=""c-accordion__heading"" role=""tab"">"
41,https://cucatalog.org/polaris/view.aspx?CN=2634322,The Urbana Free Library,moderate,page-has-heading-one,"Ensure that the page, or at least one of its frames contains a level-one heading",Page should contain a level-one heading,https://dequeuniversity.com/rules/axe/4.10/page-has-heading-one?application=playwright,"<html class=""js flexbox flexboxlegacy canvas canvastext webgl no-touch geolocation postmessage no-websqldatabase indexeddb hashchange history draganddrop websockets rgba hsla multiplebgs backgroundsize borderimage borderradius boxshadow textshadow opacity cssanimations csscolumns cssgradients cssreflections csstransforms csstransforms3d csstransitions fontface generatedcontent video audio localstorage sessionstorage webworkers no-applicationcache svg inlinesvg smil svgclippaths"" lang=""en"" style="""">"
42,https://cucatalog.org/polaris/view.aspx?CN=2647282,The Urbana Free Library,critical,aria-allowed-attr,Ensure an element's role supports its ARIA attributes,Elements must only use supported ARIA attributes,https://dequeuniversity.com/rules/axe/4.10/aria-allowed-attr?application=playwright,"<div class=""c-search-header-options__container collapse in"" id=""c-search-header__search-options"" aria-labelledby=""c-search-header__search-options"" aria-expanded=""true"" style="""">"
42,https://cucatalog.org/polaris/view.aspx?CN=2647282,The Urbana Free Library,serious,aria-hidden-focus,Ensure aria-hidden elements are not focusable nor contain focusable elements,ARIA hidden element must not be focusable or contain focusable elements,https://dequeuniversity.com/rules/axe/4.10/aria-hidden-focus?application=playwright,"<a id=""__pos-1"" href=""#"" aria-hidden=""true"" aria-label=""Search Result""></a>"
42,https://cucatalog.org/polaris/view.aspx?CN=2647282,The Urbana Free Library,critical,aria-required-attr,Ensure elements with ARIA roles have all required ARIA attributes,Required ARIA attributes must be provided,https://dequeuniversity.com/rules/axe/4.10/aria-required-attr?application=playwright,"<select name=""ctl00$BodyMainContent$ctrlSearchBars$searchbarKeyword$dropdownSearchBy"" id=""dropdownSearchBy"" class=""SearchByList c-search-header__dropdown c-search-header__box--height"" aria-labelledby=""dropdownSearchByLabel"" role=""combobox"">"
42,https://cucatalog.org/polaris/view.aspx?CN=2647282,The Urbana Free Library,critical,aria-required-attr,Ensure elements with ARIA roles have all required ARIA attributes,Required ARIA attributes must be provided,https://dequeuniversity.com/rules/axe/4.10/aria-required-attr?application=playwright,"<select name=""ctl00$BodyMainContent$ctrlSearchBars$searchbarKeyword$dropdownLimitFilter"" id=""dropdownLimitFilter"" class=""c-search-header__dropdown c-search-header__box--height"" aria-labelledby=""dropdownLimitFilterLabel"" role=""combobox"" onchange=""javascript: AddDefaultTermAndHighlight('textboxTerm'); CheckDetailedMaterial();"">"
42,https://cucatalog.org/polaris/view.aspx?CN=2647282,The Urbana Free Library,critical,aria-required-children,Ensure elements with an ARIA role that require child roles contain them,Certain ARIA roles must contain particular children,https://dequeuniversity.com/rules/axe/4.10/aria-required-children?application=playwright,"<div class=""c-accordion-lvl2"" role=""tablist"" aria-multiselectable=""true"">"
42,https://cucatalog.org/polaris/view.aspx?CN=2647282,The Urbana Free Library,critical,aria-required-children,Ensure elements with an ARIA role that require child roles contain them,Certain ARIA roles must contain particular children,https://dequeuniversity.com/rules/axe/4.10/aria-required-children?application=playwright,"<div class=""c-accordion-lvl2__heading"" role=""tablist"">"
42,https://cucatalog.org/polaris/view.aspx?CN=2647282,The Urbana Free Library,critical,aria-required-parent,Ensure elements with an ARIA role that require parent roles are contained by them,Certain ARIA roles must be contained by particular parents,https://dequeuniversity.com/rules/axe/4.10/aria-required-parent?application=playwright,"<div class=""c-accordion__heading"" role=""tab"">"
42,https://cucatalog.org/polaris/view.aspx?CN=2647282,The Urbana Free Library,critical,aria-required-parent,Ensure elements with an ARIA role that require parent roles are contained by them,Certain ARIA roles must be contained by particular parents,https://dequeuniversity.com/rules/axe/4.10/aria-required-parent?application=playwright,"<div class=""c-accordion__heading"" role=""tab"">"
42,https://cucatalog.org/polaris/view.aspx?CN=2647282,The Urbana Free Library,critical,aria-required-parent,Ensure elements with an ARIA role that require parent roles are contained by them,Certain ARIA roles must be contained by particular parents,https://dequeuniversity.com/rules/axe/4.10/aria-required-parent?application=playwright,"<div class=""c-accordion__heading"" role=""tab"">"
42,https://cucatalog.org/polaris/view.aspx?CN=2647282,The Urbana Free Library,critical,aria-required-parent,Ensure elements with an ARIA role that require parent roles are contained by them,Certain ARIA roles must be contained by particular parents,https://dequeuniversity.com/rules/axe/4.10/aria-required-parent?application=playwright,"<div class=""c-accordion__heading"" role=""tab"">"
42,https://cucatalog.org/polaris/view.aspx?CN=2647282,The Urbana Free Library,critical,aria-required-parent,Ensure elements with an ARIA role that require parent roles are contained by them,Certain ARIA roles must be contained by particular parents,https://dequeuniversity.com/rules/axe/4.10/aria-required-parent?application=playwright,"<div class=""c-accordion__heading"" role=""tab"">"
42,https://cucatalog.org/polaris/view.aspx?CN=2647282,The Urbana Free Library,critical,aria-required-parent,Ensure elements with an ARIA role that require parent roles are contained by them,Certain ARIA roles must be contained by particular parents,https://dequeuniversity.com/rules/axe/4.10/aria-required-parent?application=playwright,"<div class=""c-accordion__heading"" role=""tab"">"
42,https://cucatalog.org/polaris/view.aspx?CN=2647282,The Urbana Free Library,critical,aria-required-parent,Ensure elements with an ARIA role that require parent roles are contained by them,Certain ARIA roles must be contained by particular parents,https://dequeuniversity.com/rules/axe/4.10/aria-required-parent?application=playwright,"<div class=""c-accordion__heading"" role=""tab"">"
42,https://cucatalog.org/polaris/view.aspx?CN=2647282,The Urbana Free Library,critical,aria-required-parent,Ensure elements with an ARIA role that require parent roles are contained by them,Certain ARIA roles must be contained by particular parents,https://dequeuniversity.com/rules/axe/4.10/aria-required-parent?application=playwright,"<div class=""c-accordion__heading"" role=""tab"">"
42,https://cucatalog.org/polaris/view.aspx?CN=2647282,The Urbana Free Library,critical,aria-required-parent,Ensure elements with an ARIA role that require parent roles are contained by them,Certain ARIA roles must be contained by particular parents,https://dequeuniversity.com/rules/axe/4.10/aria-required-parent?application=playwright,"<div class=""c-accordion__heading"" role=""tab"">"
42,https://cucatalog.org/polaris/view.aspx?CN=2647282,The Urbana Free Library,moderate,landmark-banner-is-top-level,Ensure the banner landmark is at top level,Banner landmark should not be contained in another landmark,https://dequeuniversity.com/rules/axe/4.10/landmark-banner-is-top-level?application=playwright,"<header class=""nav-panel__header"">"
42,https://cucatalog.org/polaris/view.aspx?CN=2647282,The Urbana Free Library,moderate,landmark-banner-is-top-level,Ensure the banner landmark is at top level,Banner landmark should not be contained in another landmark,https://dequeuniversity.com/rules/axe/4.10/landmark-banner-is-top-level?application=playwright,"<header class=""nav-panel__header"">"
42,https://cucatalog.org/polaris/view.aspx?CN=2647282,The Urbana Free Library,moderate,landmark-main-is-top-level,Ensure the main landmark is at top level,Main landmark should not be contained in another landmark,https://dequeuniversity.com/rules/axe/4.10/landmark-main-is-top-level?application=playwright,"<main class=""site-footer__main"">"
42,https://cucatalog.org/polaris/view.aspx?CN=2647282,The Urbana Free Library,moderate,landmark-no-duplicate-banner,Ensure the document has at most one banner landmark,Document should not have more than one banner landmark,https://dequeuniversity.com/rules/axe/4.10/landmark-no-duplicate-banner?application=playwright,"<header class=""site-header"">"
42,https://cucatalog.org/polaris/view.aspx?CN=2647282,The Urbana Free Library,moderate,landmark-no-duplicate-main,Ensure the document has at most one main landmark,Document should not have more than one main landmark,https://dequeuniversity.com/rules/axe/4.10/landmark-no-duplicate-main?application=playwright,"<main class=""site-main"" id=""content"">"
42,https://cucatalog.org/polaris/view.aspx?CN=2647282,The Urbana Free Library,moderate,landmark-unique,Ensure landmarks are unique,Landmarks should have a unique role or role/label/title (i.e. accessible name) combination,https://dequeuniversity.com/rules/axe/4.10/landmark-unique?application=playwright,"<header class=""site-header"">"
42,https://cucatalog.org/polaris/view.aspx?CN=2647282,The Urbana Free Library,moderate,landmark-unique,Ensure landmarks are unique,Landmarks should have a unique role or role/label/title (i.e. accessible name) combination,https://dequeuniversity.com/rules/axe/4.10/landmark-unique?application=playwright,"<nav class=""nav-panel__top-nav top-nav top-nav--split-header navbar-collapse"" role=""navigation"">"
42,https://cucatalog.org/polaris/view.aspx?CN=2647282,The Urbana Free Library,moderate,landmark-unique,Ensure landmarks are unique,Landmarks should have a unique role or role/label/title (i.e. accessible name) combination,https://dequeuniversity.com/rules/axe/4.10/landmark-unique?application=playwright,"<main class=""site-main"" id=""content"">"
42,https://cucatalog.org/polaris/view.aspx?CN=2647282,The Urbana Free Library,serious,link-name,Ensure links have discernible text,Links must have discernible text,https://dequeuniversity.com/rules/axe/4.10/link-name?application=playwright,"<a id=""c-accordion-lvl2__title_relatedsearch-2"" class=""c-accordion-lvl2__title-link "" role=""button"" aria-expanded=""true"" aria-controls=""rs-2"" data-toggle=""collapse"" onclick=""javascript:InvokeRSD('collapse', 2)"" href=""#rs-2"">    
                                </a>"
42,https://cucatalog.org/polaris/view.aspx?CN=2647282,The Urbana Free Library,serious,link-name,Ensure links have discernible text,Links must have discernible text,https://dequeuniversity.com/rules/axe/4.10/link-name?application=playwright,"<a id=""c-accordion-lvl2__title_relatedsearch-2"" class=""c-accordion-lvl2__title-link "" role=""button"" aria-expanded=""true"" aria-controls=""rs-2"" data-toggle=""collapse"" onclick=""javascript:InvokeRSD('collapse', 2)"" href=""#rs-2"">"
42,https://cucatalog.org/polaris/view.aspx?CN=2647282,The Urbana Free Library,serious,link-name,Ensure links have discernible text,Links must have discernible text,https://dequeuniversity.com/rules/axe/4.10/link-name?application=playwright,"<a id=""c-accordion-lvl2__title_relatedsearch-2"" class=""c-accordion-lvl2__title-link "" role=""button"" aria-expanded=""true"" aria-controls=""rs-2"" data-toggle=""collapse"" onclick=""javascript:InvokeRSD('collapse', 2)"" href=""#rs-2"">
                                        </a>"
42,https://cucatalog.org/polaris/view.aspx?CN=2647282,The Urbana Free Library,serious,link-name,Ensure links have discernible text,Links must have discernible text,https://dequeuniversity.com/rules/axe/4.10/link-name?application=playwright,"<a id=""c-accordion-lvl2__title_relatedsearch-2"" class=""c-accordion-lvl2__title-link "" role=""button"" aria-expanded=""true"" aria-controls=""rs-2"" data-toggle=""collapse"" onclick=""javascript:InvokeRSD('collapse', 2)"" href=""#rs-2"">
								            </a>"
42,https://cucatalog.org/polaris/view.aspx?CN=2647282,The Urbana Free Library,serious,link-name,Ensure links have discernible text,Links must have discernible text,https://dequeuniversity.com/rules/axe/4.10/link-name?application=playwright,"<a id=""c-accordion-lvl2__title_relatedsearch-2"" class=""c-accordion-lvl2__title-link "" role=""button"" aria-expanded=""true"" aria-controls=""rs-2"" data-toggle=""collapse"" onclick=""javascript:InvokeRSD('collapse', 2)"" href=""#rs-2"">  
									            
											            </a>"
42,https://cucatalog.org/polaris/view.aspx?CN=2647282,The Urbana Free Library,serious,link-name,Ensure links have discernible text,Links must have discernible text,https://dequeuniversity.com/rules/axe/4.10/link-name?application=playwright,"<a id=""c-accordion-lvl2__title_relatedsearch-2"" class=""c-accordion-lvl2__title-link "" role=""button"" aria-expanded=""true"" aria-controls=""rs-2"" data-toggle=""collapse"" onclick=""javascript:InvokeRSD('collapse', 2)"" href=""#rs-2"">  
                                                            </a>"
42,https://cucatalog.org/polaris/view.aspx?CN=2647282,The Urbana Free Library,serious,link-name,Ensure links have discernible text,Links must have discernible text,https://dequeuniversity.com/rules/axe/4.10/link-name?application=playwright,"<a id=""c-accordion-lvl2__title_relatedsearch-3"" class=""c-accordion-lvl2__title-link "" role=""button"" aria-expanded=""true"" aria-controls=""rs-3"" data-toggle=""collapse"" onclick=""javascript:InvokeRSD('collapse', 3)"" href=""#rs-3"">    
                                </a>"
42,https://cucatalog.org/polaris/view.aspx?CN=2647282,The Urbana Free Library,serious,link-name,Ensure links have discernible text,Links must have discernible text,https://dequeuniversity.com/rules/axe/4.10/link-name?application=playwright,"<a id=""c-accordion-lvl2__title_relatedsearch-3"" class=""c-accordion-lvl2__title-link "" role=""button"" aria-expanded=""true"" aria-controls=""rs-3"" data-toggle=""collapse"" onclick=""javascript:InvokeRSD('collapse', 3)"" href=""#rs-3"">"
42,https://cucatalog.org/polaris/view.aspx?CN=2647282,The Urbana Free Library,serious,link-name,Ensure links have discernible text,Links must have discernible text,https://dequeuniversity.com/rules/axe/4.10/link-name?application=playwright,"<a id=""c-accordion-lvl2__title_relatedsearch-3"" class=""c-accordion-lvl2__title-link "" role=""button"" aria-expanded=""true"" aria-controls=""rs-3"" data-toggle=""collapse"" onclick=""javascript:InvokeRSD('collapse', 3)"" href=""#rs-3"">
                                        </a>"
42,https://cucatalog.org/polaris/view.aspx?CN=2647282,The Urbana Free Library,serious,link-name,Ensure links have discernible text,Links must have discernible text,https://dequeuniversity.com/rules/axe/4.10/link-name?application=playwright,"<a id=""c-accordion-lvl2__title_relatedsearch-3"" class=""c-accordion-lvl2__title-link "" role=""button"" aria-expanded=""true"" aria-controls=""rs-3"" data-toggle=""collapse"" onclick=""javascript:InvokeRSD('collapse', 3)"" href=""#rs-3"">
								            </a>"
42,https://cucatalog.org/polaris/view.aspx?CN=2647282,The Urbana Free Library,serious,link-name,Ensure links have discernible text,Links must have discernible text,https://dequeuniversity.com/rules/axe/4.10/link-name?application=playwright,"<a id=""c-accordion-lvl2__title_relatedsearch-3"" class=""c-accordion-lvl2__title-link "" role=""button"" aria-expanded=""true"" aria-controls=""rs-3"" data-toggle=""collapse"" onclick=""javascript:InvokeRSD('collapse', 3)"" href=""#rs-3"">  
									            
											            </a>"
42,https://cucatalog.org/polaris/view.aspx?CN=2647282,The Urbana Free Library,serious,link-name,Ensure links have discernible text,Links must have discernible text,https://dequeuniversity.com/rules/axe/4.10/link-name?application=playwright,"<a id=""c-accordion-lvl2__title_relatedsearch-3"" class=""c-accordion-lvl2__title-link "" role=""button"" aria-expanded=""true"" aria-controls=""rs-3"" data-toggle=""collapse"" onclick=""javascript:InvokeRSD('collapse', 3)"" href=""#rs-3"">  
                                                            </a>"
42,https://cucatalog.org/polaris/view.aspx?CN=2647282,The Urbana Free Library,serious,list,Ensure that lists are structured correctly,"<ul> and <ol> must only directly contain <li>, <script> or <template> elements",https://dequeuniversity.com/rules/axe/4.10/list?application=playwright,"<ul id=""c-title-detail__button-list-"" class=""c-title-detail-actions__list"" data-item-pos=""1"" data-item-page=""0"">"
42,https://cucatalog.org/polaris/view.aspx?CN=2647282,The Urbana Free Library,serious,list,Ensure that lists are structured correctly,"<ul> and <ol> must only directly contain <li>, <script> or <template> elements",https://dequeuniversity.com/rules/axe/4.10/list?application=playwright,"<ul class="" c-accordion__list c-accordion__list--show-bullets"">"
42,https://cucatalog.org/polaris/view.aspx?CN=2647282,The Urbana Free Library,serious,list,Ensure that lists are structured correctly,"<ul> and <ol> must only directly contain <li>, <script> or <template> elements",https://dequeuniversity.com/rules/axe/4.10/list?application=playwright,"<ul class="" c-accordion__list c-accordion__list--show-bullets"">"
42,https://cucatalog.org/polaris/view.aspx?CN=2647282,The Urbana Free Library,serious,listitem,Ensure <li> elements are used semantically,<li> elements must be contained in a <ul> or <ol>,https://dequeuniversity.com/rules/axe/4.10/listitem?application=playwright,"<li class=""nav__nav expandable-block-nav"">"
42,https://cucatalog.org/polaris/view.aspx?CN=2647282,The Urbana Free Library,serious,nested-interactive,Ensure interactive controls are not nested as they are not always announced by screen readers or can cause focus problems for assistive technologies,Interactive controls must not be nested,https://dequeuniversity.com/rules/axe/4.10/nested-interactive?application=playwright,"<div class=""c-accordion__heading"" role=""tab"">"
42,https://cucatalog.org/polaris/view.aspx?CN=2647282,The Urbana Free Library,serious,nested-interactive,Ensure interactive controls are not nested as they are not always announced by screen readers or can cause focus problems for assistive technologies,Interactive controls must not be nested,https://dequeuniversity.com/rules/axe/4.10/nested-interactive?application=playwright,"<div class=""c-accordion-lvl2__heading"" role=""tab"">"
42,https://cucatalog.org/polaris/view.aspx?CN=2647282,The Urbana Free Library,serious,nested-interactive,Ensure interactive controls are not nested as they are not always announced by screen readers or can cause focus problems for assistive technologies,Interactive controls must not be nested,https://dequeuniversity.com/rules/axe/4.10/nested-interactive?application=playwright,"<div class=""c-accordion-lvl2__heading"" role=""tab"">"
42,https://cucatalog.org/polaris/view.aspx?CN=2647282,The Urbana Free Library,serious,nested-interactive,Ensure interactive controls are not nested as they are not always announced by screen readers or can cause focus problems for assistive technologies,Interactive controls must not be nested,https://dequeuniversity.com/rules/axe/4.10/nested-interactive?application=playwright,"<div class=""c-accordion-lvl2__heading"" role=""tab"">"
42,https://cucatalog.org/polaris/view.aspx?CN=2647282,The Urbana Free Library,serious,nested-interactive,Ensure interactive controls are not nested as they are not always announced by screen readers or can cause focus problems for assistive technologies,Interactive controls must not be nested,https://dequeuniversity.com/rules/axe/4.10/nested-interactive?application=playwright,"<div class=""c-accordion__heading"" role=""tab"">"
42,https://cucatalog.org/polaris/view.aspx?CN=2647282,The Urbana Free Library,serious,nested-interactive,Ensure interactive controls are not nested as they are not always announced by screen readers or can cause focus problems for assistive technologies,Interactive controls must not be nested,https://dequeuniversity.com/rules/axe/4.10/nested-interactive?application=playwright,"<div class=""c-accordion__heading"" role=""tab"">"
42,https://cucatalog.org/polaris/view.aspx?CN=2647282,The Urbana Free Library,serious,nested-interactive,Ensure interactive controls are not nested as they are not always announced by screen readers or can cause focus problems for assistive technologies,Interactive controls must not be nested,https://dequeuniversity.com/rules/axe/4.10/nested-interactive?application=playwright,"<div class=""c-accordion__heading"" role=""tab"">"
42,https://cucatalog.org/polaris/view.aspx?CN=2647282,The Urbana Free Library,serious,nested-interactive,Ensure interactive controls are not nested as they are not always announced by screen readers or can cause focus problems for assistive technologies,Interactive controls must not be nested,https://dequeuniversity.com/rules/axe/4.10/nested-interactive?application=playwright,"<div class=""c-accordion__heading"" role=""tab"">"
42,https://cucatalog.org/polaris/view.aspx?CN=2647282,The Urbana Free Library,serious,nested-interactive,Ensure interactive controls are not nested as they are not always announced by screen readers or can cause focus problems for assistive technologies,Interactive controls must not be nested,https://dequeuniversity.com/rules/axe/4.10/nested-interactive?application=playwright,"<div class=""c-accordion__heading"" role=""tab"">"
42,https://cucatalog.org/polaris/view.aspx?CN=2647282,The Urbana Free Library,serious,nested-interactive,Ensure interactive controls are not nested as they are not always announced by screen readers or can cause focus problems for assistive technologies,Interactive controls must not be nested,https://dequeuniversity.com/rules/axe/4.10/nested-interactive?application=playwright,"<div class=""c-accordion__heading"" role=""tab"">"
42,https://cucatalog.org/polaris/view.aspx?CN=2647282,The Urbana Free Library,serious,nested-interactive,Ensure interactive controls are not nested as they are not always announced by screen readers or can cause focus problems for assistive technologies,Interactive controls must not be nested,https://dequeuniversity.com/rules/axe/4.10/nested-interactive?application=playwright,"<div class=""c-accordion__heading"" role=""tab"">"
42,https://cucatalog.org/polaris/view.aspx?CN=2647282,The Urbana Free Library,serious,nested-interactive,Ensure interactive controls are not nested as they are not always announced by screen readers or can cause focus problems for assistive technologies,Interactive controls must not be nested,https://dequeuniversity.com/rules/axe/4.10/nested-interactive?application=playwright,"<div class=""c-accordion__heading"" role=""tab"">"
42,https://cucatalog.org/polaris/view.aspx?CN=2647282,The Urbana Free Library,moderate,page-has-heading-one,"Ensure that the page, or at least one of its frames contains a level-one heading",Page should contain a level-one heading,https://dequeuniversity.com/rules/axe/4.10/page-has-heading-one?application=playwright,"<html class=""js flexbox flexboxlegacy canvas canvastext webgl no-touch geolocation postmessage no-websqldatabase indexeddb hashchange history draganddrop websockets rgba hsla multiplebgs backgroundsize borderimage borderradius boxshadow textshadow opacity cssanimations csscolumns cssgradients cssreflections csstransforms csstransforms3d csstransitions fontface generatedcontent video audio localstorage sessionstorage webworkers no-applicationcache svg inlinesvg smil svgclippaths"" lang=""en"" style="""">"
43,https://cucatalog.org/polaris/view.aspx?CN=2634320,The Urbana Free Library,critical,aria-allowed-attr,Ensure an element's role supports its ARIA attributes,Elements must only use supported ARIA attributes,https://dequeuniversity.com/rules/axe/4.10/aria-allowed-attr?application=playwright,"<div class=""c-search-header-options__container collapse in"" id=""c-search-header__search-options"" aria-labelledby=""c-search-header__search-options"" aria-expanded=""true"" style="""">"
43,https://cucatalog.org/polaris/view.aspx?CN=2634320,The Urbana Free Library,serious,aria-hidden-focus,Ensure aria-hidden elements are not focusable nor contain focusable elements,ARIA hidden element must not be focusable or contain focusable elements,https://dequeuniversity.com/rules/axe/4.10/aria-hidden-focus?application=playwright,"<a id=""__pos-1"" href=""#"" aria-hidden=""true"" aria-label=""Search Result""></a>"
43,https://cucatalog.org/polaris/view.aspx?CN=2634320,The Urbana Free Library,critical,aria-required-attr,Ensure elements with ARIA roles have all required ARIA attributes,Required ARIA attributes must be provided,https://dequeuniversity.com/rules/axe/4.10/aria-required-attr?application=playwright,"<select name=""ctl00$BodyMainContent$ctrlSearchBars$searchbarKeyword$dropdownSearchBy"" id=""dropdownSearchBy"" class=""SearchByList c-search-header__dropdown c-search-header__box--height"" aria-labelledby=""dropdownSearchByLabel"" role=""combobox"">"
43,https://cucatalog.org/polaris/view.aspx?CN=2634320,The Urbana Free Library,critical,aria-required-attr,Ensure elements with ARIA roles have all required ARIA attributes,Required ARIA attributes must be provided,https://dequeuniversity.com/rules/axe/4.10/aria-required-attr?application=playwright,"<select name=""ctl00$BodyMainContent$ctrlSearchBars$searchbarKeyword$dropdownLimitFilter"" id=""dropdownLimitFilter"" class=""c-search-header__dropdown c-search-header__box--height"" aria-labelledby=""dropdownLimitFilterLabel"" role=""combobox"" onchange=""javascript: AddDefaultTermAndHighlight('textboxTerm'); CheckDetailedMaterial();"">"
43,https://cucatalog.org/polaris/view.aspx?CN=2634320,The Urbana Free Library,critical,aria-required-children,Ensure elements with an ARIA role that require child roles contain them,Certain ARIA roles must contain particular children,https://dequeuniversity.com/rules/axe/4.10/aria-required-children?application=playwright,"<div class=""c-accordion-lvl2"" role=""tablist"" aria-multiselectable=""true"">"
43,https://cucatalog.org/polaris/view.aspx?CN=2634320,The Urbana Free Library,critical,aria-required-children,Ensure elements with an ARIA role that require child roles contain them,Certain ARIA roles must contain particular children,https://dequeuniversity.com/rules/axe/4.10/aria-required-children?application=playwright,"<div class=""c-accordion-lvl2__heading"" role=""tablist"">"
43,https://cucatalog.org/polaris/view.aspx?CN=2634320,The Urbana Free Library,critical,aria-required-parent,Ensure elements with an ARIA role that require parent roles are contained by them,Certain ARIA roles must be contained by particular parents,https://dequeuniversity.com/rules/axe/4.10/aria-required-parent?application=playwright,"<div class=""c-accordion__heading"" role=""tab"">"
43,https://cucatalog.org/polaris/view.aspx?CN=2634320,The Urbana Free Library,critical,aria-required-parent,Ensure elements with an ARIA role that require parent roles are contained by them,Certain ARIA roles must be contained by particular parents,https://dequeuniversity.com/rules/axe/4.10/aria-required-parent?application=playwright,"<div class=""c-accordion__heading"" role=""tab"">"
43,https://cucatalog.org/polaris/view.aspx?CN=2634320,The Urbana Free Library,critical,aria-required-parent,Ensure elements with an ARIA role that require parent roles are contained by them,Certain ARIA roles must be contained by particular parents,https://dequeuniversity.com/rules/axe/4.10/aria-required-parent?application=playwright,"<div class=""c-accordion__heading"" role=""tab"">"
43,https://cucatalog.org/polaris/view.aspx?CN=2634320,The Urbana Free Library,critical,aria-required-parent,Ensure elements with an ARIA role that require parent roles are contained by them,Certain ARIA roles must be contained by particular parents,https://dequeuniversity.com/rules/axe/4.10/aria-required-parent?application=playwright,"<div class=""c-accordion__heading"" role=""tab"">"
43,https://cucatalog.org/polaris/view.aspx?CN=2634320,The Urbana Free Library,critical,aria-required-parent,Ensure elements with an ARIA role that require parent roles are contained by them,Certain ARIA roles must be contained by particular parents,https://dequeuniversity.com/rules/axe/4.10/aria-required-parent?application=playwright,"<div class=""c-accordion__heading"" role=""tab"">"
43,https://cucatalog.org/polaris/view.aspx?CN=2634320,The Urbana Free Library,critical,aria-required-parent,Ensure elements with an ARIA role that require parent roles are contained by them,Certain ARIA roles must be contained by particular parents,https://dequeuniversity.com/rules/axe/4.10/aria-required-parent?application=playwright,"<div class=""c-accordion__heading"" role=""tab"">"
43,https://cucatalog.org/polaris/view.aspx?CN=2634320,The Urbana Free Library,critical,aria-required-parent,Ensure elements with an ARIA role that require parent roles are contained by them,Certain ARIA roles must be contained by particular parents,https://dequeuniversity.com/rules/axe/4.10/aria-required-parent?application=playwright,"<div class=""c-accordion__heading"" role=""tab"">"
43,https://cucatalog.org/polaris/view.aspx?CN=2634320,The Urbana Free Library,critical,aria-required-parent,Ensure elements with an ARIA role that require parent roles are contained by them,Certain ARIA roles must be contained by particular parents,https://dequeuniversity.com/rules/axe/4.10/aria-required-parent?application=playwright,"<div class=""c-accordion__heading"" role=""tab"">"
43,https://cucatalog.org/polaris/view.aspx?CN=2634320,The Urbana Free Library,critical,aria-required-parent,Ensure elements with an ARIA role that require parent roles are contained by them,Certain ARIA roles must be contained by particular parents,https://dequeuniversity.com/rules/axe/4.10/aria-required-parent?application=playwright,"<div class=""c-accordion__heading"" role=""tab"">"
43,https://cucatalog.org/polaris/view.aspx?CN=2634320,The Urbana Free Library,moderate,landmark-banner-is-top-level,Ensure the banner landmark is at top level,Banner landmark should not be contained in another landmark,https://dequeuniversity.com/rules/axe/4.10/landmark-banner-is-top-level?application=playwright,"<header class=""nav-panel__header"">"
43,https://cucatalog.org/polaris/view.aspx?CN=2634320,The Urbana Free Library,moderate,landmark-banner-is-top-level,Ensure the banner landmark is at top level,Banner landmark should not be contained in another landmark,https://dequeuniversity.com/rules/axe/4.10/landmark-banner-is-top-level?application=playwright,"<header class=""nav-panel__header"">"
43,https://cucatalog.org/polaris/view.aspx?CN=2634320,The Urbana Free Library,moderate,landmark-main-is-top-level,Ensure the main landmark is at top level,Main landmark should not be contained in another landmark,https://dequeuniversity.com/rules/axe/4.10/landmark-main-is-top-level?application=playwright,"<main class=""site-footer__main"">"
43,https://cucatalog.org/polaris/view.aspx?CN=2634320,The Urbana Free Library,moderate,landmark-no-duplicate-banner,Ensure the document has at most one banner landmark,Document should not have more than one banner landmark,https://dequeuniversity.com/rules/axe/4.10/landmark-no-duplicate-banner?application=playwright,"<header class=""site-header"">"
43,https://cucatalog.org/polaris/view.aspx?CN=2634320,The Urbana Free Library,moderate,landmark-no-duplicate-main,Ensure the document has at most one main landmark,Document should not have more than one main landmark,https://dequeuniversity.com/rules/axe/4.10/landmark-no-duplicate-main?application=playwright,"<main class=""site-main"" id=""content"">"
43,https://cucatalog.org/polaris/view.aspx?CN=2634320,The Urbana Free Library,moderate,landmark-unique,Ensure landmarks are unique,Landmarks should have a unique role or role/label/title (i.e. accessible name) combination,https://dequeuniversity.com/rules/axe/4.10/landmark-unique?application=playwright,"<header class=""site-header"">"
43,https://cucatalog.org/polaris/view.aspx?CN=2634320,The Urbana Free Library,moderate,landmark-unique,Ensure landmarks are unique,Landmarks should have a unique role or role/label/title (i.e. accessible name) combination,https://dequeuniversity.com/rules/axe/4.10/landmark-unique?application=playwright,"<nav class=""nav-panel__top-nav top-nav top-nav--split-header navbar-collapse"" role=""navigation"">"
43,https://cucatalog.org/polaris/view.aspx?CN=2634320,The Urbana Free Library,moderate,landmark-unique,Ensure landmarks are unique,Landmarks should have a unique role or role/label/title (i.e. accessible name) combination,https://dequeuniversity.com/rules/axe/4.10/landmark-unique?application=playwright,"<main class=""site-main"" id=""content"">"
43,https://cucatalog.org/polaris/view.aspx?CN=2634320,The Urbana Free Library,serious,link-name,Ensure links have discernible text,Links must have discernible text,https://dequeuniversity.com/rules/axe/4.10/link-name?application=playwright,"<a id=""c-accordion-lvl2__title_relatedsearch-2"" class=""c-accordion-lvl2__title-link "" role=""button"" aria-expanded=""true"" aria-controls=""rs-2"" data-toggle=""collapse"" onclick=""javascript:InvokeRSD('collapse', 2)"" href=""#rs-2"">    
                                </a>"
43,https://cucatalog.org/polaris/view.aspx?CN=2634320,The Urbana Free Library,serious,link-name,Ensure links have discernible text,Links must have discernible text,https://dequeuniversity.com/rules/axe/4.10/link-name?application=playwright,"<a id=""c-accordion-lvl2__title_relatedsearch-2"" class=""c-accordion-lvl2__title-link "" role=""button"" aria-expanded=""true"" aria-controls=""rs-2"" data-toggle=""collapse"" onclick=""javascript:InvokeRSD('collapse', 2)"" href=""#rs-2"">"
43,https://cucatalog.org/polaris/view.aspx?CN=2634320,The Urbana Free Library,serious,link-name,Ensure links have discernible text,Links must have discernible text,https://dequeuniversity.com/rules/axe/4.10/link-name?application=playwright,"<a id=""c-accordion-lvl2__title_relatedsearch-2"" class=""c-accordion-lvl2__title-link "" role=""button"" aria-expanded=""true"" aria-controls=""rs-2"" data-toggle=""collapse"" onclick=""javascript:InvokeRSD('collapse', 2)"" href=""#rs-2"">
                                        </a>"
43,https://cucatalog.org/polaris/view.aspx?CN=2634320,The Urbana Free Library,serious,link-name,Ensure links have discernible text,Links must have discernible text,https://dequeuniversity.com/rules/axe/4.10/link-name?application=playwright,"<a id=""c-accordion-lvl2__title_relatedsearch-2"" class=""c-accordion-lvl2__title-link "" role=""button"" aria-expanded=""true"" aria-controls=""rs-2"" data-toggle=""collapse"" onclick=""javascript:InvokeRSD('collapse', 2)"" href=""#rs-2"">
								            </a>"
43,https://cucatalog.org/polaris/view.aspx?CN=2634320,The Urbana Free Library,serious,link-name,Ensure links have discernible text,Links must have discernible text,https://dequeuniversity.com/rules/axe/4.10/link-name?application=playwright,"<a id=""c-accordion-lvl2__title_relatedsearch-2"" class=""c-accordion-lvl2__title-link "" role=""button"" aria-expanded=""true"" aria-controls=""rs-2"" data-toggle=""collapse"" onclick=""javascript:InvokeRSD('collapse', 2)"" href=""#rs-2"">  
									            
											            </a>"
43,https://cucatalog.org/polaris/view.aspx?CN=2634320,The Urbana Free Library,serious,link-name,Ensure links have discernible text,Links must have discernible text,https://dequeuniversity.com/rules/axe/4.10/link-name?application=playwright,"<a id=""c-accordion-lvl2__title_relatedsearch-2"" class=""c-accordion-lvl2__title-link "" role=""button"" aria-expanded=""true"" aria-controls=""rs-2"" data-toggle=""collapse"" onclick=""javascript:InvokeRSD('collapse', 2)"" href=""#rs-2"">  
                                                            </a>"
43,https://cucatalog.org/polaris/view.aspx?CN=2634320,The Urbana Free Library,serious,link-name,Ensure links have discernible text,Links must have discernible text,https://dequeuniversity.com/rules/axe/4.10/link-name?application=playwright,"<a id=""c-accordion-lvl2__title_relatedsearch-3"" class=""c-accordion-lvl2__title-link "" role=""button"" aria-expanded=""true"" aria-controls=""rs-3"" data-toggle=""collapse"" onclick=""javascript:InvokeRSD('collapse', 3)"" href=""#rs-3"">    
                                </a>"
43,https://cucatalog.org/polaris/view.aspx?CN=2634320,The Urbana Free Library,serious,link-name,Ensure links have discernible text,Links must have discernible text,https://dequeuniversity.com/rules/axe/4.10/link-name?application=playwright,"<a id=""c-accordion-lvl2__title_relatedsearch-3"" class=""c-accordion-lvl2__title-link "" role=""button"" aria-expanded=""true"" aria-controls=""rs-3"" data-toggle=""collapse"" onclick=""javascript:InvokeRSD('collapse', 3)"" href=""#rs-3"">"
43,https://cucatalog.org/polaris/view.aspx?CN=2634320,The Urbana Free Library,serious,link-name,Ensure links have discernible text,Links must have discernible text,https://dequeuniversity.com/rules/axe/4.10/link-name?application=playwright,"<a id=""c-accordion-lvl2__title_relatedsearch-3"" class=""c-accordion-lvl2__title-link "" role=""button"" aria-expanded=""true"" aria-controls=""rs-3"" data-toggle=""collapse"" onclick=""javascript:InvokeRSD('collapse', 3)"" href=""#rs-3"">
                                        </a>"
43,https://cucatalog.org/polaris/view.aspx?CN=2634320,The Urbana Free Library,serious,link-name,Ensure links have discernible text,Links must have discernible text,https://dequeuniversity.com/rules/axe/4.10/link-name?application=playwright,"<a id=""c-accordion-lvl2__title_relatedsearch-3"" class=""c-accordion-lvl2__title-link "" role=""button"" aria-expanded=""true"" aria-controls=""rs-3"" data-toggle=""collapse"" onclick=""javascript:InvokeRSD('collapse', 3)"" href=""#rs-3"">
								            </a>"
43,https://cucatalog.org/polaris/view.aspx?CN=2634320,The Urbana Free Library,serious,link-name,Ensure links have discernible text,Links must have discernible text,https://dequeuniversity.com/rules/axe/4.10/link-name?application=playwright,"<a id=""c-accordion-lvl2__title_relatedsearch-3"" class=""c-accordion-lvl2__title-link "" role=""button"" aria-expanded=""true"" aria-controls=""rs-3"" data-toggle=""collapse"" onclick=""javascript:InvokeRSD('collapse', 3)"" href=""#rs-3"">  
									            
											            </a>"
43,https://cucatalog.org/polaris/view.aspx?CN=2634320,The Urbana Free Library,serious,link-name,Ensure links have discernible text,Links must have discernible text,https://dequeuniversity.com/rules/axe/4.10/link-name?application=playwright,"<a id=""c-accordion-lvl2__title_relatedsearch-3"" class=""c-accordion-lvl2__title-link "" role=""button"" aria-expanded=""true"" aria-controls=""rs-3"" data-toggle=""collapse"" onclick=""javascript:InvokeRSD('collapse', 3)"" href=""#rs-3"">  
                                                            </a>"
43,https://cucatalog.org/polaris/view.aspx?CN=2634320,The Urbana Free Library,serious,list,Ensure that lists are structured correctly,"<ul> and <ol> must only directly contain <li>, <script> or <template> elements",https://dequeuniversity.com/rules/axe/4.10/list?application=playwright,"<ul id=""c-title-detail__button-list-"" class=""c-title-detail-actions__list"" data-item-pos=""1"" data-item-page=""0"">"
43,https://cucatalog.org/polaris/view.aspx?CN=2634320,The Urbana Free Library,serious,list,Ensure that lists are structured correctly,"<ul> and <ol> must only directly contain <li>, <script> or <template> elements",https://dequeuniversity.com/rules/axe/4.10/list?application=playwright,"<ul class="" c-accordion__list c-accordion__list--show-bullets"">"
43,https://cucatalog.org/polaris/view.aspx?CN=2634320,The Urbana Free Library,serious,list,Ensure that lists are structured correctly,"<ul> and <ol> must only directly contain <li>, <script> or <template> elements",https://dequeuniversity.com/rules/axe/4.10/list?application=playwright,"<ul class="" c-accordion__list c-accordion__list--show-bullets"">"
43,https://cucatalog.org/polaris/view.aspx?CN=2634320,The Urbana Free Library,serious,listitem,Ensure <li> elements are used semantically,<li> elements must be contained in a <ul> or <ol>,https://dequeuniversity.com/rules/axe/4.10/listitem?application=playwright,"<li class=""nav__nav expandable-block-nav"">"
43,https://cucatalog.org/polaris/view.aspx?CN=2634320,The Urbana Free Library,serious,nested-interactive,Ensure interactive controls are not nested as they are not always announced by screen readers or can cause focus problems for assistive technologies,Interactive controls must not be nested,https://dequeuniversity.com/rules/axe/4.10/nested-interactive?application=playwright,"<div class=""c-accordion__heading"" role=""tab"">"
43,https://cucatalog.org/polaris/view.aspx?CN=2634320,The Urbana Free Library,serious,nested-interactive,Ensure interactive controls are not nested as they are not always announced by screen readers or can cause focus problems for assistive technologies,Interactive controls must not be nested,https://dequeuniversity.com/rules/axe/4.10/nested-interactive?application=playwright,"<div class=""c-accordion-lvl2__heading"" role=""tab"">"
43,https://cucatalog.org/polaris/view.aspx?CN=2634320,The Urbana Free Library,serious,nested-interactive,Ensure interactive controls are not nested as they are not always announced by screen readers or can cause focus problems for assistive technologies,Interactive controls must not be nested,https://dequeuniversity.com/rules/axe/4.10/nested-interactive?application=playwright,"<div class=""c-accordion-lvl2__heading"" role=""tab"">"
43,https://cucatalog.org/polaris/view.aspx?CN=2634320,The Urbana Free Library,serious,nested-interactive,Ensure interactive controls are not nested as they are not always announced by screen readers or can cause focus problems for assistive technologies,Interactive controls must not be nested,https://dequeuniversity.com/rules/axe/4.10/nested-interactive?application=playwright,"<div class=""c-accordion-lvl2__heading"" role=""tab"">"
43,https://cucatalog.org/polaris/view.aspx?CN=2634320,The Urbana Free Library,serious,nested-interactive,Ensure interactive controls are not nested as they are not always announced by screen readers or can cause focus problems for assistive technologies,Interactive controls must not be nested,https://dequeuniversity.com/rules/axe/4.10/nested-interactive?application=playwright,"<div class=""c-accordion__heading"" role=""tab"">"
43,https://cucatalog.org/polaris/view.aspx?CN=2634320,The Urbana Free Library,serious,nested-interactive,Ensure interactive controls are not nested as they are not always announced by screen readers or can cause focus problems for assistive technologies,Interactive controls must not be nested,https://dequeuniversity.com/rules/axe/4.10/nested-interactive?application=playwright,"<div class=""c-accordion__heading"" role=""tab"">"
43,https://cucatalog.org/polaris/view.aspx?CN=2634320,The Urbana Free Library,serious,nested-interactive,Ensure interactive controls are not nested as they are not always announced by screen readers or can cause focus problems for assistive technologies,Interactive controls must not be nested,https://dequeuniversity.com/rules/axe/4.10/nested-interactive?application=playwright,"<div class=""c-accordion__heading"" role=""tab"">"
43,https://cucatalog.org/polaris/view.aspx?CN=2634320,The Urbana Free Library,serious,nested-interactive,Ensure interactive controls are not nested as they are not always announced by screen readers or can cause focus problems for assistive technologies,Interactive controls must not be nested,https://dequeuniversity.com/rules/axe/4.10/nested-interactive?application=playwright,"<div class=""c-accordion__heading"" role=""tab"">"
43,https://cucatalog.org/polaris/view.aspx?CN=2634320,The Urbana Free Library,serious,nested-interactive,Ensure interactive controls are not nested as they are not always announced by screen readers or can cause focus problems for assistive technologies,Interactive controls must not be nested,https://dequeuniversity.com/rules/axe/4.10/nested-interactive?application=playwright,"<div class=""c-accordion__heading"" role=""tab"">"
43,https://cucatalog.org/polaris/view.aspx?CN=2634320,The Urbana Free Library,serious,nested-interactive,Ensure interactive controls are not nested as they are not always announced by screen readers or can cause focus problems for assistive technologies,Interactive controls must not be nested,https://dequeuniversity.com/rules/axe/4.10/nested-interactive?application=playwright,"<div class=""c-accordion__heading"" role=""tab"">"
43,https://cucatalog.org/polaris/view.aspx?CN=2634320,The Urbana Free Library,serious,nested-interactive,Ensure interactive controls are not nested as they are not always announced by screen readers or can cause focus problems for assistive technologies,Interactive controls must not be nested,https://dequeuniversity.com/rules/axe/4.10/nested-interactive?application=playwright,"<div class=""c-accordion__heading"" role=""tab"">"
43,https://cucatalog.org/polaris/view.aspx?CN=2634320,The Urbana Free Library,serious,nested-interactive,Ensure interactive controls are not nested as they are not always announced by screen readers or can cause focus problems for assistive technologies,Interactive controls must not be nested,https://dequeuniversity.com/rules/axe/4.10/nested-interactive?application=playwright,"<div class=""c-accordion__heading"" role=""tab"">"
43,https://cucatalog.org/polaris/view.aspx?CN=2634320,The Urbana Free Library,moderate,page-has-heading-one,"Ensure that the page, or at least one of its frames contains a level-one heading",Page should contain a level-one heading,https://dequeuniversity.com/rules/axe/4.10/page-has-heading-one?application=playwright,"<html class=""js flexbox flexboxlegacy canvas canvastext webgl no-touch geolocation postmessage no-websqldatabase indexeddb hashchange history draganddrop websockets rgba hsla multiplebgs backgroundsize borderimage borderradius boxshadow textshadow opacity cssanimations csscolumns cssgradients cssreflections csstransforms csstransforms3d csstransitions fontface generatedcontent video audio localstorage sessionstorage webworkers no-applicationcache svg inlinesvg smil svgclippaths"" lang=""en"" style="""">"
44,https://cucatalog.org/polaris/view.aspx?CN=2642156,The Urbana Free Library,critical,aria-allowed-attr,Ensure an element's role supports its ARIA attributes,Elements must only use supported ARIA attributes,https://dequeuniversity.com/rules/axe/4.10/aria-allowed-attr?application=playwright,"<div class=""c-search-header-options__container collapse in"" id=""c-search-header__search-options"" aria-labelledby=""c-search-header__search-options"" aria-expanded=""true"" style="""">"
44,https://cucatalog.org/polaris/view.aspx?CN=2642156,The Urbana Free Library,serious,aria-hidden-focus,Ensure aria-hidden elements are not focusable nor contain focusable elements,ARIA hidden element must not be focusable or contain focusable elements,https://dequeuniversity.com/rules/axe/4.10/aria-hidden-focus?application=playwright,"<a id=""__pos-1"" href=""#"" aria-hidden=""true"" aria-label=""Search Result""></a>"
44,https://cucatalog.org/polaris/view.aspx?CN=2642156,The Urbana Free Library,critical,aria-required-attr,Ensure elements with ARIA roles have all required ARIA attributes,Required ARIA attributes must be provided,https://dequeuniversity.com/rules/axe/4.10/aria-required-attr?application=playwright,"<select name=""ctl00$BodyMainContent$ctrlSearchBars$searchbarKeyword$dropdownSearchBy"" id=""dropdownSearchBy"" class=""SearchByList c-search-header__dropdown c-search-header__box--height"" aria-labelledby=""dropdownSearchByLabel"" role=""combobox"">"
44,https://cucatalog.org/polaris/view.aspx?CN=2642156,The Urbana Free Library,critical,aria-required-attr,Ensure elements with ARIA roles have all required ARIA attributes,Required ARIA attributes must be provided,https://dequeuniversity.com/rules/axe/4.10/aria-required-attr?application=playwright,"<select name=""ctl00$BodyMainContent$ctrlSearchBars$searchbarKeyword$dropdownLimitFilter"" id=""dropdownLimitFilter"" class=""c-search-header__dropdown c-search-header__box--height"" aria-labelledby=""dropdownLimitFilterLabel"" role=""combobox"" onchange=""javascript: AddDefaultTermAndHighlight('textboxTerm'); CheckDetailedMaterial();"">"
44,https://cucatalog.org/polaris/view.aspx?CN=2642156,The Urbana Free Library,critical,aria-required-children,Ensure elements with an ARIA role that require child roles contain them,Certain ARIA roles must contain particular children,https://dequeuniversity.com/rules/axe/4.10/aria-required-children?application=playwright,"<div class=""c-accordion-lvl2"" role=""tablist"" aria-multiselectable=""true"">"
44,https://cucatalog.org/polaris/view.aspx?CN=2642156,The Urbana Free Library,critical,aria-required-children,Ensure elements with an ARIA role that require child roles contain them,Certain ARIA roles must contain particular children,https://dequeuniversity.com/rules/axe/4.10/aria-required-children?application=playwright,"<div class=""c-accordion-lvl2__heading"" role=""tablist"">"
44,https://cucatalog.org/polaris/view.aspx?CN=2642156,The Urbana Free Library,critical,aria-required-parent,Ensure elements with an ARIA role that require parent roles are contained by them,Certain ARIA roles must be contained by particular parents,https://dequeuniversity.com/rules/axe/4.10/aria-required-parent?application=playwright,"<div class=""c-accordion__heading"" role=""tab"">"
44,https://cucatalog.org/polaris/view.aspx?CN=2642156,The Urbana Free Library,critical,aria-required-parent,Ensure elements with an ARIA role that require parent roles are contained by them,Certain ARIA roles must be contained by particular parents,https://dequeuniversity.com/rules/axe/4.10/aria-required-parent?application=playwright,"<div class=""c-accordion__heading"" role=""tab"">"
44,https://cucatalog.org/polaris/view.aspx?CN=2642156,The Urbana Free Library,critical,aria-required-parent,Ensure elements with an ARIA role that require parent roles are contained by them,Certain ARIA roles must be contained by particular parents,https://dequeuniversity.com/rules/axe/4.10/aria-required-parent?application=playwright,"<div class=""c-accordion__heading"" role=""tab"">"
44,https://cucatalog.org/polaris/view.aspx?CN=2642156,The Urbana Free Library,critical,aria-required-parent,Ensure elements with an ARIA role that require parent roles are contained by them,Certain ARIA roles must be contained by particular parents,https://dequeuniversity.com/rules/axe/4.10/aria-required-parent?application=playwright,"<div class=""c-accordion__heading"" role=""tab"">"
44,https://cucatalog.org/polaris/view.aspx?CN=2642156,The Urbana Free Library,critical,aria-required-parent,Ensure elements with an ARIA role that require parent roles are contained by them,Certain ARIA roles must be contained by particular parents,https://dequeuniversity.com/rules/axe/4.10/aria-required-parent?application=playwright,"<div class=""c-accordion__heading"" role=""tab"">"
44,https://cucatalog.org/polaris/view.aspx?CN=2642156,The Urbana Free Library,critical,aria-required-parent,Ensure elements with an ARIA role that require parent roles are contained by them,Certain ARIA roles must be contained by particular parents,https://dequeuniversity.com/rules/axe/4.10/aria-required-parent?application=playwright,"<div class=""c-accordion__heading"" role=""tab"">"
44,https://cucatalog.org/polaris/view.aspx?CN=2642156,The Urbana Free Library,critical,aria-required-parent,Ensure elements with an ARIA role that require parent roles are contained by them,Certain ARIA roles must be contained by particular parents,https://dequeuniversity.com/rules/axe/4.10/aria-required-parent?application=playwright,"<div class=""c-accordion__heading"" role=""tab"">"
44,https://cucatalog.org/polaris/view.aspx?CN=2642156,The Urbana Free Library,critical,aria-required-parent,Ensure elements with an ARIA role that require parent roles are contained by them,Certain ARIA roles must be contained by particular parents,https://dequeuniversity.com/rules/axe/4.10/aria-required-parent?application=playwright,"<div class=""c-accordion__heading"" role=""tab"">"
44,https://cucatalog.org/polaris/view.aspx?CN=2642156,The Urbana Free Library,critical,aria-required-parent,Ensure elements with an ARIA role that require parent roles are contained by them,Certain ARIA roles must be contained by particular parents,https://dequeuniversity.com/rules/axe/4.10/aria-required-parent?application=playwright,"<div class=""c-accordion__heading"" role=""tab"">"
44,https://cucatalog.org/polaris/view.aspx?CN=2642156,The Urbana Free Library,moderate,landmark-banner-is-top-level,Ensure the banner landmark is at top level,Banner landmark should not be contained in another landmark,https://dequeuniversity.com/rules/axe/4.10/landmark-banner-is-top-level?application=playwright,"<header class=""nav-panel__header"">"
44,https://cucatalog.org/polaris/view.aspx?CN=2642156,The Urbana Free Library,moderate,landmark-banner-is-top-level,Ensure the banner landmark is at top level,Banner landmark should not be contained in another landmark,https://dequeuniversity.com/rules/axe/4.10/landmark-banner-is-top-level?application=playwright,"<header class=""nav-panel__header"">"
44,https://cucatalog.org/polaris/view.aspx?CN=2642156,The Urbana Free Library,moderate,landmark-main-is-top-level,Ensure the main landmark is at top level,Main landmark should not be contained in another landmark,https://dequeuniversity.com/rules/axe/4.10/landmark-main-is-top-level?application=playwright,"<main class=""site-footer__main"">"
44,https://cucatalog.org/polaris/view.aspx?CN=2642156,The Urbana Free Library,moderate,landmark-no-duplicate-banner,Ensure the document has at most one banner landmark,Document should not have more than one banner landmark,https://dequeuniversity.com/rules/axe/4.10/landmark-no-duplicate-banner?application=playwright,"<header class=""site-header"">"
44,https://cucatalog.org/polaris/view.aspx?CN=2642156,The Urbana Free Library,moderate,landmark-no-duplicate-main,Ensure the document has at most one main landmark,Document should not have more than one main landmark,https://dequeuniversity.com/rules/axe/4.10/landmark-no-duplicate-main?application=playwright,"<main class=""site-main"" id=""content"">"
44,https://cucatalog.org/polaris/view.aspx?CN=2642156,The Urbana Free Library,moderate,landmark-unique,Ensure landmarks are unique,Landmarks should have a unique role or role/label/title (i.e. accessible name) combination,https://dequeuniversity.com/rules/axe/4.10/landmark-unique?application=playwright,"<header class=""site-header"">"
44,https://cucatalog.org/polaris/view.aspx?CN=2642156,The Urbana Free Library,moderate,landmark-unique,Ensure landmarks are unique,Landmarks should have a unique role or role/label/title (i.e. accessible name) combination,https://dequeuniversity.com/rules/axe/4.10/landmark-unique?application=playwright,"<nav class=""nav-panel__top-nav top-nav top-nav--split-header navbar-collapse"" role=""navigation"">"
44,https://cucatalog.org/polaris/view.aspx?CN=2642156,The Urbana Free Library,moderate,landmark-unique,Ensure landmarks are unique,Landmarks should have a unique role or role/label/title (i.e. accessible name) combination,https://dequeuniversity.com/rules/axe/4.10/landmark-unique?application=playwright,"<main class=""site-main"" id=""content"">"
44,https://cucatalog.org/polaris/view.aspx?CN=2642156,The Urbana Free Library,serious,link-name,Ensure links have discernible text,Links must have discernible text,https://dequeuniversity.com/rules/axe/4.10/link-name?application=playwright,"<a id=""c-accordion-lvl2__title_relatedsearch-2"" class=""c-accordion-lvl2__title-link "" role=""button"" aria-expanded=""true"" aria-controls=""rs-2"" data-toggle=""collapse"" onclick=""javascript:InvokeRSD('collapse', 2)"" href=""#rs-2"">    
                                </a>"
44,https://cucatalog.org/polaris/view.aspx?CN=2642156,The Urbana Free Library,serious,link-name,Ensure links have discernible text,Links must have discernible text,https://dequeuniversity.com/rules/axe/4.10/link-name?application=playwright,"<a id=""c-accordion-lvl2__title_relatedsearch-2"" class=""c-accordion-lvl2__title-link "" role=""button"" aria-expanded=""true"" aria-controls=""rs-2"" data-toggle=""collapse"" onclick=""javascript:InvokeRSD('collapse', 2)"" href=""#rs-2"">"
44,https://cucatalog.org/polaris/view.aspx?CN=2642156,The Urbana Free Library,serious,link-name,Ensure links have discernible text,Links must have discernible text,https://dequeuniversity.com/rules/axe/4.10/link-name?application=playwright,"<a id=""c-accordion-lvl2__title_relatedsearch-2"" class=""c-accordion-lvl2__title-link "" role=""button"" aria-expanded=""true"" aria-controls=""rs-2"" data-toggle=""collapse"" onclick=""javascript:InvokeRSD('collapse', 2)"" href=""#rs-2"">
                                        </a>"
44,https://cucatalog.org/polaris/view.aspx?CN=2642156,The Urbana Free Library,serious,link-name,Ensure links have discernible text,Links must have discernible text,https://dequeuniversity.com/rules/axe/4.10/link-name?application=playwright,"<a id=""c-accordion-lvl2__title_relatedsearch-2"" class=""c-accordion-lvl2__title-link "" role=""button"" aria-expanded=""true"" aria-controls=""rs-2"" data-toggle=""collapse"" onclick=""javascript:InvokeRSD('collapse', 2)"" href=""#rs-2"">
								            </a>"
44,https://cucatalog.org/polaris/view.aspx?CN=2642156,The Urbana Free Library,serious,link-name,Ensure links have discernible text,Links must have discernible text,https://dequeuniversity.com/rules/axe/4.10/link-name?application=playwright,"<a id=""c-accordion-lvl2__title_relatedsearch-2"" class=""c-accordion-lvl2__title-link "" role=""button"" aria-expanded=""true"" aria-controls=""rs-2"" data-toggle=""collapse"" onclick=""javascript:InvokeRSD('collapse', 2)"" href=""#rs-2"">  
									            
											            </a>"
44,https://cucatalog.org/polaris/view.aspx?CN=2642156,The Urbana Free Library,serious,link-name,Ensure links have discernible text,Links must have discernible text,https://dequeuniversity.com/rules/axe/4.10/link-name?application=playwright,"<a id=""c-accordion-lvl2__title_relatedsearch-2"" class=""c-accordion-lvl2__title-link "" role=""button"" aria-expanded=""true"" aria-controls=""rs-2"" data-toggle=""collapse"" onclick=""javascript:InvokeRSD('collapse', 2)"" href=""#rs-2"">  
                                                            </a>"
44,https://cucatalog.org/polaris/view.aspx?CN=2642156,The Urbana Free Library,serious,link-name,Ensure links have discernible text,Links must have discernible text,https://dequeuniversity.com/rules/axe/4.10/link-name?application=playwright,"<a id=""c-accordion-lvl2__title_relatedsearch-3"" class=""c-accordion-lvl2__title-link "" role=""button"" aria-expanded=""true"" aria-controls=""rs-3"" data-toggle=""collapse"" onclick=""javascript:InvokeRSD('collapse', 3)"" href=""#rs-3"">    
                                </a>"
44,https://cucatalog.org/polaris/view.aspx?CN=2642156,The Urbana Free Library,serious,link-name,Ensure links have discernible text,Links must have discernible text,https://dequeuniversity.com/rules/axe/4.10/link-name?application=playwright,"<a id=""c-accordion-lvl2__title_relatedsearch-3"" class=""c-accordion-lvl2__title-link "" role=""button"" aria-expanded=""true"" aria-controls=""rs-3"" data-toggle=""collapse"" onclick=""javascript:InvokeRSD('collapse', 3)"" href=""#rs-3"">"
44,https://cucatalog.org/polaris/view.aspx?CN=2642156,The Urbana Free Library,serious,link-name,Ensure links have discernible text,Links must have discernible text,https://dequeuniversity.com/rules/axe/4.10/link-name?application=playwright,"<a id=""c-accordion-lvl2__title_relatedsearch-3"" class=""c-accordion-lvl2__title-link "" role=""button"" aria-expanded=""true"" aria-controls=""rs-3"" data-toggle=""collapse"" onclick=""javascript:InvokeRSD('collapse', 3)"" href=""#rs-3"">
                                        </a>"
44,https://cucatalog.org/polaris/view.aspx?CN=2642156,The Urbana Free Library,serious,link-name,Ensure links have discernible text,Links must have discernible text,https://dequeuniversity.com/rules/axe/4.10/link-name?application=playwright,"<a id=""c-accordion-lvl2__title_relatedsearch-3"" class=""c-accordion-lvl2__title-link "" role=""button"" aria-expanded=""true"" aria-controls=""rs-3"" data-toggle=""collapse"" onclick=""javascript:InvokeRSD('collapse', 3)"" href=""#rs-3"">
								            </a>"
44,https://cucatalog.org/polaris/view.aspx?CN=2642156,The Urbana Free Library,serious,link-name,Ensure links have discernible text,Links must have discernible text,https://dequeuniversity.com/rules/axe/4.10/link-name?application=playwright,"<a id=""c-accordion-lvl2__title_relatedsearch-3"" class=""c-accordion-lvl2__title-link "" role=""button"" aria-expanded=""true"" aria-controls=""rs-3"" data-toggle=""collapse"" onclick=""javascript:InvokeRSD('collapse', 3)"" href=""#rs-3"">  
									            
											            </a>"
44,https://cucatalog.org/polaris/view.aspx?CN=2642156,The Urbana Free Library,serious,link-name,Ensure links have discernible text,Links must have discernible text,https://dequeuniversity.com/rules/axe/4.10/link-name?application=playwright,"<a id=""c-accordion-lvl2__title_relatedsearch-3"" class=""c-accordion-lvl2__title-link "" role=""button"" aria-expanded=""true"" aria-controls=""rs-3"" data-toggle=""collapse"" onclick=""javascript:InvokeRSD('collapse', 3)"" href=""#rs-3"">  
                                                            </a>"
44,https://cucatalog.org/polaris/view.aspx?CN=2642156,The Urbana Free Library,serious,list,Ensure that lists are structured correctly,"<ul> and <ol> must only directly contain <li>, <script> or <template> elements",https://dequeuniversity.com/rules/axe/4.10/list?application=playwright,"<ul id=""c-title-detail__button-list-"" class=""c-title-detail-actions__list"" data-item-pos=""1"" data-item-page=""0"">"
44,https://cucatalog.org/polaris/view.aspx?CN=2642156,The Urbana Free Library,serious,list,Ensure that lists are structured correctly,"<ul> and <ol> must only directly contain <li>, <script> or <template> elements",https://dequeuniversity.com/rules/axe/4.10/list?application=playwright,"<ul class="" c-accordion__list c-accordion__list--show-bullets"">"
44,https://cucatalog.org/polaris/view.aspx?CN=2642156,The Urbana Free Library,serious,list,Ensure that lists are structured correctly,"<ul> and <ol> must only directly contain <li>, <script> or <template> elements",https://dequeuniversity.com/rules/axe/4.10/list?application=playwright,"<ul class="" c-accordion__list c-accordion__list--show-bullets"">"
44,https://cucatalog.org/polaris/view.aspx?CN=2642156,The Urbana Free Library,serious,listitem,Ensure <li> elements are used semantically,<li> elements must be contained in a <ul> or <ol>,https://dequeuniversity.com/rules/axe/4.10/listitem?application=playwright,"<li class=""nav__nav expandable-block-nav"">"
44,https://cucatalog.org/polaris/view.aspx?CN=2642156,The Urbana Free Library,serious,nested-interactive,Ensure interactive controls are not nested as they are not always announced by screen readers or can cause focus problems for assistive technologies,Interactive controls must not be nested,https://dequeuniversity.com/rules/axe/4.10/nested-interactive?application=playwright,"<div class=""c-accordion__heading"" role=""tab"">"
44,https://cucatalog.org/polaris/view.aspx?CN=2642156,The Urbana Free Library,serious,nested-interactive,Ensure interactive controls are not nested as they are not always announced by screen readers or can cause focus problems for assistive technologies,Interactive controls must not be nested,https://dequeuniversity.com/rules/axe/4.10/nested-interactive?application=playwright,"<div class=""c-accordion-lvl2__heading"" role=""tab"">"
44,https://cucatalog.org/polaris/view.aspx?CN=2642156,The Urbana Free Library,serious,nested-interactive,Ensure interactive controls are not nested as they are not always announced by screen readers or can cause focus problems for assistive technologies,Interactive controls must not be nested,https://dequeuniversity.com/rules/axe/4.10/nested-interactive?application=playwright,"<div class=""c-accordion-lvl2__heading"" role=""tab"">"
44,https://cucatalog.org/polaris/view.aspx?CN=2642156,The Urbana Free Library,serious,nested-interactive,Ensure interactive controls are not nested as they are not always announced by screen readers or can cause focus problems for assistive technologies,Interactive controls must not be nested,https://dequeuniversity.com/rules/axe/4.10/nested-interactive?application=playwright,"<div class=""c-accordion-lvl2__heading"" role=""tab"">"
44,https://cucatalog.org/polaris/view.aspx?CN=2642156,The Urbana Free Library,serious,nested-interactive,Ensure interactive controls are not nested as they are not always announced by screen readers or can cause focus problems for assistive technologies,Interactive controls must not be nested,https://dequeuniversity.com/rules/axe/4.10/nested-interactive?application=playwright,"<div class=""c-accordion__heading"" role=""tab"">"
44,https://cucatalog.org/polaris/view.aspx?CN=2642156,The Urbana Free Library,serious,nested-interactive,Ensure interactive controls are not nested as they are not always announced by screen readers or can cause focus problems for assistive technologies,Interactive controls must not be nested,https://dequeuniversity.com/rules/axe/4.10/nested-interactive?application=playwright,"<div class=""c-accordion__heading"" role=""tab"">"
44,https://cucatalog.org/polaris/view.aspx?CN=2642156,The Urbana Free Library,serious,nested-interactive,Ensure interactive controls are not nested as they are not always announced by screen readers or can cause focus problems for assistive technologies,Interactive controls must not be nested,https://dequeuniversity.com/rules/axe/4.10/nested-interactive?application=playwright,"<div class=""c-accordion__heading"" role=""tab"">"
44,https://cucatalog.org/polaris/view.aspx?CN=2642156,The Urbana Free Library,serious,nested-interactive,Ensure interactive controls are not nested as they are not always announced by screen readers or can cause focus problems for assistive technologies,Interactive controls must not be nested,https://dequeuniversity.com/rules/axe/4.10/nested-interactive?application=playwright,"<div class=""c-accordion__heading"" role=""tab"">"
44,https://cucatalog.org/polaris/view.aspx?CN=2642156,The Urbana Free Library,serious,nested-interactive,Ensure interactive controls are not nested as they are not always announced by screen readers or can cause focus problems for assistive technologies,Interactive controls must not be nested,https://dequeuniversity.com/rules/axe/4.10/nested-interactive?application=playwright,"<div class=""c-accordion__heading"" role=""tab"">"
44,https://cucatalog.org/polaris/view.aspx?CN=2642156,The Urbana Free Library,serious,nested-interactive,Ensure interactive controls are not nested as they are not always announced by screen readers or can cause focus problems for assistive technologies,Interactive controls must not be nested,https://dequeuniversity.com/rules/axe/4.10/nested-interactive?application=playwright,"<div class=""c-accordion__heading"" role=""tab"">"
44,https://cucatalog.org/polaris/view.aspx?CN=2642156,The Urbana Free Library,serious,nested-interactive,Ensure interactive controls are not nested as they are not always announced by screen readers or can cause focus problems for assistive technologies,Interactive controls must not be nested,https://dequeuniversity.com/rules/axe/4.10/nested-interactive?application=playwright,"<div class=""c-accordion__heading"" role=""tab"">"
44,https://cucatalog.org/polaris/view.aspx?CN=2642156,The Urbana Free Library,serious,nested-interactive,Ensure interactive controls are not nested as they are not always announced by screen readers or can cause focus problems for assistive technologies,Interactive controls must not be nested,https://dequeuniversity.com/rules/axe/4.10/nested-interactive?application=playwright,"<div class=""c-accordion__heading"" role=""tab"">"
44,https://cucatalog.org/polaris/view.aspx?CN=2642156,The Urbana Free Library,moderate,page-has-heading-one,"Ensure that the page, or at least one of its frames contains a level-one heading",Page should contain a level-one heading,https://dequeuniversity.com/rules/axe/4.10/page-has-heading-one?application=playwright,"<html class=""js flexbox flexboxlegacy canvas canvastext webgl no-touch geolocation postmessage no-websqldatabase indexeddb hashchange history draganddrop websockets rgba hsla multiplebgs backgroundsize borderimage borderradius boxshadow textshadow opacity cssanimations csscolumns cssgradients cssreflections csstransforms csstransforms3d csstransitions fontface generatedcontent video audio localstorage sessionstorage webworkers no-applicationcache svg inlinesvg smil svgclippaths"" lang=""en"" style="""">"
45,https://cucatalog.org/polaris/view.aspx?CN=2638607,The Urbana Free Library,critical,aria-allowed-attr,Ensure an element's role supports its ARIA attributes,Elements must only use supported ARIA attributes,https://dequeuniversity.com/rules/axe/4.10/aria-allowed-attr?application=playwright,"<div class=""c-search-header-options__container collapse in"" id=""c-search-header__search-options"" aria-labelledby=""c-search-header__search-options"" aria-expanded=""true"" style="""">"
45,https://cucatalog.org/polaris/view.aspx?CN=2638607,The Urbana Free Library,serious,aria-hidden-focus,Ensure aria-hidden elements are not focusable nor contain focusable elements,ARIA hidden element must not be focusable or contain focusable elements,https://dequeuniversity.com/rules/axe/4.10/aria-hidden-focus?application=playwright,"<a id=""__pos-1"" href=""#"" aria-hidden=""true"" aria-label=""Search Result""></a>"
45,https://cucatalog.org/polaris/view.aspx?CN=2638607,The Urbana Free Library,critical,aria-required-attr,Ensure elements with ARIA roles have all required ARIA attributes,Required ARIA attributes must be provided,https://dequeuniversity.com/rules/axe/4.10/aria-required-attr?application=playwright,"<select name=""ctl00$BodyMainContent$ctrlSearchBars$searchbarKeyword$dropdownSearchBy"" id=""dropdownSearchBy"" class=""SearchByList c-search-header__dropdown c-search-header__box--height"" aria-labelledby=""dropdownSearchByLabel"" role=""combobox"">"
45,https://cucatalog.org/polaris/view.aspx?CN=2638607,The Urbana Free Library,critical,aria-required-attr,Ensure elements with ARIA roles have all required ARIA attributes,Required ARIA attributes must be provided,https://dequeuniversity.com/rules/axe/4.10/aria-required-attr?application=playwright,"<select name=""ctl00$BodyMainContent$ctrlSearchBars$searchbarKeyword$dropdownLimitFilter"" id=""dropdownLimitFilter"" class=""c-search-header__dropdown c-search-header__box--height"" aria-labelledby=""dropdownLimitFilterLabel"" role=""combobox"" onchange=""javascript: AddDefaultTermAndHighlight('textboxTerm'); CheckDetailedMaterial();"">"
45,https://cucatalog.org/polaris/view.aspx?CN=2638607,The Urbana Free Library,critical,aria-required-children,Ensure elements with an ARIA role that require child roles contain them,Certain ARIA roles must contain particular children,https://dequeuniversity.com/rules/axe/4.10/aria-required-children?application=playwright,"<div class=""c-accordion-lvl2"" role=""tablist"" aria-multiselectable=""true"">"
45,https://cucatalog.org/polaris/view.aspx?CN=2638607,The Urbana Free Library,critical,aria-required-children,Ensure elements with an ARIA role that require child roles contain them,Certain ARIA roles must contain particular children,https://dequeuniversity.com/rules/axe/4.10/aria-required-children?application=playwright,"<div class=""c-accordion-lvl2__heading"" role=""tablist"">"
45,https://cucatalog.org/polaris/view.aspx?CN=2638607,The Urbana Free Library,critical,aria-required-parent,Ensure elements with an ARIA role that require parent roles are contained by them,Certain ARIA roles must be contained by particular parents,https://dequeuniversity.com/rules/axe/4.10/aria-required-parent?application=playwright,"<div class=""c-accordion__heading"" role=""tab"">"
45,https://cucatalog.org/polaris/view.aspx?CN=2638607,The Urbana Free Library,critical,aria-required-parent,Ensure elements with an ARIA role that require parent roles are contained by them,Certain ARIA roles must be contained by particular parents,https://dequeuniversity.com/rules/axe/4.10/aria-required-parent?application=playwright,"<div class=""c-accordion__heading"" role=""tab"">"
45,https://cucatalog.org/polaris/view.aspx?CN=2638607,The Urbana Free Library,critical,aria-required-parent,Ensure elements with an ARIA role that require parent roles are contained by them,Certain ARIA roles must be contained by particular parents,https://dequeuniversity.com/rules/axe/4.10/aria-required-parent?application=playwright,"<div class=""c-accordion__heading"" role=""tab"">"
45,https://cucatalog.org/polaris/view.aspx?CN=2638607,The Urbana Free Library,critical,aria-required-parent,Ensure elements with an ARIA role that require parent roles are contained by them,Certain ARIA roles must be contained by particular parents,https://dequeuniversity.com/rules/axe/4.10/aria-required-parent?application=playwright,"<div class=""c-accordion__heading"" role=""tab"">"
45,https://cucatalog.org/polaris/view.aspx?CN=2638607,The Urbana Free Library,critical,aria-required-parent,Ensure elements with an ARIA role that require parent roles are contained by them,Certain ARIA roles must be contained by particular parents,https://dequeuniversity.com/rules/axe/4.10/aria-required-parent?application=playwright,"<div class=""c-accordion__heading"" role=""tab"">"
45,https://cucatalog.org/polaris/view.aspx?CN=2638607,The Urbana Free Library,critical,aria-required-parent,Ensure elements with an ARIA role that require parent roles are contained by them,Certain ARIA roles must be contained by particular parents,https://dequeuniversity.com/rules/axe/4.10/aria-required-parent?application=playwright,"<div class=""c-accordion__heading"" role=""tab"">"
45,https://cucatalog.org/polaris/view.aspx?CN=2638607,The Urbana Free Library,critical,aria-required-parent,Ensure elements with an ARIA role that require parent roles are contained by them,Certain ARIA roles must be contained by particular parents,https://dequeuniversity.com/rules/axe/4.10/aria-required-parent?application=playwright,"<div class=""c-accordion__heading"" role=""tab"">"
45,https://cucatalog.org/polaris/view.aspx?CN=2638607,The Urbana Free Library,critical,aria-required-parent,Ensure elements with an ARIA role that require parent roles are contained by them,Certain ARIA roles must be contained by particular parents,https://dequeuniversity.com/rules/axe/4.10/aria-required-parent?application=playwright,"<div class=""c-accordion__heading"" role=""tab"">"
45,https://cucatalog.org/polaris/view.aspx?CN=2638607,The Urbana Free Library,critical,aria-required-parent,Ensure elements with an ARIA role that require parent roles are contained by them,Certain ARIA roles must be contained by particular parents,https://dequeuniversity.com/rules/axe/4.10/aria-required-parent?application=playwright,"<div class=""c-accordion__heading"" role=""tab"">"
45,https://cucatalog.org/polaris/view.aspx?CN=2638607,The Urbana Free Library,moderate,landmark-banner-is-top-level,Ensure the banner landmark is at top level,Banner landmark should not be contained in another landmark,https://dequeuniversity.com/rules/axe/4.10/landmark-banner-is-top-level?application=playwright,"<header class=""nav-panel__header"">"
45,https://cucatalog.org/polaris/view.aspx?CN=2638607,The Urbana Free Library,moderate,landmark-banner-is-top-level,Ensure the banner landmark is at top level,Banner landmark should not be contained in another landmark,https://dequeuniversity.com/rules/axe/4.10/landmark-banner-is-top-level?application=playwright,"<header class=""nav-panel__header"">"
45,https://cucatalog.org/polaris/view.aspx?CN=2638607,The Urbana Free Library,moderate,landmark-main-is-top-level,Ensure the main landmark is at top level,Main landmark should not be contained in another landmark,https://dequeuniversity.com/rules/axe/4.10/landmark-main-is-top-level?application=playwright,"<main class=""site-footer__main"">"
45,https://cucatalog.org/polaris/view.aspx?CN=2638607,The Urbana Free Library,moderate,landmark-no-duplicate-banner,Ensure the document has at most one banner landmark,Document should not have more than one banner landmark,https://dequeuniversity.com/rules/axe/4.10/landmark-no-duplicate-banner?application=playwright,"<header class=""site-header"">"
45,https://cucatalog.org/polaris/view.aspx?CN=2638607,The Urbana Free Library,moderate,landmark-no-duplicate-main,Ensure the document has at most one main landmark,Document should not have more than one main landmark,https://dequeuniversity.com/rules/axe/4.10/landmark-no-duplicate-main?application=playwright,"<main class=""site-main"" id=""content"">"
45,https://cucatalog.org/polaris/view.aspx?CN=2638607,The Urbana Free Library,moderate,landmark-unique,Ensure landmarks are unique,Landmarks should have a unique role or role/label/title (i.e. accessible name) combination,https://dequeuniversity.com/rules/axe/4.10/landmark-unique?application=playwright,"<header class=""site-header"">"
45,https://cucatalog.org/polaris/view.aspx?CN=2638607,The Urbana Free Library,moderate,landmark-unique,Ensure landmarks are unique,Landmarks should have a unique role or role/label/title (i.e. accessible name) combination,https://dequeuniversity.com/rules/axe/4.10/landmark-unique?application=playwright,"<nav class=""nav-panel__top-nav top-nav top-nav--split-header navbar-collapse"" role=""navigation"">"
45,https://cucatalog.org/polaris/view.aspx?CN=2638607,The Urbana Free Library,moderate,landmark-unique,Ensure landmarks are unique,Landmarks should have a unique role or role/label/title (i.e. accessible name) combination,https://dequeuniversity.com/rules/axe/4.10/landmark-unique?application=playwright,"<main class=""site-main"" id=""content"">"
45,https://cucatalog.org/polaris/view.aspx?CN=2638607,The Urbana Free Library,serious,link-name,Ensure links have discernible text,Links must have discernible text,https://dequeuniversity.com/rules/axe/4.10/link-name?application=playwright,"<a id=""c-accordion-lvl2__title_relatedsearch-2"" class=""c-accordion-lvl2__title-link "" role=""button"" aria-expanded=""true"" aria-controls=""rs-2"" data-toggle=""collapse"" onclick=""javascript:InvokeRSD('collapse', 2)"" href=""#rs-2"">    
                                </a>"
45,https://cucatalog.org/polaris/view.aspx?CN=2638607,The Urbana Free Library,serious,link-name,Ensure links have discernible text,Links must have discernible text,https://dequeuniversity.com/rules/axe/4.10/link-name?application=playwright,"<a id=""c-accordion-lvl2__title_relatedsearch-2"" class=""c-accordion-lvl2__title-link "" role=""button"" aria-expanded=""true"" aria-controls=""rs-2"" data-toggle=""collapse"" onclick=""javascript:InvokeRSD('collapse', 2)"" href=""#rs-2"">"
45,https://cucatalog.org/polaris/view.aspx?CN=2638607,The Urbana Free Library,serious,link-name,Ensure links have discernible text,Links must have discernible text,https://dequeuniversity.com/rules/axe/4.10/link-name?application=playwright,"<a id=""c-accordion-lvl2__title_relatedsearch-2"" class=""c-accordion-lvl2__title-link "" role=""button"" aria-expanded=""true"" aria-controls=""rs-2"" data-toggle=""collapse"" onclick=""javascript:InvokeRSD('collapse', 2)"" href=""#rs-2"">
                                        </a>"
45,https://cucatalog.org/polaris/view.aspx?CN=2638607,The Urbana Free Library,serious,link-name,Ensure links have discernible text,Links must have discernible text,https://dequeuniversity.com/rules/axe/4.10/link-name?application=playwright,"<a id=""c-accordion-lvl2__title_relatedsearch-2"" class=""c-accordion-lvl2__title-link "" role=""button"" aria-expanded=""true"" aria-controls=""rs-2"" data-toggle=""collapse"" onclick=""javascript:InvokeRSD('collapse', 2)"" href=""#rs-2"">
								            </a>"
45,https://cucatalog.org/polaris/view.aspx?CN=2638607,The Urbana Free Library,serious,link-name,Ensure links have discernible text,Links must have discernible text,https://dequeuniversity.com/rules/axe/4.10/link-name?application=playwright,"<a id=""c-accordion-lvl2__title_relatedsearch-2"" class=""c-accordion-lvl2__title-link "" role=""button"" aria-expanded=""true"" aria-controls=""rs-2"" data-toggle=""collapse"" onclick=""javascript:InvokeRSD('collapse', 2)"" href=""#rs-2"">  
									            
											            </a>"
45,https://cucatalog.org/polaris/view.aspx?CN=2638607,The Urbana Free Library,serious,link-name,Ensure links have discernible text,Links must have discernible text,https://dequeuniversity.com/rules/axe/4.10/link-name?application=playwright,"<a id=""c-accordion-lvl2__title_relatedsearch-2"" class=""c-accordion-lvl2__title-link "" role=""button"" aria-expanded=""true"" aria-controls=""rs-2"" data-toggle=""collapse"" onclick=""javascript:InvokeRSD('collapse', 2)"" href=""#rs-2"">  
                                                            </a>"
45,https://cucatalog.org/polaris/view.aspx?CN=2638607,The Urbana Free Library,serious,link-name,Ensure links have discernible text,Links must have discernible text,https://dequeuniversity.com/rules/axe/4.10/link-name?application=playwright,"<a id=""c-accordion-lvl2__title_relatedsearch-3"" class=""c-accordion-lvl2__title-link "" role=""button"" aria-expanded=""true"" aria-controls=""rs-3"" data-toggle=""collapse"" onclick=""javascript:InvokeRSD('collapse', 3)"" href=""#rs-3"">    
                                </a>"
45,https://cucatalog.org/polaris/view.aspx?CN=2638607,The Urbana Free Library,serious,link-name,Ensure links have discernible text,Links must have discernible text,https://dequeuniversity.com/rules/axe/4.10/link-name?application=playwright,"<a id=""c-accordion-lvl2__title_relatedsearch-3"" class=""c-accordion-lvl2__title-link "" role=""button"" aria-expanded=""true"" aria-controls=""rs-3"" data-toggle=""collapse"" onclick=""javascript:InvokeRSD('collapse', 3)"" href=""#rs-3"">"
45,https://cucatalog.org/polaris/view.aspx?CN=2638607,The Urbana Free Library,serious,link-name,Ensure links have discernible text,Links must have discernible text,https://dequeuniversity.com/rules/axe/4.10/link-name?application=playwright,"<a id=""c-accordion-lvl2__title_relatedsearch-3"" class=""c-accordion-lvl2__title-link "" role=""button"" aria-expanded=""true"" aria-controls=""rs-3"" data-toggle=""collapse"" onclick=""javascript:InvokeRSD('collapse', 3)"" href=""#rs-3"">
                                        </a>"
45,https://cucatalog.org/polaris/view.aspx?CN=2638607,The Urbana Free Library,serious,link-name,Ensure links have discernible text,Links must have discernible text,https://dequeuniversity.com/rules/axe/4.10/link-name?application=playwright,"<a id=""c-accordion-lvl2__title_relatedsearch-3"" class=""c-accordion-lvl2__title-link "" role=""button"" aria-expanded=""true"" aria-controls=""rs-3"" data-toggle=""collapse"" onclick=""javascript:InvokeRSD('collapse', 3)"" href=""#rs-3"">
								            </a>"
45,https://cucatalog.org/polaris/view.aspx?CN=2638607,The Urbana Free Library,serious,link-name,Ensure links have discernible text,Links must have discernible text,https://dequeuniversity.com/rules/axe/4.10/link-name?application=playwright,"<a id=""c-accordion-lvl2__title_relatedsearch-3"" class=""c-accordion-lvl2__title-link "" role=""button"" aria-expanded=""true"" aria-controls=""rs-3"" data-toggle=""collapse"" onclick=""javascript:InvokeRSD('collapse', 3)"" href=""#rs-3"">  
									            
											            </a>"
45,https://cucatalog.org/polaris/view.aspx?CN=2638607,The Urbana Free Library,serious,link-name,Ensure links have discernible text,Links must have discernible text,https://dequeuniversity.com/rules/axe/4.10/link-name?application=playwright,"<a id=""c-accordion-lvl2__title_relatedsearch-3"" class=""c-accordion-lvl2__title-link "" role=""button"" aria-expanded=""true"" aria-controls=""rs-3"" data-toggle=""collapse"" onclick=""javascript:InvokeRSD('collapse', 3)"" href=""#rs-3"">  
                                                            </a>"
45,https://cucatalog.org/polaris/view.aspx?CN=2638607,The Urbana Free Library,serious,list,Ensure that lists are structured correctly,"<ul> and <ol> must only directly contain <li>, <script> or <template> elements",https://dequeuniversity.com/rules/axe/4.10/list?application=playwright,"<ul id=""c-title-detail__button-list-"" class=""c-title-detail-actions__list"" data-item-pos=""1"" data-item-page=""0"">"
45,https://cucatalog.org/polaris/view.aspx?CN=2638607,The Urbana Free Library,serious,list,Ensure that lists are structured correctly,"<ul> and <ol> must only directly contain <li>, <script> or <template> elements",https://dequeuniversity.com/rules/axe/4.10/list?application=playwright,"<ul class="" c-accordion__list c-accordion__list--show-bullets"">"
45,https://cucatalog.org/polaris/view.aspx?CN=2638607,The Urbana Free Library,serious,list,Ensure that lists are structured correctly,"<ul> and <ol> must only directly contain <li>, <script> or <template> elements",https://dequeuniversity.com/rules/axe/4.10/list?application=playwright,"<ul class="" c-accordion__list c-accordion__list--show-bullets"">"
45,https://cucatalog.org/polaris/view.aspx?CN=2638607,The Urbana Free Library,serious,listitem,Ensure <li> elements are used semantically,<li> elements must be contained in a <ul> or <ol>,https://dequeuniversity.com/rules/axe/4.10/listitem?application=playwright,"<li class=""nav__nav expandable-block-nav"">"
45,https://cucatalog.org/polaris/view.aspx?CN=2638607,The Urbana Free Library,serious,nested-interactive,Ensure interactive controls are not nested as they are not always announced by screen readers or can cause focus problems for assistive technologies,Interactive controls must not be nested,https://dequeuniversity.com/rules/axe/4.10/nested-interactive?application=playwright,"<div class=""c-accordion__heading"" role=""tab"">"
45,https://cucatalog.org/polaris/view.aspx?CN=2638607,The Urbana Free Library,serious,nested-interactive,Ensure interactive controls are not nested as they are not always announced by screen readers or can cause focus problems for assistive technologies,Interactive controls must not be nested,https://dequeuniversity.com/rules/axe/4.10/nested-interactive?application=playwright,"<div class=""c-accordion-lvl2__heading"" role=""tab"">"
45,https://cucatalog.org/polaris/view.aspx?CN=2638607,The Urbana Free Library,serious,nested-interactive,Ensure interactive controls are not nested as they are not always announced by screen readers or can cause focus problems for assistive technologies,Interactive controls must not be nested,https://dequeuniversity.com/rules/axe/4.10/nested-interactive?application=playwright,"<div class=""c-accordion-lvl2__heading"" role=""tab"">"
45,https://cucatalog.org/polaris/view.aspx?CN=2638607,The Urbana Free Library,serious,nested-interactive,Ensure interactive controls are not nested as they are not always announced by screen readers or can cause focus problems for assistive technologies,Interactive controls must not be nested,https://dequeuniversity.com/rules/axe/4.10/nested-interactive?application=playwright,"<div class=""c-accordion-lvl2__heading"" role=""tab"">"
45,https://cucatalog.org/polaris/view.aspx?CN=2638607,The Urbana Free Library,serious,nested-interactive,Ensure interactive controls are not nested as they are not always announced by screen readers or can cause focus problems for assistive technologies,Interactive controls must not be nested,https://dequeuniversity.com/rules/axe/4.10/nested-interactive?application=playwright,"<div class=""c-accordion__heading"" role=""tab"">"
45,https://cucatalog.org/polaris/view.aspx?CN=2638607,The Urbana Free Library,serious,nested-interactive,Ensure interactive controls are not nested as they are not always announced by screen readers or can cause focus problems for assistive technologies,Interactive controls must not be nested,https://dequeuniversity.com/rules/axe/4.10/nested-interactive?application=playwright,"<div class=""c-accordion__heading"" role=""tab"">"
45,https://cucatalog.org/polaris/view.aspx?CN=2638607,The Urbana Free Library,serious,nested-interactive,Ensure interactive controls are not nested as they are not always announced by screen readers or can cause focus problems for assistive technologies,Interactive controls must not be nested,https://dequeuniversity.com/rules/axe/4.10/nested-interactive?application=playwright,"<div class=""c-accordion__heading"" role=""tab"">"
45,https://cucatalog.org/polaris/view.aspx?CN=2638607,The Urbana Free Library,serious,nested-interactive,Ensure interactive controls are not nested as they are not always announced by screen readers or can cause focus problems for assistive technologies,Interactive controls must not be nested,https://dequeuniversity.com/rules/axe/4.10/nested-interactive?application=playwright,"<div class=""c-accordion__heading"" role=""tab"">"
45,https://cucatalog.org/polaris/view.aspx?CN=2638607,The Urbana Free Library,serious,nested-interactive,Ensure interactive controls are not nested as they are not always announced by screen readers or can cause focus problems for assistive technologies,Interactive controls must not be nested,https://dequeuniversity.com/rules/axe/4.10/nested-interactive?application=playwright,"<div class=""c-accordion__heading"" role=""tab"">"
45,https://cucatalog.org/polaris/view.aspx?CN=2638607,The Urbana Free Library,serious,nested-interactive,Ensure interactive controls are not nested as they are not always announced by screen readers or can cause focus problems for assistive technologies,Interactive controls must not be nested,https://dequeuniversity.com/rules/axe/4.10/nested-interactive?application=playwright,"<div class=""c-accordion__heading"" role=""tab"">"
45,https://cucatalog.org/polaris/view.aspx?CN=2638607,The Urbana Free Library,serious,nested-interactive,Ensure interactive controls are not nested as they are not always announced by screen readers or can cause focus problems for assistive technologies,Interactive controls must not be nested,https://dequeuniversity.com/rules/axe/4.10/nested-interactive?application=playwright,"<div class=""c-accordion__heading"" role=""tab"">"
45,https://cucatalog.org/polaris/view.aspx?CN=2638607,The Urbana Free Library,serious,nested-interactive,Ensure interactive controls are not nested as they are not always announced by screen readers or can cause focus problems for assistive technologies,Interactive controls must not be nested,https://dequeuniversity.com/rules/axe/4.10/nested-interactive?application=playwright,"<div class=""c-accordion__heading"" role=""tab"">"
45,https://cucatalog.org/polaris/view.aspx?CN=2638607,The Urbana Free Library,moderate,page-has-heading-one,"Ensure that the page, or at least one of its frames contains a level-one heading",Page should contain a level-one heading,https://dequeuniversity.com/rules/axe/4.10/page-has-heading-one?application=playwright,"<html class=""js flexbox flexboxlegacy canvas canvastext webgl no-touch geolocation postmessage no-websqldatabase indexeddb hashchange history draganddrop websockets rgba hsla multiplebgs backgroundsize borderimage borderradius boxshadow textshadow opacity cssanimations csscolumns cssgradients cssreflections csstransforms csstransforms3d csstransitions fontface generatedcontent video audio localstorage sessionstorage webworkers no-applicationcache svg inlinesvg smil svgclippaths"" lang=""en"" style="""">"
46,https://cucatalog.org/polaris/view.aspx?CN=2635136,The Urbana Free Library,critical,aria-allowed-attr,Ensure an element's role supports its ARIA attributes,Elements must only use supported ARIA attributes,https://dequeuniversity.com/rules/axe/4.10/aria-allowed-attr?application=playwright,"<div class=""c-search-header-options__container collapse in"" id=""c-search-header__search-options"" aria-labelledby=""c-search-header__search-options"" aria-expanded=""true"" style="""">"
46,https://cucatalog.org/polaris/view.aspx?CN=2635136,The Urbana Free Library,serious,aria-hidden-focus,Ensure aria-hidden elements are not focusable nor contain focusable elements,ARIA hidden element must not be focusable or contain focusable elements,https://dequeuniversity.com/rules/axe/4.10/aria-hidden-focus?application=playwright,"<a id=""__pos-1"" href=""#"" aria-hidden=""true"" aria-label=""Search Result""></a>"
46,https://cucatalog.org/polaris/view.aspx?CN=2635136,The Urbana Free Library,critical,aria-required-attr,Ensure elements with ARIA roles have all required ARIA attributes,Required ARIA attributes must be provided,https://dequeuniversity.com/rules/axe/4.10/aria-required-attr?application=playwright,"<select name=""ctl00$BodyMainContent$ctrlSearchBars$searchbarKeyword$dropdownSearchBy"" id=""dropdownSearchBy"" class=""SearchByList c-search-header__dropdown c-search-header__box--height"" aria-labelledby=""dropdownSearchByLabel"" role=""combobox"">"
46,https://cucatalog.org/polaris/view.aspx?CN=2635136,The Urbana Free Library,critical,aria-required-attr,Ensure elements with ARIA roles have all required ARIA attributes,Required ARIA attributes must be provided,https://dequeuniversity.com/rules/axe/4.10/aria-required-attr?application=playwright,"<select name=""ctl00$BodyMainContent$ctrlSearchBars$searchbarKeyword$dropdownLimitFilter"" id=""dropdownLimitFilter"" class=""c-search-header__dropdown c-search-header__box--height"" aria-labelledby=""dropdownLimitFilterLabel"" role=""combobox"" onchange=""javascript: AddDefaultTermAndHighlight('textboxTerm'); CheckDetailedMaterial();"">"
46,https://cucatalog.org/polaris/view.aspx?CN=2635136,The Urbana Free Library,critical,aria-required-children,Ensure elements with an ARIA role that require child roles contain them,Certain ARIA roles must contain particular children,https://dequeuniversity.com/rules/axe/4.10/aria-required-children?application=playwright,"<div class=""c-accordion-lvl2"" role=""tablist"" aria-multiselectable=""true"">"
46,https://cucatalog.org/polaris/view.aspx?CN=2635136,The Urbana Free Library,critical,aria-required-children,Ensure elements with an ARIA role that require child roles contain them,Certain ARIA roles must contain particular children,https://dequeuniversity.com/rules/axe/4.10/aria-required-children?application=playwright,"<div class=""c-accordion-lvl2__heading"" role=""tablist"">"
46,https://cucatalog.org/polaris/view.aspx?CN=2635136,The Urbana Free Library,critical,aria-required-parent,Ensure elements with an ARIA role that require parent roles are contained by them,Certain ARIA roles must be contained by particular parents,https://dequeuniversity.com/rules/axe/4.10/aria-required-parent?application=playwright,"<div class=""c-accordion__heading"" role=""tab"">"
46,https://cucatalog.org/polaris/view.aspx?CN=2635136,The Urbana Free Library,critical,aria-required-parent,Ensure elements with an ARIA role that require parent roles are contained by them,Certain ARIA roles must be contained by particular parents,https://dequeuniversity.com/rules/axe/4.10/aria-required-parent?application=playwright,"<div class=""c-accordion__heading"" role=""tab"">"
46,https://cucatalog.org/polaris/view.aspx?CN=2635136,The Urbana Free Library,critical,aria-required-parent,Ensure elements with an ARIA role that require parent roles are contained by them,Certain ARIA roles must be contained by particular parents,https://dequeuniversity.com/rules/axe/4.10/aria-required-parent?application=playwright,"<div class=""c-accordion__heading"" role=""tab"">"
46,https://cucatalog.org/polaris/view.aspx?CN=2635136,The Urbana Free Library,critical,aria-required-parent,Ensure elements with an ARIA role that require parent roles are contained by them,Certain ARIA roles must be contained by particular parents,https://dequeuniversity.com/rules/axe/4.10/aria-required-parent?application=playwright,"<div class=""c-accordion__heading"" role=""tab"">"
46,https://cucatalog.org/polaris/view.aspx?CN=2635136,The Urbana Free Library,critical,aria-required-parent,Ensure elements with an ARIA role that require parent roles are contained by them,Certain ARIA roles must be contained by particular parents,https://dequeuniversity.com/rules/axe/4.10/aria-required-parent?application=playwright,"<div class=""c-accordion__heading"" role=""tab"">"
46,https://cucatalog.org/polaris/view.aspx?CN=2635136,The Urbana Free Library,critical,aria-required-parent,Ensure elements with an ARIA role that require parent roles are contained by them,Certain ARIA roles must be contained by particular parents,https://dequeuniversity.com/rules/axe/4.10/aria-required-parent?application=playwright,"<div class=""c-accordion__heading"" role=""tab"">"
46,https://cucatalog.org/polaris/view.aspx?CN=2635136,The Urbana Free Library,critical,aria-required-parent,Ensure elements with an ARIA role that require parent roles are contained by them,Certain ARIA roles must be contained by particular parents,https://dequeuniversity.com/rules/axe/4.10/aria-required-parent?application=playwright,"<div class=""c-accordion__heading"" role=""tab"">"
46,https://cucatalog.org/polaris/view.aspx?CN=2635136,The Urbana Free Library,critical,aria-required-parent,Ensure elements with an ARIA role that require parent roles are contained by them,Certain ARIA roles must be contained by particular parents,https://dequeuniversity.com/rules/axe/4.10/aria-required-parent?application=playwright,"<div class=""c-accordion__heading"" role=""tab"">"
46,https://cucatalog.org/polaris/view.aspx?CN=2635136,The Urbana Free Library,critical,aria-required-parent,Ensure elements with an ARIA role that require parent roles are contained by them,Certain ARIA roles must be contained by particular parents,https://dequeuniversity.com/rules/axe/4.10/aria-required-parent?application=playwright,"<div class=""c-accordion__heading"" role=""tab"">"
46,https://cucatalog.org/polaris/view.aspx?CN=2635136,The Urbana Free Library,moderate,landmark-banner-is-top-level,Ensure the banner landmark is at top level,Banner landmark should not be contained in another landmark,https://dequeuniversity.com/rules/axe/4.10/landmark-banner-is-top-level?application=playwright,"<header class=""nav-panel__header"">"
46,https://cucatalog.org/polaris/view.aspx?CN=2635136,The Urbana Free Library,moderate,landmark-banner-is-top-level,Ensure the banner landmark is at top level,Banner landmark should not be contained in another landmark,https://dequeuniversity.com/rules/axe/4.10/landmark-banner-is-top-level?application=playwright,"<header class=""nav-panel__header"">"
46,https://cucatalog.org/polaris/view.aspx?CN=2635136,The Urbana Free Library,moderate,landmark-main-is-top-level,Ensure the main landmark is at top level,Main landmark should not be contained in another landmark,https://dequeuniversity.com/rules/axe/4.10/landmark-main-is-top-level?application=playwright,"<main class=""site-footer__main"">"
46,https://cucatalog.org/polaris/view.aspx?CN=2635136,The Urbana Free Library,moderate,landmark-no-duplicate-banner,Ensure the document has at most one banner landmark,Document should not have more than one banner landmark,https://dequeuniversity.com/rules/axe/4.10/landmark-no-duplicate-banner?application=playwright,"<header class=""site-header"">"
46,https://cucatalog.org/polaris/view.aspx?CN=2635136,The Urbana Free Library,moderate,landmark-no-duplicate-main,Ensure the document has at most one main landmark,Document should not have more than one main landmark,https://dequeuniversity.com/rules/axe/4.10/landmark-no-duplicate-main?application=playwright,"<main class=""site-main"" id=""content"">"
46,https://cucatalog.org/polaris/view.aspx?CN=2635136,The Urbana Free Library,moderate,landmark-unique,Ensure landmarks are unique,Landmarks should have a unique role or role/label/title (i.e. accessible name) combination,https://dequeuniversity.com/rules/axe/4.10/landmark-unique?application=playwright,"<header class=""site-header"">"
46,https://cucatalog.org/polaris/view.aspx?CN=2635136,The Urbana Free Library,moderate,landmark-unique,Ensure landmarks are unique,Landmarks should have a unique role or role/label/title (i.e. accessible name) combination,https://dequeuniversity.com/rules/axe/4.10/landmark-unique?application=playwright,"<nav class=""nav-panel__top-nav top-nav top-nav--split-header navbar-collapse"" role=""navigation"">"
46,https://cucatalog.org/polaris/view.aspx?CN=2635136,The Urbana Free Library,moderate,landmark-unique,Ensure landmarks are unique,Landmarks should have a unique role or role/label/title (i.e. accessible name) combination,https://dequeuniversity.com/rules/axe/4.10/landmark-unique?application=playwright,"<main class=""site-main"" id=""content"">"
46,https://cucatalog.org/polaris/view.aspx?CN=2635136,The Urbana Free Library,serious,link-name,Ensure links have discernible text,Links must have discernible text,https://dequeuniversity.com/rules/axe/4.10/link-name?application=playwright,"<a id=""c-accordion-lvl2__title_relatedsearch-2"" class=""c-accordion-lvl2__title-link "" role=""button"" aria-expanded=""true"" aria-controls=""rs-2"" data-toggle=""collapse"" onclick=""javascript:InvokeRSD('collapse', 2)"" href=""#rs-2"">    
                                </a>"
46,https://cucatalog.org/polaris/view.aspx?CN=2635136,The Urbana Free Library,serious,link-name,Ensure links have discernible text,Links must have discernible text,https://dequeuniversity.com/rules/axe/4.10/link-name?application=playwright,"<a id=""c-accordion-lvl2__title_relatedsearch-2"" class=""c-accordion-lvl2__title-link "" role=""button"" aria-expanded=""true"" aria-controls=""rs-2"" data-toggle=""collapse"" onclick=""javascript:InvokeRSD('collapse', 2)"" href=""#rs-2"">"
46,https://cucatalog.org/polaris/view.aspx?CN=2635136,The Urbana Free Library,serious,link-name,Ensure links have discernible text,Links must have discernible text,https://dequeuniversity.com/rules/axe/4.10/link-name?application=playwright,"<a id=""c-accordion-lvl2__title_relatedsearch-2"" class=""c-accordion-lvl2__title-link "" role=""button"" aria-expanded=""true"" aria-controls=""rs-2"" data-toggle=""collapse"" onclick=""javascript:InvokeRSD('collapse', 2)"" href=""#rs-2"">
                                        </a>"
46,https://cucatalog.org/polaris/view.aspx?CN=2635136,The Urbana Free Library,serious,link-name,Ensure links have discernible text,Links must have discernible text,https://dequeuniversity.com/rules/axe/4.10/link-name?application=playwright,"<a id=""c-accordion-lvl2__title_relatedsearch-2"" class=""c-accordion-lvl2__title-link "" role=""button"" aria-expanded=""true"" aria-controls=""rs-2"" data-toggle=""collapse"" onclick=""javascript:InvokeRSD('collapse', 2)"" href=""#rs-2"">
								            </a>"
46,https://cucatalog.org/polaris/view.aspx?CN=2635136,The Urbana Free Library,serious,link-name,Ensure links have discernible text,Links must have discernible text,https://dequeuniversity.com/rules/axe/4.10/link-name?application=playwright,"<a id=""c-accordion-lvl2__title_relatedsearch-2"" class=""c-accordion-lvl2__title-link "" role=""button"" aria-expanded=""true"" aria-controls=""rs-2"" data-toggle=""collapse"" onclick=""javascript:InvokeRSD('collapse', 2)"" href=""#rs-2"">  
									            
											            </a>"
46,https://cucatalog.org/polaris/view.aspx?CN=2635136,The Urbana Free Library,serious,link-name,Ensure links have discernible text,Links must have discernible text,https://dequeuniversity.com/rules/axe/4.10/link-name?application=playwright,"<a id=""c-accordion-lvl2__title_relatedsearch-2"" class=""c-accordion-lvl2__title-link "" role=""button"" aria-expanded=""true"" aria-controls=""rs-2"" data-toggle=""collapse"" onclick=""javascript:InvokeRSD('collapse', 2)"" href=""#rs-2"">  
                                                            </a>"
46,https://cucatalog.org/polaris/view.aspx?CN=2635136,The Urbana Free Library,serious,link-name,Ensure links have discernible text,Links must have discernible text,https://dequeuniversity.com/rules/axe/4.10/link-name?application=playwright,"<a id=""c-accordion-lvl2__title_relatedsearch-3"" class=""c-accordion-lvl2__title-link "" role=""button"" aria-expanded=""true"" aria-controls=""rs-3"" data-toggle=""collapse"" onclick=""javascript:InvokeRSD('collapse', 3)"" href=""#rs-3"">    
                                </a>"
46,https://cucatalog.org/polaris/view.aspx?CN=2635136,The Urbana Free Library,serious,link-name,Ensure links have discernible text,Links must have discernible text,https://dequeuniversity.com/rules/axe/4.10/link-name?application=playwright,"<a id=""c-accordion-lvl2__title_relatedsearch-3"" class=""c-accordion-lvl2__title-link "" role=""button"" aria-expanded=""true"" aria-controls=""rs-3"" data-toggle=""collapse"" onclick=""javascript:InvokeRSD('collapse', 3)"" href=""#rs-3"">"
46,https://cucatalog.org/polaris/view.aspx?CN=2635136,The Urbana Free Library,serious,link-name,Ensure links have discernible text,Links must have discernible text,https://dequeuniversity.com/rules/axe/4.10/link-name?application=playwright,"<a id=""c-accordion-lvl2__title_relatedsearch-3"" class=""c-accordion-lvl2__title-link "" role=""button"" aria-expanded=""true"" aria-controls=""rs-3"" data-toggle=""collapse"" onclick=""javascript:InvokeRSD('collapse', 3)"" href=""#rs-3"">
                                        </a>"
46,https://cucatalog.org/polaris/view.aspx?CN=2635136,The Urbana Free Library,serious,link-name,Ensure links have discernible text,Links must have discernible text,https://dequeuniversity.com/rules/axe/4.10/link-name?application=playwright,"<a id=""c-accordion-lvl2__title_relatedsearch-3"" class=""c-accordion-lvl2__title-link "" role=""button"" aria-expanded=""true"" aria-controls=""rs-3"" data-toggle=""collapse"" onclick=""javascript:InvokeRSD('collapse', 3)"" href=""#rs-3"">
								            </a>"
46,https://cucatalog.org/polaris/view.aspx?CN=2635136,The Urbana Free Library,serious,link-name,Ensure links have discernible text,Links must have discernible text,https://dequeuniversity.com/rules/axe/4.10/link-name?application=playwright,"<a id=""c-accordion-lvl2__title_relatedsearch-3"" class=""c-accordion-lvl2__title-link "" role=""button"" aria-expanded=""true"" aria-controls=""rs-3"" data-toggle=""collapse"" onclick=""javascript:InvokeRSD('collapse', 3)"" href=""#rs-3"">  
									            
											            </a>"
46,https://cucatalog.org/polaris/view.aspx?CN=2635136,The Urbana Free Library,serious,link-name,Ensure links have discernible text,Links must have discernible text,https://dequeuniversity.com/rules/axe/4.10/link-name?application=playwright,"<a id=""c-accordion-lvl2__title_relatedsearch-3"" class=""c-accordion-lvl2__title-link "" role=""button"" aria-expanded=""true"" aria-controls=""rs-3"" data-toggle=""collapse"" onclick=""javascript:InvokeRSD('collapse', 3)"" href=""#rs-3"">  
                                                            </a>"
46,https://cucatalog.org/polaris/view.aspx?CN=2635136,The Urbana Free Library,serious,link-name,Ensure links have discernible text,Links must have discernible text,https://dequeuniversity.com/rules/axe/4.10/link-name?application=playwright,"<a id=""c-accordion-lvl2__title_relatedsearch-4"" class=""c-accordion-lvl2__title-link "" role=""button"" aria-expanded=""true"" aria-controls=""rs-4"" data-toggle=""collapse"" onclick=""javascript:InvokeRSD('collapse', 4)"" href=""#rs-4"">    
                                </a>"
46,https://cucatalog.org/polaris/view.aspx?CN=2635136,The Urbana Free Library,serious,link-name,Ensure links have discernible text,Links must have discernible text,https://dequeuniversity.com/rules/axe/4.10/link-name?application=playwright,"<a id=""c-accordion-lvl2__title_relatedsearch-4"" class=""c-accordion-lvl2__title-link "" role=""button"" aria-expanded=""true"" aria-controls=""rs-4"" data-toggle=""collapse"" onclick=""javascript:InvokeRSD('collapse', 4)"" href=""#rs-4"">"
46,https://cucatalog.org/polaris/view.aspx?CN=2635136,The Urbana Free Library,serious,link-name,Ensure links have discernible text,Links must have discernible text,https://dequeuniversity.com/rules/axe/4.10/link-name?application=playwright,"<a id=""c-accordion-lvl2__title_relatedsearch-4"" class=""c-accordion-lvl2__title-link "" role=""button"" aria-expanded=""true"" aria-controls=""rs-4"" data-toggle=""collapse"" onclick=""javascript:InvokeRSD('collapse', 4)"" href=""#rs-4"">
                                        </a>"
46,https://cucatalog.org/polaris/view.aspx?CN=2635136,The Urbana Free Library,serious,link-name,Ensure links have discernible text,Links must have discernible text,https://dequeuniversity.com/rules/axe/4.10/link-name?application=playwright,"<a id=""c-accordion-lvl2__title_relatedsearch-4"" class=""c-accordion-lvl2__title-link "" role=""button"" aria-expanded=""true"" aria-controls=""rs-4"" data-toggle=""collapse"" onclick=""javascript:InvokeRSD('collapse', 4)"" href=""#rs-4"">
								            </a>"
46,https://cucatalog.org/polaris/view.aspx?CN=2635136,The Urbana Free Library,serious,link-name,Ensure links have discernible text,Links must have discernible text,https://dequeuniversity.com/rules/axe/4.10/link-name?application=playwright,"<a id=""c-accordion-lvl2__title_relatedsearch-4"" class=""c-accordion-lvl2__title-link "" role=""button"" aria-expanded=""true"" aria-controls=""rs-4"" data-toggle=""collapse"" onclick=""javascript:InvokeRSD('collapse', 4)"" href=""#rs-4"">  
									            
											            </a>"
46,https://cucatalog.org/polaris/view.aspx?CN=2635136,The Urbana Free Library,serious,link-name,Ensure links have discernible text,Links must have discernible text,https://dequeuniversity.com/rules/axe/4.10/link-name?application=playwright,"<a id=""c-accordion-lvl2__title_relatedsearch-4"" class=""c-accordion-lvl2__title-link "" role=""button"" aria-expanded=""true"" aria-controls=""rs-4"" data-toggle=""collapse"" onclick=""javascript:InvokeRSD('collapse', 4)"" href=""#rs-4"">  
                                                            </a>"
46,https://cucatalog.org/polaris/view.aspx?CN=2635136,The Urbana Free Library,serious,list,Ensure that lists are structured correctly,"<ul> and <ol> must only directly contain <li>, <script> or <template> elements",https://dequeuniversity.com/rules/axe/4.10/list?application=playwright,"<ul id=""c-title-detail__button-list-"" class=""c-title-detail-actions__list"" data-item-pos=""1"" data-item-page=""0"">"
46,https://cucatalog.org/polaris/view.aspx?CN=2635136,The Urbana Free Library,serious,list,Ensure that lists are structured correctly,"<ul> and <ol> must only directly contain <li>, <script> or <template> elements",https://dequeuniversity.com/rules/axe/4.10/list?application=playwright,"<ul class="" c-accordion__list c-accordion__list--show-bullets"">"
46,https://cucatalog.org/polaris/view.aspx?CN=2635136,The Urbana Free Library,serious,list,Ensure that lists are structured correctly,"<ul> and <ol> must only directly contain <li>, <script> or <template> elements",https://dequeuniversity.com/rules/axe/4.10/list?application=playwright,"<ul class="" c-accordion__list c-accordion__list--show-bullets"">"
46,https://cucatalog.org/polaris/view.aspx?CN=2635136,The Urbana Free Library,serious,list,Ensure that lists are structured correctly,"<ul> and <ol> must only directly contain <li>, <script> or <template> elements",https://dequeuniversity.com/rules/axe/4.10/list?application=playwright,"<ul class="" c-accordion__list c-accordion__list--show-bullets"">"
46,https://cucatalog.org/polaris/view.aspx?CN=2635136,The Urbana Free Library,serious,listitem,Ensure <li> elements are used semantically,<li> elements must be contained in a <ul> or <ol>,https://dequeuniversity.com/rules/axe/4.10/listitem?application=playwright,"<li class=""nav__nav expandable-block-nav"">"
46,https://cucatalog.org/polaris/view.aspx?CN=2635136,The Urbana Free Library,serious,nested-interactive,Ensure interactive controls are not nested as they are not always announced by screen readers or can cause focus problems for assistive technologies,Interactive controls must not be nested,https://dequeuniversity.com/rules/axe/4.10/nested-interactive?application=playwright,"<div class=""c-accordion__heading"" role=""tab"">"
46,https://cucatalog.org/polaris/view.aspx?CN=2635136,The Urbana Free Library,serious,nested-interactive,Ensure interactive controls are not nested as they are not always announced by screen readers or can cause focus problems for assistive technologies,Interactive controls must not be nested,https://dequeuniversity.com/rules/axe/4.10/nested-interactive?application=playwright,"<div class=""c-accordion-lvl2__heading"" role=""tab"">"
46,https://cucatalog.org/polaris/view.aspx?CN=2635136,The Urbana Free Library,serious,nested-interactive,Ensure interactive controls are not nested as they are not always announced by screen readers or can cause focus problems for assistive technologies,Interactive controls must not be nested,https://dequeuniversity.com/rules/axe/4.10/nested-interactive?application=playwright,"<div class=""c-accordion-lvl2__heading"" role=""tab"">"
46,https://cucatalog.org/polaris/view.aspx?CN=2635136,The Urbana Free Library,serious,nested-interactive,Ensure interactive controls are not nested as they are not always announced by screen readers or can cause focus problems for assistive technologies,Interactive controls must not be nested,https://dequeuniversity.com/rules/axe/4.10/nested-interactive?application=playwright,"<div class=""c-accordion-lvl2__heading"" role=""tab"">"
46,https://cucatalog.org/polaris/view.aspx?CN=2635136,The Urbana Free Library,serious,nested-interactive,Ensure interactive controls are not nested as they are not always announced by screen readers or can cause focus problems for assistive technologies,Interactive controls must not be nested,https://dequeuniversity.com/rules/axe/4.10/nested-interactive?application=playwright,"<div class=""c-accordion-lvl2__heading"" role=""tab"">"
46,https://cucatalog.org/polaris/view.aspx?CN=2635136,The Urbana Free Library,serious,nested-interactive,Ensure interactive controls are not nested as they are not always announced by screen readers or can cause focus problems for assistive technologies,Interactive controls must not be nested,https://dequeuniversity.com/rules/axe/4.10/nested-interactive?application=playwright,"<div class=""c-accordion__heading"" role=""tab"">"
46,https://cucatalog.org/polaris/view.aspx?CN=2635136,The Urbana Free Library,serious,nested-interactive,Ensure interactive controls are not nested as they are not always announced by screen readers or can cause focus problems for assistive technologies,Interactive controls must not be nested,https://dequeuniversity.com/rules/axe/4.10/nested-interactive?application=playwright,"<div class=""c-accordion__heading"" role=""tab"">"
46,https://cucatalog.org/polaris/view.aspx?CN=2635136,The Urbana Free Library,serious,nested-interactive,Ensure interactive controls are not nested as they are not always announced by screen readers or can cause focus problems for assistive technologies,Interactive controls must not be nested,https://dequeuniversity.com/rules/axe/4.10/nested-interactive?application=playwright,"<div class=""c-accordion__heading"" role=""tab"">"
46,https://cucatalog.org/polaris/view.aspx?CN=2635136,The Urbana Free Library,serious,nested-interactive,Ensure interactive controls are not nested as they are not always announced by screen readers or can cause focus problems for assistive technologies,Interactive controls must not be nested,https://dequeuniversity.com/rules/axe/4.10/nested-interactive?application=playwright,"<div class=""c-accordion__heading"" role=""tab"">"
46,https://cucatalog.org/polaris/view.aspx?CN=2635136,The Urbana Free Library,serious,nested-interactive,Ensure interactive controls are not nested as they are not always announced by screen readers or can cause focus problems for assistive technologies,Interactive controls must not be nested,https://dequeuniversity.com/rules/axe/4.10/nested-interactive?application=playwright,"<div class=""c-accordion__heading"" role=""tab"">"
46,https://cucatalog.org/polaris/view.aspx?CN=2635136,The Urbana Free Library,serious,nested-interactive,Ensure interactive controls are not nested as they are not always announced by screen readers or can cause focus problems for assistive technologies,Interactive controls must not be nested,https://dequeuniversity.com/rules/axe/4.10/nested-interactive?application=playwright,"<div class=""c-accordion__heading"" role=""tab"">"
46,https://cucatalog.org/polaris/view.aspx?CN=2635136,The Urbana Free Library,serious,nested-interactive,Ensure interactive controls are not nested as they are not always announced by screen readers or can cause focus problems for assistive technologies,Interactive controls must not be nested,https://dequeuniversity.com/rules/axe/4.10/nested-interactive?application=playwright,"<div class=""c-accordion__heading"" role=""tab"">"
46,https://cucatalog.org/polaris/view.aspx?CN=2635136,The Urbana Free Library,serious,nested-interactive,Ensure interactive controls are not nested as they are not always announced by screen readers or can cause focus problems for assistive technologies,Interactive controls must not be nested,https://dequeuniversity.com/rules/axe/4.10/nested-interactive?application=playwright,"<div class=""c-accordion__heading"" role=""tab"">"
46,https://cucatalog.org/polaris/view.aspx?CN=2635136,The Urbana Free Library,moderate,page-has-heading-one,"Ensure that the page, or at least one of its frames contains a level-one heading",Page should contain a level-one heading,https://dequeuniversity.com/rules/axe/4.10/page-has-heading-one?application=playwright,"<html class=""js flexbox flexboxlegacy canvas canvastext webgl no-touch geolocation postmessage no-websqldatabase indexeddb hashchange history draganddrop websockets rgba hsla multiplebgs backgroundsize borderimage borderradius boxshadow textshadow opacity cssanimations csscolumns cssgradients cssreflections csstransforms csstransforms3d csstransitions fontface generatedcontent video audio localstorage sessionstorage webworkers no-applicationcache svg inlinesvg smil svgclippaths"" lang=""en"" style="""">"
47,https://cucatalog.org/polaris/view.aspx?CN=2640047,The Urbana Free Library,critical,aria-allowed-attr,Ensure an element's role supports its ARIA attributes,Elements must only use supported ARIA attributes,https://dequeuniversity.com/rules/axe/4.10/aria-allowed-attr?application=playwright,"<div class=""c-search-header-options__container collapse in"" id=""c-search-header__search-options"" aria-labelledby=""c-search-header__search-options"" aria-expanded=""true"" style="""">"
47,https://cucatalog.org/polaris/view.aspx?CN=2640047,The Urbana Free Library,serious,aria-hidden-focus,Ensure aria-hidden elements are not focusable nor contain focusable elements,ARIA hidden element must not be focusable or contain focusable elements,https://dequeuniversity.com/rules/axe/4.10/aria-hidden-focus?application=playwright,"<a id=""__pos-1"" href=""#"" aria-hidden=""true"" aria-label=""Search Result""></a>"
47,https://cucatalog.org/polaris/view.aspx?CN=2640047,The Urbana Free Library,critical,aria-required-attr,Ensure elements with ARIA roles have all required ARIA attributes,Required ARIA attributes must be provided,https://dequeuniversity.com/rules/axe/4.10/aria-required-attr?application=playwright,"<select name=""ctl00$BodyMainContent$ctrlSearchBars$searchbarKeyword$dropdownSearchBy"" id=""dropdownSearchBy"" class=""SearchByList c-search-header__dropdown c-search-header__box--height"" aria-labelledby=""dropdownSearchByLabel"" role=""combobox"">"
47,https://cucatalog.org/polaris/view.aspx?CN=2640047,The Urbana Free Library,critical,aria-required-attr,Ensure elements with ARIA roles have all required ARIA attributes,Required ARIA attributes must be provided,https://dequeuniversity.com/rules/axe/4.10/aria-required-attr?application=playwright,"<select name=""ctl00$BodyMainContent$ctrlSearchBars$searchbarKeyword$dropdownLimitFilter"" id=""dropdownLimitFilter"" class=""c-search-header__dropdown c-search-header__box--height"" aria-labelledby=""dropdownLimitFilterLabel"" role=""combobox"" onchange=""javascript: AddDefaultTermAndHighlight('textboxTerm'); CheckDetailedMaterial();"">"
47,https://cucatalog.org/polaris/view.aspx?CN=2640047,The Urbana Free Library,critical,aria-required-children,Ensure elements with an ARIA role that require child roles contain them,Certain ARIA roles must contain particular children,https://dequeuniversity.com/rules/axe/4.10/aria-required-children?application=playwright,"<div class=""c-accordion-lvl2"" role=""tablist"" aria-multiselectable=""true"">"
47,https://cucatalog.org/polaris/view.aspx?CN=2640047,The Urbana Free Library,critical,aria-required-children,Ensure elements with an ARIA role that require child roles contain them,Certain ARIA roles must contain particular children,https://dequeuniversity.com/rules/axe/4.10/aria-required-children?application=playwright,"<div class=""c-accordion-lvl2__heading"" role=""tablist"">"
47,https://cucatalog.org/polaris/view.aspx?CN=2640047,The Urbana Free Library,critical,aria-required-parent,Ensure elements with an ARIA role that require parent roles are contained by them,Certain ARIA roles must be contained by particular parents,https://dequeuniversity.com/rules/axe/4.10/aria-required-parent?application=playwright,"<div class=""c-accordion__heading"" role=""tab"">"
47,https://cucatalog.org/polaris/view.aspx?CN=2640047,The Urbana Free Library,critical,aria-required-parent,Ensure elements with an ARIA role that require parent roles are contained by them,Certain ARIA roles must be contained by particular parents,https://dequeuniversity.com/rules/axe/4.10/aria-required-parent?application=playwright,"<div class=""c-accordion__heading"" role=""tab"">"
47,https://cucatalog.org/polaris/view.aspx?CN=2640047,The Urbana Free Library,critical,aria-required-parent,Ensure elements with an ARIA role that require parent roles are contained by them,Certain ARIA roles must be contained by particular parents,https://dequeuniversity.com/rules/axe/4.10/aria-required-parent?application=playwright,"<div class=""c-accordion__heading"" role=""tab"">"
47,https://cucatalog.org/polaris/view.aspx?CN=2640047,The Urbana Free Library,critical,aria-required-parent,Ensure elements with an ARIA role that require parent roles are contained by them,Certain ARIA roles must be contained by particular parents,https://dequeuniversity.com/rules/axe/4.10/aria-required-parent?application=playwright,"<div class=""c-accordion__heading"" role=""tab"">"
47,https://cucatalog.org/polaris/view.aspx?CN=2640047,The Urbana Free Library,critical,aria-required-parent,Ensure elements with an ARIA role that require parent roles are contained by them,Certain ARIA roles must be contained by particular parents,https://dequeuniversity.com/rules/axe/4.10/aria-required-parent?application=playwright,"<div class=""c-accordion__heading"" role=""tab"">"
47,https://cucatalog.org/polaris/view.aspx?CN=2640047,The Urbana Free Library,critical,aria-required-parent,Ensure elements with an ARIA role that require parent roles are contained by them,Certain ARIA roles must be contained by particular parents,https://dequeuniversity.com/rules/axe/4.10/aria-required-parent?application=playwright,"<div class=""c-accordion__heading"" role=""tab"">"
47,https://cucatalog.org/polaris/view.aspx?CN=2640047,The Urbana Free Library,critical,aria-required-parent,Ensure elements with an ARIA role that require parent roles are contained by them,Certain ARIA roles must be contained by particular parents,https://dequeuniversity.com/rules/axe/4.10/aria-required-parent?application=playwright,"<div class=""c-accordion__heading"" role=""tab"">"
47,https://cucatalog.org/polaris/view.aspx?CN=2640047,The Urbana Free Library,critical,aria-required-parent,Ensure elements with an ARIA role that require parent roles are contained by them,Certain ARIA roles must be contained by particular parents,https://dequeuniversity.com/rules/axe/4.10/aria-required-parent?application=playwright,"<div class=""c-accordion__heading"" role=""tab"">"
47,https://cucatalog.org/polaris/view.aspx?CN=2640047,The Urbana Free Library,critical,aria-required-parent,Ensure elements with an ARIA role that require parent roles are contained by them,Certain ARIA roles must be contained by particular parents,https://dequeuniversity.com/rules/axe/4.10/aria-required-parent?application=playwright,"<div class=""c-accordion__heading"" role=""tab"">"
47,https://cucatalog.org/polaris/view.aspx?CN=2640047,The Urbana Free Library,moderate,landmark-banner-is-top-level,Ensure the banner landmark is at top level,Banner landmark should not be contained in another landmark,https://dequeuniversity.com/rules/axe/4.10/landmark-banner-is-top-level?application=playwright,"<header class=""nav-panel__header"">"
47,https://cucatalog.org/polaris/view.aspx?CN=2640047,The Urbana Free Library,moderate,landmark-banner-is-top-level,Ensure the banner landmark is at top level,Banner landmark should not be contained in another landmark,https://dequeuniversity.com/rules/axe/4.10/landmark-banner-is-top-level?application=playwright,"<header class=""nav-panel__header"">"
47,https://cucatalog.org/polaris/view.aspx?CN=2640047,The Urbana Free Library,moderate,landmark-main-is-top-level,Ensure the main landmark is at top level,Main landmark should not be contained in another landmark,https://dequeuniversity.com/rules/axe/4.10/landmark-main-is-top-level?application=playwright,"<main class=""site-footer__main"">"
47,https://cucatalog.org/polaris/view.aspx?CN=2640047,The Urbana Free Library,moderate,landmark-no-duplicate-banner,Ensure the document has at most one banner landmark,Document should not have more than one banner landmark,https://dequeuniversity.com/rules/axe/4.10/landmark-no-duplicate-banner?application=playwright,"<header class=""site-header"">"
47,https://cucatalog.org/polaris/view.aspx?CN=2640047,The Urbana Free Library,moderate,landmark-no-duplicate-main,Ensure the document has at most one main landmark,Document should not have more than one main landmark,https://dequeuniversity.com/rules/axe/4.10/landmark-no-duplicate-main?application=playwright,"<main class=""site-main"" id=""content"">"
47,https://cucatalog.org/polaris/view.aspx?CN=2640047,The Urbana Free Library,moderate,landmark-unique,Ensure landmarks are unique,Landmarks should have a unique role or role/label/title (i.e. accessible name) combination,https://dequeuniversity.com/rules/axe/4.10/landmark-unique?application=playwright,"<header class=""site-header"">"
47,https://cucatalog.org/polaris/view.aspx?CN=2640047,The Urbana Free Library,moderate,landmark-unique,Ensure landmarks are unique,Landmarks should have a unique role or role/label/title (i.e. accessible name) combination,https://dequeuniversity.com/rules/axe/4.10/landmark-unique?application=playwright,"<nav class=""nav-panel__top-nav top-nav top-nav--split-header navbar-collapse"" role=""navigation"">"
47,https://cucatalog.org/polaris/view.aspx?CN=2640047,The Urbana Free Library,moderate,landmark-unique,Ensure landmarks are unique,Landmarks should have a unique role or role/label/title (i.e. accessible name) combination,https://dequeuniversity.com/rules/axe/4.10/landmark-unique?application=playwright,"<main class=""site-main"" id=""content"">"
47,https://cucatalog.org/polaris/view.aspx?CN=2640047,The Urbana Free Library,serious,link-name,Ensure links have discernible text,Links must have discernible text,https://dequeuniversity.com/rules/axe/4.10/link-name?application=playwright,"<a id=""c-accordion-lvl2__title_relatedsearch-2"" class=""c-accordion-lvl2__title-link "" role=""button"" aria-expanded=""true"" aria-controls=""rs-2"" data-toggle=""collapse"" onclick=""javascript:InvokeRSD('collapse', 2)"" href=""#rs-2"">    
                                </a>"
47,https://cucatalog.org/polaris/view.aspx?CN=2640047,The Urbana Free Library,serious,link-name,Ensure links have discernible text,Links must have discernible text,https://dequeuniversity.com/rules/axe/4.10/link-name?application=playwright,"<a id=""c-accordion-lvl2__title_relatedsearch-2"" class=""c-accordion-lvl2__title-link "" role=""button"" aria-expanded=""true"" aria-controls=""rs-2"" data-toggle=""collapse"" onclick=""javascript:InvokeRSD('collapse', 2)"" href=""#rs-2"">"
47,https://cucatalog.org/polaris/view.aspx?CN=2640047,The Urbana Free Library,serious,link-name,Ensure links have discernible text,Links must have discernible text,https://dequeuniversity.com/rules/axe/4.10/link-name?application=playwright,"<a id=""c-accordion-lvl2__title_relatedsearch-2"" class=""c-accordion-lvl2__title-link "" role=""button"" aria-expanded=""true"" aria-controls=""rs-2"" data-toggle=""collapse"" onclick=""javascript:InvokeRSD('collapse', 2)"" href=""#rs-2"">
                                        </a>"
47,https://cucatalog.org/polaris/view.aspx?CN=2640047,The Urbana Free Library,serious,link-name,Ensure links have discernible text,Links must have discernible text,https://dequeuniversity.com/rules/axe/4.10/link-name?application=playwright,"<a id=""c-accordion-lvl2__title_relatedsearch-2"" class=""c-accordion-lvl2__title-link "" role=""button"" aria-expanded=""true"" aria-controls=""rs-2"" data-toggle=""collapse"" onclick=""javascript:InvokeRSD('collapse', 2)"" href=""#rs-2"">
								            </a>"
47,https://cucatalog.org/polaris/view.aspx?CN=2640047,The Urbana Free Library,serious,link-name,Ensure links have discernible text,Links must have discernible text,https://dequeuniversity.com/rules/axe/4.10/link-name?application=playwright,"<a id=""c-accordion-lvl2__title_relatedsearch-2"" class=""c-accordion-lvl2__title-link "" role=""button"" aria-expanded=""true"" aria-controls=""rs-2"" data-toggle=""collapse"" onclick=""javascript:InvokeRSD('collapse', 2)"" href=""#rs-2"">  
									            
											            </a>"
47,https://cucatalog.org/polaris/view.aspx?CN=2640047,The Urbana Free Library,serious,link-name,Ensure links have discernible text,Links must have discernible text,https://dequeuniversity.com/rules/axe/4.10/link-name?application=playwright,"<a id=""c-accordion-lvl2__title_relatedsearch-2"" class=""c-accordion-lvl2__title-link "" role=""button"" aria-expanded=""true"" aria-controls=""rs-2"" data-toggle=""collapse"" onclick=""javascript:InvokeRSD('collapse', 2)"" href=""#rs-2"">  
                                                            </a>"
47,https://cucatalog.org/polaris/view.aspx?CN=2640047,The Urbana Free Library,serious,link-name,Ensure links have discernible text,Links must have discernible text,https://dequeuniversity.com/rules/axe/4.10/link-name?application=playwright,"<a id=""c-accordion-lvl2__title_relatedsearch-3"" class=""c-accordion-lvl2__title-link "" role=""button"" aria-expanded=""true"" aria-controls=""rs-3"" data-toggle=""collapse"" onclick=""javascript:InvokeRSD('collapse', 3)"" href=""#rs-3"">    
                                </a>"
47,https://cucatalog.org/polaris/view.aspx?CN=2640047,The Urbana Free Library,serious,link-name,Ensure links have discernible text,Links must have discernible text,https://dequeuniversity.com/rules/axe/4.10/link-name?application=playwright,"<a id=""c-accordion-lvl2__title_relatedsearch-3"" class=""c-accordion-lvl2__title-link "" role=""button"" aria-expanded=""true"" aria-controls=""rs-3"" data-toggle=""collapse"" onclick=""javascript:InvokeRSD('collapse', 3)"" href=""#rs-3"">"
47,https://cucatalog.org/polaris/view.aspx?CN=2640047,The Urbana Free Library,serious,link-name,Ensure links have discernible text,Links must have discernible text,https://dequeuniversity.com/rules/axe/4.10/link-name?application=playwright,"<a id=""c-accordion-lvl2__title_relatedsearch-3"" class=""c-accordion-lvl2__title-link "" role=""button"" aria-expanded=""true"" aria-controls=""rs-3"" data-toggle=""collapse"" onclick=""javascript:InvokeRSD('collapse', 3)"" href=""#rs-3"">
                                        </a>"
47,https://cucatalog.org/polaris/view.aspx?CN=2640047,The Urbana Free Library,serious,link-name,Ensure links have discernible text,Links must have discernible text,https://dequeuniversity.com/rules/axe/4.10/link-name?application=playwright,"<a id=""c-accordion-lvl2__title_relatedsearch-3"" class=""c-accordion-lvl2__title-link "" role=""button"" aria-expanded=""true"" aria-controls=""rs-3"" data-toggle=""collapse"" onclick=""javascript:InvokeRSD('collapse', 3)"" href=""#rs-3"">
								            </a>"
47,https://cucatalog.org/polaris/view.aspx?CN=2640047,The Urbana Free Library,serious,link-name,Ensure links have discernible text,Links must have discernible text,https://dequeuniversity.com/rules/axe/4.10/link-name?application=playwright,"<a id=""c-accordion-lvl2__title_relatedsearch-3"" class=""c-accordion-lvl2__title-link "" role=""button"" aria-expanded=""true"" aria-controls=""rs-3"" data-toggle=""collapse"" onclick=""javascript:InvokeRSD('collapse', 3)"" href=""#rs-3"">  
									            
											            </a>"
47,https://cucatalog.org/polaris/view.aspx?CN=2640047,The Urbana Free Library,serious,link-name,Ensure links have discernible text,Links must have discernible text,https://dequeuniversity.com/rules/axe/4.10/link-name?application=playwright,"<a id=""c-accordion-lvl2__title_relatedsearch-3"" class=""c-accordion-lvl2__title-link "" role=""button"" aria-expanded=""true"" aria-controls=""rs-3"" data-toggle=""collapse"" onclick=""javascript:InvokeRSD('collapse', 3)"" href=""#rs-3"">  
                                                            </a>"
47,https://cucatalog.org/polaris/view.aspx?CN=2640047,The Urbana Free Library,serious,list,Ensure that lists are structured correctly,"<ul> and <ol> must only directly contain <li>, <script> or <template> elements",https://dequeuniversity.com/rules/axe/4.10/list?application=playwright,"<ul id=""c-title-detail__button-list-"" class=""c-title-detail-actions__list"" data-item-pos=""1"" data-item-page=""0"">"
47,https://cucatalog.org/polaris/view.aspx?CN=2640047,The Urbana Free Library,serious,list,Ensure that lists are structured correctly,"<ul> and <ol> must only directly contain <li>, <script> or <template> elements",https://dequeuniversity.com/rules/axe/4.10/list?application=playwright,"<ul class="" c-accordion__list c-accordion__list--show-bullets"">"
47,https://cucatalog.org/polaris/view.aspx?CN=2640047,The Urbana Free Library,serious,list,Ensure that lists are structured correctly,"<ul> and <ol> must only directly contain <li>, <script> or <template> elements",https://dequeuniversity.com/rules/axe/4.10/list?application=playwright,"<ul class="" c-accordion__list c-accordion__list--show-bullets"">"
47,https://cucatalog.org/polaris/view.aspx?CN=2640047,The Urbana Free Library,serious,listitem,Ensure <li> elements are used semantically,<li> elements must be contained in a <ul> or <ol>,https://dequeuniversity.com/rules/axe/4.10/listitem?application=playwright,"<li class=""nav__nav expandable-block-nav"">"
47,https://cucatalog.org/polaris/view.aspx?CN=2640047,The Urbana Free Library,serious,nested-interactive,Ensure interactive controls are not nested as they are not always announced by screen readers or can cause focus problems for assistive technologies,Interactive controls must not be nested,https://dequeuniversity.com/rules/axe/4.10/nested-interactive?application=playwright,"<div class=""c-accordion__heading"" role=""tab"">"
47,https://cucatalog.org/polaris/view.aspx?CN=2640047,The Urbana Free Library,serious,nested-interactive,Ensure interactive controls are not nested as they are not always announced by screen readers or can cause focus problems for assistive technologies,Interactive controls must not be nested,https://dequeuniversity.com/rules/axe/4.10/nested-interactive?application=playwright,"<div class=""c-accordion-lvl2__heading"" role=""tab"">"
47,https://cucatalog.org/polaris/view.aspx?CN=2640047,The Urbana Free Library,serious,nested-interactive,Ensure interactive controls are not nested as they are not always announced by screen readers or can cause focus problems for assistive technologies,Interactive controls must not be nested,https://dequeuniversity.com/rules/axe/4.10/nested-interactive?application=playwright,"<div class=""c-accordion-lvl2__heading"" role=""tab"">"
47,https://cucatalog.org/polaris/view.aspx?CN=2640047,The Urbana Free Library,serious,nested-interactive,Ensure interactive controls are not nested as they are not always announced by screen readers or can cause focus problems for assistive technologies,Interactive controls must not be nested,https://dequeuniversity.com/rules/axe/4.10/nested-interactive?application=playwright,"<div class=""c-accordion-lvl2__heading"" role=""tab"">"
47,https://cucatalog.org/polaris/view.aspx?CN=2640047,The Urbana Free Library,serious,nested-interactive,Ensure interactive controls are not nested as they are not always announced by screen readers or can cause focus problems for assistive technologies,Interactive controls must not be nested,https://dequeuniversity.com/rules/axe/4.10/nested-interactive?application=playwright,"<div class=""c-accordion__heading"" role=""tab"">"
47,https://cucatalog.org/polaris/view.aspx?CN=2640047,The Urbana Free Library,serious,nested-interactive,Ensure interactive controls are not nested as they are not always announced by screen readers or can cause focus problems for assistive technologies,Interactive controls must not be nested,https://dequeuniversity.com/rules/axe/4.10/nested-interactive?application=playwright,"<div class=""c-accordion__heading"" role=""tab"">"
47,https://cucatalog.org/polaris/view.aspx?CN=2640047,The Urbana Free Library,serious,nested-interactive,Ensure interactive controls are not nested as they are not always announced by screen readers or can cause focus problems for assistive technologies,Interactive controls must not be nested,https://dequeuniversity.com/rules/axe/4.10/nested-interactive?application=playwright,"<div class=""c-accordion__heading"" role=""tab"">"
47,https://cucatalog.org/polaris/view.aspx?CN=2640047,The Urbana Free Library,serious,nested-interactive,Ensure interactive controls are not nested as they are not always announced by screen readers or can cause focus problems for assistive technologies,Interactive controls must not be nested,https://dequeuniversity.com/rules/axe/4.10/nested-interactive?application=playwright,"<div class=""c-accordion__heading"" role=""tab"">"
47,https://cucatalog.org/polaris/view.aspx?CN=2640047,The Urbana Free Library,serious,nested-interactive,Ensure interactive controls are not nested as they are not always announced by screen readers or can cause focus problems for assistive technologies,Interactive controls must not be nested,https://dequeuniversity.com/rules/axe/4.10/nested-interactive?application=playwright,"<div class=""c-accordion__heading"" role=""tab"">"
47,https://cucatalog.org/polaris/view.aspx?CN=2640047,The Urbana Free Library,serious,nested-interactive,Ensure interactive controls are not nested as they are not always announced by screen readers or can cause focus problems for assistive technologies,Interactive controls must not be nested,https://dequeuniversity.com/rules/axe/4.10/nested-interactive?application=playwright,"<div class=""c-accordion__heading"" role=""tab"">"
47,https://cucatalog.org/polaris/view.aspx?CN=2640047,The Urbana Free Library,serious,nested-interactive,Ensure interactive controls are not nested as they are not always announced by screen readers or can cause focus problems for assistive technologies,Interactive controls must not be nested,https://dequeuniversity.com/rules/axe/4.10/nested-interactive?application=playwright,"<div class=""c-accordion__heading"" role=""tab"">"
47,https://cucatalog.org/polaris/view.aspx?CN=2640047,The Urbana Free Library,serious,nested-interactive,Ensure interactive controls are not nested as they are not always announced by screen readers or can cause focus problems for assistive technologies,Interactive controls must not be nested,https://dequeuniversity.com/rules/axe/4.10/nested-interactive?application=playwright,"<div class=""c-accordion__heading"" role=""tab"">"
47,https://cucatalog.org/polaris/view.aspx?CN=2640047,The Urbana Free Library,moderate,page-has-heading-one,"Ensure that the page, or at least one of its frames contains a level-one heading",Page should contain a level-one heading,https://dequeuniversity.com/rules/axe/4.10/page-has-heading-one?application=playwright,"<html class=""js flexbox flexboxlegacy canvas canvastext webgl no-touch geolocation postmessage no-websqldatabase indexeddb hashchange history draganddrop websockets rgba hsla multiplebgs backgroundsize borderimage borderradius boxshadow textshadow opacity cssanimations csscolumns cssgradients cssreflections csstransforms csstransforms3d csstransitions fontface generatedcontent video audio localstorage sessionstorage webworkers no-applicationcache svg inlinesvg smil svgclippaths"" lang=""en"" style="""">"
48,https://cucatalog.org/polaris/view.aspx?CN=2633909,The Urbana Free Library,critical,aria-allowed-attr,Ensure an element's role supports its ARIA attributes,Elements must only use supported ARIA attributes,https://dequeuniversity.com/rules/axe/4.10/aria-allowed-attr?application=playwright,"<div class=""c-search-header-options__container collapse in"" id=""c-search-header__search-options"" aria-labelledby=""c-search-header__search-options"" aria-expanded=""true"" style="""">"
48,https://cucatalog.org/polaris/view.aspx?CN=2633909,The Urbana Free Library,serious,aria-hidden-focus,Ensure aria-hidden elements are not focusable nor contain focusable elements,ARIA hidden element must not be focusable or contain focusable elements,https://dequeuniversity.com/rules/axe/4.10/aria-hidden-focus?application=playwright,"<a id=""__pos-1"" href=""#"" aria-hidden=""true"" aria-label=""Search Result""></a>"
48,https://cucatalog.org/polaris/view.aspx?CN=2633909,The Urbana Free Library,critical,aria-required-attr,Ensure elements with ARIA roles have all required ARIA attributes,Required ARIA attributes must be provided,https://dequeuniversity.com/rules/axe/4.10/aria-required-attr?application=playwright,"<select name=""ctl00$BodyMainContent$ctrlSearchBars$searchbarKeyword$dropdownSearchBy"" id=""dropdownSearchBy"" class=""SearchByList c-search-header__dropdown c-search-header__box--height"" aria-labelledby=""dropdownSearchByLabel"" role=""combobox"">"
48,https://cucatalog.org/polaris/view.aspx?CN=2633909,The Urbana Free Library,critical,aria-required-attr,Ensure elements with ARIA roles have all required ARIA attributes,Required ARIA attributes must be provided,https://dequeuniversity.com/rules/axe/4.10/aria-required-attr?application=playwright,"<select name=""ctl00$BodyMainContent$ctrlSearchBars$searchbarKeyword$dropdownLimitFilter"" id=""dropdownLimitFilter"" class=""c-search-header__dropdown c-search-header__box--height"" aria-labelledby=""dropdownLimitFilterLabel"" role=""combobox"" onchange=""javascript: AddDefaultTermAndHighlight('textboxTerm'); CheckDetailedMaterial();"">"
48,https://cucatalog.org/polaris/view.aspx?CN=2633909,The Urbana Free Library,critical,aria-required-children,Ensure elements with an ARIA role that require child roles contain them,Certain ARIA roles must contain particular children,https://dequeuniversity.com/rules/axe/4.10/aria-required-children?application=playwright,"<div class=""c-accordion-lvl2"" role=""tablist"" aria-multiselectable=""true"">"
48,https://cucatalog.org/polaris/view.aspx?CN=2633909,The Urbana Free Library,critical,aria-required-children,Ensure elements with an ARIA role that require child roles contain them,Certain ARIA roles must contain particular children,https://dequeuniversity.com/rules/axe/4.10/aria-required-children?application=playwright,"<div class=""c-accordion-lvl2__heading"" role=""tablist"">"
48,https://cucatalog.org/polaris/view.aspx?CN=2633909,The Urbana Free Library,critical,aria-required-parent,Ensure elements with an ARIA role that require parent roles are contained by them,Certain ARIA roles must be contained by particular parents,https://dequeuniversity.com/rules/axe/4.10/aria-required-parent?application=playwright,"<div class=""c-accordion__heading"" role=""tab"">"
48,https://cucatalog.org/polaris/view.aspx?CN=2633909,The Urbana Free Library,critical,aria-required-parent,Ensure elements with an ARIA role that require parent roles are contained by them,Certain ARIA roles must be contained by particular parents,https://dequeuniversity.com/rules/axe/4.10/aria-required-parent?application=playwright,"<div class=""c-accordion__heading"" role=""tab"">"
48,https://cucatalog.org/polaris/view.aspx?CN=2633909,The Urbana Free Library,critical,aria-required-parent,Ensure elements with an ARIA role that require parent roles are contained by them,Certain ARIA roles must be contained by particular parents,https://dequeuniversity.com/rules/axe/4.10/aria-required-parent?application=playwright,"<div class=""c-accordion__heading"" role=""tab"">"
48,https://cucatalog.org/polaris/view.aspx?CN=2633909,The Urbana Free Library,critical,aria-required-parent,Ensure elements with an ARIA role that require parent roles are contained by them,Certain ARIA roles must be contained by particular parents,https://dequeuniversity.com/rules/axe/4.10/aria-required-parent?application=playwright,"<div class=""c-accordion__heading"" role=""tab"">"
48,https://cucatalog.org/polaris/view.aspx?CN=2633909,The Urbana Free Library,critical,aria-required-parent,Ensure elements with an ARIA role that require parent roles are contained by them,Certain ARIA roles must be contained by particular parents,https://dequeuniversity.com/rules/axe/4.10/aria-required-parent?application=playwright,"<div class=""c-accordion__heading"" role=""tab"">"
48,https://cucatalog.org/polaris/view.aspx?CN=2633909,The Urbana Free Library,critical,aria-required-parent,Ensure elements with an ARIA role that require parent roles are contained by them,Certain ARIA roles must be contained by particular parents,https://dequeuniversity.com/rules/axe/4.10/aria-required-parent?application=playwright,"<div class=""c-accordion__heading"" role=""tab"">"
48,https://cucatalog.org/polaris/view.aspx?CN=2633909,The Urbana Free Library,critical,aria-required-parent,Ensure elements with an ARIA role that require parent roles are contained by them,Certain ARIA roles must be contained by particular parents,https://dequeuniversity.com/rules/axe/4.10/aria-required-parent?application=playwright,"<div class=""c-accordion__heading"" role=""tab"">"
48,https://cucatalog.org/polaris/view.aspx?CN=2633909,The Urbana Free Library,critical,aria-required-parent,Ensure elements with an ARIA role that require parent roles are contained by them,Certain ARIA roles must be contained by particular parents,https://dequeuniversity.com/rules/axe/4.10/aria-required-parent?application=playwright,"<div class=""c-accordion__heading"" role=""tab"">"
48,https://cucatalog.org/polaris/view.aspx?CN=2633909,The Urbana Free Library,critical,aria-required-parent,Ensure elements with an ARIA role that require parent roles are contained by them,Certain ARIA roles must be contained by particular parents,https://dequeuniversity.com/rules/axe/4.10/aria-required-parent?application=playwright,"<div class=""c-accordion__heading"" role=""tab"">"
48,https://cucatalog.org/polaris/view.aspx?CN=2633909,The Urbana Free Library,moderate,landmark-banner-is-top-level,Ensure the banner landmark is at top level,Banner landmark should not be contained in another landmark,https://dequeuniversity.com/rules/axe/4.10/landmark-banner-is-top-level?application=playwright,"<header class=""nav-panel__header"">"
48,https://cucatalog.org/polaris/view.aspx?CN=2633909,The Urbana Free Library,moderate,landmark-banner-is-top-level,Ensure the banner landmark is at top level,Banner landmark should not be contained in another landmark,https://dequeuniversity.com/rules/axe/4.10/landmark-banner-is-top-level?application=playwright,"<header class=""nav-panel__header"">"
48,https://cucatalog.org/polaris/view.aspx?CN=2633909,The Urbana Free Library,moderate,landmark-main-is-top-level,Ensure the main landmark is at top level,Main landmark should not be contained in another landmark,https://dequeuniversity.com/rules/axe/4.10/landmark-main-is-top-level?application=playwright,"<main class=""site-footer__main"">"
48,https://cucatalog.org/polaris/view.aspx?CN=2633909,The Urbana Free Library,moderate,landmark-no-duplicate-banner,Ensure the document has at most one banner landmark,Document should not have more than one banner landmark,https://dequeuniversity.com/rules/axe/4.10/landmark-no-duplicate-banner?application=playwright,"<header class=""site-header"">"
48,https://cucatalog.org/polaris/view.aspx?CN=2633909,The Urbana Free Library,moderate,landmark-no-duplicate-main,Ensure the document has at most one main landmark,Document should not have more than one main landmark,https://dequeuniversity.com/rules/axe/4.10/landmark-no-duplicate-main?application=playwright,"<main class=""site-main"" id=""content"">"
48,https://cucatalog.org/polaris/view.aspx?CN=2633909,The Urbana Free Library,moderate,landmark-unique,Ensure landmarks are unique,Landmarks should have a unique role or role/label/title (i.e. accessible name) combination,https://dequeuniversity.com/rules/axe/4.10/landmark-unique?application=playwright,"<header class=""site-header"">"
48,https://cucatalog.org/polaris/view.aspx?CN=2633909,The Urbana Free Library,moderate,landmark-unique,Ensure landmarks are unique,Landmarks should have a unique role or role/label/title (i.e. accessible name) combination,https://dequeuniversity.com/rules/axe/4.10/landmark-unique?application=playwright,"<nav class=""nav-panel__top-nav top-nav top-nav--split-header navbar-collapse"" role=""navigation"">"
48,https://cucatalog.org/polaris/view.aspx?CN=2633909,The Urbana Free Library,moderate,landmark-unique,Ensure landmarks are unique,Landmarks should have a unique role or role/label/title (i.e. accessible name) combination,https://dequeuniversity.com/rules/axe/4.10/landmark-unique?application=playwright,"<main class=""site-main"" id=""content"">"
48,https://cucatalog.org/polaris/view.aspx?CN=2633909,The Urbana Free Library,serious,link-name,Ensure links have discernible text,Links must have discernible text,https://dequeuniversity.com/rules/axe/4.10/link-name?application=playwright,"<a id=""c-accordion-lvl2__title_relatedsearch-2"" class=""c-accordion-lvl2__title-link "" role=""button"" aria-expanded=""true"" aria-controls=""rs-2"" data-toggle=""collapse"" onclick=""javascript:InvokeRSD('collapse', 2)"" href=""#rs-2"">    
                                </a>"
48,https://cucatalog.org/polaris/view.aspx?CN=2633909,The Urbana Free Library,serious,link-name,Ensure links have discernible text,Links must have discernible text,https://dequeuniversity.com/rules/axe/4.10/link-name?application=playwright,"<a id=""c-accordion-lvl2__title_relatedsearch-2"" class=""c-accordion-lvl2__title-link "" role=""button"" aria-expanded=""true"" aria-controls=""rs-2"" data-toggle=""collapse"" onclick=""javascript:InvokeRSD('collapse', 2)"" href=""#rs-2"">"
48,https://cucatalog.org/polaris/view.aspx?CN=2633909,The Urbana Free Library,serious,link-name,Ensure links have discernible text,Links must have discernible text,https://dequeuniversity.com/rules/axe/4.10/link-name?application=playwright,"<a id=""c-accordion-lvl2__title_relatedsearch-2"" class=""c-accordion-lvl2__title-link "" role=""button"" aria-expanded=""true"" aria-controls=""rs-2"" data-toggle=""collapse"" onclick=""javascript:InvokeRSD('collapse', 2)"" href=""#rs-2"">
                                        </a>"
48,https://cucatalog.org/polaris/view.aspx?CN=2633909,The Urbana Free Library,serious,link-name,Ensure links have discernible text,Links must have discernible text,https://dequeuniversity.com/rules/axe/4.10/link-name?application=playwright,"<a id=""c-accordion-lvl2__title_relatedsearch-2"" class=""c-accordion-lvl2__title-link "" role=""button"" aria-expanded=""true"" aria-controls=""rs-2"" data-toggle=""collapse"" onclick=""javascript:InvokeRSD('collapse', 2)"" href=""#rs-2"">
								            </a>"
48,https://cucatalog.org/polaris/view.aspx?CN=2633909,The Urbana Free Library,serious,link-name,Ensure links have discernible text,Links must have discernible text,https://dequeuniversity.com/rules/axe/4.10/link-name?application=playwright,"<a id=""c-accordion-lvl2__title_relatedsearch-2"" class=""c-accordion-lvl2__title-link "" role=""button"" aria-expanded=""true"" aria-controls=""rs-2"" data-toggle=""collapse"" onclick=""javascript:InvokeRSD('collapse', 2)"" href=""#rs-2"">  
									            
											            </a>"
48,https://cucatalog.org/polaris/view.aspx?CN=2633909,The Urbana Free Library,serious,link-name,Ensure links have discernible text,Links must have discernible text,https://dequeuniversity.com/rules/axe/4.10/link-name?application=playwright,"<a id=""c-accordion-lvl2__title_relatedsearch-2"" class=""c-accordion-lvl2__title-link "" role=""button"" aria-expanded=""true"" aria-controls=""rs-2"" data-toggle=""collapse"" onclick=""javascript:InvokeRSD('collapse', 2)"" href=""#rs-2"">  
                                                            </a>"
48,https://cucatalog.org/polaris/view.aspx?CN=2633909,The Urbana Free Library,serious,link-name,Ensure links have discernible text,Links must have discernible text,https://dequeuniversity.com/rules/axe/4.10/link-name?application=playwright,"<a id=""c-accordion-lvl2__title_relatedsearch-3"" class=""c-accordion-lvl2__title-link "" role=""button"" aria-expanded=""true"" aria-controls=""rs-3"" data-toggle=""collapse"" onclick=""javascript:InvokeRSD('collapse', 3)"" href=""#rs-3"">    
                                </a>"
48,https://cucatalog.org/polaris/view.aspx?CN=2633909,The Urbana Free Library,serious,link-name,Ensure links have discernible text,Links must have discernible text,https://dequeuniversity.com/rules/axe/4.10/link-name?application=playwright,"<a id=""c-accordion-lvl2__title_relatedsearch-3"" class=""c-accordion-lvl2__title-link "" role=""button"" aria-expanded=""true"" aria-controls=""rs-3"" data-toggle=""collapse"" onclick=""javascript:InvokeRSD('collapse', 3)"" href=""#rs-3"">"
48,https://cucatalog.org/polaris/view.aspx?CN=2633909,The Urbana Free Library,serious,link-name,Ensure links have discernible text,Links must have discernible text,https://dequeuniversity.com/rules/axe/4.10/link-name?application=playwright,"<a id=""c-accordion-lvl2__title_relatedsearch-3"" class=""c-accordion-lvl2__title-link "" role=""button"" aria-expanded=""true"" aria-controls=""rs-3"" data-toggle=""collapse"" onclick=""javascript:InvokeRSD('collapse', 3)"" href=""#rs-3"">
                                        </a>"
48,https://cucatalog.org/polaris/view.aspx?CN=2633909,The Urbana Free Library,serious,link-name,Ensure links have discernible text,Links must have discernible text,https://dequeuniversity.com/rules/axe/4.10/link-name?application=playwright,"<a id=""c-accordion-lvl2__title_relatedsearch-3"" class=""c-accordion-lvl2__title-link "" role=""button"" aria-expanded=""true"" aria-controls=""rs-3"" data-toggle=""collapse"" onclick=""javascript:InvokeRSD('collapse', 3)"" href=""#rs-3"">
								            </a>"
48,https://cucatalog.org/polaris/view.aspx?CN=2633909,The Urbana Free Library,serious,link-name,Ensure links have discernible text,Links must have discernible text,https://dequeuniversity.com/rules/axe/4.10/link-name?application=playwright,"<a id=""c-accordion-lvl2__title_relatedsearch-3"" class=""c-accordion-lvl2__title-link "" role=""button"" aria-expanded=""true"" aria-controls=""rs-3"" data-toggle=""collapse"" onclick=""javascript:InvokeRSD('collapse', 3)"" href=""#rs-3"">  
									            
											            </a>"
48,https://cucatalog.org/polaris/view.aspx?CN=2633909,The Urbana Free Library,serious,link-name,Ensure links have discernible text,Links must have discernible text,https://dequeuniversity.com/rules/axe/4.10/link-name?application=playwright,"<a id=""c-accordion-lvl2__title_relatedsearch-3"" class=""c-accordion-lvl2__title-link "" role=""button"" aria-expanded=""true"" aria-controls=""rs-3"" data-toggle=""collapse"" onclick=""javascript:InvokeRSD('collapse', 3)"" href=""#rs-3"">  
                                                            </a>"
48,https://cucatalog.org/polaris/view.aspx?CN=2633909,The Urbana Free Library,serious,list,Ensure that lists are structured correctly,"<ul> and <ol> must only directly contain <li>, <script> or <template> elements",https://dequeuniversity.com/rules/axe/4.10/list?application=playwright,"<ul id=""c-title-detail__button-list-"" class=""c-title-detail-actions__list"" data-item-pos=""1"" data-item-page=""0"">"
48,https://cucatalog.org/polaris/view.aspx?CN=2633909,The Urbana Free Library,serious,list,Ensure that lists are structured correctly,"<ul> and <ol> must only directly contain <li>, <script> or <template> elements",https://dequeuniversity.com/rules/axe/4.10/list?application=playwright,"<ul class="" c-accordion__list c-accordion__list--show-bullets"">"
48,https://cucatalog.org/polaris/view.aspx?CN=2633909,The Urbana Free Library,serious,list,Ensure that lists are structured correctly,"<ul> and <ol> must only directly contain <li>, <script> or <template> elements",https://dequeuniversity.com/rules/axe/4.10/list?application=playwright,"<ul class="" c-accordion__list c-accordion__list--show-bullets"">"
48,https://cucatalog.org/polaris/view.aspx?CN=2633909,The Urbana Free Library,serious,listitem,Ensure <li> elements are used semantically,<li> elements must be contained in a <ul> or <ol>,https://dequeuniversity.com/rules/axe/4.10/listitem?application=playwright,"<li class=""nav__nav expandable-block-nav"">"
48,https://cucatalog.org/polaris/view.aspx?CN=2633909,The Urbana Free Library,serious,nested-interactive,Ensure interactive controls are not nested as they are not always announced by screen readers or can cause focus problems for assistive technologies,Interactive controls must not be nested,https://dequeuniversity.com/rules/axe/4.10/nested-interactive?application=playwright,"<div class=""c-accordion__heading"" role=""tab"">"
48,https://cucatalog.org/polaris/view.aspx?CN=2633909,The Urbana Free Library,serious,nested-interactive,Ensure interactive controls are not nested as they are not always announced by screen readers or can cause focus problems for assistive technologies,Interactive controls must not be nested,https://dequeuniversity.com/rules/axe/4.10/nested-interactive?application=playwright,"<div class=""c-accordion-lvl2__heading"" role=""tab"">"
48,https://cucatalog.org/polaris/view.aspx?CN=2633909,The Urbana Free Library,serious,nested-interactive,Ensure interactive controls are not nested as they are not always announced by screen readers or can cause focus problems for assistive technologies,Interactive controls must not be nested,https://dequeuniversity.com/rules/axe/4.10/nested-interactive?application=playwright,"<div class=""c-accordion-lvl2__heading"" role=""tab"">"
48,https://cucatalog.org/polaris/view.aspx?CN=2633909,The Urbana Free Library,serious,nested-interactive,Ensure interactive controls are not nested as they are not always announced by screen readers or can cause focus problems for assistive technologies,Interactive controls must not be nested,https://dequeuniversity.com/rules/axe/4.10/nested-interactive?application=playwright,"<div class=""c-accordion-lvl2__heading"" role=""tab"">"
48,https://cucatalog.org/polaris/view.aspx?CN=2633909,The Urbana Free Library,serious,nested-interactive,Ensure interactive controls are not nested as they are not always announced by screen readers or can cause focus problems for assistive technologies,Interactive controls must not be nested,https://dequeuniversity.com/rules/axe/4.10/nested-interactive?application=playwright,"<div class=""c-accordion__heading"" role=""tab"">"
48,https://cucatalog.org/polaris/view.aspx?CN=2633909,The Urbana Free Library,serious,nested-interactive,Ensure interactive controls are not nested as they are not always announced by screen readers or can cause focus problems for assistive technologies,Interactive controls must not be nested,https://dequeuniversity.com/rules/axe/4.10/nested-interactive?application=playwright,"<div class=""c-accordion__heading"" role=""tab"">"
48,https://cucatalog.org/polaris/view.aspx?CN=2633909,The Urbana Free Library,serious,nested-interactive,Ensure interactive controls are not nested as they are not always announced by screen readers or can cause focus problems for assistive technologies,Interactive controls must not be nested,https://dequeuniversity.com/rules/axe/4.10/nested-interactive?application=playwright,"<div class=""c-accordion__heading"" role=""tab"">"
48,https://cucatalog.org/polaris/view.aspx?CN=2633909,The Urbana Free Library,serious,nested-interactive,Ensure interactive controls are not nested as they are not always announced by screen readers or can cause focus problems for assistive technologies,Interactive controls must not be nested,https://dequeuniversity.com/rules/axe/4.10/nested-interactive?application=playwright,"<div class=""c-accordion__heading"" role=""tab"">"
48,https://cucatalog.org/polaris/view.aspx?CN=2633909,The Urbana Free Library,serious,nested-interactive,Ensure interactive controls are not nested as they are not always announced by screen readers or can cause focus problems for assistive technologies,Interactive controls must not be nested,https://dequeuniversity.com/rules/axe/4.10/nested-interactive?application=playwright,"<div class=""c-accordion__heading"" role=""tab"">"
48,https://cucatalog.org/polaris/view.aspx?CN=2633909,The Urbana Free Library,serious,nested-interactive,Ensure interactive controls are not nested as they are not always announced by screen readers or can cause focus problems for assistive technologies,Interactive controls must not be nested,https://dequeuniversity.com/rules/axe/4.10/nested-interactive?application=playwright,"<div class=""c-accordion__heading"" role=""tab"">"
48,https://cucatalog.org/polaris/view.aspx?CN=2633909,The Urbana Free Library,serious,nested-interactive,Ensure interactive controls are not nested as they are not always announced by screen readers or can cause focus problems for assistive technologies,Interactive controls must not be nested,https://dequeuniversity.com/rules/axe/4.10/nested-interactive?application=playwright,"<div class=""c-accordion__heading"" role=""tab"">"
48,https://cucatalog.org/polaris/view.aspx?CN=2633909,The Urbana Free Library,serious,nested-interactive,Ensure interactive controls are not nested as they are not always announced by screen readers or can cause focus problems for assistive technologies,Interactive controls must not be nested,https://dequeuniversity.com/rules/axe/4.10/nested-interactive?application=playwright,"<div class=""c-accordion__heading"" role=""tab"">"
48,https://cucatalog.org/polaris/view.aspx?CN=2633909,The Urbana Free Library,moderate,page-has-heading-one,"Ensure that the page, or at least one of its frames contains a level-one heading",Page should contain a level-one heading,https://dequeuniversity.com/rules/axe/4.10/page-has-heading-one?application=playwright,"<html class=""js flexbox flexboxlegacy canvas canvastext webgl no-touch geolocation postmessage no-websqldatabase indexeddb hashchange history draganddrop websockets rgba hsla multiplebgs backgroundsize borderimage borderradius boxshadow textshadow opacity cssanimations csscolumns cssgradients cssreflections csstransforms csstransforms3d csstransitions fontface generatedcontent video audio localstorage sessionstorage webworkers no-applicationcache svg inlinesvg smil svgclippaths"" lang=""en"" style="""">"
49,https://cucatalog.org/polaris/view.aspx?CN=2634330,The Urbana Free Library,critical,aria-allowed-attr,Ensure an element's role supports its ARIA attributes,Elements must only use supported ARIA attributes,https://dequeuniversity.com/rules/axe/4.10/aria-allowed-attr?application=playwright,"<div class=""c-search-header-options__container collapse in"" id=""c-search-header__search-options"" aria-labelledby=""c-search-header__search-options"" aria-expanded=""true"" style="""">"
49,https://cucatalog.org/polaris/view.aspx?CN=2634330,The Urbana Free Library,serious,aria-hidden-focus,Ensure aria-hidden elements are not focusable nor contain focusable elements,ARIA hidden element must not be focusable or contain focusable elements,https://dequeuniversity.com/rules/axe/4.10/aria-hidden-focus?application=playwright,"<a id=""__pos-1"" href=""#"" aria-hidden=""true"" aria-label=""Search Result""></a>"
49,https://cucatalog.org/polaris/view.aspx?CN=2634330,The Urbana Free Library,critical,aria-required-attr,Ensure elements with ARIA roles have all required ARIA attributes,Required ARIA attributes must be provided,https://dequeuniversity.com/rules/axe/4.10/aria-required-attr?application=playwright,"<select name=""ctl00$BodyMainContent$ctrlSearchBars$searchbarKeyword$dropdownSearchBy"" id=""dropdownSearchBy"" class=""SearchByList c-search-header__dropdown c-search-header__box--height"" aria-labelledby=""dropdownSearchByLabel"" role=""combobox"">"
49,https://cucatalog.org/polaris/view.aspx?CN=2634330,The Urbana Free Library,critical,aria-required-attr,Ensure elements with ARIA roles have all required ARIA attributes,Required ARIA attributes must be provided,https://dequeuniversity.com/rules/axe/4.10/aria-required-attr?application=playwright,"<select name=""ctl00$BodyMainContent$ctrlSearchBars$searchbarKeyword$dropdownLimitFilter"" id=""dropdownLimitFilter"" class=""c-search-header__dropdown c-search-header__box--height"" aria-labelledby=""dropdownLimitFilterLabel"" role=""combobox"" onchange=""javascript: AddDefaultTermAndHighlight('textboxTerm'); CheckDetailedMaterial();"">"
49,https://cucatalog.org/polaris/view.aspx?CN=2634330,The Urbana Free Library,critical,aria-required-children,Ensure elements with an ARIA role that require child roles contain them,Certain ARIA roles must contain particular children,https://dequeuniversity.com/rules/axe/4.10/aria-required-children?application=playwright,"<div class=""c-accordion-lvl2"" role=""tablist"" aria-multiselectable=""true"">"
49,https://cucatalog.org/polaris/view.aspx?CN=2634330,The Urbana Free Library,critical,aria-required-children,Ensure elements with an ARIA role that require child roles contain them,Certain ARIA roles must contain particular children,https://dequeuniversity.com/rules/axe/4.10/aria-required-children?application=playwright,"<div class=""c-accordion-lvl2__heading"" role=""tablist"">"
49,https://cucatalog.org/polaris/view.aspx?CN=2634330,The Urbana Free Library,critical,aria-required-parent,Ensure elements with an ARIA role that require parent roles are contained by them,Certain ARIA roles must be contained by particular parents,https://dequeuniversity.com/rules/axe/4.10/aria-required-parent?application=playwright,"<div class=""c-accordion__heading"" role=""tab"">"
49,https://cucatalog.org/polaris/view.aspx?CN=2634330,The Urbana Free Library,critical,aria-required-parent,Ensure elements with an ARIA role that require parent roles are contained by them,Certain ARIA roles must be contained by particular parents,https://dequeuniversity.com/rules/axe/4.10/aria-required-parent?application=playwright,"<div class=""c-accordion__heading"" role=""tab"">"
49,https://cucatalog.org/polaris/view.aspx?CN=2634330,The Urbana Free Library,critical,aria-required-parent,Ensure elements with an ARIA role that require parent roles are contained by them,Certain ARIA roles must be contained by particular parents,https://dequeuniversity.com/rules/axe/4.10/aria-required-parent?application=playwright,"<div class=""c-accordion__heading"" role=""tab"">"
49,https://cucatalog.org/polaris/view.aspx?CN=2634330,The Urbana Free Library,critical,aria-required-parent,Ensure elements with an ARIA role that require parent roles are contained by them,Certain ARIA roles must be contained by particular parents,https://dequeuniversity.com/rules/axe/4.10/aria-required-parent?application=playwright,"<div class=""c-accordion__heading"" role=""tab"">"
49,https://cucatalog.org/polaris/view.aspx?CN=2634330,The Urbana Free Library,critical,aria-required-parent,Ensure elements with an ARIA role that require parent roles are contained by them,Certain ARIA roles must be contained by particular parents,https://dequeuniversity.com/rules/axe/4.10/aria-required-parent?application=playwright,"<div class=""c-accordion__heading"" role=""tab"">"
49,https://cucatalog.org/polaris/view.aspx?CN=2634330,The Urbana Free Library,critical,aria-required-parent,Ensure elements with an ARIA role that require parent roles are contained by them,Certain ARIA roles must be contained by particular parents,https://dequeuniversity.com/rules/axe/4.10/aria-required-parent?application=playwright,"<div class=""c-accordion__heading"" role=""tab"">"
49,https://cucatalog.org/polaris/view.aspx?CN=2634330,The Urbana Free Library,critical,aria-required-parent,Ensure elements with an ARIA role that require parent roles are contained by them,Certain ARIA roles must be contained by particular parents,https://dequeuniversity.com/rules/axe/4.10/aria-required-parent?application=playwright,"<div class=""c-accordion__heading"" role=""tab"">"
49,https://cucatalog.org/polaris/view.aspx?CN=2634330,The Urbana Free Library,critical,aria-required-parent,Ensure elements with an ARIA role that require parent roles are contained by them,Certain ARIA roles must be contained by particular parents,https://dequeuniversity.com/rules/axe/4.10/aria-required-parent?application=playwright,"<div class=""c-accordion__heading"" role=""tab"">"
49,https://cucatalog.org/polaris/view.aspx?CN=2634330,The Urbana Free Library,critical,aria-required-parent,Ensure elements with an ARIA role that require parent roles are contained by them,Certain ARIA roles must be contained by particular parents,https://dequeuniversity.com/rules/axe/4.10/aria-required-parent?application=playwright,"<div class=""c-accordion__heading"" role=""tab"">"
49,https://cucatalog.org/polaris/view.aspx?CN=2634330,The Urbana Free Library,moderate,landmark-banner-is-top-level,Ensure the banner landmark is at top level,Banner landmark should not be contained in another landmark,https://dequeuniversity.com/rules/axe/4.10/landmark-banner-is-top-level?application=playwright,"<header class=""nav-panel__header"">"
49,https://cucatalog.org/polaris/view.aspx?CN=2634330,The Urbana Free Library,moderate,landmark-banner-is-top-level,Ensure the banner landmark is at top level,Banner landmark should not be contained in another landmark,https://dequeuniversity.com/rules/axe/4.10/landmark-banner-is-top-level?application=playwright,"<header class=""nav-panel__header"">"
49,https://cucatalog.org/polaris/view.aspx?CN=2634330,The Urbana Free Library,moderate,landmark-main-is-top-level,Ensure the main landmark is at top level,Main landmark should not be contained in another landmark,https://dequeuniversity.com/rules/axe/4.10/landmark-main-is-top-level?application=playwright,"<main class=""site-footer__main"">"
49,https://cucatalog.org/polaris/view.aspx?CN=2634330,The Urbana Free Library,moderate,landmark-no-duplicate-banner,Ensure the document has at most one banner landmark,Document should not have more than one banner landmark,https://dequeuniversity.com/rules/axe/4.10/landmark-no-duplicate-banner?application=playwright,"<header class=""site-header"">"
49,https://cucatalog.org/polaris/view.aspx?CN=2634330,The Urbana Free Library,moderate,landmark-no-duplicate-main,Ensure the document has at most one main landmark,Document should not have more than one main landmark,https://dequeuniversity.com/rules/axe/4.10/landmark-no-duplicate-main?application=playwright,"<main class=""site-main"" id=""content"">"
49,https://cucatalog.org/polaris/view.aspx?CN=2634330,The Urbana Free Library,moderate,landmark-unique,Ensure landmarks are unique,Landmarks should have a unique role or role/label/title (i.e. accessible name) combination,https://dequeuniversity.com/rules/axe/4.10/landmark-unique?application=playwright,"<header class=""site-header"">"
49,https://cucatalog.org/polaris/view.aspx?CN=2634330,The Urbana Free Library,moderate,landmark-unique,Ensure landmarks are unique,Landmarks should have a unique role or role/label/title (i.e. accessible name) combination,https://dequeuniversity.com/rules/axe/4.10/landmark-unique?application=playwright,"<nav class=""nav-panel__top-nav top-nav top-nav--split-header navbar-collapse"" role=""navigation"">"
49,https://cucatalog.org/polaris/view.aspx?CN=2634330,The Urbana Free Library,moderate,landmark-unique,Ensure landmarks are unique,Landmarks should have a unique role or role/label/title (i.e. accessible name) combination,https://dequeuniversity.com/rules/axe/4.10/landmark-unique?application=playwright,"<main class=""site-main"" id=""content"">"
49,https://cucatalog.org/polaris/view.aspx?CN=2634330,The Urbana Free Library,serious,link-name,Ensure links have discernible text,Links must have discernible text,https://dequeuniversity.com/rules/axe/4.10/link-name?application=playwright,"<a id=""c-accordion-lvl2__title_relatedsearch-2"" class=""c-accordion-lvl2__title-link "" role=""button"" aria-expanded=""true"" aria-controls=""rs-2"" data-toggle=""collapse"" onclick=""javascript:InvokeRSD('collapse', 2)"" href=""#rs-2"">    
                                </a>"
49,https://cucatalog.org/polaris/view.aspx?CN=2634330,The Urbana Free Library,serious,link-name,Ensure links have discernible text,Links must have discernible text,https://dequeuniversity.com/rules/axe/4.10/link-name?application=playwright,"<a id=""c-accordion-lvl2__title_relatedsearch-2"" class=""c-accordion-lvl2__title-link "" role=""button"" aria-expanded=""true"" aria-controls=""rs-2"" data-toggle=""collapse"" onclick=""javascript:InvokeRSD('collapse', 2)"" href=""#rs-2"">"
49,https://cucatalog.org/polaris/view.aspx?CN=2634330,The Urbana Free Library,serious,link-name,Ensure links have discernible text,Links must have discernible text,https://dequeuniversity.com/rules/axe/4.10/link-name?application=playwright,"<a id=""c-accordion-lvl2__title_relatedsearch-2"" class=""c-accordion-lvl2__title-link "" role=""button"" aria-expanded=""true"" aria-controls=""rs-2"" data-toggle=""collapse"" onclick=""javascript:InvokeRSD('collapse', 2)"" href=""#rs-2"">
                                        </a>"
49,https://cucatalog.org/polaris/view.aspx?CN=2634330,The Urbana Free Library,serious,link-name,Ensure links have discernible text,Links must have discernible text,https://dequeuniversity.com/rules/axe/4.10/link-name?application=playwright,"<a id=""c-accordion-lvl2__title_relatedsearch-2"" class=""c-accordion-lvl2__title-link "" role=""button"" aria-expanded=""true"" aria-controls=""rs-2"" data-toggle=""collapse"" onclick=""javascript:InvokeRSD('collapse', 2)"" href=""#rs-2"">
								            </a>"
49,https://cucatalog.org/polaris/view.aspx?CN=2634330,The Urbana Free Library,serious,link-name,Ensure links have discernible text,Links must have discernible text,https://dequeuniversity.com/rules/axe/4.10/link-name?application=playwright,"<a id=""c-accordion-lvl2__title_relatedsearch-2"" class=""c-accordion-lvl2__title-link "" role=""button"" aria-expanded=""true"" aria-controls=""rs-2"" data-toggle=""collapse"" onclick=""javascript:InvokeRSD('collapse', 2)"" href=""#rs-2"">  
									            
											            </a>"
49,https://cucatalog.org/polaris/view.aspx?CN=2634330,The Urbana Free Library,serious,link-name,Ensure links have discernible text,Links must have discernible text,https://dequeuniversity.com/rules/axe/4.10/link-name?application=playwright,"<a id=""c-accordion-lvl2__title_relatedsearch-2"" class=""c-accordion-lvl2__title-link "" role=""button"" aria-expanded=""true"" aria-controls=""rs-2"" data-toggle=""collapse"" onclick=""javascript:InvokeRSD('collapse', 2)"" href=""#rs-2"">  
                                                            </a>"
49,https://cucatalog.org/polaris/view.aspx?CN=2634330,The Urbana Free Library,serious,link-name,Ensure links have discernible text,Links must have discernible text,https://dequeuniversity.com/rules/axe/4.10/link-name?application=playwright,"<a id=""c-accordion-lvl2__title_relatedsearch-3"" class=""c-accordion-lvl2__title-link "" role=""button"" aria-expanded=""true"" aria-controls=""rs-3"" data-toggle=""collapse"" onclick=""javascript:InvokeRSD('collapse', 3)"" href=""#rs-3"">    
                                </a>"
49,https://cucatalog.org/polaris/view.aspx?CN=2634330,The Urbana Free Library,serious,link-name,Ensure links have discernible text,Links must have discernible text,https://dequeuniversity.com/rules/axe/4.10/link-name?application=playwright,"<a id=""c-accordion-lvl2__title_relatedsearch-3"" class=""c-accordion-lvl2__title-link "" role=""button"" aria-expanded=""true"" aria-controls=""rs-3"" data-toggle=""collapse"" onclick=""javascript:InvokeRSD('collapse', 3)"" href=""#rs-3"">"
49,https://cucatalog.org/polaris/view.aspx?CN=2634330,The Urbana Free Library,serious,link-name,Ensure links have discernible text,Links must have discernible text,https://dequeuniversity.com/rules/axe/4.10/link-name?application=playwright,"<a id=""c-accordion-lvl2__title_relatedsearch-3"" class=""c-accordion-lvl2__title-link "" role=""button"" aria-expanded=""true"" aria-controls=""rs-3"" data-toggle=""collapse"" onclick=""javascript:InvokeRSD('collapse', 3)"" href=""#rs-3"">
                                        </a>"
49,https://cucatalog.org/polaris/view.aspx?CN=2634330,The Urbana Free Library,serious,link-name,Ensure links have discernible text,Links must have discernible text,https://dequeuniversity.com/rules/axe/4.10/link-name?application=playwright,"<a id=""c-accordion-lvl2__title_relatedsearch-3"" class=""c-accordion-lvl2__title-link "" role=""button"" aria-expanded=""true"" aria-controls=""rs-3"" data-toggle=""collapse"" onclick=""javascript:InvokeRSD('collapse', 3)"" href=""#rs-3"">
								            </a>"
49,https://cucatalog.org/polaris/view.aspx?CN=2634330,The Urbana Free Library,serious,link-name,Ensure links have discernible text,Links must have discernible text,https://dequeuniversity.com/rules/axe/4.10/link-name?application=playwright,"<a id=""c-accordion-lvl2__title_relatedsearch-3"" class=""c-accordion-lvl2__title-link "" role=""button"" aria-expanded=""true"" aria-controls=""rs-3"" data-toggle=""collapse"" onclick=""javascript:InvokeRSD('collapse', 3)"" href=""#rs-3"">  
									            
											            </a>"
49,https://cucatalog.org/polaris/view.aspx?CN=2634330,The Urbana Free Library,serious,link-name,Ensure links have discernible text,Links must have discernible text,https://dequeuniversity.com/rules/axe/4.10/link-name?application=playwright,"<a id=""c-accordion-lvl2__title_relatedsearch-3"" class=""c-accordion-lvl2__title-link "" role=""button"" aria-expanded=""true"" aria-controls=""rs-3"" data-toggle=""collapse"" onclick=""javascript:InvokeRSD('collapse', 3)"" href=""#rs-3"">  
                                                            </a>"
49,https://cucatalog.org/polaris/view.aspx?CN=2634330,The Urbana Free Library,serious,list,Ensure that lists are structured correctly,"<ul> and <ol> must only directly contain <li>, <script> or <template> elements",https://dequeuniversity.com/rules/axe/4.10/list?application=playwright,"<ul id=""c-title-detail__button-list-"" class=""c-title-detail-actions__list"" data-item-pos=""1"" data-item-page=""0"">"
49,https://cucatalog.org/polaris/view.aspx?CN=2634330,The Urbana Free Library,serious,list,Ensure that lists are structured correctly,"<ul> and <ol> must only directly contain <li>, <script> or <template> elements",https://dequeuniversity.com/rules/axe/4.10/list?application=playwright,"<ul class="" c-accordion__list c-accordion__list--show-bullets"">"
49,https://cucatalog.org/polaris/view.aspx?CN=2634330,The Urbana Free Library,serious,list,Ensure that lists are structured correctly,"<ul> and <ol> must only directly contain <li>, <script> or <template> elements",https://dequeuniversity.com/rules/axe/4.10/list?application=playwright,"<ul class="" c-accordion__list c-accordion__list--show-bullets"">"
49,https://cucatalog.org/polaris/view.aspx?CN=2634330,The Urbana Free Library,serious,listitem,Ensure <li> elements are used semantically,<li> elements must be contained in a <ul> or <ol>,https://dequeuniversity.com/rules/axe/4.10/listitem?application=playwright,"<li class=""nav__nav expandable-block-nav"">"
49,https://cucatalog.org/polaris/view.aspx?CN=2634330,The Urbana Free Library,serious,nested-interactive,Ensure interactive controls are not nested as they are not always announced by screen readers or can cause focus problems for assistive technologies,Interactive controls must not be nested,https://dequeuniversity.com/rules/axe/4.10/nested-interactive?application=playwright,"<div class=""c-accordion__heading"" role=""tab"">"
49,https://cucatalog.org/polaris/view.aspx?CN=2634330,The Urbana Free Library,serious,nested-interactive,Ensure interactive controls are not nested as they are not always announced by screen readers or can cause focus problems for assistive technologies,Interactive controls must not be nested,https://dequeuniversity.com/rules/axe/4.10/nested-interactive?application=playwright,"<div class=""c-accordion-lvl2__heading"" role=""tab"">"
49,https://cucatalog.org/polaris/view.aspx?CN=2634330,The Urbana Free Library,serious,nested-interactive,Ensure interactive controls are not nested as they are not always announced by screen readers or can cause focus problems for assistive technologies,Interactive controls must not be nested,https://dequeuniversity.com/rules/axe/4.10/nested-interactive?application=playwright,"<div class=""c-accordion-lvl2__heading"" role=""tab"">"
49,https://cucatalog.org/polaris/view.aspx?CN=2634330,The Urbana Free Library,serious,nested-interactive,Ensure interactive controls are not nested as they are not always announced by screen readers or can cause focus problems for assistive technologies,Interactive controls must not be nested,https://dequeuniversity.com/rules/axe/4.10/nested-interactive?application=playwright,"<div class=""c-accordion-lvl2__heading"" role=""tab"">"
49,https://cucatalog.org/polaris/view.aspx?CN=2634330,The Urbana Free Library,serious,nested-interactive,Ensure interactive controls are not nested as they are not always announced by screen readers or can cause focus problems for assistive technologies,Interactive controls must not be nested,https://dequeuniversity.com/rules/axe/4.10/nested-interactive?application=playwright,"<div class=""c-accordion__heading"" role=""tab"">"
49,https://cucatalog.org/polaris/view.aspx?CN=2634330,The Urbana Free Library,serious,nested-interactive,Ensure interactive controls are not nested as they are not always announced by screen readers or can cause focus problems for assistive technologies,Interactive controls must not be nested,https://dequeuniversity.com/rules/axe/4.10/nested-interactive?application=playwright,"<div class=""c-accordion__heading"" role=""tab"">"
49,https://cucatalog.org/polaris/view.aspx?CN=2634330,The Urbana Free Library,serious,nested-interactive,Ensure interactive controls are not nested as they are not always announced by screen readers or can cause focus problems for assistive technologies,Interactive controls must not be nested,https://dequeuniversity.com/rules/axe/4.10/nested-interactive?application=playwright,"<div class=""c-accordion__heading"" role=""tab"">"
49,https://cucatalog.org/polaris/view.aspx?CN=2634330,The Urbana Free Library,serious,nested-interactive,Ensure interactive controls are not nested as they are not always announced by screen readers or can cause focus problems for assistive technologies,Interactive controls must not be nested,https://dequeuniversity.com/rules/axe/4.10/nested-interactive?application=playwright,"<div class=""c-accordion__heading"" role=""tab"">"
49,https://cucatalog.org/polaris/view.aspx?CN=2634330,The Urbana Free Library,serious,nested-interactive,Ensure interactive controls are not nested as they are not always announced by screen readers or can cause focus problems for assistive technologies,Interactive controls must not be nested,https://dequeuniversity.com/rules/axe/4.10/nested-interactive?application=playwright,"<div class=""c-accordion__heading"" role=""tab"">"
49,https://cucatalog.org/polaris/view.aspx?CN=2634330,The Urbana Free Library,serious,nested-interactive,Ensure interactive controls are not nested as they are not always announced by screen readers or can cause focus problems for assistive technologies,Interactive controls must not be nested,https://dequeuniversity.com/rules/axe/4.10/nested-interactive?application=playwright,"<div class=""c-accordion__heading"" role=""tab"">"
49,https://cucatalog.org/polaris/view.aspx?CN=2634330,The Urbana Free Library,serious,nested-interactive,Ensure interactive controls are not nested as they are not always announced by screen readers or can cause focus problems for assistive technologies,Interactive controls must not be nested,https://dequeuniversity.com/rules/axe/4.10/nested-interactive?application=playwright,"<div class=""c-accordion__heading"" role=""tab"">"
49,https://cucatalog.org/polaris/view.aspx?CN=2634330,The Urbana Free Library,serious,nested-interactive,Ensure interactive controls are not nested as they are not always announced by screen readers or can cause focus problems for assistive technologies,Interactive controls must not be nested,https://dequeuniversity.com/rules/axe/4.10/nested-interactive?application=playwright,"<div class=""c-accordion__heading"" role=""tab"">"
49,https://cucatalog.org/polaris/view.aspx?CN=2634330,The Urbana Free Library,moderate,page-has-heading-one,"Ensure that the page, or at least one of its frames contains a level-one heading",Page should contain a level-one heading,https://dequeuniversity.com/rules/axe/4.10/page-has-heading-one?application=playwright,"<html class=""js flexbox flexboxlegacy canvas canvastext webgl no-touch geolocation postmessage no-websqldatabase indexeddb hashchange history draganddrop websockets rgba hsla multiplebgs backgroundsize borderimage borderradius boxshadow textshadow opacity cssanimations csscolumns cssgradients cssreflections csstransforms csstransforms3d csstransitions fontface generatedcontent video audio localstorage sessionstorage webworkers no-applicationcache svg inlinesvg smil svgclippaths"" lang=""en"" style="""">"
5,https://cucatalog.org/polaris/library/hours.aspx?ctx=6.1033.0.0.1,The Urbana Free Library,critical,aria-required-parent,Ensure elements with an ARIA role that require parent roles are contained by them,Certain ARIA roles must be contained by particular parents,https://dequeuniversity.com/rules/axe/4.10/aria-required-parent?application=playwright,"<div class=""c-accordion__heading"" role=""tab"">"
5,https://cucatalog.org/polaris/library/hours.aspx?ctx=6.1033.0.0.1,The Urbana Free Library,critical,aria-required-parent,Ensure elements with an ARIA role that require parent roles are contained by them,Certain ARIA roles must be contained by particular parents,https://dequeuniversity.com/rules/axe/4.10/aria-required-parent?application=playwright,"<div class=""c-accordion__heading"" role=""tab"">"
5,https://cucatalog.org/polaris/library/hours.aspx?ctx=6.1033.0.0.1,The Urbana Free Library,critical,aria-required-parent,Ensure elements with an ARIA role that require parent roles are contained by them,Certain ARIA roles must be contained by particular parents,https://dequeuniversity.com/rules/axe/4.10/aria-required-parent?application=playwright,"<div class=""c-accordion__heading"" role=""tab"">"
5,https://cucatalog.org/polaris/library/hours.aspx?ctx=6.1033.0.0.1,The Urbana Free Library,critical,aria-required-parent,Ensure elements with an ARIA role that require parent roles are contained by them,Certain ARIA roles must be contained by particular parents,https://dequeuniversity.com/rules/axe/4.10/aria-required-parent?application=playwright,"<div class=""c-accordion__heading"" role=""tab"">"
5,https://cucatalog.org/polaris/library/hours.aspx?ctx=6.1033.0.0.1,The Urbana Free Library,critical,aria-required-parent,Ensure elements with an ARIA role that require parent roles are contained by them,Certain ARIA roles must be contained by particular parents,https://dequeuniversity.com/rules/axe/4.10/aria-required-parent?application=playwright,"<div class=""c-accordion__heading"" role=""tab"">"
5,https://cucatalog.org/polaris/library/hours.aspx?ctx=6.1033.0.0.1,The Urbana Free Library,critical,aria-required-parent,Ensure elements with an ARIA role that require parent roles are contained by them,Certain ARIA roles must be contained by particular parents,https://dequeuniversity.com/rules/axe/4.10/aria-required-parent?application=playwright,"<div class=""c-accordion__heading"" role=""tab"">"
5,https://cucatalog.org/polaris/library/hours.aspx?ctx=6.1033.0.0.1,The Urbana Free Library,critical,aria-required-parent,Ensure elements with an ARIA role that require parent roles are contained by them,Certain ARIA roles must be contained by particular parents,https://dequeuniversity.com/rules/axe/4.10/aria-required-parent?application=playwright,"<div class=""c-accordion__heading"" role=""tab"">"
5,https://cucatalog.org/polaris/library/hours.aspx?ctx=6.1033.0.0.1,The Urbana Free Library,critical,aria-required-parent,Ensure elements with an ARIA role that require parent roles are contained by them,Certain ARIA roles must be contained by particular parents,https://dequeuniversity.com/rules/axe/4.10/aria-required-parent?application=playwright,"<div class=""c-accordion__heading"" role=""tab"">"
5,https://cucatalog.org/polaris/library/hours.aspx?ctx=6.1033.0.0.1,The Urbana Free Library,moderate,landmark-banner-is-top-level,Ensure the banner landmark is at top level,Banner landmark should not be contained in another landmark,https://dequeuniversity.com/rules/axe/4.10/landmark-banner-is-top-level?application=playwright,"<header class=""nav-panel__header"">"
5,https://cucatalog.org/polaris/library/hours.aspx?ctx=6.1033.0.0.1,The Urbana Free Library,moderate,landmark-banner-is-top-level,Ensure the banner landmark is at top level,Banner landmark should not be contained in another landmark,https://dequeuniversity.com/rules/axe/4.10/landmark-banner-is-top-level?application=playwright,"<header class=""nav-panel__header"">"
5,https://cucatalog.org/polaris/library/hours.aspx?ctx=6.1033.0.0.1,The Urbana Free Library,moderate,landmark-main-is-top-level,Ensure the main landmark is at top level,Main landmark should not be contained in another landmark,https://dequeuniversity.com/rules/axe/4.10/landmark-main-is-top-level?application=playwright,"<main class=""site-footer__main"">"
5,https://cucatalog.org/polaris/library/hours.aspx?ctx=6.1033.0.0.1,The Urbana Free Library,moderate,landmark-no-duplicate-banner,Ensure the document has at most one banner landmark,Document should not have more than one banner landmark,https://dequeuniversity.com/rules/axe/4.10/landmark-no-duplicate-banner?application=playwright,"<header class=""site-header"">"
5,https://cucatalog.org/polaris/library/hours.aspx?ctx=6.1033.0.0.1,The Urbana Free Library,moderate,landmark-no-duplicate-main,Ensure the document has at most one main landmark,Document should not have more than one main landmark,https://dequeuniversity.com/rules/axe/4.10/landmark-no-duplicate-main?application=playwright,"<main class=""site-main"" id=""content"">"
5,https://cucatalog.org/polaris/library/hours.aspx?ctx=6.1033.0.0.1,The Urbana Free Library,moderate,landmark-unique,Ensure landmarks are unique,Landmarks should have a unique role or role/label/title (i.e. accessible name) combination,https://dequeuniversity.com/rules/axe/4.10/landmark-unique?application=playwright,"<header class=""site-header"">"
5,https://cucatalog.org/polaris/library/hours.aspx?ctx=6.1033.0.0.1,The Urbana Free Library,moderate,landmark-unique,Ensure landmarks are unique,Landmarks should have a unique role or role/label/title (i.e. accessible name) combination,https://dequeuniversity.com/rules/axe/4.10/landmark-unique?application=playwright,"<nav class=""nav-panel__top-nav top-nav top-nav--split-header navbar-collapse"" role=""navigation"">"
5,https://cucatalog.org/polaris/library/hours.aspx?ctx=6.1033.0.0.1,The Urbana Free Library,moderate,landmark-unique,Ensure landmarks are unique,Landmarks should have a unique role or role/label/title (i.e. accessible name) combination,https://dequeuniversity.com/rules/axe/4.10/landmark-unique?application=playwright,"<main class=""site-main"" id=""content"">"
5,https://cucatalog.org/polaris/library/hours.aspx?ctx=6.1033.0.0.1,The Urbana Free Library,serious,listitem,Ensure <li> elements are used semantically,<li> elements must be contained in a <ul> or <ol>,https://dequeuniversity.com/rules/axe/4.10/listitem?application=playwright,"<li class=""nav__nav expandable-block-nav"">"
5,https://cucatalog.org/polaris/library/hours.aspx?ctx=6.1033.0.0.1,The Urbana Free Library,serious,nested-interactive,Ensure interactive controls are not nested as they are not always announced by screen readers or can cause focus problems for assistive technologies,Interactive controls must not be nested,https://dequeuniversity.com/rules/axe/4.10/nested-interactive?application=playwright,"<div class=""c-accordion__heading"" role=""tab"">"
5,https://cucatalog.org/polaris/library/hours.aspx?ctx=6.1033.0.0.1,The Urbana Free Library,serious,nested-interactive,Ensure interactive controls are not nested as they are not always announced by screen readers or can cause focus problems for assistive technologies,Interactive controls must not be nested,https://dequeuniversity.com/rules/axe/4.10/nested-interactive?application=playwright,"<div class=""c-accordion__heading"" role=""tab"">"
5,https://cucatalog.org/polaris/library/hours.aspx?ctx=6.1033.0.0.1,The Urbana Free Library,serious,nested-interactive,Ensure interactive controls are not nested as they are not always announced by screen readers or can cause focus problems for assistive technologies,Interactive controls must not be nested,https://dequeuniversity.com/rules/axe/4.10/nested-interactive?application=playwright,"<div class=""c-accordion__heading"" role=""tab"">"
5,https://cucatalog.org/polaris/library/hours.aspx?ctx=6.1033.0.0.1,The Urbana Free Library,serious,nested-interactive,Ensure interactive controls are not nested as they are not always announced by screen readers or can cause focus problems for assistive technologies,Interactive controls must not be nested,https://dequeuniversity.com/rules/axe/4.10/nested-interactive?application=playwright,"<div class=""c-accordion__heading"" role=""tab"">"
5,https://cucatalog.org/polaris/library/hours.aspx?ctx=6.1033.0.0.1,The Urbana Free Library,serious,nested-interactive,Ensure interactive controls are not nested as they are not always announced by screen readers or can cause focus problems for assistive technologies,Interactive controls must not be nested,https://dequeuniversity.com/rules/axe/4.10/nested-interactive?application=playwright,"<div class=""c-accordion__heading"" role=""tab"">"
5,https://cucatalog.org/polaris/library/hours.aspx?ctx=6.1033.0.0.1,The Urbana Free Library,serious,nested-interactive,Ensure interactive controls are not nested as they are not always announced by screen readers or can cause focus problems for assistive technologies,Interactive controls must not be nested,https://dequeuniversity.com/rules/axe/4.10/nested-interactive?application=playwright,"<div class=""c-accordion__heading"" role=""tab"">"
5,https://cucatalog.org/polaris/library/hours.aspx?ctx=6.1033.0.0.1,The Urbana Free Library,serious,nested-interactive,Ensure interactive controls are not nested as they are not always announced by screen readers or can cause focus problems for assistive technologies,Interactive controls must not be nested,https://dequeuniversity.com/rules/axe/4.10/nested-interactive?application=playwright,"<div class=""c-accordion__heading"" role=""tab"">"
5,https://cucatalog.org/polaris/library/hours.aspx?ctx=6.1033.0.0.1,The Urbana Free Library,serious,nested-interactive,Ensure interactive controls are not nested as they are not always announced by screen readers or can cause focus problems for assistive technologies,Interactive controls must not be nested,https://dequeuniversity.com/rules/axe/4.10/nested-interactive?application=playwright,"<div class=""c-accordion__heading"" role=""tab"">"
5,https://cucatalog.org/polaris/library/hours.aspx?ctx=6.1033.0.0.1,The Urbana Free Library,moderate,page-has-heading-one,"Ensure that the page, or at least one of its frames contains a level-one heading",Page should contain a level-one heading,https://dequeuniversity.com/rules/axe/4.10/page-has-heading-one?application=playwright,"<html class=""js flexbox flexboxlegacy canvas canvastext webgl no-touch geolocation postmessage no-websqldatabase indexeddb hashchange history draganddrop websockets rgba hsla multiplebgs backgroundsize borderimage borderradius boxshadow textshadow opacity cssanimations csscolumns cssgradients cssreflections csstransforms csstransforms3d csstransitions fontface generatedcontent video audio localstorage sessionstorage webworkers no-applicationcache svg inlinesvg smil svgclippaths"" lang=""en"" style="""">"
50,https://cucatalog.org/polaris/view.aspx?CN=2638576,The Urbana Free Library,critical,aria-allowed-attr,Ensure an element's role supports its ARIA attributes,Elements must only use supported ARIA attributes,https://dequeuniversity.com/rules/axe/4.10/aria-allowed-attr?application=playwright,"<div class=""c-search-header-options__container collapse in"" id=""c-search-header__search-options"" aria-labelledby=""c-search-header__search-options"" aria-expanded=""true"" style="""">"
50,https://cucatalog.org/polaris/view.aspx?CN=2638576,The Urbana Free Library,serious,aria-hidden-focus,Ensure aria-hidden elements are not focusable nor contain focusable elements,ARIA hidden element must not be focusable or contain focusable elements,https://dequeuniversity.com/rules/axe/4.10/aria-hidden-focus?application=playwright,"<a id=""__pos-1"" href=""#"" aria-hidden=""true"" aria-label=""Search Result""></a>"
50,https://cucatalog.org/polaris/view.aspx?CN=2638576,The Urbana Free Library,critical,aria-required-attr,Ensure elements with ARIA roles have all required ARIA attributes,Required ARIA attributes must be provided,https://dequeuniversity.com/rules/axe/4.10/aria-required-attr?application=playwright,"<select name=""ctl00$BodyMainContent$ctrlSearchBars$searchbarKeyword$dropdownSearchBy"" id=""dropdownSearchBy"" class=""SearchByList c-search-header__dropdown c-search-header__box--height"" aria-labelledby=""dropdownSearchByLabel"" role=""combobox"">"
50,https://cucatalog.org/polaris/view.aspx?CN=2638576,The Urbana Free Library,critical,aria-required-attr,Ensure elements with ARIA roles have all required ARIA attributes,Required ARIA attributes must be provided,https://dequeuniversity.com/rules/axe/4.10/aria-required-attr?application=playwright,"<select name=""ctl00$BodyMainContent$ctrlSearchBars$searchbarKeyword$dropdownLimitFilter"" id=""dropdownLimitFilter"" class=""c-search-header__dropdown c-search-header__box--height"" aria-labelledby=""dropdownLimitFilterLabel"" role=""combobox"" onchange=""javascript: AddDefaultTermAndHighlight('textboxTerm'); CheckDetailedMaterial();"">"
50,https://cucatalog.org/polaris/view.aspx?CN=2638576,The Urbana Free Library,critical,aria-required-children,Ensure elements with an ARIA role that require child roles contain them,Certain ARIA roles must contain particular children,https://dequeuniversity.com/rules/axe/4.10/aria-required-children?application=playwright,"<div class=""c-accordion-lvl2"" role=""tablist"" aria-multiselectable=""true"">"
50,https://cucatalog.org/polaris/view.aspx?CN=2638576,The Urbana Free Library,critical,aria-required-children,Ensure elements with an ARIA role that require child roles contain them,Certain ARIA roles must contain particular children,https://dequeuniversity.com/rules/axe/4.10/aria-required-children?application=playwright,"<div class=""c-accordion-lvl2__heading"" role=""tablist"">"
50,https://cucatalog.org/polaris/view.aspx?CN=2638576,The Urbana Free Library,critical,aria-required-parent,Ensure elements with an ARIA role that require parent roles are contained by them,Certain ARIA roles must be contained by particular parents,https://dequeuniversity.com/rules/axe/4.10/aria-required-parent?application=playwright,"<div class=""c-accordion__heading"" role=""tab"">"
50,https://cucatalog.org/polaris/view.aspx?CN=2638576,The Urbana Free Library,critical,aria-required-parent,Ensure elements with an ARIA role that require parent roles are contained by them,Certain ARIA roles must be contained by particular parents,https://dequeuniversity.com/rules/axe/4.10/aria-required-parent?application=playwright,"<div class=""c-accordion__heading"" role=""tab"">"
50,https://cucatalog.org/polaris/view.aspx?CN=2638576,The Urbana Free Library,critical,aria-required-parent,Ensure elements with an ARIA role that require parent roles are contained by them,Certain ARIA roles must be contained by particular parents,https://dequeuniversity.com/rules/axe/4.10/aria-required-parent?application=playwright,"<div class=""c-accordion__heading"" role=""tab"">"
50,https://cucatalog.org/polaris/view.aspx?CN=2638576,The Urbana Free Library,critical,aria-required-parent,Ensure elements with an ARIA role that require parent roles are contained by them,Certain ARIA roles must be contained by particular parents,https://dequeuniversity.com/rules/axe/4.10/aria-required-parent?application=playwright,"<div class=""c-accordion__heading"" role=""tab"">"
50,https://cucatalog.org/polaris/view.aspx?CN=2638576,The Urbana Free Library,critical,aria-required-parent,Ensure elements with an ARIA role that require parent roles are contained by them,Certain ARIA roles must be contained by particular parents,https://dequeuniversity.com/rules/axe/4.10/aria-required-parent?application=playwright,"<div class=""c-accordion__heading"" role=""tab"">"
50,https://cucatalog.org/polaris/view.aspx?CN=2638576,The Urbana Free Library,critical,aria-required-parent,Ensure elements with an ARIA role that require parent roles are contained by them,Certain ARIA roles must be contained by particular parents,https://dequeuniversity.com/rules/axe/4.10/aria-required-parent?application=playwright,"<div class=""c-accordion__heading"" role=""tab"">"
50,https://cucatalog.org/polaris/view.aspx?CN=2638576,The Urbana Free Library,critical,aria-required-parent,Ensure elements with an ARIA role that require parent roles are contained by them,Certain ARIA roles must be contained by particular parents,https://dequeuniversity.com/rules/axe/4.10/aria-required-parent?application=playwright,"<div class=""c-accordion__heading"" role=""tab"">"
50,https://cucatalog.org/polaris/view.aspx?CN=2638576,The Urbana Free Library,critical,aria-required-parent,Ensure elements with an ARIA role that require parent roles are contained by them,Certain ARIA roles must be contained by particular parents,https://dequeuniversity.com/rules/axe/4.10/aria-required-parent?application=playwright,"<div class=""c-accordion__heading"" role=""tab"">"
50,https://cucatalog.org/polaris/view.aspx?CN=2638576,The Urbana Free Library,critical,aria-required-parent,Ensure elements with an ARIA role that require parent roles are contained by them,Certain ARIA roles must be contained by particular parents,https://dequeuniversity.com/rules/axe/4.10/aria-required-parent?application=playwright,"<div class=""c-accordion__heading"" role=""tab"">"
50,https://cucatalog.org/polaris/view.aspx?CN=2638576,The Urbana Free Library,moderate,landmark-banner-is-top-level,Ensure the banner landmark is at top level,Banner landmark should not be contained in another landmark,https://dequeuniversity.com/rules/axe/4.10/landmark-banner-is-top-level?application=playwright,"<header class=""nav-panel__header"">"
50,https://cucatalog.org/polaris/view.aspx?CN=2638576,The Urbana Free Library,moderate,landmark-banner-is-top-level,Ensure the banner landmark is at top level,Banner landmark should not be contained in another landmark,https://dequeuniversity.com/rules/axe/4.10/landmark-banner-is-top-level?application=playwright,"<header class=""nav-panel__header"">"
50,https://cucatalog.org/polaris/view.aspx?CN=2638576,The Urbana Free Library,moderate,landmark-main-is-top-level,Ensure the main landmark is at top level,Main landmark should not be contained in another landmark,https://dequeuniversity.com/rules/axe/4.10/landmark-main-is-top-level?application=playwright,"<main class=""site-footer__main"">"
50,https://cucatalog.org/polaris/view.aspx?CN=2638576,The Urbana Free Library,moderate,landmark-no-duplicate-banner,Ensure the document has at most one banner landmark,Document should not have more than one banner landmark,https://dequeuniversity.com/rules/axe/4.10/landmark-no-duplicate-banner?application=playwright,"<header class=""site-header"">"
50,https://cucatalog.org/polaris/view.aspx?CN=2638576,The Urbana Free Library,moderate,landmark-no-duplicate-main,Ensure the document has at most one main landmark,Document should not have more than one main landmark,https://dequeuniversity.com/rules/axe/4.10/landmark-no-duplicate-main?application=playwright,"<main class=""site-main"" id=""content"">"
50,https://cucatalog.org/polaris/view.aspx?CN=2638576,The Urbana Free Library,moderate,landmark-unique,Ensure landmarks are unique,Landmarks should have a unique role or role/label/title (i.e. accessible name) combination,https://dequeuniversity.com/rules/axe/4.10/landmark-unique?application=playwright,"<header class=""site-header"">"
50,https://cucatalog.org/polaris/view.aspx?CN=2638576,The Urbana Free Library,moderate,landmark-unique,Ensure landmarks are unique,Landmarks should have a unique role or role/label/title (i.e. accessible name) combination,https://dequeuniversity.com/rules/axe/4.10/landmark-unique?application=playwright,"<nav class=""nav-panel__top-nav top-nav top-nav--split-header navbar-collapse"" role=""navigation"">"
50,https://cucatalog.org/polaris/view.aspx?CN=2638576,The Urbana Free Library,moderate,landmark-unique,Ensure landmarks are unique,Landmarks should have a unique role or role/label/title (i.e. accessible name) combination,https://dequeuniversity.com/rules/axe/4.10/landmark-unique?application=playwright,"<main class=""site-main"" id=""content"">"
50,https://cucatalog.org/polaris/view.aspx?CN=2638576,The Urbana Free Library,serious,link-name,Ensure links have discernible text,Links must have discernible text,https://dequeuniversity.com/rules/axe/4.10/link-name?application=playwright,"<a id=""c-accordion-lvl2__title_relatedsearch-2"" class=""c-accordion-lvl2__title-link "" role=""button"" aria-expanded=""true"" aria-controls=""rs-2"" data-toggle=""collapse"" onclick=""javascript:InvokeRSD('collapse', 2)"" href=""#rs-2"">    
                                </a>"
50,https://cucatalog.org/polaris/view.aspx?CN=2638576,The Urbana Free Library,serious,link-name,Ensure links have discernible text,Links must have discernible text,https://dequeuniversity.com/rules/axe/4.10/link-name?application=playwright,"<a id=""c-accordion-lvl2__title_relatedsearch-2"" class=""c-accordion-lvl2__title-link "" role=""button"" aria-expanded=""true"" aria-controls=""rs-2"" data-toggle=""collapse"" onclick=""javascript:InvokeRSD('collapse', 2)"" href=""#rs-2"">"
50,https://cucatalog.org/polaris/view.aspx?CN=2638576,The Urbana Free Library,serious,link-name,Ensure links have discernible text,Links must have discernible text,https://dequeuniversity.com/rules/axe/4.10/link-name?application=playwright,"<a id=""c-accordion-lvl2__title_relatedsearch-2"" class=""c-accordion-lvl2__title-link "" role=""button"" aria-expanded=""true"" aria-controls=""rs-2"" data-toggle=""collapse"" onclick=""javascript:InvokeRSD('collapse', 2)"" href=""#rs-2"">
                                        </a>"
50,https://cucatalog.org/polaris/view.aspx?CN=2638576,The Urbana Free Library,serious,link-name,Ensure links have discernible text,Links must have discernible text,https://dequeuniversity.com/rules/axe/4.10/link-name?application=playwright,"<a id=""c-accordion-lvl2__title_relatedsearch-2"" class=""c-accordion-lvl2__title-link "" role=""button"" aria-expanded=""true"" aria-controls=""rs-2"" data-toggle=""collapse"" onclick=""javascript:InvokeRSD('collapse', 2)"" href=""#rs-2"">
								            </a>"
50,https://cucatalog.org/polaris/view.aspx?CN=2638576,The Urbana Free Library,serious,link-name,Ensure links have discernible text,Links must have discernible text,https://dequeuniversity.com/rules/axe/4.10/link-name?application=playwright,"<a id=""c-accordion-lvl2__title_relatedsearch-2"" class=""c-accordion-lvl2__title-link "" role=""button"" aria-expanded=""true"" aria-controls=""rs-2"" data-toggle=""collapse"" onclick=""javascript:InvokeRSD('collapse', 2)"" href=""#rs-2"">  
									            
											            </a>"
50,https://cucatalog.org/polaris/view.aspx?CN=2638576,The Urbana Free Library,serious,link-name,Ensure links have discernible text,Links must have discernible text,https://dequeuniversity.com/rules/axe/4.10/link-name?application=playwright,"<a id=""c-accordion-lvl2__title_relatedsearch-2"" class=""c-accordion-lvl2__title-link "" role=""button"" aria-expanded=""true"" aria-controls=""rs-2"" data-toggle=""collapse"" onclick=""javascript:InvokeRSD('collapse', 2)"" href=""#rs-2"">  
                                                            </a>"
50,https://cucatalog.org/polaris/view.aspx?CN=2638576,The Urbana Free Library,serious,link-name,Ensure links have discernible text,Links must have discernible text,https://dequeuniversity.com/rules/axe/4.10/link-name?application=playwright,"<a id=""c-accordion-lvl2__title_relatedsearch-3"" class=""c-accordion-lvl2__title-link "" role=""button"" aria-expanded=""true"" aria-controls=""rs-3"" data-toggle=""collapse"" onclick=""javascript:InvokeRSD('collapse', 3)"" href=""#rs-3"">    
                                </a>"
50,https://cucatalog.org/polaris/view.aspx?CN=2638576,The Urbana Free Library,serious,link-name,Ensure links have discernible text,Links must have discernible text,https://dequeuniversity.com/rules/axe/4.10/link-name?application=playwright,"<a id=""c-accordion-lvl2__title_relatedsearch-3"" class=""c-accordion-lvl2__title-link "" role=""button"" aria-expanded=""true"" aria-controls=""rs-3"" data-toggle=""collapse"" onclick=""javascript:InvokeRSD('collapse', 3)"" href=""#rs-3"">"
50,https://cucatalog.org/polaris/view.aspx?CN=2638576,The Urbana Free Library,serious,link-name,Ensure links have discernible text,Links must have discernible text,https://dequeuniversity.com/rules/axe/4.10/link-name?application=playwright,"<a id=""c-accordion-lvl2__title_relatedsearch-3"" class=""c-accordion-lvl2__title-link "" role=""button"" aria-expanded=""true"" aria-controls=""rs-3"" data-toggle=""collapse"" onclick=""javascript:InvokeRSD('collapse', 3)"" href=""#rs-3"">
                                        </a>"
50,https://cucatalog.org/polaris/view.aspx?CN=2638576,The Urbana Free Library,serious,link-name,Ensure links have discernible text,Links must have discernible text,https://dequeuniversity.com/rules/axe/4.10/link-name?application=playwright,"<a id=""c-accordion-lvl2__title_relatedsearch-3"" class=""c-accordion-lvl2__title-link "" role=""button"" aria-expanded=""true"" aria-controls=""rs-3"" data-toggle=""collapse"" onclick=""javascript:InvokeRSD('collapse', 3)"" href=""#rs-3"">
								            </a>"
50,https://cucatalog.org/polaris/view.aspx?CN=2638576,The Urbana Free Library,serious,link-name,Ensure links have discernible text,Links must have discernible text,https://dequeuniversity.com/rules/axe/4.10/link-name?application=playwright,"<a id=""c-accordion-lvl2__title_relatedsearch-3"" class=""c-accordion-lvl2__title-link "" role=""button"" aria-expanded=""true"" aria-controls=""rs-3"" data-toggle=""collapse"" onclick=""javascript:InvokeRSD('collapse', 3)"" href=""#rs-3"">  
									            
											            </a>"
50,https://cucatalog.org/polaris/view.aspx?CN=2638576,The Urbana Free Library,serious,link-name,Ensure links have discernible text,Links must have discernible text,https://dequeuniversity.com/rules/axe/4.10/link-name?application=playwright,"<a id=""c-accordion-lvl2__title_relatedsearch-3"" class=""c-accordion-lvl2__title-link "" role=""button"" aria-expanded=""true"" aria-controls=""rs-3"" data-toggle=""collapse"" onclick=""javascript:InvokeRSD('collapse', 3)"" href=""#rs-3"">  
                                                            </a>"
50,https://cucatalog.org/polaris/view.aspx?CN=2638576,The Urbana Free Library,serious,link-name,Ensure links have discernible text,Links must have discernible text,https://dequeuniversity.com/rules/axe/4.10/link-name?application=playwright,"<a id=""c-accordion-lvl2__title_relatedsearch-4"" class=""c-accordion-lvl2__title-link "" role=""button"" aria-expanded=""true"" aria-controls=""rs-4"" data-toggle=""collapse"" onclick=""javascript:InvokeRSD('collapse', 4)"" href=""#rs-4"">    
                                </a>"
50,https://cucatalog.org/polaris/view.aspx?CN=2638576,The Urbana Free Library,serious,link-name,Ensure links have discernible text,Links must have discernible text,https://dequeuniversity.com/rules/axe/4.10/link-name?application=playwright,"<a id=""c-accordion-lvl2__title_relatedsearch-4"" class=""c-accordion-lvl2__title-link "" role=""button"" aria-expanded=""true"" aria-controls=""rs-4"" data-toggle=""collapse"" onclick=""javascript:InvokeRSD('collapse', 4)"" href=""#rs-4"">"
50,https://cucatalog.org/polaris/view.aspx?CN=2638576,The Urbana Free Library,serious,link-name,Ensure links have discernible text,Links must have discernible text,https://dequeuniversity.com/rules/axe/4.10/link-name?application=playwright,"<a id=""c-accordion-lvl2__title_relatedsearch-4"" class=""c-accordion-lvl2__title-link "" role=""button"" aria-expanded=""true"" aria-controls=""rs-4"" data-toggle=""collapse"" onclick=""javascript:InvokeRSD('collapse', 4)"" href=""#rs-4"">
                                        </a>"
50,https://cucatalog.org/polaris/view.aspx?CN=2638576,The Urbana Free Library,serious,link-name,Ensure links have discernible text,Links must have discernible text,https://dequeuniversity.com/rules/axe/4.10/link-name?application=playwright,"<a id=""c-accordion-lvl2__title_relatedsearch-4"" class=""c-accordion-lvl2__title-link "" role=""button"" aria-expanded=""true"" aria-controls=""rs-4"" data-toggle=""collapse"" onclick=""javascript:InvokeRSD('collapse', 4)"" href=""#rs-4"">
								            </a>"
50,https://cucatalog.org/polaris/view.aspx?CN=2638576,The Urbana Free Library,serious,link-name,Ensure links have discernible text,Links must have discernible text,https://dequeuniversity.com/rules/axe/4.10/link-name?application=playwright,"<a id=""c-accordion-lvl2__title_relatedsearch-4"" class=""c-accordion-lvl2__title-link "" role=""button"" aria-expanded=""true"" aria-controls=""rs-4"" data-toggle=""collapse"" onclick=""javascript:InvokeRSD('collapse', 4)"" href=""#rs-4"">  
									            
											            </a>"
50,https://cucatalog.org/polaris/view.aspx?CN=2638576,The Urbana Free Library,serious,link-name,Ensure links have discernible text,Links must have discernible text,https://dequeuniversity.com/rules/axe/4.10/link-name?application=playwright,"<a id=""c-accordion-lvl2__title_relatedsearch-4"" class=""c-accordion-lvl2__title-link "" role=""button"" aria-expanded=""true"" aria-controls=""rs-4"" data-toggle=""collapse"" onclick=""javascript:InvokeRSD('collapse', 4)"" href=""#rs-4"">  
                                                            </a>"
50,https://cucatalog.org/polaris/view.aspx?CN=2638576,The Urbana Free Library,serious,list,Ensure that lists are structured correctly,"<ul> and <ol> must only directly contain <li>, <script> or <template> elements",https://dequeuniversity.com/rules/axe/4.10/list?application=playwright,"<ul id=""c-title-detail__button-list-"" class=""c-title-detail-actions__list"" data-item-pos=""1"" data-item-page=""0"">"
50,https://cucatalog.org/polaris/view.aspx?CN=2638576,The Urbana Free Library,serious,list,Ensure that lists are structured correctly,"<ul> and <ol> must only directly contain <li>, <script> or <template> elements",https://dequeuniversity.com/rules/axe/4.10/list?application=playwright,"<ul class="" c-accordion__list c-accordion__list--show-bullets"">"
50,https://cucatalog.org/polaris/view.aspx?CN=2638576,The Urbana Free Library,serious,list,Ensure that lists are structured correctly,"<ul> and <ol> must only directly contain <li>, <script> or <template> elements",https://dequeuniversity.com/rules/axe/4.10/list?application=playwright,"<ul class="" c-accordion__list c-accordion__list--show-bullets"">"
50,https://cucatalog.org/polaris/view.aspx?CN=2638576,The Urbana Free Library,serious,list,Ensure that lists are structured correctly,"<ul> and <ol> must only directly contain <li>, <script> or <template> elements",https://dequeuniversity.com/rules/axe/4.10/list?application=playwright,"<ul class="" c-accordion__list c-accordion__list--show-bullets"">"
50,https://cucatalog.org/polaris/view.aspx?CN=2638576,The Urbana Free Library,serious,listitem,Ensure <li> elements are used semantically,<li> elements must be contained in a <ul> or <ol>,https://dequeuniversity.com/rules/axe/4.10/listitem?application=playwright,"<li class=""nav__nav expandable-block-nav"">"
50,https://cucatalog.org/polaris/view.aspx?CN=2638576,The Urbana Free Library,serious,nested-interactive,Ensure interactive controls are not nested as they are not always announced by screen readers or can cause focus problems for assistive technologies,Interactive controls must not be nested,https://dequeuniversity.com/rules/axe/4.10/nested-interactive?application=playwright,"<div class=""c-accordion__heading"" role=""tab"">"
50,https://cucatalog.org/polaris/view.aspx?CN=2638576,The Urbana Free Library,serious,nested-interactive,Ensure interactive controls are not nested as they are not always announced by screen readers or can cause focus problems for assistive technologies,Interactive controls must not be nested,https://dequeuniversity.com/rules/axe/4.10/nested-interactive?application=playwright,"<div class=""c-accordion-lvl2__heading"" role=""tab"">"
50,https://cucatalog.org/polaris/view.aspx?CN=2638576,The Urbana Free Library,serious,nested-interactive,Ensure interactive controls are not nested as they are not always announced by screen readers or can cause focus problems for assistive technologies,Interactive controls must not be nested,https://dequeuniversity.com/rules/axe/4.10/nested-interactive?application=playwright,"<div class=""c-accordion-lvl2__heading"" role=""tab"">"
50,https://cucatalog.org/polaris/view.aspx?CN=2638576,The Urbana Free Library,serious,nested-interactive,Ensure interactive controls are not nested as they are not always announced by screen readers or can cause focus problems for assistive technologies,Interactive controls must not be nested,https://dequeuniversity.com/rules/axe/4.10/nested-interactive?application=playwright,"<div class=""c-accordion-lvl2__heading"" role=""tab"">"
50,https://cucatalog.org/polaris/view.aspx?CN=2638576,The Urbana Free Library,serious,nested-interactive,Ensure interactive controls are not nested as they are not always announced by screen readers or can cause focus problems for assistive technologies,Interactive controls must not be nested,https://dequeuniversity.com/rules/axe/4.10/nested-interactive?application=playwright,"<div class=""c-accordion-lvl2__heading"" role=""tab"">"
50,https://cucatalog.org/polaris/view.aspx?CN=2638576,The Urbana Free Library,serious,nested-interactive,Ensure interactive controls are not nested as they are not always announced by screen readers or can cause focus problems for assistive technologies,Interactive controls must not be nested,https://dequeuniversity.com/rules/axe/4.10/nested-interactive?application=playwright,"<div class=""c-accordion__heading"" role=""tab"">"
50,https://cucatalog.org/polaris/view.aspx?CN=2638576,The Urbana Free Library,serious,nested-interactive,Ensure interactive controls are not nested as they are not always announced by screen readers or can cause focus problems for assistive technologies,Interactive controls must not be nested,https://dequeuniversity.com/rules/axe/4.10/nested-interactive?application=playwright,"<div class=""c-accordion__heading"" role=""tab"">"
50,https://cucatalog.org/polaris/view.aspx?CN=2638576,The Urbana Free Library,serious,nested-interactive,Ensure interactive controls are not nested as they are not always announced by screen readers or can cause focus problems for assistive technologies,Interactive controls must not be nested,https://dequeuniversity.com/rules/axe/4.10/nested-interactive?application=playwright,"<div class=""c-accordion__heading"" role=""tab"">"
50,https://cucatalog.org/polaris/view.aspx?CN=2638576,The Urbana Free Library,serious,nested-interactive,Ensure interactive controls are not nested as they are not always announced by screen readers or can cause focus problems for assistive technologies,Interactive controls must not be nested,https://dequeuniversity.com/rules/axe/4.10/nested-interactive?application=playwright,"<div class=""c-accordion__heading"" role=""tab"">"
50,https://cucatalog.org/polaris/view.aspx?CN=2638576,The Urbana Free Library,serious,nested-interactive,Ensure interactive controls are not nested as they are not always announced by screen readers or can cause focus problems for assistive technologies,Interactive controls must not be nested,https://dequeuniversity.com/rules/axe/4.10/nested-interactive?application=playwright,"<div class=""c-accordion__heading"" role=""tab"">"
50,https://cucatalog.org/polaris/view.aspx?CN=2638576,The Urbana Free Library,serious,nested-interactive,Ensure interactive controls are not nested as they are not always announced by screen readers or can cause focus problems for assistive technologies,Interactive controls must not be nested,https://dequeuniversity.com/rules/axe/4.10/nested-interactive?application=playwright,"<div class=""c-accordion__heading"" role=""tab"">"
50,https://cucatalog.org/polaris/view.aspx?CN=2638576,The Urbana Free Library,serious,nested-interactive,Ensure interactive controls are not nested as they are not always announced by screen readers or can cause focus problems for assistive technologies,Interactive controls must not be nested,https://dequeuniversity.com/rules/axe/4.10/nested-interactive?application=playwright,"<div class=""c-accordion__heading"" role=""tab"">"
50,https://cucatalog.org/polaris/view.aspx?CN=2638576,The Urbana Free Library,serious,nested-interactive,Ensure interactive controls are not nested as they are not always announced by screen readers or can cause focus problems for assistive technologies,Interactive controls must not be nested,https://dequeuniversity.com/rules/axe/4.10/nested-interactive?application=playwright,"<div class=""c-accordion__heading"" role=""tab"">"
50,https://cucatalog.org/polaris/view.aspx?CN=2638576,The Urbana Free Library,moderate,page-has-heading-one,"Ensure that the page, or at least one of its frames contains a level-one heading",Page should contain a level-one heading,https://dequeuniversity.com/rules/axe/4.10/page-has-heading-one?application=playwright,"<html class=""js flexbox flexboxlegacy canvas canvastext webgl no-touch geolocation postmessage no-websqldatabase indexeddb hashchange history draganddrop websockets rgba hsla multiplebgs backgroundsize borderimage borderradius boxshadow textshadow opacity cssanimations csscolumns cssgradients cssreflections csstransforms csstransforms3d csstransitions fontface generatedcontent video audio localstorage sessionstorage webworkers no-applicationcache svg inlinesvg smil svgclippaths"" lang=""en"" style="""">"
6,https://cucatalog.org/polaris/library/events.aspx?ctx=6.1033.0.0.1,The Urbana Free Library,critical,aria-required-parent,Ensure elements with an ARIA role that require parent roles are contained by them,Certain ARIA roles must be contained by particular parents,https://dequeuniversity.com/rules/axe/4.10/aria-required-parent?application=playwright,"<div class=""c-accordion__heading"" role=""tab"">"
6,https://cucatalog.org/polaris/library/events.aspx?ctx=6.1033.0.0.1,The Urbana Free Library,critical,aria-required-parent,Ensure elements with an ARIA role that require parent roles are contained by them,Certain ARIA roles must be contained by particular parents,https://dequeuniversity.com/rules/axe/4.10/aria-required-parent?application=playwright,"<div class=""c-accordion__heading"" role=""tab"">"
6,https://cucatalog.org/polaris/library/events.aspx?ctx=6.1033.0.0.1,The Urbana Free Library,critical,aria-required-parent,Ensure elements with an ARIA role that require parent roles are contained by them,Certain ARIA roles must be contained by particular parents,https://dequeuniversity.com/rules/axe/4.10/aria-required-parent?application=playwright,"<div class=""c-accordion__heading"" role=""tab"">"
6,https://cucatalog.org/polaris/library/events.aspx?ctx=6.1033.0.0.1,The Urbana Free Library,critical,aria-required-parent,Ensure elements with an ARIA role that require parent roles are contained by them,Certain ARIA roles must be contained by particular parents,https://dequeuniversity.com/rules/axe/4.10/aria-required-parent?application=playwright,"<div class=""c-accordion__heading"" role=""tab"">"
6,https://cucatalog.org/polaris/library/events.aspx?ctx=6.1033.0.0.1,The Urbana Free Library,critical,aria-required-parent,Ensure elements with an ARIA role that require parent roles are contained by them,Certain ARIA roles must be contained by particular parents,https://dequeuniversity.com/rules/axe/4.10/aria-required-parent?application=playwright,"<div class=""c-accordion__heading"" role=""tab"">"
6,https://cucatalog.org/polaris/library/events.aspx?ctx=6.1033.0.0.1,The Urbana Free Library,critical,aria-required-parent,Ensure elements with an ARIA role that require parent roles are contained by them,Certain ARIA roles must be contained by particular parents,https://dequeuniversity.com/rules/axe/4.10/aria-required-parent?application=playwright,"<div class=""c-accordion__heading"" role=""tab"">"
6,https://cucatalog.org/polaris/library/events.aspx?ctx=6.1033.0.0.1,The Urbana Free Library,critical,aria-required-parent,Ensure elements with an ARIA role that require parent roles are contained by them,Certain ARIA roles must be contained by particular parents,https://dequeuniversity.com/rules/axe/4.10/aria-required-parent?application=playwright,"<div class=""c-accordion__heading"" role=""tab"">"
6,https://cucatalog.org/polaris/library/events.aspx?ctx=6.1033.0.0.1,The Urbana Free Library,critical,aria-required-parent,Ensure elements with an ARIA role that require parent roles are contained by them,Certain ARIA roles must be contained by particular parents,https://dequeuniversity.com/rules/axe/4.10/aria-required-parent?application=playwright,"<div class=""c-accordion__heading"" role=""tab"">"
6,https://cucatalog.org/polaris/library/events.aspx?ctx=6.1033.0.0.1,The Urbana Free Library,moderate,landmark-banner-is-top-level,Ensure the banner landmark is at top level,Banner landmark should not be contained in another landmark,https://dequeuniversity.com/rules/axe/4.10/landmark-banner-is-top-level?application=playwright,"<header class=""nav-panel__header"">"
6,https://cucatalog.org/polaris/library/events.aspx?ctx=6.1033.0.0.1,The Urbana Free Library,moderate,landmark-banner-is-top-level,Ensure the banner landmark is at top level,Banner landmark should not be contained in another landmark,https://dequeuniversity.com/rules/axe/4.10/landmark-banner-is-top-level?application=playwright,"<header class=""nav-panel__header"">"
6,https://cucatalog.org/polaris/library/events.aspx?ctx=6.1033.0.0.1,The Urbana Free Library,moderate,landmark-main-is-top-level,Ensure the main landmark is at top level,Main landmark should not be contained in another landmark,https://dequeuniversity.com/rules/axe/4.10/landmark-main-is-top-level?application=playwright,"<main class=""site-footer__main"">"
6,https://cucatalog.org/polaris/library/events.aspx?ctx=6.1033.0.0.1,The Urbana Free Library,moderate,landmark-no-duplicate-banner,Ensure the document has at most one banner landmark,Document should not have more than one banner landmark,https://dequeuniversity.com/rules/axe/4.10/landmark-no-duplicate-banner?application=playwright,"<header class=""site-header"">"
6,https://cucatalog.org/polaris/library/events.aspx?ctx=6.1033.0.0.1,The Urbana Free Library,moderate,landmark-no-duplicate-main,Ensure the document has at most one main landmark,Document should not have more than one main landmark,https://dequeuniversity.com/rules/axe/4.10/landmark-no-duplicate-main?application=playwright,"<main class=""site-main"" id=""content"">"
6,https://cucatalog.org/polaris/library/events.aspx?ctx=6.1033.0.0.1,The Urbana Free Library,moderate,landmark-unique,Ensure landmarks are unique,Landmarks should have a unique role or role/label/title (i.e. accessible name) combination,https://dequeuniversity.com/rules/axe/4.10/landmark-unique?application=playwright,"<header class=""site-header"">"
6,https://cucatalog.org/polaris/library/events.aspx?ctx=6.1033.0.0.1,The Urbana Free Library,moderate,landmark-unique,Ensure landmarks are unique,Landmarks should have a unique role or role/label/title (i.e. accessible name) combination,https://dequeuniversity.com/rules/axe/4.10/landmark-unique?application=playwright,"<nav class=""nav-panel__top-nav top-nav top-nav--split-header navbar-collapse"" role=""navigation"">"
6,https://cucatalog.org/polaris/library/events.aspx?ctx=6.1033.0.0.1,The Urbana Free Library,moderate,landmark-unique,Ensure landmarks are unique,Landmarks should have a unique role or role/label/title (i.e. accessible name) combination,https://dequeuniversity.com/rules/axe/4.10/landmark-unique?application=playwright,"<main class=""site-main"" id=""content"">"
6,https://cucatalog.org/polaris/library/events.aspx?ctx=6.1033.0.0.1,The Urbana Free Library,serious,link-in-text-block,Ensure links are distinguished from surrounding text in a way that does not rely on color,Links must be distinguishable without relying on color,https://dequeuniversity.com/rules/axe/4.10/link-in-text-block?application=playwright,"<a href=""http://events.urbanafree.org/events"">online events calendar</a>"
6,https://cucatalog.org/polaris/library/events.aspx?ctx=6.1033.0.0.1,The Urbana Free Library,serious,listitem,Ensure <li> elements are used semantically,<li> elements must be contained in a <ul> or <ol>,https://dequeuniversity.com/rules/axe/4.10/listitem?application=playwright,"<li class=""nav__nav expandable-block-nav"">"
6,https://cucatalog.org/polaris/library/events.aspx?ctx=6.1033.0.0.1,The Urbana Free Library,serious,nested-interactive,Ensure interactive controls are not nested as they are not always announced by screen readers or can cause focus problems for assistive technologies,Interactive controls must not be nested,https://dequeuniversity.com/rules/axe/4.10/nested-interactive?application=playwright,"<div class=""c-accordion__heading"" role=""tab"">"
6,https://cucatalog.org/polaris/library/events.aspx?ctx=6.1033.0.0.1,The Urbana Free Library,serious,nested-interactive,Ensure interactive controls are not nested as they are not always announced by screen readers or can cause focus problems for assistive technologies,Interactive controls must not be nested,https://dequeuniversity.com/rules/axe/4.10/nested-interactive?application=playwright,"<div class=""c-accordion__heading"" role=""tab"">"
6,https://cucatalog.org/polaris/library/events.aspx?ctx=6.1033.0.0.1,The Urbana Free Library,serious,nested-interactive,Ensure interactive controls are not nested as they are not always announced by screen readers or can cause focus problems for assistive technologies,Interactive controls must not be nested,https://dequeuniversity.com/rules/axe/4.10/nested-interactive?application=playwright,"<div class=""c-accordion__heading"" role=""tab"">"
6,https://cucatalog.org/polaris/library/events.aspx?ctx=6.1033.0.0.1,The Urbana Free Library,serious,nested-interactive,Ensure interactive controls are not nested as they are not always announced by screen readers or can cause focus problems for assistive technologies,Interactive controls must not be nested,https://dequeuniversity.com/rules/axe/4.10/nested-interactive?application=playwright,"<div class=""c-accordion__heading"" role=""tab"">"
6,https://cucatalog.org/polaris/library/events.aspx?ctx=6.1033.0.0.1,The Urbana Free Library,serious,nested-interactive,Ensure interactive controls are not nested as they are not always announced by screen readers or can cause focus problems for assistive technologies,Interactive controls must not be nested,https://dequeuniversity.com/rules/axe/4.10/nested-interactive?application=playwright,"<div class=""c-accordion__heading"" role=""tab"">"
6,https://cucatalog.org/polaris/library/events.aspx?ctx=6.1033.0.0.1,The Urbana Free Library,serious,nested-interactive,Ensure interactive controls are not nested as they are not always announced by screen readers or can cause focus problems for assistive technologies,Interactive controls must not be nested,https://dequeuniversity.com/rules/axe/4.10/nested-interactive?application=playwright,"<div class=""c-accordion__heading"" role=""tab"">"
6,https://cucatalog.org/polaris/library/events.aspx?ctx=6.1033.0.0.1,The Urbana Free Library,serious,nested-interactive,Ensure interactive controls are not nested as they are not always announced by screen readers or can cause focus problems for assistive technologies,Interactive controls must not be nested,https://dequeuniversity.com/rules/axe/4.10/nested-interactive?application=playwright,"<div class=""c-accordion__heading"" role=""tab"">"
6,https://cucatalog.org/polaris/library/events.aspx?ctx=6.1033.0.0.1,The Urbana Free Library,serious,nested-interactive,Ensure interactive controls are not nested as they are not always announced by screen readers or can cause focus problems for assistive technologies,Interactive controls must not be nested,https://dequeuniversity.com/rules/axe/4.10/nested-interactive?application=playwright,"<div class=""c-accordion__heading"" role=""tab"">"
6,https://cucatalog.org/polaris/library/events.aspx?ctx=6.1033.0.0.1,The Urbana Free Library,moderate,page-has-heading-one,"Ensure that the page, or at least one of its frames contains a level-one heading",Page should contain a level-one heading,https://dequeuniversity.com/rules/axe/4.10/page-has-heading-one?application=playwright,"<html class=""js flexbox flexboxlegacy canvas canvastext webgl no-touch geolocation postmessage no-websqldatabase indexeddb hashchange history draganddrop websockets rgba hsla multiplebgs backgroundsize borderimage borderradius boxshadow textshadow opacity cssanimations csscolumns cssgradients cssreflections csstransforms csstransforms3d csstransitions fontface generatedcontent video audio localstorage sessionstorage webworkers no-applicationcache svg inlinesvg smil svgclippaths"" lang=""en"" style="""">"
7,https://cucatalog.org/polaris/library/askus.aspx?ctx=6.1033.0.0.1,The Urbana Free Library,critical,aria-required-parent,Ensure elements with an ARIA role that require parent roles are contained by them,Certain ARIA roles must be contained by particular parents,https://dequeuniversity.com/rules/axe/4.10/aria-required-parent?application=playwright,"<div class=""c-accordion__heading"" role=""tab"">"
7,https://cucatalog.org/polaris/library/askus.aspx?ctx=6.1033.0.0.1,The Urbana Free Library,critical,aria-required-parent,Ensure elements with an ARIA role that require parent roles are contained by them,Certain ARIA roles must be contained by particular parents,https://dequeuniversity.com/rules/axe/4.10/aria-required-parent?application=playwright,"<div class=""c-accordion__heading"" role=""tab"">"
7,https://cucatalog.org/polaris/library/askus.aspx?ctx=6.1033.0.0.1,The Urbana Free Library,critical,aria-required-parent,Ensure elements with an ARIA role that require parent roles are contained by them,Certain ARIA roles must be contained by particular parents,https://dequeuniversity.com/rules/axe/4.10/aria-required-parent?application=playwright,"<div class=""c-accordion__heading"" role=""tab"">"
7,https://cucatalog.org/polaris/library/askus.aspx?ctx=6.1033.0.0.1,The Urbana Free Library,critical,aria-required-parent,Ensure elements with an ARIA role that require parent roles are contained by them,Certain ARIA roles must be contained by particular parents,https://dequeuniversity.com/rules/axe/4.10/aria-required-parent?application=playwright,"<div class=""c-accordion__heading"" role=""tab"">"
7,https://cucatalog.org/polaris/library/askus.aspx?ctx=6.1033.0.0.1,The Urbana Free Library,critical,aria-required-parent,Ensure elements with an ARIA role that require parent roles are contained by them,Certain ARIA roles must be contained by particular parents,https://dequeuniversity.com/rules/axe/4.10/aria-required-parent?application=playwright,"<div class=""c-accordion__heading"" role=""tab"">"
7,https://cucatalog.org/polaris/library/askus.aspx?ctx=6.1033.0.0.1,The Urbana Free Library,critical,aria-required-parent,Ensure elements with an ARIA role that require parent roles are contained by them,Certain ARIA roles must be contained by particular parents,https://dequeuniversity.com/rules/axe/4.10/aria-required-parent?application=playwright,"<div class=""c-accordion__heading"" role=""tab"">"
7,https://cucatalog.org/polaris/library/askus.aspx?ctx=6.1033.0.0.1,The Urbana Free Library,critical,aria-required-parent,Ensure elements with an ARIA role that require parent roles are contained by them,Certain ARIA roles must be contained by particular parents,https://dequeuniversity.com/rules/axe/4.10/aria-required-parent?application=playwright,"<div class=""c-accordion__heading"" role=""tab"">"
7,https://cucatalog.org/polaris/library/askus.aspx?ctx=6.1033.0.0.1,The Urbana Free Library,critical,aria-required-parent,Ensure elements with an ARIA role that require parent roles are contained by them,Certain ARIA roles must be contained by particular parents,https://dequeuniversity.com/rules/axe/4.10/aria-required-parent?application=playwright,"<div class=""c-accordion__heading"" role=""tab"">"
7,https://cucatalog.org/polaris/library/askus.aspx?ctx=6.1033.0.0.1,The Urbana Free Library,moderate,landmark-banner-is-top-level,Ensure the banner landmark is at top level,Banner landmark should not be contained in another landmark,https://dequeuniversity.com/rules/axe/4.10/landmark-banner-is-top-level?application=playwright,"<header class=""nav-panel__header"">
                            <div class=""nav-panel__welcome"">
                                
                            </div>        
                     </header>"
7,https://cucatalog.org/polaris/library/askus.aspx?ctx=6.1033.0.0.1,The Urbana Free Library,moderate,landmark-banner-is-top-level,Ensure the banner landmark is at top level,Banner landmark should not be contained in another landmark,https://dequeuniversity.com/rules/axe/4.10/landmark-banner-is-top-level?application=playwright,"<header class=""nav-panel__header"">"
7,https://cucatalog.org/polaris/library/askus.aspx?ctx=6.1033.0.0.1,The Urbana Free Library,moderate,landmark-main-is-top-level,Ensure the main landmark is at top level,Main landmark should not be contained in another landmark,https://dequeuniversity.com/rules/axe/4.10/landmark-main-is-top-level?application=playwright,"<main class=""site-footer__main"">"
7,https://cucatalog.org/polaris/library/askus.aspx?ctx=6.1033.0.0.1,The Urbana Free Library,moderate,landmark-no-duplicate-banner,Ensure the document has at most one banner landmark,Document should not have more than one banner landmark,https://dequeuniversity.com/rules/axe/4.10/landmark-no-duplicate-banner?application=playwright,"<header class=""site-header"">"
7,https://cucatalog.org/polaris/library/askus.aspx?ctx=6.1033.0.0.1,The Urbana Free Library,moderate,landmark-no-duplicate-main,Ensure the document has at most one main landmark,Document should not have more than one main landmark,https://dequeuniversity.com/rules/axe/4.10/landmark-no-duplicate-main?application=playwright,"<main class=""site-main"" id=""content"">"
7,https://cucatalog.org/polaris/library/askus.aspx?ctx=6.1033.0.0.1,The Urbana Free Library,moderate,landmark-unique,Ensure landmarks are unique,Landmarks should have a unique role or role/label/title (i.e. accessible name) combination,https://dequeuniversity.com/rules/axe/4.10/landmark-unique?application=playwright,"<header class=""site-header"">"
7,https://cucatalog.org/polaris/library/askus.aspx?ctx=6.1033.0.0.1,The Urbana Free Library,moderate,landmark-unique,Ensure landmarks are unique,Landmarks should have a unique role or role/label/title (i.e. accessible name) combination,https://dequeuniversity.com/rules/axe/4.10/landmark-unique?application=playwright,"<nav class=""nav-panel__top-nav top-nav top-nav--split-header navbar-collapse"" role=""navigation"">"
7,https://cucatalog.org/polaris/library/askus.aspx?ctx=6.1033.0.0.1,The Urbana Free Library,moderate,landmark-unique,Ensure landmarks are unique,Landmarks should have a unique role or role/label/title (i.e. accessible name) combination,https://dequeuniversity.com/rules/axe/4.10/landmark-unique?application=playwright,"<main class=""site-main"" id=""content"">"
7,https://cucatalog.org/polaris/library/askus.aspx?ctx=6.1033.0.0.1,The Urbana Free Library,serious,listitem,Ensure <li> elements are used semantically,<li> elements must be contained in a <ul> or <ol>,https://dequeuniversity.com/rules/axe/4.10/listitem?application=playwright,"<li class=""nav__nav expandable-block-nav"">"
7,https://cucatalog.org/polaris/library/askus.aspx?ctx=6.1033.0.0.1,The Urbana Free Library,serious,nested-interactive,Ensure interactive controls are not nested as they are not always announced by screen readers or can cause focus problems for assistive technologies,Interactive controls must not be nested,https://dequeuniversity.com/rules/axe/4.10/nested-interactive?application=playwright,"<div class=""c-accordion__heading"" role=""tab"">"
7,https://cucatalog.org/polaris/library/askus.aspx?ctx=6.1033.0.0.1,The Urbana Free Library,serious,nested-interactive,Ensure interactive controls are not nested as they are not always announced by screen readers or can cause focus problems for assistive technologies,Interactive controls must not be nested,https://dequeuniversity.com/rules/axe/4.10/nested-interactive?application=playwright,"<div class=""c-accordion__heading"" role=""tab"">"
7,https://cucatalog.org/polaris/library/askus.aspx?ctx=6.1033.0.0.1,The Urbana Free Library,serious,nested-interactive,Ensure interactive controls are not nested as they are not always announced by screen readers or can cause focus problems for assistive technologies,Interactive controls must not be nested,https://dequeuniversity.com/rules/axe/4.10/nested-interactive?application=playwright,"<div class=""c-accordion__heading"" role=""tab"">"
7,https://cucatalog.org/polaris/library/askus.aspx?ctx=6.1033.0.0.1,The Urbana Free Library,serious,nested-interactive,Ensure interactive controls are not nested as they are not always announced by screen readers or can cause focus problems for assistive technologies,Interactive controls must not be nested,https://dequeuniversity.com/rules/axe/4.10/nested-interactive?application=playwright,"<div class=""c-accordion__heading"" role=""tab"">"
7,https://cucatalog.org/polaris/library/askus.aspx?ctx=6.1033.0.0.1,The Urbana Free Library,serious,nested-interactive,Ensure interactive controls are not nested as they are not always announced by screen readers or can cause focus problems for assistive technologies,Interactive controls must not be nested,https://dequeuniversity.com/rules/axe/4.10/nested-interactive?application=playwright,"<div class=""c-accordion__heading"" role=""tab"">"
7,https://cucatalog.org/polaris/library/askus.aspx?ctx=6.1033.0.0.1,The Urbana Free Library,serious,nested-interactive,Ensure interactive controls are not nested as they are not always announced by screen readers or can cause focus problems for assistive technologies,Interactive controls must not be nested,https://dequeuniversity.com/rules/axe/4.10/nested-interactive?application=playwright,"<div class=""c-accordion__heading"" role=""tab"">"
7,https://cucatalog.org/polaris/library/askus.aspx?ctx=6.1033.0.0.1,The Urbana Free Library,serious,nested-interactive,Ensure interactive controls are not nested as they are not always announced by screen readers or can cause focus problems for assistive technologies,Interactive controls must not be nested,https://dequeuniversity.com/rules/axe/4.10/nested-interactive?application=playwright,"<div class=""c-accordion__heading"" role=""tab"">"
7,https://cucatalog.org/polaris/library/askus.aspx?ctx=6.1033.0.0.1,The Urbana Free Library,serious,nested-interactive,Ensure interactive controls are not nested as they are not always announced by screen readers or can cause focus problems for assistive technologies,Interactive controls must not be nested,https://dequeuniversity.com/rules/axe/4.10/nested-interactive?application=playwright,"<div class=""c-accordion__heading"" role=""tab"">"
7,https://cucatalog.org/polaris/library/askus.aspx?ctx=6.1033.0.0.1,The Urbana Free Library,moderate,page-has-heading-one,"Ensure that the page, or at least one of its frames contains a level-one heading",Page should contain a level-one heading,https://dequeuniversity.com/rules/axe/4.10/page-has-heading-one?application=playwright,"<html class=""js flexbox flexboxlegacy canvas canvastext webgl no-touch geolocation postmessage no-websqldatabase indexeddb hashchange history draganddrop websockets rgba hsla multiplebgs backgroundsize borderimage borderradius boxshadow textshadow opacity cssanimations csscolumns cssgradients cssreflections csstransforms csstransforms3d csstransitions fontface generatedcontent video audio localstorage sessionstorage webworkers no-applicationcache svg inlinesvg smil svgclippaths"" lang=""en"" style="""">"
7,https://cucatalog.org/polaris/library/askus.aspx?ctx=6.1033.0.0.1,The Urbana Free Library,serious,tabindex,Ensure tabindex attribute values are not greater than 0,Elements should not have tabindex greater than zero,https://dequeuniversity.com/rules/axe/4.10/tabindex?application=playwright,"<a target=""_top"" class=""smallText"" href=""https://cucatalog.org/polaris/logon.aspx?newUsername=1&amp;ctx=6.1033.0.0.1"" tabindex=""6"">Create Username</a>"
7,https://cucatalog.org/polaris/library/askus.aspx?ctx=6.1033.0.0.1,The Urbana Free Library,serious,tabindex,Ensure tabindex attribute values are not greater than 0,Elements should not have tabindex greater than zero,https://dequeuniversity.com/rules/axe/4.10/tabindex?application=playwright,"<a target=""_top"" class=""smallText"" href=""https://cucatalog.org/polaris/logon.aspx?forgotPassword=1&amp;ctx=6.1033.0.0.1"" tabindex=""7"">Forgot your pin?</a>"
8,https://cucatalog.org/polaris/search/default.aspx?ctx=6.1033.0.0.1&type=Keyword,The Urbana Free Library,critical,aria-allowed-attr,Ensure an element's role supports its ARIA attributes,Elements must only use supported ARIA attributes,https://dequeuniversity.com/rules/axe/4.10/aria-allowed-attr?application=playwright,"<div class=""c-search-header-options__container collapse in"" id=""c-search-header__search-options"" aria-labelledby=""c-search-header__search-options"" aria-expanded=""true"">"
8,https://cucatalog.org/polaris/search/default.aspx?ctx=6.1033.0.0.1&type=Keyword,The Urbana Free Library,critical,aria-required-attr,Ensure elements with ARIA roles have all required ARIA attributes,Required ARIA attributes must be provided,https://dequeuniversity.com/rules/axe/4.10/aria-required-attr?application=playwright,"<select name=""ctl00$BodyMainContent$ctrlSearchBars$searchbarKeyword$dropdownSearchBy"" id=""dropdownSearchBy"" class=""SearchByList c-search-header__dropdown c-search-header__box--height"" aria-labelledby=""dropdownSearchByLabel"" role=""combobox"">"
8,https://cucatalog.org/polaris/search/default.aspx?ctx=6.1033.0.0.1&type=Keyword,The Urbana Free Library,critical,aria-required-attr,Ensure elements with ARIA roles have all required ARIA attributes,Required ARIA attributes must be provided,https://dequeuniversity.com/rules/axe/4.10/aria-required-attr?application=playwright,"<select name=""ctl00$BodyMainContent$ctrlSearchBars$searchbarKeyword$dropdownLimitFilter"" id=""dropdownLimitFilter"" class=""c-search-header__dropdown c-search-header__box--height"" aria-labelledby=""dropdownLimitFilterLabel"" role=""combobox"" onchange=""javascript: AddDefaultTermAndHighlight('textboxTerm'); CheckDetailedMaterial();"">"
8,https://cucatalog.org/polaris/search/default.aspx?ctx=6.1033.0.0.1&type=Keyword,The Urbana Free Library,critical,aria-required-parent,Ensure elements with an ARIA role that require parent roles are contained by them,Certain ARIA roles must be contained by particular parents,https://dequeuniversity.com/rules/axe/4.10/aria-required-parent?application=playwright,"<div class=""c-accordion__heading"" role=""tab"">"
8,https://cucatalog.org/polaris/search/default.aspx?ctx=6.1033.0.0.1&type=Keyword,The Urbana Free Library,critical,aria-required-parent,Ensure elements with an ARIA role that require parent roles are contained by them,Certain ARIA roles must be contained by particular parents,https://dequeuniversity.com/rules/axe/4.10/aria-required-parent?application=playwright,"<div class=""c-accordion__heading"" role=""tab"">"
8,https://cucatalog.org/polaris/search/default.aspx?ctx=6.1033.0.0.1&type=Keyword,The Urbana Free Library,critical,aria-required-parent,Ensure elements with an ARIA role that require parent roles are contained by them,Certain ARIA roles must be contained by particular parents,https://dequeuniversity.com/rules/axe/4.10/aria-required-parent?application=playwright,"<div class=""c-accordion__heading"" role=""tab"">"
8,https://cucatalog.org/polaris/search/default.aspx?ctx=6.1033.0.0.1&type=Keyword,The Urbana Free Library,critical,aria-required-parent,Ensure elements with an ARIA role that require parent roles are contained by them,Certain ARIA roles must be contained by particular parents,https://dequeuniversity.com/rules/axe/4.10/aria-required-parent?application=playwright,"<div class=""c-accordion__heading"" role=""tab"">"
8,https://cucatalog.org/polaris/search/default.aspx?ctx=6.1033.0.0.1&type=Keyword,The Urbana Free Library,critical,aria-required-parent,Ensure elements with an ARIA role that require parent roles are contained by them,Certain ARIA roles must be contained by particular parents,https://dequeuniversity.com/rules/axe/4.10/aria-required-parent?application=playwright,"<div class=""c-accordion__heading"" role=""tab"">"
8,https://cucatalog.org/polaris/search/default.aspx?ctx=6.1033.0.0.1&type=Keyword,The Urbana Free Library,critical,aria-required-parent,Ensure elements with an ARIA role that require parent roles are contained by them,Certain ARIA roles must be contained by particular parents,https://dequeuniversity.com/rules/axe/4.10/aria-required-parent?application=playwright,"<div class=""c-accordion__heading"" role=""tab"">"
8,https://cucatalog.org/polaris/search/default.aspx?ctx=6.1033.0.0.1&type=Keyword,The Urbana Free Library,critical,aria-required-parent,Ensure elements with an ARIA role that require parent roles are contained by them,Certain ARIA roles must be contained by particular parents,https://dequeuniversity.com/rules/axe/4.10/aria-required-parent?application=playwright,"<div class=""c-accordion__heading"" role=""tab"">"
8,https://cucatalog.org/polaris/search/default.aspx?ctx=6.1033.0.0.1&type=Keyword,The Urbana Free Library,critical,aria-required-parent,Ensure elements with an ARIA role that require parent roles are contained by them,Certain ARIA roles must be contained by particular parents,https://dequeuniversity.com/rules/axe/4.10/aria-required-parent?application=playwright,"<div class=""c-accordion__heading"" role=""tab"">"
8,https://cucatalog.org/polaris/search/default.aspx?ctx=6.1033.0.0.1&type=Keyword,The Urbana Free Library,moderate,landmark-banner-is-top-level,Ensure the banner landmark is at top level,Banner landmark should not be contained in another landmark,https://dequeuniversity.com/rules/axe/4.10/landmark-banner-is-top-level?application=playwright,"<header class=""nav-panel__header"">"
8,https://cucatalog.org/polaris/search/default.aspx?ctx=6.1033.0.0.1&type=Keyword,The Urbana Free Library,moderate,landmark-banner-is-top-level,Ensure the banner landmark is at top level,Banner landmark should not be contained in another landmark,https://dequeuniversity.com/rules/axe/4.10/landmark-banner-is-top-level?application=playwright,"<header class=""nav-panel__header"">"
8,https://cucatalog.org/polaris/search/default.aspx?ctx=6.1033.0.0.1&type=Keyword,The Urbana Free Library,moderate,landmark-main-is-top-level,Ensure the main landmark is at top level,Main landmark should not be contained in another landmark,https://dequeuniversity.com/rules/axe/4.10/landmark-main-is-top-level?application=playwright,"<main class=""site-footer__main"">"
8,https://cucatalog.org/polaris/search/default.aspx?ctx=6.1033.0.0.1&type=Keyword,The Urbana Free Library,moderate,landmark-no-duplicate-banner,Ensure the document has at most one banner landmark,Document should not have more than one banner landmark,https://dequeuniversity.com/rules/axe/4.10/landmark-no-duplicate-banner?application=playwright,"<header class=""site-header"">"
8,https://cucatalog.org/polaris/search/default.aspx?ctx=6.1033.0.0.1&type=Keyword,The Urbana Free Library,moderate,landmark-no-duplicate-main,Ensure the document has at most one main landmark,Document should not have more than one main landmark,https://dequeuniversity.com/rules/axe/4.10/landmark-no-duplicate-main?application=playwright,"<main class=""site-main"" id=""content"">"
8,https://cucatalog.org/polaris/search/default.aspx?ctx=6.1033.0.0.1&type=Keyword,The Urbana Free Library,moderate,landmark-unique,Ensure landmarks are unique,Landmarks should have a unique role or role/label/title (i.e. accessible name) combination,https://dequeuniversity.com/rules/axe/4.10/landmark-unique?application=playwright,"<header class=""site-header"">"
8,https://cucatalog.org/polaris/search/default.aspx?ctx=6.1033.0.0.1&type=Keyword,The Urbana Free Library,moderate,landmark-unique,Ensure landmarks are unique,Landmarks should have a unique role or role/label/title (i.e. accessible name) combination,https://dequeuniversity.com/rules/axe/4.10/landmark-unique?application=playwright,"<nav class=""nav-panel__top-nav top-nav top-nav--split-header navbar-collapse"" role=""navigation"">"
8,https://cucatalog.org/polaris/search/default.aspx?ctx=6.1033.0.0.1&type=Keyword,The Urbana Free Library,moderate,landmark-unique,Ensure landmarks are unique,Landmarks should have a unique role or role/label/title (i.e. accessible name) combination,https://dequeuniversity.com/rules/axe/4.10/landmark-unique?application=playwright,"<main class=""site-main"" id=""content"">"
8,https://cucatalog.org/polaris/search/default.aspx?ctx=6.1033.0.0.1&type=Keyword,The Urbana Free Library,serious,link-in-text-block,Ensure links are distinguished from surrounding text in a way that does not rely on color,Links must be distinguishable without relying on color,https://dequeuniversity.com/rules/axe/4.10/link-in-text-block?application=playwright,"<a href=""javascript:showModalBasicWithIframe('https://cucatalog.org/polaris/help/content/1033/keyword.htm')"">Click here for a list of tips.  </a>"
8,https://cucatalog.org/polaris/search/default.aspx?ctx=6.1033.0.0.1&type=Keyword,The Urbana Free Library,serious,listitem,Ensure <li> elements are used semantically,<li> elements must be contained in a <ul> or <ol>,https://dequeuniversity.com/rules/axe/4.10/listitem?application=playwright,"<li class=""nav__nav expandable-block-nav"">"
8,https://cucatalog.org/polaris/search/default.aspx?ctx=6.1033.0.0.1&type=Keyword,The Urbana Free Library,serious,nested-interactive,Ensure interactive controls are not nested as they are not always announced by screen readers or can cause focus problems for assistive technologies,Interactive controls must not be nested,https://dequeuniversity.com/rules/axe/4.10/nested-interactive?application=playwright,"<div class=""c-accordion__heading"" role=""tab"">"
8,https://cucatalog.org/polaris/search/default.aspx?ctx=6.1033.0.0.1&type=Keyword,The Urbana Free Library,serious,nested-interactive,Ensure interactive controls are not nested as they are not always announced by screen readers or can cause focus problems for assistive technologies,Interactive controls must not be nested,https://dequeuniversity.com/rules/axe/4.10/nested-interactive?application=playwright,"<div class=""c-accordion__heading"" role=""tab"">"
8,https://cucatalog.org/polaris/search/default.aspx?ctx=6.1033.0.0.1&type=Keyword,The Urbana Free Library,serious,nested-interactive,Ensure interactive controls are not nested as they are not always announced by screen readers or can cause focus problems for assistive technologies,Interactive controls must not be nested,https://dequeuniversity.com/rules/axe/4.10/nested-interactive?application=playwright,"<div class=""c-accordion__heading"" role=""tab"">"
8,https://cucatalog.org/polaris/search/default.aspx?ctx=6.1033.0.0.1&type=Keyword,The Urbana Free Library,serious,nested-interactive,Ensure interactive controls are not nested as they are not always announced by screen readers or can cause focus problems for assistive technologies,Interactive controls must not be nested,https://dequeuniversity.com/rules/axe/4.10/nested-interactive?application=playwright,"<div class=""c-accordion__heading"" role=""tab"">"
8,https://cucatalog.org/polaris/search/default.aspx?ctx=6.1033.0.0.1&type=Keyword,The Urbana Free Library,serious,nested-interactive,Ensure interactive controls are not nested as they are not always announced by screen readers or can cause focus problems for assistive technologies,Interactive controls must not be nested,https://dequeuniversity.com/rules/axe/4.10/nested-interactive?application=playwright,"<div class=""c-accordion__heading"" role=""tab"">"
8,https://cucatalog.org/polaris/search/default.aspx?ctx=6.1033.0.0.1&type=Keyword,The Urbana Free Library,serious,nested-interactive,Ensure interactive controls are not nested as they are not always announced by screen readers or can cause focus problems for assistive technologies,Interactive controls must not be nested,https://dequeuniversity.com/rules/axe/4.10/nested-interactive?application=playwright,"<div class=""c-accordion__heading"" role=""tab"">"
8,https://cucatalog.org/polaris/search/default.aspx?ctx=6.1033.0.0.1&type=Keyword,The Urbana Free Library,serious,nested-interactive,Ensure interactive controls are not nested as they are not always announced by screen readers or can cause focus problems for assistive technologies,Interactive controls must not be nested,https://dequeuniversity.com/rules/axe/4.10/nested-interactive?application=playwright,"<div class=""c-accordion__heading"" role=""tab"">"
8,https://cucatalog.org/polaris/search/default.aspx?ctx=6.1033.0.0.1&type=Keyword,The Urbana Free Library,serious,nested-interactive,Ensure interactive controls are not nested as they are not always announced by screen readers or can cause focus problems for assistive technologies,Interactive controls must not be nested,https://dequeuniversity.com/rules/axe/4.10/nested-interactive?application=playwright,"<div class=""c-accordion__heading"" role=""tab"">"
8,https://cucatalog.org/polaris/search/default.aspx?ctx=6.1033.0.0.1&type=Keyword,The Urbana Free Library,moderate,page-has-heading-one,"Ensure that the page, or at least one of its frames contains a level-one heading",Page should contain a level-one heading,https://dequeuniversity.com/rules/axe/4.10/page-has-heading-one?application=playwright,"<html class=""js flexbox flexboxlegacy canvas canvastext webgl no-touch geolocation postmessage no-websqldatabase indexeddb hashchange history draganddrop websockets rgba hsla multiplebgs backgroundsize borderimage borderradius boxshadow textshadow opacity cssanimations csscolumns cssgradients cssreflections csstransforms csstransforms3d csstransitions fontface generatedcontent video audio localstorage sessionstorage webworkers no-applicationcache svg inlinesvg smil svgclippaths"" lang=""en"" style="""">"
9,https://cucatalog.org/polaris/search/default.aspx?ctx=6.1033.0.0.1&type=Browse,The Urbana Free Library,critical,aria-required-attr,Ensure elements with ARIA roles have all required ARIA attributes,Required ARIA attributes must be provided,https://dequeuniversity.com/rules/axe/4.10/aria-required-attr?application=playwright,"<select name=""ctl00$BodyMainContent$ctrlSearchBars$searchbarBrowse$dropdownSearchBy"" id=""dropdownSearchBy"" class=""c-search-header__dropdown c-search-header__box--height"" aria-labelledby=""dropdownSearchBylabel"" role=""combobox"">"
9,https://cucatalog.org/polaris/search/default.aspx?ctx=6.1033.0.0.1&type=Browse,The Urbana Free Library,critical,aria-required-parent,Ensure elements with an ARIA role that require parent roles are contained by them,Certain ARIA roles must be contained by particular parents,https://dequeuniversity.com/rules/axe/4.10/aria-required-parent?application=playwright,"<div class=""c-accordion__heading"" role=""tab"">"
9,https://cucatalog.org/polaris/search/default.aspx?ctx=6.1033.0.0.1&type=Browse,The Urbana Free Library,critical,aria-required-parent,Ensure elements with an ARIA role that require parent roles are contained by them,Certain ARIA roles must be contained by particular parents,https://dequeuniversity.com/rules/axe/4.10/aria-required-parent?application=playwright,"<div class=""c-accordion__heading"" role=""tab"">"
9,https://cucatalog.org/polaris/search/default.aspx?ctx=6.1033.0.0.1&type=Browse,The Urbana Free Library,critical,aria-required-parent,Ensure elements with an ARIA role that require parent roles are contained by them,Certain ARIA roles must be contained by particular parents,https://dequeuniversity.com/rules/axe/4.10/aria-required-parent?application=playwright,"<div class=""c-accordion__heading"" role=""tab"">"
9,https://cucatalog.org/polaris/search/default.aspx?ctx=6.1033.0.0.1&type=Browse,The Urbana Free Library,critical,aria-required-parent,Ensure elements with an ARIA role that require parent roles are contained by them,Certain ARIA roles must be contained by particular parents,https://dequeuniversity.com/rules/axe/4.10/aria-required-parent?application=playwright,"<div class=""c-accordion__heading"" role=""tab"">"
9,https://cucatalog.org/polaris/search/default.aspx?ctx=6.1033.0.0.1&type=Browse,The Urbana Free Library,critical,aria-required-parent,Ensure elements with an ARIA role that require parent roles are contained by them,Certain ARIA roles must be contained by particular parents,https://dequeuniversity.com/rules/axe/4.10/aria-required-parent?application=playwright,"<div class=""c-accordion__heading"" role=""tab"">"
9,https://cucatalog.org/polaris/search/default.aspx?ctx=6.1033.0.0.1&type=Browse,The Urbana Free Library,critical,aria-required-parent,Ensure elements with an ARIA role that require parent roles are contained by them,Certain ARIA roles must be contained by particular parents,https://dequeuniversity.com/rules/axe/4.10/aria-required-parent?application=playwright,"<div class=""c-accordion__heading"" role=""tab"">"
9,https://cucatalog.org/polaris/search/default.aspx?ctx=6.1033.0.0.1&type=Browse,The Urbana Free Library,critical,aria-required-parent,Ensure elements with an ARIA role that require parent roles are contained by them,Certain ARIA roles must be contained by particular parents,https://dequeuniversity.com/rules/axe/4.10/aria-required-parent?application=playwright,"<div class=""c-accordion__heading"" role=""tab"">"
9,https://cucatalog.org/polaris/search/default.aspx?ctx=6.1033.0.0.1&type=Browse,The Urbana Free Library,critical,aria-required-parent,Ensure elements with an ARIA role that require parent roles are contained by them,Certain ARIA roles must be contained by particular parents,https://dequeuniversity.com/rules/axe/4.10/aria-required-parent?application=playwright,"<div class=""c-accordion__heading"" role=""tab"">"
9,https://cucatalog.org/polaris/search/default.aspx?ctx=6.1033.0.0.1&type=Browse,The Urbana Free Library,moderate,landmark-banner-is-top-level,Ensure the banner landmark is at top level,Banner landmark should not be contained in another landmark,https://dequeuniversity.com/rules/axe/4.10/landmark-banner-is-top-level?application=playwright,"<header class=""nav-panel__header"">"
9,https://cucatalog.org/polaris/search/default.aspx?ctx=6.1033.0.0.1&type=Browse,The Urbana Free Library,moderate,landmark-banner-is-top-level,Ensure the banner landmark is at top level,Banner landmark should not be contained in another landmark,https://dequeuniversity.com/rules/axe/4.10/landmark-banner-is-top-level?application=playwright,"<header class=""nav-panel__header"">"
9,https://cucatalog.org/polaris/search/default.aspx?ctx=6.1033.0.0.1&type=Browse,The Urbana Free Library,moderate,landmark-main-is-top-level,Ensure the main landmark is at top level,Main landmark should not be contained in another landmark,https://dequeuniversity.com/rules/axe/4.10/landmark-main-is-top-level?application=playwright,"<main class=""site-footer__main"">"
9,https://cucatalog.org/polaris/search/default.aspx?ctx=6.1033.0.0.1&type=Browse,The Urbana Free Library,moderate,landmark-no-duplicate-banner,Ensure the document has at most one banner landmark,Document should not have more than one banner landmark,https://dequeuniversity.com/rules/axe/4.10/landmark-no-duplicate-banner?application=playwright,"<header class=""site-header"">"
9,https://cucatalog.org/polaris/search/default.aspx?ctx=6.1033.0.0.1&type=Browse,The Urbana Free Library,moderate,landmark-no-duplicate-main,Ensure the document has at most one main landmark,Document should not have more than one main landmark,https://dequeuniversity.com/rules/axe/4.10/landmark-no-duplicate-main?application=playwright,"<main class=""site-main"" id=""content"">"
9,https://cucatalog.org/polaris/search/default.aspx?ctx=6.1033.0.0.1&type=Browse,The Urbana Free Library,moderate,landmark-unique,Ensure landmarks are unique,Landmarks should have a unique role or role/label/title (i.e. accessible name) combination,https://dequeuniversity.com/rules/axe/4.10/landmark-unique?application=playwright,"<header class=""site-header"">"
9,https://cucatalog.org/polaris/search/default.aspx?ctx=6.1033.0.0.1&type=Browse,The Urbana Free Library,moderate,landmark-unique,Ensure landmarks are unique,Landmarks should have a unique role or role/label/title (i.e. accessible name) combination,https://dequeuniversity.com/rules/axe/4.10/landmark-unique?application=playwright,"<nav class=""nav-panel__top-nav top-nav top-nav--split-header navbar-collapse"" role=""navigation"">"
9,https://cucatalog.org/polaris/search/default.aspx?ctx=6.1033.0.0.1&type=Browse,The Urbana Free Library,moderate,landmark-unique,Ensure landmarks are unique,Landmarks should have a unique role or role/label/title (i.e. accessible name) combination,https://dequeuniversity.com/rules/axe/4.10/landmark-unique?application=playwright,"<main class=""site-main"" id=""content"">"
9,https://cucatalog.org/polaris/search/default.aspx?ctx=6.1033.0.0.1&type=Browse,The Urbana Free Library,serious,link-in-text-block,Ensure links are distinguished from surrounding text in a way that does not rely on color,Links must be distinguishable without relying on color,https://dequeuniversity.com/rules/axe/4.10/link-in-text-block?application=playwright,"<a href=""javascript:showModalBasicWithIframe('https://cucatalog.org/polaris/help/content/1033/browse.htm')"">Click here for a list of tips.  </a>"
9,https://cucatalog.org/polaris/search/default.aspx?ctx=6.1033.0.0.1&type=Browse,The Urbana Free Library,serious,listitem,Ensure <li> elements are used semantically,<li> elements must be contained in a <ul> or <ol>,https://dequeuniversity.com/rules/axe/4.10/listitem?application=playwright,"<li class=""nav__nav expandable-block-nav"">"
9,https://cucatalog.org/polaris/search/default.aspx?ctx=6.1033.0.0.1&type=Browse,The Urbana Free Library,serious,nested-interactive,Ensure interactive controls are not nested as they are not always announced by screen readers or can cause focus problems for assistive technologies,Interactive controls must not be nested,https://dequeuniversity.com/rules/axe/4.10/nested-interactive?application=playwright,"<div class=""c-accordion__heading"" role=""tab"">"
9,https://cucatalog.org/polaris/search/default.aspx?ctx=6.1033.0.0.1&type=Browse,The Urbana Free Library,serious,nested-interactive,Ensure interactive controls are not nested as they are not always announced by screen readers or can cause focus problems for assistive technologies,Interactive controls must not be nested,https://dequeuniversity.com/rules/axe/4.10/nested-interactive?application=playwright,"<div class=""c-accordion__heading"" role=""tab"">"
9,https://cucatalog.org/polaris/search/default.aspx?ctx=6.1033.0.0.1&type=Browse,The Urbana Free Library,serious,nested-interactive,Ensure interactive controls are not nested as they are not always announced by screen readers or can cause focus problems for assistive technologies,Interactive controls must not be nested,https://dequeuniversity.com/rules/axe/4.10/nested-interactive?application=playwright,"<div class=""c-accordion__heading"" role=""tab"">"
9,https://cucatalog.org/polaris/search/default.aspx?ctx=6.1033.0.0.1&type=Browse,The Urbana Free Library,serious,nested-interactive,Ensure interactive controls are not nested as they are not always announced by screen readers or can cause focus problems for assistive technologies,Interactive controls must not be nested,https://dequeuniversity.com/rules/axe/4.10/nested-interactive?application=playwright,"<div class=""c-accordion__heading"" role=""tab"">"
9,https://cucatalog.org/polaris/search/default.aspx?ctx=6.1033.0.0.1&type=Browse,The Urbana Free Library,serious,nested-interactive,Ensure interactive controls are not nested as they are not always announced by screen readers or can cause focus problems for assistive technologies,Interactive controls must not be nested,https://dequeuniversity.com/rules/axe/4.10/nested-interactive?application=playwright,"<div class=""c-accordion__heading"" role=""tab"">"
9,https://cucatalog.org/polaris/search/default.aspx?ctx=6.1033.0.0.1&type=Browse,The Urbana Free Library,serious,nested-interactive,Ensure interactive controls are not nested as they are not always announced by screen readers or can cause focus problems for assistive technologies,Interactive controls must not be nested,https://dequeuniversity.com/rules/axe/4.10/nested-interactive?application=playwright,"<div class=""c-accordion__heading"" role=""tab"">"
9,https://cucatalog.org/polaris/search/default.aspx?ctx=6.1033.0.0.1&type=Browse,The Urbana Free Library,serious,nested-interactive,Ensure interactive controls are not nested as they are not always announced by screen readers or can cause focus problems for assistive technologies,Interactive controls must not be nested,https://dequeuniversity.com/rules/axe/4.10/nested-interactive?application=playwright,"<div class=""c-accordion__heading"" role=""tab"">"
9,https://cucatalog.org/polaris/search/default.aspx?ctx=6.1033.0.0.1&type=Browse,The Urbana Free Library,serious,nested-interactive,Ensure interactive controls are not nested as they are not always announced by screen readers or can cause focus problems for assistive technologies,Interactive controls must not be nested,https://dequeuniversity.com/rules/axe/4.10/nested-interactive?application=playwright,"<div class=""c-accordion__heading"" role=""tab"">"
9,https://cucatalog.org/polaris/search/default.aspx?ctx=6.1033.0.0.1&type=Browse,The Urbana Free Library,moderate,page-has-heading-one,"Ensure that the page, or at least one of its frames contains a level-one heading",Page should contain a level-one heading,https://dequeuniversity.com/rules/axe/4.10/page-has-heading-one?application=playwright,"<html class=""js flexbox flexboxlegacy canvas canvastext webgl no-touch geolocation postmessage no-websqldatabase indexeddb hashchange history draganddrop websockets rgba hsla multiplebgs backgroundsize borderimage borderradius boxshadow textshadow opacity cssanimations csscolumns cssgradients cssreflections csstransforms csstransforms3d csstransitions fontface generatedcontent video audio localstorage sessionstorage webworkers no-applicationcache svg inlinesvg smil svgclippaths"" lang=""en"" style="""">"
