Source Page,Link,Status,Link Text
"https://clearview.libnet.info/events","https://clearview.marmot.org/MyAccount/Home",403,"My Account"
"https://clearview.libnet.info/events","https://clearview.marmot.org/MaterialsRequest/NewRequest",403,"Suggest a Purchase"
"https://clearview.libnet.info/events","https://clearview.marmot.org/",403,"Catalog"
"https://clearview.libnet.info/events","https://clearviewlibrary.org/about-us/learn-more/future-projects",403,"Future Projects"
"https://clearview.libnet.info/events","https://www.cldfriends.org/",FAILED,"Friends of the Library"
"https://clearview.libnet.info/events","https://cldfriends.org/support/",FAILED,"Donate"
"https://clearview.libnet.info/events","https://www.cldfriends.org/donate",FAILED,"Donate"
"https://clearview.libnet.info/event/17240205","https://clearview.libnet.info/#x",404,"X"
"https://clearview.libnet.info/event/17240205","https://clearview.libnet.info/#facebook",404,"Facebook"
"https://clearview.libnet.info/event/17240205","https://clearview.libnet.info/#email",404,"Email"
"https://clearview.libnet.info/event/17240205","https://addtocalendar.com/atc/ical?utz=0&uln=en-US@posix&vjs=1.5&e[0][date_start]=2026-10-01%2000%3A00%3A00&e[0][date_end]=2026-10-01%2023%3A59%3A00&e[0][timezone]=America%2FDenver&e[0][title]=Family%20Art%20Challenge&e[0][description]=Family%20Art%20Challenge%20is%20for%20families%20to%20connect%20over%20creativity%20and%20a%20shared%20project.%20This%20month%2C%20bring%20new%20life%20to%20a%20thrifted%20painting.%20Whatever%20your%20family%20looks%20like%2C%20we%20welcome%20you!%20&e[0][location]=Take%20Home%20Kit%20-%20",FAILED,""
"https://clearview.libnet.info/event/17240205","https://addtocalendar.com/atc/google?utz=0&uln=en-US@posix&vjs=1.5&e[0][date_start]=2026-10-01%2000%3A00%3A00&e[0][date_end]=2026-10-01%2023%3A59%3A00&e[0][timezone]=America%2FDenver&e[0][title]=Family%20Art%20Challenge&e[0][description]=Family%20Art%20Challenge%20is%20for%20families%20to%20connect%20over%20creativity%20and%20a%20shared%20project.%20This%20month%2C%20bring%20new%20life%20to%20a%20thrifted%20painting.%20Whatever%20your%20family%20looks%20like%2C%20we%20welcome%20you!%20&e[0][location]=Take%20Home%20Kit%20-%20",FAILED,""
"https://clearview.libnet.info/event/17240205","https://addtocalendar.com/atc/outlook?utz=0&uln=en-US@posix&vjs=1.5&e[0][date_start]=2026-10-01%2000%3A00%3A00&e[0][date_end]=2026-10-01%2023%3A59%3A00&e[0][timezone]=America%2FDenver&e[0][title]=Family%20Art%20Challenge&e[0][description]=Family%20Art%20Challenge%20is%20for%20families%20to%20connect%20over%20creativity%20and%20a%20shared%20project.%20This%20month%2C%20bring%20new%20life%20to%20a%20thrifted%20painting.%20Whatever%20your%20family%20looks%20like%2C%20we%20welcome%20you!%20&e[0][location]=Take%20Home%20Kit%20-%20",FAILED,""
"https://clearview.libnet.info/event/17240205","https://addtocalendar.com/atc/outlookonline?utz=0&uln=en-US@posix&vjs=1.5&e[0][date_start]=2026-10-01%2000%3A00%3A00&e[0][date_end]=2026-10-01%2023%3A59%3A00&e[0][timezone]=America%2FDenver&e[0][title]=Family%20Art%20Challenge&e[0][description]=Family%20Art%20Challenge%20is%20for%20families%20to%20connect%20over%20creativity%20and%20a%20shared%20project.%20This%20month%2C%20bring%20new%20life%20to%20a%20thrifted%20painting.%20Whatever%20your%20family%20looks%20like%2C%20we%20welcome%20you!%20&e[0][location]=Take%20Home%20Kit%20-%20",FAILED,""
"https://clearview.libnet.info/event/17240205","https://addtocalendar.com/atc/yahoo?utz=0&uln=en-US@posix&vjs=1.5&e[0][date_start]=2026-10-01%2000%3A00%3A00&e[0][date_end]=2026-10-01%2023%3A59%3A00&e[0][timezone]=America%2FDenver&e[0][title]=Family%20Art%20Challenge&e[0][description]=Family%20Art%20Challenge%20is%20for%20families%20to%20connect%20over%20creativity%20and%20a%20shared%20project.%20This%20month%2C%20bring%20new%20life%20to%20a%20thrifted%20painting.%20Whatever%20your%20family%20looks%20like%2C%20we%20welcome%20you!%20&e[0][location]=Take%20Home%20Kit%20-%20",FAILED,""
"https://clearview.libnet.info/event/17240281","https://addtocalendar.com/atc/ical?utz=0&uln=en-US@posix&vjs=1.5&e[0][date_start]=2026-10-01%2010%3A00%3A00&e[0][date_end]=2026-10-01%2011%3A30%3A00&e[0][timezone]=America%2FDenver&e[0][title]=Thursdays%20at%20the%20Library&e[0][description]=Join%20us%20on%20select%20Thursdays%20at%20the%20library%20for%20a%20morning%20of%20delightful%20fun!%20This%20Thursday%2C%20join%20us%20for%20Fall%20Sensory%20Fun%20as%20we%20explore%20our%205%20senses!%20Ages%200-5&e[0][location]=Severance%20Library%20-%20Cottonwood",FAILED,""
"https://clearview.libnet.info/event/17240281","https://addtocalendar.com/atc/google?utz=0&uln=en-US@posix&vjs=1.5&e[0][date_start]=2026-10-01%2010%3A00%3A00&e[0][date_end]=2026-10-01%2011%3A30%3A00&e[0][timezone]=America%2FDenver&e[0][title]=Thursdays%20at%20the%20Library&e[0][description]=Join%20us%20on%20select%20Thursdays%20at%20the%20library%20for%20a%20morning%20of%20delightful%20fun!%20This%20Thursday%2C%20join%20us%20for%20Fall%20Sensory%20Fun%20as%20we%20explore%20our%205%20senses!%20Ages%200-5&e[0][location]=Severance%20Library%20-%20Cottonwood",FAILED,""
"https://clearview.libnet.info/event/17240281","https://addtocalendar.com/atc/outlook?utz=0&uln=en-US@posix&vjs=1.5&e[0][date_start]=2026-10-01%2010%3A00%3A00&e[0][date_end]=2026-10-01%2011%3A30%3A00&e[0][timezone]=America%2FDenver&e[0][title]=Thursdays%20at%20the%20Library&e[0][description]=Join%20us%20on%20select%20Thursdays%20at%20the%20library%20for%20a%20morning%20of%20delightful%20fun!%20This%20Thursday%2C%20join%20us%20for%20Fall%20Sensory%20Fun%20as%20we%20explore%20our%205%20senses!%20Ages%200-5&e[0][location]=Severance%20Library%20-%20Cottonwood",FAILED,""
"https://clearview.libnet.info/event/17240281","https://addtocalendar.com/atc/outlookonline?utz=0&uln=en-US@posix&vjs=1.5&e[0][date_start]=2026-10-01%2010%3A00%3A00&e[0][date_end]=2026-10-01%2011%3A30%3A00&e[0][timezone]=America%2FDenver&e[0][title]=Thursdays%20at%20the%20Library&e[0][description]=Join%20us%20on%20select%20Thursdays%20at%20the%20library%20for%20a%20morning%20of%20delightful%20fun!%20This%20Thursday%2C%20join%20us%20for%20Fall%20Sensory%20Fun%20as%20we%20explore%20our%205%20senses!%20Ages%200-5&e[0][location]=Severance%20Library%20-%20Cottonwood",FAILED,""
"https://clearview.libnet.info/event/17240281","https://addtocalendar.com/atc/yahoo?utz=0&uln=en-US@posix&vjs=1.5&e[0][date_start]=2026-10-01%2010%3A00%3A00&e[0][date_end]=2026-10-01%2011%3A30%3A00&e[0][timezone]=America%2FDenver&e[0][title]=Thursdays%20at%20the%20Library&e[0][description]=Join%20us%20on%20select%20Thursdays%20at%20the%20library%20for%20a%20morning%20of%20delightful%20fun!%20This%20Thursday%2C%20join%20us%20for%20Fall%20Sensory%20Fun%20as%20we%20explore%20our%205%20senses!%20Ages%200-5&e[0][location]=Severance%20Library%20-%20Cottonwood",FAILED,""
"https://clearview.libnet.info/event/17561189","https://addtocalendar.com/atc/ical?utz=0&uln=en-US@posix&vjs=1.5&e[0][date_start]=2026-10-01%2010%3A00%3A00&e[0][date_end]=2026-10-01%2011%3A00%3A00&e[0][timezone]=America%2FDenver&e[0][title]=PAWS%20for%20Reading&e[0][description]=Dogs%20%2B%20Reading%20%3D%20Magic%0A&e[0][location]=Windsor%20Library%20-%20",FAILED,""
"https://clearview.libnet.info/event/17561189","https://addtocalendar.com/atc/google?utz=0&uln=en-US@posix&vjs=1.5&e[0][date_start]=2026-10-01%2010%3A00%3A00&e[0][date_end]=2026-10-01%2011%3A00%3A00&e[0][timezone]=America%2FDenver&e[0][title]=PAWS%20for%20Reading&e[0][description]=Dogs%20%2B%20Reading%20%3D%20Magic%0A&e[0][location]=Windsor%20Library%20-%20",FAILED,""
"https://clearview.libnet.info/event/17561189","https://addtocalendar.com/atc/outlook?utz=0&uln=en-US@posix&vjs=1.5&e[0][date_start]=2026-10-01%2010%3A00%3A00&e[0][date_end]=2026-10-01%2011%3A00%3A00&e[0][timezone]=America%2FDenver&e[0][title]=PAWS%20for%20Reading&e[0][description]=Dogs%20%2B%20Reading%20%3D%20Magic%0A&e[0][location]=Windsor%20Library%20-%20",FAILED,""
"https://clearview.libnet.info/event/17561189","https://addtocalendar.com/atc/outlookonline?utz=0&uln=en-US@posix&vjs=1.5&e[0][date_start]=2026-10-01%2010%3A00%3A00&e[0][date_end]=2026-10-01%2011%3A00%3A00&e[0][timezone]=America%2FDenver&e[0][title]=PAWS%20for%20Reading&e[0][description]=Dogs%20%2B%20Reading%20%3D%20Magic%0A&e[0][location]=Windsor%20Library%20-%20",FAILED,""
"https://clearview.libnet.info/event/17561189","https://addtocalendar.com/atc/yahoo?utz=0&uln=en-US@posix&vjs=1.5&e[0][date_start]=2026-10-01%2010%3A00%3A00&e[0][date_end]=2026-10-01%2011%3A00%3A00&e[0][timezone]=America%2FDenver&e[0][title]=PAWS%20for%20Reading&e[0][description]=Dogs%20%2B%20Reading%20%3D%20Magic%0A&e[0][location]=Windsor%20Library%20-%20",FAILED,""
"https://clearview.libnet.info/event/17042856","https://addtocalendar.com/atc/ical?utz=0&uln=en-US@posix&vjs=1.5&e[0][date_start]=2026-10-01%2014%3A30%3A00&e[0][date_end]=2026-10-01%2015%3A00%3A00&e[0][timezone]=America%2FDenver&e[0][title]=Bookmobile%20Stop%20at%20Hollister%20Lake%20Elementary%20&e[0][description]=550%20Sundance%20Dr%20-%20Windsor&e[0][location]=Bookmobile%20-%20",FAILED,""
"https://clearview.libnet.info/event/17042856","https://addtocalendar.com/atc/google?utz=0&uln=en-US@posix&vjs=1.5&e[0][date_start]=2026-10-01%2014%3A30%3A00&e[0][date_end]=2026-10-01%2015%3A00%3A00&e[0][timezone]=America%2FDenver&e[0][title]=Bookmobile%20Stop%20at%20Hollister%20Lake%20Elementary%20&e[0][description]=550%20Sundance%20Dr%20-%20Windsor&e[0][location]=Bookmobile%20-%20",FAILED,""
"https://clearview.libnet.info/event/17042856","https://addtocalendar.com/atc/outlook?utz=0&uln=en-US@posix&vjs=1.5&e[0][date_start]=2026-10-01%2014%3A30%3A00&e[0][date_end]=2026-10-01%2015%3A00%3A00&e[0][timezone]=America%2FDenver&e[0][title]=Bookmobile%20Stop%20at%20Hollister%20Lake%20Elementary%20&e[0][description]=550%20Sundance%20Dr%20-%20Windsor&e[0][location]=Bookmobile%20-%20",FAILED,""
"https://clearview.libnet.info/event/17042856","https://addtocalendar.com/atc/outlookonline?utz=0&uln=en-US@posix&vjs=1.5&e[0][date_start]=2026-10-01%2014%3A30%3A00&e[0][date_end]=2026-10-01%2015%3A00%3A00&e[0][timezone]=America%2FDenver&e[0][title]=Bookmobile%20Stop%20at%20Hollister%20Lake%20Elementary%20&e[0][description]=550%20Sundance%20Dr%20-%20Windsor&e[0][location]=Bookmobile%20-%20",FAILED,""
"https://clearview.libnet.info/event/17042856","https://addtocalendar.com/atc/yahoo?utz=0&uln=en-US@posix&vjs=1.5&e[0][date_start]=2026-10-01%2014%3A30%3A00&e[0][date_end]=2026-10-01%2015%3A00%3A00&e[0][timezone]=America%2FDenver&e[0][title]=Bookmobile%20Stop%20at%20Hollister%20Lake%20Elementary%20&e[0][description]=550%20Sundance%20Dr%20-%20Windsor&e[0][location]=Bookmobile%20-%20",FAILED,""
"https://clearview.libnet.info/event/17233472","https://addtocalendar.com/atc/ical?utz=0&uln=en-US@posix&vjs=1.5&e[0][date_start]=2026-10-01%2015%3A15%3A00&e[0][date_end]=2026-10-01%2016%3A15%3A00&e[0][timezone]=America%2FDenver&e[0][title]=Young%20Scientists&e[0][description]=Join%20us%20to%20explore%20and%20learn%20about%20the%20world%20around%20you!%20Try%20your%20hand%20at%20being%20Frankenstein%20and%20make%20your%20own%20robot%20hand!%20Open%20to%20elementary-aged%20children%20and%20tweens%20ages%209-12.&e[0][location]=Windsor%20Library%20-%20Pikes%20Peak",FAILED,""
"https://clearview.libnet.info/event/17233472","https://addtocalendar.com/atc/google?utz=0&uln=en-US@posix&vjs=1.5&e[0][date_start]=2026-10-01%2015%3A15%3A00&e[0][date_end]=2026-10-01%2016%3A15%3A00&e[0][timezone]=America%2FDenver&e[0][title]=Young%20Scientists&e[0][description]=Join%20us%20to%20explore%20and%20learn%20about%20the%20world%20around%20you!%20Try%20your%20hand%20at%20being%20Frankenstein%20and%20make%20your%20own%20robot%20hand!%20Open%20to%20elementary-aged%20children%20and%20tweens%20ages%209-12.&e[0][location]=Windsor%20Library%20-%20Pikes%20Peak",FAILED,""
"https://clearview.libnet.info/event/17233472","https://addtocalendar.com/atc/outlook?utz=0&uln=en-US@posix&vjs=1.5&e[0][date_start]=2026-10-01%2015%3A15%3A00&e[0][date_end]=2026-10-01%2016%3A15%3A00&e[0][timezone]=America%2FDenver&e[0][title]=Young%20Scientists&e[0][description]=Join%20us%20to%20explore%20and%20learn%20about%20the%20world%20around%20you!%20Try%20your%20hand%20at%20being%20Frankenstein%20and%20make%20your%20own%20robot%20hand!%20Open%20to%20elementary-aged%20children%20and%20tweens%20ages%209-12.&e[0][location]=Windsor%20Library%20-%20Pikes%20Peak",FAILED,""
"https://clearview.libnet.info/event/17233472","https://addtocalendar.com/atc/outlookonline?utz=0&uln=en-US@posix&vjs=1.5&e[0][date_start]=2026-10-01%2015%3A15%3A00&e[0][date_end]=2026-10-01%2016%3A15%3A00&e[0][timezone]=America%2FDenver&e[0][title]=Young%20Scientists&e[0][description]=Join%20us%20to%20explore%20and%20learn%20about%20the%20world%20around%20you!%20Try%20your%20hand%20at%20being%20Frankenstein%20and%20make%20your%20own%20robot%20hand!%20Open%20to%20elementary-aged%20children%20and%20tweens%20ages%209-12.&e[0][location]=Windsor%20Library%20-%20Pikes%20Peak",FAILED,""
"https://clearview.libnet.info/event/17233472","https://addtocalendar.com/atc/yahoo?utz=0&uln=en-US@posix&vjs=1.5&e[0][date_start]=2026-10-01%2015%3A15%3A00&e[0][date_end]=2026-10-01%2016%3A15%3A00&e[0][timezone]=America%2FDenver&e[0][title]=Young%20Scientists&e[0][description]=Join%20us%20to%20explore%20and%20learn%20about%20the%20world%20around%20you!%20Try%20your%20hand%20at%20being%20Frankenstein%20and%20make%20your%20own%20robot%20hand!%20Open%20to%20elementary-aged%20children%20and%20tweens%20ages%209-12.&e[0][location]=Windsor%20Library%20-%20Pikes%20Peak",FAILED,""
"https://clearview.libnet.info/event/17042883","https://addtocalendar.com/atc/ical?utz=0&uln=en-US@posix&vjs=1.5&e[0][date_start]=2026-10-01%2015%3A30%3A00&e[0][date_end]=2026-10-01%2016%3A00%3A00&e[0][timezone]=America%2FDenver&e[0][title]=Bookmobile%20Stop%20at%20Overlook%20Park%20&e[0][description]=650%20Audubon%20Blvd%20-%20Severance&e[0][location]=Bookmobile%20-%20",FAILED,""
"https://clearview.libnet.info/event/17042883","https://addtocalendar.com/atc/google?utz=0&uln=en-US@posix&vjs=1.5&e[0][date_start]=2026-10-01%2015%3A30%3A00&e[0][date_end]=2026-10-01%2016%3A00%3A00&e[0][timezone]=America%2FDenver&e[0][title]=Bookmobile%20Stop%20at%20Overlook%20Park%20&e[0][description]=650%20Audubon%20Blvd%20-%20Severance&e[0][location]=Bookmobile%20-%20",FAILED,""
"https://clearview.libnet.info/event/17042883","https://addtocalendar.com/atc/outlook?utz=0&uln=en-US@posix&vjs=1.5&e[0][date_start]=2026-10-01%2015%3A30%3A00&e[0][date_end]=2026-10-01%2016%3A00%3A00&e[0][timezone]=America%2FDenver&e[0][title]=Bookmobile%20Stop%20at%20Overlook%20Park%20&e[0][description]=650%20Audubon%20Blvd%20-%20Severance&e[0][location]=Bookmobile%20-%20",FAILED,""
"https://clearview.libnet.info/event/17042883","https://addtocalendar.com/atc/outlookonline?utz=0&uln=en-US@posix&vjs=1.5&e[0][date_start]=2026-10-01%2015%3A30%3A00&e[0][date_end]=2026-10-01%2016%3A00%3A00&e[0][timezone]=America%2FDenver&e[0][title]=Bookmobile%20Stop%20at%20Overlook%20Park%20&e[0][description]=650%20Audubon%20Blvd%20-%20Severance&e[0][location]=Bookmobile%20-%20",FAILED,""
"https://clearview.libnet.info/event/17042883","https://addtocalendar.com/atc/yahoo?utz=0&uln=en-US@posix&vjs=1.5&e[0][date_start]=2026-10-01%2015%3A30%3A00&e[0][date_end]=2026-10-01%2016%3A00%3A00&e[0][timezone]=America%2FDenver&e[0][title]=Bookmobile%20Stop%20at%20Overlook%20Park%20&e[0][description]=650%20Audubon%20Blvd%20-%20Severance&e[0][location]=Bookmobile%20-%20",FAILED,""
"https://clearview.libnet.info/event/17042889","https://addtocalendar.com/atc/ical?utz=0&uln=en-US@posix&vjs=1.5&e[0][date_start]=2026-10-01%2016%3A30%3A00&e[0][date_end]=2026-10-01%2017%3A00%3A00&e[0][timezone]=America%2FDenver&e[0][title]=Bookmobile%20Stop%20at%20Village%20East%20Park&e[0][description]=865%20Park%20Edge%20Cir%20-%20Windsor&e[0][location]=Bookmobile%20-%20",FAILED,""
"https://clearview.libnet.info/event/17042889","https://addtocalendar.com/atc/google?utz=0&uln=en-US@posix&vjs=1.5&e[0][date_start]=2026-10-01%2016%3A30%3A00&e[0][date_end]=2026-10-01%2017%3A00%3A00&e[0][timezone]=America%2FDenver&e[0][title]=Bookmobile%20Stop%20at%20Village%20East%20Park&e[0][description]=865%20Park%20Edge%20Cir%20-%20Windsor&e[0][location]=Bookmobile%20-%20",FAILED,""
"https://clearview.libnet.info/event/17042889","https://addtocalendar.com/atc/outlook?utz=0&uln=en-US@posix&vjs=1.5&e[0][date_start]=2026-10-01%2016%3A30%3A00&e[0][date_end]=2026-10-01%2017%3A00%3A00&e[0][timezone]=America%2FDenver&e[0][title]=Bookmobile%20Stop%20at%20Village%20East%20Park&e[0][description]=865%20Park%20Edge%20Cir%20-%20Windsor&e[0][location]=Bookmobile%20-%20",FAILED,""
"https://clearview.libnet.info/event/17042889","https://addtocalendar.com/atc/outlookonline?utz=0&uln=en-US@posix&vjs=1.5&e[0][date_start]=2026-10-01%2016%3A30%3A00&e[0][date_end]=2026-10-01%2017%3A00%3A00&e[0][timezone]=America%2FDenver&e[0][title]=Bookmobile%20Stop%20at%20Village%20East%20Park&e[0][description]=865%20Park%20Edge%20Cir%20-%20Windsor&e[0][location]=Bookmobile%20-%20",FAILED,""
"https://clearview.libnet.info/event/17042889","https://addtocalendar.com/atc/yahoo?utz=0&uln=en-US@posix&vjs=1.5&e[0][date_start]=2026-10-01%2016%3A30%3A00&e[0][date_end]=2026-10-01%2017%3A00%3A00&e[0][timezone]=America%2FDenver&e[0][title]=Bookmobile%20Stop%20at%20Village%20East%20Park&e[0][description]=865%20Park%20Edge%20Cir%20-%20Windsor&e[0][location]=Bookmobile%20-%20",FAILED,""
"https://clearview.libnet.info/event/17042913","https://addtocalendar.com/atc/ical?utz=0&uln=en-US@posix&vjs=1.5&e[0][date_start]=2026-10-01%2017%3A30%3A00&e[0][date_end]=2026-10-01%2018%3A00%3A00&e[0][timezone]=America%2FDenver&e[0][title]=Bookmobile%20Stop%20at%20Promontory%20Community%20Park%20&e[0][description]=W%2013th%20St%20-%20Greeley&e[0][location]=Bookmobile%20-%20",FAILED,""
"https://clearview.libnet.info/event/17042913","https://addtocalendar.com/atc/google?utz=0&uln=en-US@posix&vjs=1.5&e[0][date_start]=2026-10-01%2017%3A30%3A00&e[0][date_end]=2026-10-01%2018%3A00%3A00&e[0][timezone]=America%2FDenver&e[0][title]=Bookmobile%20Stop%20at%20Promontory%20Community%20Park%20&e[0][description]=W%2013th%20St%20-%20Greeley&e[0][location]=Bookmobile%20-%20",FAILED,""
"https://clearview.libnet.info/event/17042913","https://addtocalendar.com/atc/outlook?utz=0&uln=en-US@posix&vjs=1.5&e[0][date_start]=2026-10-01%2017%3A30%3A00&e[0][date_end]=2026-10-01%2018%3A00%3A00&e[0][timezone]=America%2FDenver&e[0][title]=Bookmobile%20Stop%20at%20Promontory%20Community%20Park%20&e[0][description]=W%2013th%20St%20-%20Greeley&e[0][location]=Bookmobile%20-%20",FAILED,""
"https://clearview.libnet.info/event/17042913","https://addtocalendar.com/atc/outlookonline?utz=0&uln=en-US@posix&vjs=1.5&e[0][date_start]=2026-10-01%2017%3A30%3A00&e[0][date_end]=2026-10-01%2018%3A00%3A00&e[0][timezone]=America%2FDenver&e[0][title]=Bookmobile%20Stop%20at%20Promontory%20Community%20Park%20&e[0][description]=W%2013th%20St%20-%20Greeley&e[0][location]=Bookmobile%20-%20",FAILED,""
"https://clearview.libnet.info/event/17042913","https://addtocalendar.com/atc/yahoo?utz=0&uln=en-US@posix&vjs=1.5&e[0][date_start]=2026-10-01%2017%3A30%3A00&e[0][date_end]=2026-10-01%2018%3A00%3A00&e[0][timezone]=America%2FDenver&e[0][title]=Bookmobile%20Stop%20at%20Promontory%20Community%20Park%20&e[0][description]=W%2013th%20St%20-%20Greeley&e[0][location]=Bookmobile%20-%20",FAILED,""
"https://clearview.libnet.info/v","https://clearview.libnet.info/",404,"home page"
"https://clearview.libnet.info/v","https://clearview.libnet.info/location/Administrative%20Services%20Building",404,"Administrative Services Building"
"https://clearview.libnet.info/v","https://clearview.libnet.info/location/Severance%20Library",404,"Severance Library"
"https://clearview.libnet.info/v","https://clearview.libnet.info/location/Bookmobile",404,"Bookmobile"
"https://clearview.libnet.info/v","https://clearview.libnet.info/location/Windsor%20Library",404,"Windsor Library"
"https://clearview.libnet.info/event/17228899","https://addtocalendar.com/atc/ical?utz=0&uln=en-US@posix&vjs=1.5&e[0][date_start]=2026-10-02%2009%3A30%3A00&e[0][date_end]=2026-10-02%2010%3A00%3A00&e[0][timezone]=America%2FDenver&e[0][title]=Babies%20and%20Books&e[0][description]=Grow%20your%20reader%20as%20we%20enjoy%20books%2C%20rhymes%2C%20songs%2C%20sensory%20activities%2C%20and%20active%20movement%20during%20this%20lapsit%20storytime.%20For%20ages%20birth%20to%202%20years.%20Older%20siblings%20welcome.&e[0][location]=Windsor%20Library%20-%20Pikes%20Peak",FAILED,""
"https://clearview.libnet.info/event/17228899","https://addtocalendar.com/atc/google?utz=0&uln=en-US@posix&vjs=1.5&e[0][date_start]=2026-10-02%2009%3A30%3A00&e[0][date_end]=2026-10-02%2010%3A00%3A00&e[0][timezone]=America%2FDenver&e[0][title]=Babies%20and%20Books&e[0][description]=Grow%20your%20reader%20as%20we%20enjoy%20books%2C%20rhymes%2C%20songs%2C%20sensory%20activities%2C%20and%20active%20movement%20during%20this%20lapsit%20storytime.%20For%20ages%20birth%20to%202%20years.%20Older%20siblings%20welcome.&e[0][location]=Windsor%20Library%20-%20Pikes%20Peak",FAILED,""
"https://clearview.libnet.info/event/17228899","https://addtocalendar.com/atc/outlook?utz=0&uln=en-US@posix&vjs=1.5&e[0][date_start]=2026-10-02%2009%3A30%3A00&e[0][date_end]=2026-10-02%2010%3A00%3A00&e[0][timezone]=America%2FDenver&e[0][title]=Babies%20and%20Books&e[0][description]=Grow%20your%20reader%20as%20we%20enjoy%20books%2C%20rhymes%2C%20songs%2C%20sensory%20activities%2C%20and%20active%20movement%20during%20this%20lapsit%20storytime.%20For%20ages%20birth%20to%202%20years.%20Older%20siblings%20welcome.&e[0][location]=Windsor%20Library%20-%20Pikes%20Peak",FAILED,""
"https://clearview.libnet.info/event/17228899","https://addtocalendar.com/atc/outlookonline?utz=0&uln=en-US@posix&vjs=1.5&e[0][date_start]=2026-10-02%2009%3A30%3A00&e[0][date_end]=2026-10-02%2010%3A00%3A00&e[0][timezone]=America%2FDenver&e[0][title]=Babies%20and%20Books&e[0][description]=Grow%20your%20reader%20as%20we%20enjoy%20books%2C%20rhymes%2C%20songs%2C%20sensory%20activities%2C%20and%20active%20movement%20during%20this%20lapsit%20storytime.%20For%20ages%20birth%20to%202%20years.%20Older%20siblings%20welcome.&e[0][location]=Windsor%20Library%20-%20Pikes%20Peak",FAILED,""
"https://clearview.libnet.info/event/17228899","https://addtocalendar.com/atc/yahoo?utz=0&uln=en-US@posix&vjs=1.5&e[0][date_start]=2026-10-02%2009%3A30%3A00&e[0][date_end]=2026-10-02%2010%3A00%3A00&e[0][timezone]=America%2FDenver&e[0][title]=Babies%20and%20Books&e[0][description]=Grow%20your%20reader%20as%20we%20enjoy%20books%2C%20rhymes%2C%20songs%2C%20sensory%20activities%2C%20and%20active%20movement%20during%20this%20lapsit%20storytime.%20For%20ages%20birth%20to%202%20years.%20Older%20siblings%20welcome.&e[0][location]=Windsor%20Library%20-%20Pikes%20Peak",FAILED,""
"https://clearview.libnet.info/event/17229024","https://addtocalendar.com/atc/ical?utz=0&uln=en-US@posix&vjs=1.5&e[0][date_start]=2026-10-02%2010%3A00%3A00&e[0][date_end]=2026-10-02%2010%3A30%3A00&e[0][timezone]=America%2FDenver&e[0][title]=Stay%20and%20Play%20&e[0][description]=Babies%20and%20toddlers%20will%20enjoy%20open-ended%20playtime%20in%20a%20relaxed%20atmosphere%20that%20promotes%20growth%2C%20exploration%2C%20and%20learning.%20Intended%20for%20children%20ages%200%20to%202%20and%20their%20caregivers%20or%20families.&e[0][location]=Windsor%20Library%20-%20Pikes%20Peak",FAILED,""
"https://clearview.libnet.info/event/17229024","https://addtocalendar.com/atc/google?utz=0&uln=en-US@posix&vjs=1.5&e[0][date_start]=2026-10-02%2010%3A00%3A00&e[0][date_end]=2026-10-02%2010%3A30%3A00&e[0][timezone]=America%2FDenver&e[0][title]=Stay%20and%20Play%20&e[0][description]=Babies%20and%20toddlers%20will%20enjoy%20open-ended%20playtime%20in%20a%20relaxed%20atmosphere%20that%20promotes%20growth%2C%20exploration%2C%20and%20learning.%20Intended%20for%20children%20ages%200%20to%202%20and%20their%20caregivers%20or%20families.&e[0][location]=Windsor%20Library%20-%20Pikes%20Peak",FAILED,""
"https://clearview.libnet.info/event/17229024","https://addtocalendar.com/atc/outlook?utz=0&uln=en-US@posix&vjs=1.5&e[0][date_start]=2026-10-02%2010%3A00%3A00&e[0][date_end]=2026-10-02%2010%3A30%3A00&e[0][timezone]=America%2FDenver&e[0][title]=Stay%20and%20Play%20&e[0][description]=Babies%20and%20toddlers%20will%20enjoy%20open-ended%20playtime%20in%20a%20relaxed%20atmosphere%20that%20promotes%20growth%2C%20exploration%2C%20and%20learning.%20Intended%20for%20children%20ages%200%20to%202%20and%20their%20caregivers%20or%20families.&e[0][location]=Windsor%20Library%20-%20Pikes%20Peak",FAILED,""
"https://clearview.libnet.info/event/17229024","https://addtocalendar.com/atc/outlookonline?utz=0&uln=en-US@posix&vjs=1.5&e[0][date_start]=2026-10-02%2010%3A00%3A00&e[0][date_end]=2026-10-02%2010%3A30%3A00&e[0][timezone]=America%2FDenver&e[0][title]=Stay%20and%20Play%20&e[0][description]=Babies%20and%20toddlers%20will%20enjoy%20open-ended%20playtime%20in%20a%20relaxed%20atmosphere%20that%20promotes%20growth%2C%20exploration%2C%20and%20learning.%20Intended%20for%20children%20ages%200%20to%202%20and%20their%20caregivers%20or%20families.&e[0][location]=Windsor%20Library%20-%20Pikes%20Peak",FAILED,""
"https://clearview.libnet.info/event/17229024","https://addtocalendar.com/atc/yahoo?utz=0&uln=en-US@posix&vjs=1.5&e[0][date_start]=2026-10-02%2010%3A00%3A00&e[0][date_end]=2026-10-02%2010%3A30%3A00&e[0][timezone]=America%2FDenver&e[0][title]=Stay%20and%20Play%20&e[0][description]=Babies%20and%20toddlers%20will%20enjoy%20open-ended%20playtime%20in%20a%20relaxed%20atmosphere%20that%20promotes%20growth%2C%20exploration%2C%20and%20learning.%20Intended%20for%20children%20ages%200%20to%202%20and%20their%20caregivers%20or%20families.&e[0][location]=Windsor%20Library%20-%20Pikes%20Peak",FAILED,""
"https://clearview.libnet.info/event/17561195","https://addtocalendar.com/atc/ical?utz=0&uln=en-US@posix&vjs=1.5&e[0][date_start]=2026-10-02%2010%3A00%3A00&e[0][date_end]=2026-10-02%2011%3A00%3A00&e[0][timezone]=America%2FDenver&e[0][title]=PAWS%20for%20Reading&e[0][description]=Dogs%20%2B%20Reading%20%3D%20Magic%0A&e[0][location]=Windsor%20Library%20-%20",FAILED,""
"https://clearview.libnet.info/event/17561195","https://addtocalendar.com/atc/google?utz=0&uln=en-US@posix&vjs=1.5&e[0][date_start]=2026-10-02%2010%3A00%3A00&e[0][date_end]=2026-10-02%2011%3A00%3A00&e[0][timezone]=America%2FDenver&e[0][title]=PAWS%20for%20Reading&e[0][description]=Dogs%20%2B%20Reading%20%3D%20Magic%0A&e[0][location]=Windsor%20Library%20-%20",FAILED,""
"https://clearview.libnet.info/event/17561195","https://addtocalendar.com/atc/outlook?utz=0&uln=en-US@posix&vjs=1.5&e[0][date_start]=2026-10-02%2010%3A00%3A00&e[0][date_end]=2026-10-02%2011%3A00%3A00&e[0][timezone]=America%2FDenver&e[0][title]=PAWS%20for%20Reading&e[0][description]=Dogs%20%2B%20Reading%20%3D%20Magic%0A&e[0][location]=Windsor%20Library%20-%20",FAILED,""
"https://clearview.libnet.info/event/17561195","https://addtocalendar.com/atc/outlookonline?utz=0&uln=en-US@posix&vjs=1.5&e[0][date_start]=2026-10-02%2010%3A00%3A00&e[0][date_end]=2026-10-02%2011%3A00%3A00&e[0][timezone]=America%2FDenver&e[0][title]=PAWS%20for%20Reading&e[0][description]=Dogs%20%2B%20Reading%20%3D%20Magic%0A&e[0][location]=Windsor%20Library%20-%20",FAILED,""
"https://clearview.libnet.info/event/17561195","https://addtocalendar.com/atc/yahoo?utz=0&uln=en-US@posix&vjs=1.5&e[0][date_start]=2026-10-02%2010%3A00%3A00&e[0][date_end]=2026-10-02%2011%3A00%3A00&e[0][timezone]=America%2FDenver&e[0][title]=PAWS%20for%20Reading&e[0][description]=Dogs%20%2B%20Reading%20%3D%20Magic%0A&e[0][location]=Windsor%20Library%20-%20",FAILED,""
"https://clearview.libnet.info/event/17042936","https://addtocalendar.com/atc/ical?utz=0&uln=en-US@posix&vjs=1.5&e[0][date_start]=2026-10-02%2014%3A30%3A00&e[0][date_end]=2026-10-02%2015%3A00%3A00&e[0][timezone]=America%2FDenver&e[0][title]=Bookmobile%20Stop%20at%20Range%20View%20Elementary%20&e[0][description]=700%20Ponderosa%20Dr%20-%20Severance&e[0][location]=Bookmobile%20-%20",FAILED,""
"https://clearview.libnet.info/event/17042936","https://addtocalendar.com/atc/google?utz=0&uln=en-US@posix&vjs=1.5&e[0][date_start]=2026-10-02%2014%3A30%3A00&e[0][date_end]=2026-10-02%2015%3A00%3A00&e[0][timezone]=America%2FDenver&e[0][title]=Bookmobile%20Stop%20at%20Range%20View%20Elementary%20&e[0][description]=700%20Ponderosa%20Dr%20-%20Severance&e[0][location]=Bookmobile%20-%20",FAILED,""
"https://clearview.libnet.info/event/17042936","https://addtocalendar.com/atc/outlook?utz=0&uln=en-US@posix&vjs=1.5&e[0][date_start]=2026-10-02%2014%3A30%3A00&e[0][date_end]=2026-10-02%2015%3A00%3A00&e[0][timezone]=America%2FDenver&e[0][title]=Bookmobile%20Stop%20at%20Range%20View%20Elementary%20&e[0][description]=700%20Ponderosa%20Dr%20-%20Severance&e[0][location]=Bookmobile%20-%20",FAILED,""
"https://clearview.libnet.info/event/17042936","https://addtocalendar.com/atc/outlookonline?utz=0&uln=en-US@posix&vjs=1.5&e[0][date_start]=2026-10-02%2014%3A30%3A00&e[0][date_end]=2026-10-02%2015%3A00%3A00&e[0][timezone]=America%2FDenver&e[0][title]=Bookmobile%20Stop%20at%20Range%20View%20Elementary%20&e[0][description]=700%20Ponderosa%20Dr%20-%20Severance&e[0][location]=Bookmobile%20-%20",FAILED,""
"https://clearview.libnet.info/event/17042936","https://addtocalendar.com/atc/yahoo?utz=0&uln=en-US@posix&vjs=1.5&e[0][date_start]=2026-10-02%2014%3A30%3A00&e[0][date_end]=2026-10-02%2015%3A00%3A00&e[0][timezone]=America%2FDenver&e[0][title]=Bookmobile%20Stop%20at%20Range%20View%20Elementary%20&e[0][description]=700%20Ponderosa%20Dr%20-%20Severance&e[0][location]=Bookmobile%20-%20",FAILED,""
"https://clearview.libnet.info/event/17228099","https://addtocalendar.com/atc/ical?utz=0&uln=en-US@posix&vjs=1.5&e[0][date_start]=2026-10-03%2012%3A00%3A00&e[0][date_end]=2026-10-03%2016%3A00%3A00&e[0][timezone]=America%2FDenver&e[0][title]=Teen%20Dungeons%20%26amp%3B%20Dragons&e[0][description]=Monthly%20campaigns%20will%20be%20led%20by%20our%20expert%20Dungeon%20Master.%20Teens%20will%20have%20the%20chance%20to%20work%20on%20their%20characters%2C%20learn%20the%20basics%20of%20Dungeons%20%26amp%3B%20Dragons%2C%20and%20role-play%20in%20a%20world%20where%20dragons%20rule.&e[0][location]=Windsor%20Library%20-%20Pikes%20Peak",FAILED,""
"https://clearview.libnet.info/event/17228099","https://addtocalendar.com/atc/google?utz=0&uln=en-US@posix&vjs=1.5&e[0][date_start]=2026-10-03%2012%3A00%3A00&e[0][date_end]=2026-10-03%2016%3A00%3A00&e[0][timezone]=America%2FDenver&e[0][title]=Teen%20Dungeons%20%26amp%3B%20Dragons&e[0][description]=Monthly%20campaigns%20will%20be%20led%20by%20our%20expert%20Dungeon%20Master.%20Teens%20will%20have%20the%20chance%20to%20work%20on%20their%20characters%2C%20learn%20the%20basics%20of%20Dungeons%20%26amp%3B%20Dragons%2C%20and%20role-play%20in%20a%20world%20where%20dragons%20rule.&e[0][location]=Windsor%20Library%20-%20Pikes%20Peak",FAILED,""
"https://clearview.libnet.info/event/17228099","https://addtocalendar.com/atc/outlook?utz=0&uln=en-US@posix&vjs=1.5&e[0][date_start]=2026-10-03%2012%3A00%3A00&e[0][date_end]=2026-10-03%2016%3A00%3A00&e[0][timezone]=America%2FDenver&e[0][title]=Teen%20Dungeons%20%26amp%3B%20Dragons&e[0][description]=Monthly%20campaigns%20will%20be%20led%20by%20our%20expert%20Dungeon%20Master.%20Teens%20will%20have%20the%20chance%20to%20work%20on%20their%20characters%2C%20learn%20the%20basics%20of%20Dungeons%20%26amp%3B%20Dragons%2C%20and%20role-play%20in%20a%20world%20where%20dragons%20rule.&e[0][location]=Windsor%20Library%20-%20Pikes%20Peak",FAILED,""
"https://clearview.libnet.info/event/17228099","https://addtocalendar.com/atc/outlookonline?utz=0&uln=en-US@posix&vjs=1.5&e[0][date_start]=2026-10-03%2012%3A00%3A00&e[0][date_end]=2026-10-03%2016%3A00%3A00&e[0][timezone]=America%2FDenver&e[0][title]=Teen%20Dungeons%20%26amp%3B%20Dragons&e[0][description]=Monthly%20campaigns%20will%20be%20led%20by%20our%20expert%20Dungeon%20Master.%20Teens%20will%20have%20the%20chance%20to%20work%20on%20their%20characters%2C%20learn%20the%20basics%20of%20Dungeons%20%26amp%3B%20Dragons%2C%20and%20role-play%20in%20a%20world%20where%20dragons%20rule.&e[0][location]=Windsor%20Library%20-%20Pikes%20Peak",FAILED,""
"https://clearview.libnet.info/event/17228099","https://addtocalendar.com/atc/yahoo?utz=0&uln=en-US@posix&vjs=1.5&e[0][date_start]=2026-10-03%2012%3A00%3A00&e[0][date_end]=2026-10-03%2016%3A00%3A00&e[0][timezone]=America%2FDenver&e[0][title]=Teen%20Dungeons%20%26amp%3B%20Dragons&e[0][description]=Monthly%20campaigns%20will%20be%20led%20by%20our%20expert%20Dungeon%20Master.%20Teens%20will%20have%20the%20chance%20to%20work%20on%20their%20characters%2C%20learn%20the%20basics%20of%20Dungeons%20%26amp%3B%20Dragons%2C%20and%20role-play%20in%20a%20world%20where%20dragons%20rule.&e[0][location]=Windsor%20Library%20-%20Pikes%20Peak",FAILED,""
"https://clearview.libnet.info/event/17269453","https://addtocalendar.com/atc/ical?utz=0&uln=en-US@posix&vjs=1.5&e[0][date_start]=2026-10-03%2012%3A00%3A00&e[0][date_end]=2026-10-03%2016%3A00%3A00&e[0][timezone]=America%2FDenver&e[0][title]=Dungeons%20%26amp%3B%20Dragons%20for%20Adults&e[0][description]=Step%20into%20a%20world%20of%20magic%2C%20mystery%2C%20and%20adventure%20with%20Dungeons%20%26amp%3B%20Dragons%20for%20Adults!&e[0][location]=Windsor%20Library%20-%20James%20Peak",FAILED,""
"https://clearview.libnet.info/event/17269453","https://addtocalendar.com/atc/google?utz=0&uln=en-US@posix&vjs=1.5&e[0][date_start]=2026-10-03%2012%3A00%3A00&e[0][date_end]=2026-10-03%2016%3A00%3A00&e[0][timezone]=America%2FDenver&e[0][title]=Dungeons%20%26amp%3B%20Dragons%20for%20Adults&e[0][description]=Step%20into%20a%20world%20of%20magic%2C%20mystery%2C%20and%20adventure%20with%20Dungeons%20%26amp%3B%20Dragons%20for%20Adults!&e[0][location]=Windsor%20Library%20-%20James%20Peak",FAILED,""
"https://clearview.libnet.info/event/17269453","https://addtocalendar.com/atc/outlook?utz=0&uln=en-US@posix&vjs=1.5&e[0][date_start]=2026-10-03%2012%3A00%3A00&e[0][date_end]=2026-10-03%2016%3A00%3A00&e[0][timezone]=America%2FDenver&e[0][title]=Dungeons%20%26amp%3B%20Dragons%20for%20Adults&e[0][description]=Step%20into%20a%20world%20of%20magic%2C%20mystery%2C%20and%20adventure%20with%20Dungeons%20%26amp%3B%20Dragons%20for%20Adults!&e[0][location]=Windsor%20Library%20-%20James%20Peak",FAILED,""
"https://clearview.libnet.info/event/17269453","https://addtocalendar.com/atc/outlookonline?utz=0&uln=en-US@posix&vjs=1.5&e[0][date_start]=2026-10-03%2012%3A00%3A00&e[0][date_end]=2026-10-03%2016%3A00%3A00&e[0][timezone]=America%2FDenver&e[0][title]=Dungeons%20%26amp%3B%20Dragons%20for%20Adults&e[0][description]=Step%20into%20a%20world%20of%20magic%2C%20mystery%2C%20and%20adventure%20with%20Dungeons%20%26amp%3B%20Dragons%20for%20Adults!&e[0][location]=Windsor%20Library%20-%20James%20Peak",FAILED,""
"https://clearview.libnet.info/event/17269453","https://addtocalendar.com/atc/yahoo?utz=0&uln=en-US@posix&vjs=1.5&e[0][date_start]=2026-10-03%2012%3A00%3A00&e[0][date_end]=2026-10-03%2016%3A00%3A00&e[0][timezone]=America%2FDenver&e[0][title]=Dungeons%20%26amp%3B%20Dragons%20for%20Adults&e[0][description]=Step%20into%20a%20world%20of%20magic%2C%20mystery%2C%20and%20adventure%20with%20Dungeons%20%26amp%3B%20Dragons%20for%20Adults!&e[0][location]=Windsor%20Library%20-%20James%20Peak",FAILED,""
"https://clearview.libnet.info/event/17227921","https://addtocalendar.com/atc/ical?utz=0&uln=en-US@posix&vjs=1.5&e[0][date_start]=2026-10-05%2010%3A00%3A00&e[0][date_end]=2026-10-05%2010%3A30%3A00&e[0][timezone]=America%2FDenver&e[0][title]=Read%2C%20Rhyme%2C%20and%20Romp&e[0][description]=Join%20us%20for%20an%20active%20storytime!%20We%20will%20read%20books%2C%20sing%2C%20and%20enjoy%20rhymes%20that%20encourage%20us%20all%20to%20get%20up%20and%20move!%20For%20ages%200-5.&e[0][location]=Severance%20Library%20-%20Cottonwood",FAILED,""
"https://clearview.libnet.info/event/17227921","https://addtocalendar.com/atc/google?utz=0&uln=en-US@posix&vjs=1.5&e[0][date_start]=2026-10-05%2010%3A00%3A00&e[0][date_end]=2026-10-05%2010%3A30%3A00&e[0][timezone]=America%2FDenver&e[0][title]=Read%2C%20Rhyme%2C%20and%20Romp&e[0][description]=Join%20us%20for%20an%20active%20storytime!%20We%20will%20read%20books%2C%20sing%2C%20and%20enjoy%20rhymes%20that%20encourage%20us%20all%20to%20get%20up%20and%20move!%20For%20ages%200-5.&e[0][location]=Severance%20Library%20-%20Cottonwood",FAILED,""
"https://clearview.libnet.info/event/17227921","https://addtocalendar.com/atc/outlook?utz=0&uln=en-US@posix&vjs=1.5&e[0][date_start]=2026-10-05%2010%3A00%3A00&e[0][date_end]=2026-10-05%2010%3A30%3A00&e[0][timezone]=America%2FDenver&e[0][title]=Read%2C%20Rhyme%2C%20and%20Romp&e[0][description]=Join%20us%20for%20an%20active%20storytime!%20We%20will%20read%20books%2C%20sing%2C%20and%20enjoy%20rhymes%20that%20encourage%20us%20all%20to%20get%20up%20and%20move!%20For%20ages%200-5.&e[0][location]=Severance%20Library%20-%20Cottonwood",FAILED,""
"https://clearview.libnet.info/event/17227921","https://addtocalendar.com/atc/outlookonline?utz=0&uln=en-US@posix&vjs=1.5&e[0][date_start]=2026-10-05%2010%3A00%3A00&e[0][date_end]=2026-10-05%2010%3A30%3A00&e[0][timezone]=America%2FDenver&e[0][title]=Read%2C%20Rhyme%2C%20and%20Romp&e[0][description]=Join%20us%20for%20an%20active%20storytime!%20We%20will%20read%20books%2C%20sing%2C%20and%20enjoy%20rhymes%20that%20encourage%20us%20all%20to%20get%20up%20and%20move!%20For%20ages%200-5.&e[0][location]=Severance%20Library%20-%20Cottonwood",FAILED,""
"https://clearview.libnet.info/event/17227921","https://addtocalendar.com/atc/yahoo?utz=0&uln=en-US@posix&vjs=1.5&e[0][date_start]=2026-10-05%2010%3A00%3A00&e[0][date_end]=2026-10-05%2010%3A30%3A00&e[0][timezone]=America%2FDenver&e[0][title]=Read%2C%20Rhyme%2C%20and%20Romp&e[0][description]=Join%20us%20for%20an%20active%20storytime!%20We%20will%20read%20books%2C%20sing%2C%20and%20enjoy%20rhymes%20that%20encourage%20us%20all%20to%20get%20up%20and%20move!%20For%20ages%200-5.&e[0][location]=Severance%20Library%20-%20Cottonwood",FAILED,""
"https://clearview.libnet.info/event/17224856","https://addtocalendar.com/atc/ical?utz=0&uln=en-US@posix&vjs=1.5&e[0][date_start]=2026-10-05%2010%3A00%3A00&e[0][date_end]=2026-10-05%2010%3A30%3A00&e[0][timezone]=America%2FDenver&e[0][title]=Messy%20Monster%20Monday&e[0][description]=Come%20to%20the%20library%20for%20some%20fun%20(and%20did%20we%20say%20MESSY!)%20process%20art%3B%20open-ended%20art%20experiences%20where%20your%20child%20is%20the%20creator%20of%20whatever%20they%20want%20to%20make!%20This%20program%20is%20for%20children%20ages%202-5.&e[0][location]=Windsor%20Library%20-%20Pikes%20Peak",FAILED,""
"https://clearview.libnet.info/event/17224856","https://addtocalendar.com/atc/google?utz=0&uln=en-US@posix&vjs=1.5&e[0][date_start]=2026-10-05%2010%3A00%3A00&e[0][date_end]=2026-10-05%2010%3A30%3A00&e[0][timezone]=America%2FDenver&e[0][title]=Messy%20Monster%20Monday&e[0][description]=Come%20to%20the%20library%20for%20some%20fun%20(and%20did%20we%20say%20MESSY!)%20process%20art%3B%20open-ended%20art%20experiences%20where%20your%20child%20is%20the%20creator%20of%20whatever%20they%20want%20to%20make!%20This%20program%20is%20for%20children%20ages%202-5.&e[0][location]=Windsor%20Library%20-%20Pikes%20Peak",FAILED,""
"https://clearview.libnet.info/event/17224856","https://addtocalendar.com/atc/outlook?utz=0&uln=en-US@posix&vjs=1.5&e[0][date_start]=2026-10-05%2010%3A00%3A00&e[0][date_end]=2026-10-05%2010%3A30%3A00&e[0][timezone]=America%2FDenver&e[0][title]=Messy%20Monster%20Monday&e[0][description]=Come%20to%20the%20library%20for%20some%20fun%20(and%20did%20we%20say%20MESSY!)%20process%20art%3B%20open-ended%20art%20experiences%20where%20your%20child%20is%20the%20creator%20of%20whatever%20they%20want%20to%20make!%20This%20program%20is%20for%20children%20ages%202-5.&e[0][location]=Windsor%20Library%20-%20Pikes%20Peak",FAILED,""
"https://clearview.libnet.info/event/17224856","https://addtocalendar.com/atc/outlookonline?utz=0&uln=en-US@posix&vjs=1.5&e[0][date_start]=2026-10-05%2010%3A00%3A00&e[0][date_end]=2026-10-05%2010%3A30%3A00&e[0][timezone]=America%2FDenver&e[0][title]=Messy%20Monster%20Monday&e[0][description]=Come%20to%20the%20library%20for%20some%20fun%20(and%20did%20we%20say%20MESSY!)%20process%20art%3B%20open-ended%20art%20experiences%20where%20your%20child%20is%20the%20creator%20of%20whatever%20they%20want%20to%20make!%20This%20program%20is%20for%20children%20ages%202-5.&e[0][location]=Windsor%20Library%20-%20Pikes%20Peak",FAILED,""
"https://clearview.libnet.info/event/17224856","https://addtocalendar.com/atc/yahoo?utz=0&uln=en-US@posix&vjs=1.5&e[0][date_start]=2026-10-05%2010%3A00%3A00&e[0][date_end]=2026-10-05%2010%3A30%3A00&e[0][timezone]=America%2FDenver&e[0][title]=Messy%20Monster%20Monday&e[0][description]=Come%20to%20the%20library%20for%20some%20fun%20(and%20did%20we%20say%20MESSY!)%20process%20art%3B%20open-ended%20art%20experiences%20where%20your%20child%20is%20the%20creator%20of%20whatever%20they%20want%20to%20make!%20This%20program%20is%20for%20children%20ages%202-5.&e[0][location]=Windsor%20Library%20-%20Pikes%20Peak",FAILED,""
"https://clearview.libnet.info/event/17227961","https://addtocalendar.com/atc/ical?utz=0&uln=en-US@posix&vjs=1.5&e[0][date_start]=2026-10-05%2010%3A30%3A00&e[0][date_end]=2026-10-05%2011%3A00%3A00&e[0][timezone]=America%2FDenver&e[0][title]=Stay%20and%20Play&e[0][description]=Children%20will%20enjoy%20open-ended%20playtime%20in%20a%20relaxed%20atmosphere%20that%20promotes%20growth%2C%20exploration%2C%20and%20learning.%20Intended%20for%20children%20ages%200%20to%205%20and%20their%20caregivers%20or%20families.&e[0][location]=Severance%20Library%20-%20Cottonwood",FAILED,""
"https://clearview.libnet.info/event/17227961","https://addtocalendar.com/atc/google?utz=0&uln=en-US@posix&vjs=1.5&e[0][date_start]=2026-10-05%2010%3A30%3A00&e[0][date_end]=2026-10-05%2011%3A00%3A00&e[0][timezone]=America%2FDenver&e[0][title]=Stay%20and%20Play&e[0][description]=Children%20will%20enjoy%20open-ended%20playtime%20in%20a%20relaxed%20atmosphere%20that%20promotes%20growth%2C%20exploration%2C%20and%20learning.%20Intended%20for%20children%20ages%200%20to%205%20and%20their%20caregivers%20or%20families.&e[0][location]=Severance%20Library%20-%20Cottonwood",FAILED,""
"https://clearview.libnet.info/event/17227961","https://addtocalendar.com/atc/outlook?utz=0&uln=en-US@posix&vjs=1.5&e[0][date_start]=2026-10-05%2010%3A30%3A00&e[0][date_end]=2026-10-05%2011%3A00%3A00&e[0][timezone]=America%2FDenver&e[0][title]=Stay%20and%20Play&e[0][description]=Children%20will%20enjoy%20open-ended%20playtime%20in%20a%20relaxed%20atmosphere%20that%20promotes%20growth%2C%20exploration%2C%20and%20learning.%20Intended%20for%20children%20ages%200%20to%205%20and%20their%20caregivers%20or%20families.&e[0][location]=Severance%20Library%20-%20Cottonwood",FAILED,""
"https://clearview.libnet.info/event/17227961","https://addtocalendar.com/atc/outlookonline?utz=0&uln=en-US@posix&vjs=1.5&e[0][date_start]=2026-10-05%2010%3A30%3A00&e[0][date_end]=2026-10-05%2011%3A00%3A00&e[0][timezone]=America%2FDenver&e[0][title]=Stay%20and%20Play&e[0][description]=Children%20will%20enjoy%20open-ended%20playtime%20in%20a%20relaxed%20atmosphere%20that%20promotes%20growth%2C%20exploration%2C%20and%20learning.%20Intended%20for%20children%20ages%200%20to%205%20and%20their%20caregivers%20or%20families.&e[0][location]=Severance%20Library%20-%20Cottonwood",FAILED,""
"https://clearview.libnet.info/event/17227961","https://addtocalendar.com/atc/yahoo?utz=0&uln=en-US@posix&vjs=1.5&e[0][date_start]=2026-10-05%2010%3A30%3A00&e[0][date_end]=2026-10-05%2011%3A00%3A00&e[0][timezone]=America%2FDenver&e[0][title]=Stay%20and%20Play&e[0][description]=Children%20will%20enjoy%20open-ended%20playtime%20in%20a%20relaxed%20atmosphere%20that%20promotes%20growth%2C%20exploration%2C%20and%20learning.%20Intended%20for%20children%20ages%200%20to%205%20and%20their%20caregivers%20or%20families.&e[0][location]=Severance%20Library%20-%20Cottonwood",FAILED,""
"https://clearview.libnet.info/event/17413529","https://addtocalendar.com/atc/ical?utz=0&uln=en-US@posix&vjs=1.5&e[0][date_start]=2026-10-05%2012%3A00%3A00&e[0][date_end]=2026-10-05%2013%3A00%3A00&e[0][timezone]=America%2FDenver&e[0][title]=Smartphone%20Basics%3A%20Android%20and%20iPhone&e[0][description]=Bring%20your%20smartphone%20and%20learn%20the%20basics%20in%20a%20patient%2C%20hands-on%20workshop%20for%20older%20adults%20and%20beginners.%20Practice%20everyday%20tasks%2C%20accessibility%20settings%2C%20privacy%2C%20and%20scam%20safety.&e[0][location]=Windsor%20Library%20-%20Pikes%20Peak",FAILED,""
"https://clearview.libnet.info/event/17413529","https://addtocalendar.com/atc/google?utz=0&uln=en-US@posix&vjs=1.5&e[0][date_start]=2026-10-05%2012%3A00%3A00&e[0][date_end]=2026-10-05%2013%3A00%3A00&e[0][timezone]=America%2FDenver&e[0][title]=Smartphone%20Basics%3A%20Android%20and%20iPhone&e[0][description]=Bring%20your%20smartphone%20and%20learn%20the%20basics%20in%20a%20patient%2C%20hands-on%20workshop%20for%20older%20adults%20and%20beginners.%20Practice%20everyday%20tasks%2C%20accessibility%20settings%2C%20privacy%2C%20and%20scam%20safety.&e[0][location]=Windsor%20Library%20-%20Pikes%20Peak",FAILED,""
"https://clearview.libnet.info/event/17413529","https://addtocalendar.com/atc/outlook?utz=0&uln=en-US@posix&vjs=1.5&e[0][date_start]=2026-10-05%2012%3A00%3A00&e[0][date_end]=2026-10-05%2013%3A00%3A00&e[0][timezone]=America%2FDenver&e[0][title]=Smartphone%20Basics%3A%20Android%20and%20iPhone&e[0][description]=Bring%20your%20smartphone%20and%20learn%20the%20basics%20in%20a%20patient%2C%20hands-on%20workshop%20for%20older%20adults%20and%20beginners.%20Practice%20everyday%20tasks%2C%20accessibility%20settings%2C%20privacy%2C%20and%20scam%20safety.&e[0][location]=Windsor%20Library%20-%20Pikes%20Peak",FAILED,""
"https://clearview.libnet.info/event/17413529","https://addtocalendar.com/atc/outlookonline?utz=0&uln=en-US@posix&vjs=1.5&e[0][date_start]=2026-10-05%2012%3A00%3A00&e[0][date_end]=2026-10-05%2013%3A00%3A00&e[0][timezone]=America%2FDenver&e[0][title]=Smartphone%20Basics%3A%20Android%20and%20iPhone&e[0][description]=Bring%20your%20smartphone%20and%20learn%20the%20basics%20in%20a%20patient%2C%20hands-on%20workshop%20for%20older%20adults%20and%20beginners.%20Practice%20everyday%20tasks%2C%20accessibility%20settings%2C%20privacy%2C%20and%20scam%20safety.&e[0][location]=Windsor%20Library%20-%20Pikes%20Peak",FAILED,""
"https://clearview.libnet.info/event/17413529","https://addtocalendar.com/atc/yahoo?utz=0&uln=en-US@posix&vjs=1.5&e[0][date_start]=2026-10-05%2012%3A00%3A00&e[0][date_end]=2026-10-05%2013%3A00%3A00&e[0][timezone]=America%2FDenver&e[0][title]=Smartphone%20Basics%3A%20Android%20and%20iPhone&e[0][description]=Bring%20your%20smartphone%20and%20learn%20the%20basics%20in%20a%20patient%2C%20hands-on%20workshop%20for%20older%20adults%20and%20beginners.%20Practice%20everyday%20tasks%2C%20accessibility%20settings%2C%20privacy%2C%20and%20scam%20safety.&e[0][location]=Windsor%20Library%20-%20Pikes%20Peak",FAILED,""
"https://clearview.libnet.info/event/17042665","https://addtocalendar.com/atc/ical?utz=0&uln=en-US@posix&vjs=1.5&e[0][date_start]=2026-10-05%2014%3A30%3A00&e[0][date_end]=2026-10-05%2015%3A00%3A00&e[0][timezone]=America%2FDenver&e[0][title]=Bookmobile%20Stop%20at%20Grandview%20Elementary%20&e[0][description]=1583%20Grand%20Ave%20-%20Windsor&e[0][location]=Bookmobile%20-%20",FAILED,""
"https://clearview.libnet.info/event/17042665","https://addtocalendar.com/atc/google?utz=0&uln=en-US@posix&vjs=1.5&e[0][date_start]=2026-10-05%2014%3A30%3A00&e[0][date_end]=2026-10-05%2015%3A00%3A00&e[0][timezone]=America%2FDenver&e[0][title]=Bookmobile%20Stop%20at%20Grandview%20Elementary%20&e[0][description]=1583%20Grand%20Ave%20-%20Windsor&e[0][location]=Bookmobile%20-%20",FAILED,""
"https://clearview.libnet.info/event/17042665","https://addtocalendar.com/atc/outlook?utz=0&uln=en-US@posix&vjs=1.5&e[0][date_start]=2026-10-05%2014%3A30%3A00&e[0][date_end]=2026-10-05%2015%3A00%3A00&e[0][timezone]=America%2FDenver&e[0][title]=Bookmobile%20Stop%20at%20Grandview%20Elementary%20&e[0][description]=1583%20Grand%20Ave%20-%20Windsor&e[0][location]=Bookmobile%20-%20",FAILED,""
"https://clearview.libnet.info/event/17042665","https://addtocalendar.com/atc/outlookonline?utz=0&uln=en-US@posix&vjs=1.5&e[0][date_start]=2026-10-05%2014%3A30%3A00&e[0][date_end]=2026-10-05%2015%3A00%3A00&e[0][timezone]=America%2FDenver&e[0][title]=Bookmobile%20Stop%20at%20Grandview%20Elementary%20&e[0][description]=1583%20Grand%20Ave%20-%20Windsor&e[0][location]=Bookmobile%20-%20",FAILED,""
"https://clearview.libnet.info/event/17042665","https://addtocalendar.com/atc/yahoo?utz=0&uln=en-US@posix&vjs=1.5&e[0][date_start]=2026-10-05%2014%3A30%3A00&e[0][date_end]=2026-10-05%2015%3A00%3A00&e[0][timezone]=America%2FDenver&e[0][title]=Bookmobile%20Stop%20at%20Grandview%20Elementary%20&e[0][description]=1583%20Grand%20Ave%20-%20Windsor&e[0][location]=Bookmobile%20-%20",FAILED,""
"https://clearview.libnet.info/event/17231157","https://addtocalendar.com/atc/ical?utz=0&uln=en-US@posix&vjs=1.5&e[0][date_start]=2026-10-05%2015%3A15%3A00&e[0][date_end]=2026-10-05%2016%3A15%3A00&e[0][timezone]=America%2FDenver&e[0][title]=Lego%20Engineers&e[0][description]=Get%20creative%20and%20innovate%20with%20Legos!%20This%20session%2C%20we%20will%20build%20wearable%20accessories%20or%20costume%20pieces.%20Open%20to%20elementary-aged%20children%2C%20as%20well%20as%20tweens%20ages%209-12.&e[0][location]=Windsor%20Library%20-%20Pikes%20Peak",FAILED,""
"https://clearview.libnet.info/event/17231157","https://addtocalendar.com/atc/google?utz=0&uln=en-US@posix&vjs=1.5&e[0][date_start]=2026-10-05%2015%3A15%3A00&e[0][date_end]=2026-10-05%2016%3A15%3A00&e[0][timezone]=America%2FDenver&e[0][title]=Lego%20Engineers&e[0][description]=Get%20creative%20and%20innovate%20with%20Legos!%20This%20session%2C%20we%20will%20build%20wearable%20accessories%20or%20costume%20pieces.%20Open%20to%20elementary-aged%20children%2C%20as%20well%20as%20tweens%20ages%209-12.&e[0][location]=Windsor%20Library%20-%20Pikes%20Peak",FAILED,""
"https://clearview.libnet.info/event/17231157","https://addtocalendar.com/atc/outlook?utz=0&uln=en-US@posix&vjs=1.5&e[0][date_start]=2026-10-05%2015%3A15%3A00&e[0][date_end]=2026-10-05%2016%3A15%3A00&e[0][timezone]=America%2FDenver&e[0][title]=Lego%20Engineers&e[0][description]=Get%20creative%20and%20innovate%20with%20Legos!%20This%20session%2C%20we%20will%20build%20wearable%20accessories%20or%20costume%20pieces.%20Open%20to%20elementary-aged%20children%2C%20as%20well%20as%20tweens%20ages%209-12.&e[0][location]=Windsor%20Library%20-%20Pikes%20Peak",FAILED,""
"https://clearview.libnet.info/event/17231157","https://addtocalendar.com/atc/outlookonline?utz=0&uln=en-US@posix&vjs=1.5&e[0][date_start]=2026-10-05%2015%3A15%3A00&e[0][date_end]=2026-10-05%2016%3A15%3A00&e[0][timezone]=America%2FDenver&e[0][title]=Lego%20Engineers&e[0][description]=Get%20creative%20and%20innovate%20with%20Legos!%20This%20session%2C%20we%20will%20build%20wearable%20accessories%20or%20costume%20pieces.%20Open%20to%20elementary-aged%20children%2C%20as%20well%20as%20tweens%20ages%209-12.&e[0][location]=Windsor%20Library%20-%20Pikes%20Peak",FAILED,""
"https://clearview.libnet.info/event/17231157","https://addtocalendar.com/atc/yahoo?utz=0&uln=en-US@posix&vjs=1.5&e[0][date_start]=2026-10-05%2015%3A15%3A00&e[0][date_end]=2026-10-05%2016%3A15%3A00&e[0][timezone]=America%2FDenver&e[0][title]=Lego%20Engineers&e[0][description]=Get%20creative%20and%20innovate%20with%20Legos!%20This%20session%2C%20we%20will%20build%20wearable%20accessories%20or%20costume%20pieces.%20Open%20to%20elementary-aged%20children%2C%20as%20well%20as%20tweens%20ages%209-12.&e[0][location]=Windsor%20Library%20-%20Pikes%20Peak",FAILED,""
"https://clearview.libnet.info/event/17042670","https://addtocalendar.com/atc/ical?utz=0&uln=en-US@posix&vjs=1.5&e[0][date_start]=2026-10-05%2015%3A30%3A00&e[0][date_end]=2026-10-05%2016%3A00%3A00&e[0][timezone]=America%2FDenver&e[0][title]=Bookmobile%20Stop%20at%20Northern%20Lights%20Park&e[0][description]=550%20Saratoga%20Wy%20-%20Windsor&e[0][location]=Bookmobile%20-%20",FAILED,""
"https://clearview.libnet.info/event/17042670","https://addtocalendar.com/atc/google?utz=0&uln=en-US@posix&vjs=1.5&e[0][date_start]=2026-10-05%2015%3A30%3A00&e[0][date_end]=2026-10-05%2016%3A00%3A00&e[0][timezone]=America%2FDenver&e[0][title]=Bookmobile%20Stop%20at%20Northern%20Lights%20Park&e[0][description]=550%20Saratoga%20Wy%20-%20Windsor&e[0][location]=Bookmobile%20-%20",FAILED,""
"https://clearview.libnet.info/event/17042670","https://addtocalendar.com/atc/outlook?utz=0&uln=en-US@posix&vjs=1.5&e[0][date_start]=2026-10-05%2015%3A30%3A00&e[0][date_end]=2026-10-05%2016%3A00%3A00&e[0][timezone]=America%2FDenver&e[0][title]=Bookmobile%20Stop%20at%20Northern%20Lights%20Park&e[0][description]=550%20Saratoga%20Wy%20-%20Windsor&e[0][location]=Bookmobile%20-%20",FAILED,""
"https://clearview.libnet.info/event/17042670","https://addtocalendar.com/atc/outlookonline?utz=0&uln=en-US@posix&vjs=1.5&e[0][date_start]=2026-10-05%2015%3A30%3A00&e[0][date_end]=2026-10-05%2016%3A00%3A00&e[0][timezone]=America%2FDenver&e[0][title]=Bookmobile%20Stop%20at%20Northern%20Lights%20Park&e[0][description]=550%20Saratoga%20Wy%20-%20Windsor&e[0][location]=Bookmobile%20-%20",FAILED,""
"https://clearview.libnet.info/event/17042670","https://addtocalendar.com/atc/yahoo?utz=0&uln=en-US@posix&vjs=1.5&e[0][date_start]=2026-10-05%2015%3A30%3A00&e[0][date_end]=2026-10-05%2016%3A00%3A00&e[0][timezone]=America%2FDenver&e[0][title]=Bookmobile%20Stop%20at%20Northern%20Lights%20Park&e[0][description]=550%20Saratoga%20Wy%20-%20Windsor&e[0][location]=Bookmobile%20-%20",FAILED,""
"https://clearview.libnet.info/event/17561212","https://addtocalendar.com/atc/ical?utz=0&uln=en-US@posix&vjs=1.5&e[0][date_start]=2026-10-05%2015%3A30%3A00&e[0][date_end]=2026-10-05%2016%3A30%3A00&e[0][timezone]=America%2FDenver&e[0][title]=PAWS%20for%20Reading&e[0][description]=Dogs%20%2B%20Reading%20%3D%20Magic%0A&e[0][location]=Windsor%20Library%20-%20",FAILED,""
"https://clearview.libnet.info/event/17561212","https://addtocalendar.com/atc/google?utz=0&uln=en-US@posix&vjs=1.5&e[0][date_start]=2026-10-05%2015%3A30%3A00&e[0][date_end]=2026-10-05%2016%3A30%3A00&e[0][timezone]=America%2FDenver&e[0][title]=PAWS%20for%20Reading&e[0][description]=Dogs%20%2B%20Reading%20%3D%20Magic%0A&e[0][location]=Windsor%20Library%20-%20",FAILED,""
"https://clearview.libnet.info/event/17561212","https://addtocalendar.com/atc/outlook?utz=0&uln=en-US@posix&vjs=1.5&e[0][date_start]=2026-10-05%2015%3A30%3A00&e[0][date_end]=2026-10-05%2016%3A30%3A00&e[0][timezone]=America%2FDenver&e[0][title]=PAWS%20for%20Reading&e[0][description]=Dogs%20%2B%20Reading%20%3D%20Magic%0A&e[0][location]=Windsor%20Library%20-%20",FAILED,""
"https://clearview.libnet.info/event/17561212","https://addtocalendar.com/atc/outlookonline?utz=0&uln=en-US@posix&vjs=1.5&e[0][date_start]=2026-10-05%2015%3A30%3A00&e[0][date_end]=2026-10-05%2016%3A30%3A00&e[0][timezone]=America%2FDenver&e[0][title]=PAWS%20for%20Reading&e[0][description]=Dogs%20%2B%20Reading%20%3D%20Magic%0A&e[0][location]=Windsor%20Library%20-%20",FAILED,""
"https://clearview.libnet.info/event/17561212","https://addtocalendar.com/atc/yahoo?utz=0&uln=en-US@posix&vjs=1.5&e[0][date_start]=2026-10-05%2015%3A30%3A00&e[0][date_end]=2026-10-05%2016%3A30%3A00&e[0][timezone]=America%2FDenver&e[0][title]=PAWS%20for%20Reading&e[0][description]=Dogs%20%2B%20Reading%20%3D%20Magic%0A&e[0][location]=Windsor%20Library%20-%20",FAILED,""
"https://clearview.libnet.info/event/17042684","https://addtocalendar.com/atc/ical?utz=0&uln=en-US@posix&vjs=1.5&e[0][date_start]=2026-10-05%2016%3A30%3A00&e[0][date_end]=2026-10-05%2017%3A00%3A00&e[0][timezone]=America%2FDenver&e[0][title]=Bookmobile%20Stop%20at%20Windshire%20Park&e[0][description]=1520%20Dartford%20Dr%20-%20Windsor&e[0][location]=Bookmobile%20-%20",FAILED,""
"https://clearview.libnet.info/event/17042684","https://addtocalendar.com/atc/google?utz=0&uln=en-US@posix&vjs=1.5&e[0][date_start]=2026-10-05%2016%3A30%3A00&e[0][date_end]=2026-10-05%2017%3A00%3A00&e[0][timezone]=America%2FDenver&e[0][title]=Bookmobile%20Stop%20at%20Windshire%20Park&e[0][description]=1520%20Dartford%20Dr%20-%20Windsor&e[0][location]=Bookmobile%20-%20",FAILED,""
"https://clearview.libnet.info/event/17042684","https://addtocalendar.com/atc/outlook?utz=0&uln=en-US@posix&vjs=1.5&e[0][date_start]=2026-10-05%2016%3A30%3A00&e[0][date_end]=2026-10-05%2017%3A00%3A00&e[0][timezone]=America%2FDenver&e[0][title]=Bookmobile%20Stop%20at%20Windshire%20Park&e[0][description]=1520%20Dartford%20Dr%20-%20Windsor&e[0][location]=Bookmobile%20-%20",FAILED,""
"https://clearview.libnet.info/event/17042684","https://addtocalendar.com/atc/outlookonline?utz=0&uln=en-US@posix&vjs=1.5&e[0][date_start]=2026-10-05%2016%3A30%3A00&e[0][date_end]=2026-10-05%2017%3A00%3A00&e[0][timezone]=America%2FDenver&e[0][title]=Bookmobile%20Stop%20at%20Windshire%20Park&e[0][description]=1520%20Dartford%20Dr%20-%20Windsor&e[0][location]=Bookmobile%20-%20",FAILED,""
"https://clearview.libnet.info/event/17042684","https://addtocalendar.com/atc/yahoo?utz=0&uln=en-US@posix&vjs=1.5&e[0][date_start]=2026-10-05%2016%3A30%3A00&e[0][date_end]=2026-10-05%2017%3A00%3A00&e[0][timezone]=America%2FDenver&e[0][title]=Bookmobile%20Stop%20at%20Windshire%20Park&e[0][description]=1520%20Dartford%20Dr%20-%20Windsor&e[0][location]=Bookmobile%20-%20",FAILED,""
"https://clearview.libnet.info/event/17241702","https://addtocalendar.com/atc/ical?utz=0&uln=en-US@posix&vjs=1.5&e[0][date_start]=2026-10-05%2016%3A30%3A00&e[0][date_end]=2026-10-05%2018%3A00%3A00&e[0][timezone]=America%2FDenver&e[0][title]=Teens%20Cook&e[0][description]=Teens%2C%20join%20us%20once%20a%20month%20to%20make%20and%20eat%20(or%20drink)%20different%20foods!%20This%20month%2C%20we%E2%80%99ll%20be%20celebrating%20the%20spooky%20season%20with%20delicious%20snacks.%20Try%20recipes%20for%20sweet%20and%20savory%20creepy%20treats.%20%20%0A&e[0][location]=Windsor%20Library%20-%20Pikes%20Peak",FAILED,""
"https://clearview.libnet.info/event/17241702","https://addtocalendar.com/atc/google?utz=0&uln=en-US@posix&vjs=1.5&e[0][date_start]=2026-10-05%2016%3A30%3A00&e[0][date_end]=2026-10-05%2018%3A00%3A00&e[0][timezone]=America%2FDenver&e[0][title]=Teens%20Cook&e[0][description]=Teens%2C%20join%20us%20once%20a%20month%20to%20make%20and%20eat%20(or%20drink)%20different%20foods!%20This%20month%2C%20we%E2%80%99ll%20be%20celebrating%20the%20spooky%20season%20with%20delicious%20snacks.%20Try%20recipes%20for%20sweet%20and%20savory%20creepy%20treats.%20%20%0A&e[0][location]=Windsor%20Library%20-%20Pikes%20Peak",FAILED,""
"https://clearview.libnet.info/event/17241702","https://addtocalendar.com/atc/outlook?utz=0&uln=en-US@posix&vjs=1.5&e[0][date_start]=2026-10-05%2016%3A30%3A00&e[0][date_end]=2026-10-05%2018%3A00%3A00&e[0][timezone]=America%2FDenver&e[0][title]=Teens%20Cook&e[0][description]=Teens%2C%20join%20us%20once%20a%20month%20to%20make%20and%20eat%20(or%20drink)%20different%20foods!%20This%20month%2C%20we%E2%80%99ll%20be%20celebrating%20the%20spooky%20season%20with%20delicious%20snacks.%20Try%20recipes%20for%20sweet%20and%20savory%20creepy%20treats.%20%20%0A&e[0][location]=Windsor%20Library%20-%20Pikes%20Peak",FAILED,""
"https://clearview.libnet.info/event/17241702","https://addtocalendar.com/atc/outlookonline?utz=0&uln=en-US@posix&vjs=1.5&e[0][date_start]=2026-10-05%2016%3A30%3A00&e[0][date_end]=2026-10-05%2018%3A00%3A00&e[0][timezone]=America%2FDenver&e[0][title]=Teens%20Cook&e[0][description]=Teens%2C%20join%20us%20once%20a%20month%20to%20make%20and%20eat%20(or%20drink)%20different%20foods!%20This%20month%2C%20we%E2%80%99ll%20be%20celebrating%20the%20spooky%20season%20with%20delicious%20snacks.%20Try%20recipes%20for%20sweet%20and%20savory%20creepy%20treats.%20%20%0A&e[0][location]=Windsor%20Library%20-%20Pikes%20Peak",FAILED,""
"https://clearview.libnet.info/event/17241702","https://addtocalendar.com/atc/yahoo?utz=0&uln=en-US@posix&vjs=1.5&e[0][date_start]=2026-10-05%2016%3A30%3A00&e[0][date_end]=2026-10-05%2018%3A00%3A00&e[0][timezone]=America%2FDenver&e[0][title]=Teens%20Cook&e[0][description]=Teens%2C%20join%20us%20once%20a%20month%20to%20make%20and%20eat%20(or%20drink)%20different%20foods!%20This%20month%2C%20we%E2%80%99ll%20be%20celebrating%20the%20spooky%20season%20with%20delicious%20snacks.%20Try%20recipes%20for%20sweet%20and%20savory%20creepy%20treats.%20%20%0A&e[0][location]=Windsor%20Library%20-%20Pikes%20Peak",FAILED,""
"https://clearview.libnet.info/event/17042704","https://addtocalendar.com/atc/ical?utz=0&uln=en-US@posix&vjs=1.5&e[0][date_start]=2026-10-05%2017%3A30%3A00&e[0][date_end]=2026-10-05%2018%3A00%3A00&e[0][timezone]=America%2FDenver&e[0][title]=Bookmobile%20Stop%20at%20Covenant%20Park&e[0][description]=601%20Southwood%20Ln%20-%20Windsor&e[0][location]=Bookmobile%20-%20",FAILED,""
"https://clearview.libnet.info/event/17042704","https://addtocalendar.com/atc/google?utz=0&uln=en-US@posix&vjs=1.5&e[0][date_start]=2026-10-05%2017%3A30%3A00&e[0][date_end]=2026-10-05%2018%3A00%3A00&e[0][timezone]=America%2FDenver&e[0][title]=Bookmobile%20Stop%20at%20Covenant%20Park&e[0][description]=601%20Southwood%20Ln%20-%20Windsor&e[0][location]=Bookmobile%20-%20",FAILED,""
"https://clearview.libnet.info/event/17042704","https://addtocalendar.com/atc/outlook?utz=0&uln=en-US@posix&vjs=1.5&e[0][date_start]=2026-10-05%2017%3A30%3A00&e[0][date_end]=2026-10-05%2018%3A00%3A00&e[0][timezone]=America%2FDenver&e[0][title]=Bookmobile%20Stop%20at%20Covenant%20Park&e[0][description]=601%20Southwood%20Ln%20-%20Windsor&e[0][location]=Bookmobile%20-%20",FAILED,""
"https://clearview.libnet.info/event/17042704","https://addtocalendar.com/atc/outlookonline?utz=0&uln=en-US@posix&vjs=1.5&e[0][date_start]=2026-10-05%2017%3A30%3A00&e[0][date_end]=2026-10-05%2018%3A00%3A00&e[0][timezone]=America%2FDenver&e[0][title]=Bookmobile%20Stop%20at%20Covenant%20Park&e[0][description]=601%20Southwood%20Ln%20-%20Windsor&e[0][location]=Bookmobile%20-%20",FAILED,""
"https://clearview.libnet.info/event/17042704","https://addtocalendar.com/atc/yahoo?utz=0&uln=en-US@posix&vjs=1.5&e[0][date_start]=2026-10-05%2017%3A30%3A00&e[0][date_end]=2026-10-05%2018%3A00%3A00&e[0][timezone]=America%2FDenver&e[0][title]=Bookmobile%20Stop%20at%20Covenant%20Park&e[0][description]=601%20Southwood%20Ln%20-%20Windsor&e[0][location]=Bookmobile%20-%20",FAILED,""
"https://clearview.libnet.info/event/17228010","https://addtocalendar.com/atc/ical?utz=0&uln=en-US@posix&vjs=1.5&e[0][date_start]=2026-10-06%2010%3A00%3A00&e[0][date_end]=2026-10-06%2010%3A30%3A00&e[0][timezone]=America%2FDenver&e[0][title]=Read%2C%20Rhyme%2C%20and%20Romp&e[0][description]=Join%20us%20for%20an%20active%20storytime!%20We%20will%20read%20books%2C%20sing%2C%20and%20enjoy%20rhymes%20that%20encourage%20us%20all%20to%20get%20up%20and%20move!%20For%20ages%200-5.&e[0][location]=Windsor%20Library%20-%20Pikes%20Peak",FAILED,""
"https://clearview.libnet.info/event/17228010","https://addtocalendar.com/atc/google?utz=0&uln=en-US@posix&vjs=1.5&e[0][date_start]=2026-10-06%2010%3A00%3A00&e[0][date_end]=2026-10-06%2010%3A30%3A00&e[0][timezone]=America%2FDenver&e[0][title]=Read%2C%20Rhyme%2C%20and%20Romp&e[0][description]=Join%20us%20for%20an%20active%20storytime!%20We%20will%20read%20books%2C%20sing%2C%20and%20enjoy%20rhymes%20that%20encourage%20us%20all%20to%20get%20up%20and%20move!%20For%20ages%200-5.&e[0][location]=Windsor%20Library%20-%20Pikes%20Peak",FAILED,""
"https://clearview.libnet.info/event/17228010","https://addtocalendar.com/atc/outlook?utz=0&uln=en-US@posix&vjs=1.5&e[0][date_start]=2026-10-06%2010%3A00%3A00&e[0][date_end]=2026-10-06%2010%3A30%3A00&e[0][timezone]=America%2FDenver&e[0][title]=Read%2C%20Rhyme%2C%20and%20Romp&e[0][description]=Join%20us%20for%20an%20active%20storytime!%20We%20will%20read%20books%2C%20sing%2C%20and%20enjoy%20rhymes%20that%20encourage%20us%20all%20to%20get%20up%20and%20move!%20For%20ages%200-5.&e[0][location]=Windsor%20Library%20-%20Pikes%20Peak",FAILED,""
"https://clearview.libnet.info/event/17228010","https://addtocalendar.com/atc/outlookonline?utz=0&uln=en-US@posix&vjs=1.5&e[0][date_start]=2026-10-06%2010%3A00%3A00&e[0][date_end]=2026-10-06%2010%3A30%3A00&e[0][timezone]=America%2FDenver&e[0][title]=Read%2C%20Rhyme%2C%20and%20Romp&e[0][description]=Join%20us%20for%20an%20active%20storytime!%20We%20will%20read%20books%2C%20sing%2C%20and%20enjoy%20rhymes%20that%20encourage%20us%20all%20to%20get%20up%20and%20move!%20For%20ages%200-5.&e[0][location]=Windsor%20Library%20-%20Pikes%20Peak",FAILED,""
"https://clearview.libnet.info/event/17228010","https://addtocalendar.com/atc/yahoo?utz=0&uln=en-US@posix&vjs=1.5&e[0][date_start]=2026-10-06%2010%3A00%3A00&e[0][date_end]=2026-10-06%2010%3A30%3A00&e[0][timezone]=America%2FDenver&e[0][title]=Read%2C%20Rhyme%2C%20and%20Romp&e[0][description]=Join%20us%20for%20an%20active%20storytime!%20We%20will%20read%20books%2C%20sing%2C%20and%20enjoy%20rhymes%20that%20encourage%20us%20all%20to%20get%20up%20and%20move!%20For%20ages%200-5.&e[0][location]=Windsor%20Library%20-%20Pikes%20Peak",FAILED,""
"https://clearview.libnet.info/event/17228041","https://addtocalendar.com/atc/ical?utz=0&uln=en-US@posix&vjs=1.5&e[0][date_start]=2026-10-06%2010%3A30%3A00&e[0][date_end]=2026-10-06%2011%3A00%3A00&e[0][timezone]=America%2FDenver&e[0][title]=Stay%20and%20Play%20&e[0][description]=Children%20will%20enjoy%20open-ended%20playtime%20in%20a%20relaxed%20atmosphere%20that%20promotes%20growth%2C%20exploration%2C%20and%20learning.%20Intended%20for%20children%20ages%200%20to%205%20and%20their%20caregivers%20or%20families.&e[0][location]=Windsor%20Library%20-%20Pikes%20Peak",FAILED,""
"https://clearview.libnet.info/event/17228041","https://addtocalendar.com/atc/google?utz=0&uln=en-US@posix&vjs=1.5&e[0][date_start]=2026-10-06%2010%3A30%3A00&e[0][date_end]=2026-10-06%2011%3A00%3A00&e[0][timezone]=America%2FDenver&e[0][title]=Stay%20and%20Play%20&e[0][description]=Children%20will%20enjoy%20open-ended%20playtime%20in%20a%20relaxed%20atmosphere%20that%20promotes%20growth%2C%20exploration%2C%20and%20learning.%20Intended%20for%20children%20ages%200%20to%205%20and%20their%20caregivers%20or%20families.&e[0][location]=Windsor%20Library%20-%20Pikes%20Peak",FAILED,""
"https://clearview.libnet.info/event/17228041","https://addtocalendar.com/atc/outlook?utz=0&uln=en-US@posix&vjs=1.5&e[0][date_start]=2026-10-06%2010%3A30%3A00&e[0][date_end]=2026-10-06%2011%3A00%3A00&e[0][timezone]=America%2FDenver&e[0][title]=Stay%20and%20Play%20&e[0][description]=Children%20will%20enjoy%20open-ended%20playtime%20in%20a%20relaxed%20atmosphere%20that%20promotes%20growth%2C%20exploration%2C%20and%20learning.%20Intended%20for%20children%20ages%200%20to%205%20and%20their%20caregivers%20or%20families.&e[0][location]=Windsor%20Library%20-%20Pikes%20Peak",FAILED,""
"https://clearview.libnet.info/event/17228041","https://addtocalendar.com/atc/outlookonline?utz=0&uln=en-US@posix&vjs=1.5&e[0][date_start]=2026-10-06%2010%3A30%3A00&e[0][date_end]=2026-10-06%2011%3A00%3A00&e[0][timezone]=America%2FDenver&e[0][title]=Stay%20and%20Play%20&e[0][description]=Children%20will%20enjoy%20open-ended%20playtime%20in%20a%20relaxed%20atmosphere%20that%20promotes%20growth%2C%20exploration%2C%20and%20learning.%20Intended%20for%20children%20ages%200%20to%205%20and%20their%20caregivers%20or%20families.&e[0][location]=Windsor%20Library%20-%20Pikes%20Peak",FAILED,""
"https://clearview.libnet.info/event/17228041","https://addtocalendar.com/atc/yahoo?utz=0&uln=en-US@posix&vjs=1.5&e[0][date_start]=2026-10-06%2010%3A30%3A00&e[0][date_end]=2026-10-06%2011%3A00%3A00&e[0][timezone]=America%2FDenver&e[0][title]=Stay%20and%20Play%20&e[0][description]=Children%20will%20enjoy%20open-ended%20playtime%20in%20a%20relaxed%20atmosphere%20that%20promotes%20growth%2C%20exploration%2C%20and%20learning.%20Intended%20for%20children%20ages%200%20to%205%20and%20their%20caregivers%20or%20families.&e[0][location]=Windsor%20Library%20-%20Pikes%20Peak",FAILED,""
"https://clearview.libnet.info/event/17225131","https://addtocalendar.com/atc/ical?utz=0&uln=en-US@posix&vjs=1.5&e[0][date_start]=2026-10-06%2010%3A30%3A00&e[0][date_end]=2026-10-06%2011%3A15%3A00&e[0][timezone]=America%2FDenver&e[0][title]=Once%20Upon%20a%20Story&e[0][description]=During%20this%20engaging%20storytime%2C%20children%20will%20hear%20beloved%20books%20followed%20by%20activity%20stations%20inspired%20by%20each%20tale.%20Ignite%20imaginations%20through%20creative%20play%2C%20music%2C%20%26amp%3B%20simple%20crafts.%20For%20ages%203-5.&e[0][location]=Severance%20Library%20-%20Cottonwood",FAILED,""
"https://clearview.libnet.info/event/17225131","https://addtocalendar.com/atc/google?utz=0&uln=en-US@posix&vjs=1.5&e[0][date_start]=2026-10-06%2010%3A30%3A00&e[0][date_end]=2026-10-06%2011%3A15%3A00&e[0][timezone]=America%2FDenver&e[0][title]=Once%20Upon%20a%20Story&e[0][description]=During%20this%20engaging%20storytime%2C%20children%20will%20hear%20beloved%20books%20followed%20by%20activity%20stations%20inspired%20by%20each%20tale.%20Ignite%20imaginations%20through%20creative%20play%2C%20music%2C%20%26amp%3B%20simple%20crafts.%20For%20ages%203-5.&e[0][location]=Severance%20Library%20-%20Cottonwood",FAILED,""
"https://clearview.libnet.info/event/17225131","https://addtocalendar.com/atc/outlook?utz=0&uln=en-US@posix&vjs=1.5&e[0][date_start]=2026-10-06%2010%3A30%3A00&e[0][date_end]=2026-10-06%2011%3A15%3A00&e[0][timezone]=America%2FDenver&e[0][title]=Once%20Upon%20a%20Story&e[0][description]=During%20this%20engaging%20storytime%2C%20children%20will%20hear%20beloved%20books%20followed%20by%20activity%20stations%20inspired%20by%20each%20tale.%20Ignite%20imaginations%20through%20creative%20play%2C%20music%2C%20%26amp%3B%20simple%20crafts.%20For%20ages%203-5.&e[0][location]=Severance%20Library%20-%20Cottonwood",FAILED,""
"https://clearview.libnet.info/event/17225131","https://addtocalendar.com/atc/outlookonline?utz=0&uln=en-US@posix&vjs=1.5&e[0][date_start]=2026-10-06%2010%3A30%3A00&e[0][date_end]=2026-10-06%2011%3A15%3A00&e[0][timezone]=America%2FDenver&e[0][title]=Once%20Upon%20a%20Story&e[0][description]=During%20this%20engaging%20storytime%2C%20children%20will%20hear%20beloved%20books%20followed%20by%20activity%20stations%20inspired%20by%20each%20tale.%20Ignite%20imaginations%20through%20creative%20play%2C%20music%2C%20%26amp%3B%20simple%20crafts.%20For%20ages%203-5.&e[0][location]=Severance%20Library%20-%20Cottonwood",FAILED,""
"https://clearview.libnet.info/event/17225131","https://addtocalendar.com/atc/yahoo?utz=0&uln=en-US@posix&vjs=1.5&e[0][date_start]=2026-10-06%2010%3A30%3A00&e[0][date_end]=2026-10-06%2011%3A15%3A00&e[0][timezone]=America%2FDenver&e[0][title]=Once%20Upon%20a%20Story&e[0][description]=During%20this%20engaging%20storytime%2C%20children%20will%20hear%20beloved%20books%20followed%20by%20activity%20stations%20inspired%20by%20each%20tale.%20Ignite%20imaginations%20through%20creative%20play%2C%20music%2C%20%26amp%3B%20simple%20crafts.%20For%20ages%203-5.&e[0][location]=Severance%20Library%20-%20Cottonwood",FAILED,""
"https://clearview.libnet.info/event/17042717","https://addtocalendar.com/atc/ical?utz=0&uln=en-US@posix&vjs=1.5&e[0][date_start]=2026-10-06%2010%3A30%3A00&e[0][date_end]=2026-10-06%2011%3A30%3A00&e[0][timezone]=America%2FDenver&e[0][title]=Bookmobile%20Stop%20at%20Mountain%20Shadows%20Community%20Park%20&e[0][description]=86th%20Ave%20-%20Greeley&e[0][location]=Bookmobile%20-%20",FAILED,""
"https://clearview.libnet.info/event/17042717","https://addtocalendar.com/atc/google?utz=0&uln=en-US@posix&vjs=1.5&e[0][date_start]=2026-10-06%2010%3A30%3A00&e[0][date_end]=2026-10-06%2011%3A30%3A00&e[0][timezone]=America%2FDenver&e[0][title]=Bookmobile%20Stop%20at%20Mountain%20Shadows%20Community%20Park%20&e[0][description]=86th%20Ave%20-%20Greeley&e[0][location]=Bookmobile%20-%20",FAILED,""
"https://clearview.libnet.info/event/17042717","https://addtocalendar.com/atc/outlook?utz=0&uln=en-US@posix&vjs=1.5&e[0][date_start]=2026-10-06%2010%3A30%3A00&e[0][date_end]=2026-10-06%2011%3A30%3A00&e[0][timezone]=America%2FDenver&e[0][title]=Bookmobile%20Stop%20at%20Mountain%20Shadows%20Community%20Park%20&e[0][description]=86th%20Ave%20-%20Greeley&e[0][location]=Bookmobile%20-%20",FAILED,""
"https://clearview.libnet.info/event/17042717","https://addtocalendar.com/atc/outlookonline?utz=0&uln=en-US@posix&vjs=1.5&e[0][date_start]=2026-10-06%2010%3A30%3A00&e[0][date_end]=2026-10-06%2011%3A30%3A00&e[0][timezone]=America%2FDenver&e[0][title]=Bookmobile%20Stop%20at%20Mountain%20Shadows%20Community%20Park%20&e[0][description]=86th%20Ave%20-%20Greeley&e[0][location]=Bookmobile%20-%20",FAILED,""
"https://clearview.libnet.info/event/17042717","https://addtocalendar.com/atc/yahoo?utz=0&uln=en-US@posix&vjs=1.5&e[0][date_start]=2026-10-06%2010%3A30%3A00&e[0][date_end]=2026-10-06%2011%3A30%3A00&e[0][timezone]=America%2FDenver&e[0][title]=Bookmobile%20Stop%20at%20Mountain%20Shadows%20Community%20Park%20&e[0][description]=86th%20Ave%20-%20Greeley&e[0][location]=Bookmobile%20-%20",FAILED,""
"https://clearview.libnet.info/event/17416575","https://addtocalendar.com/atc/ical?utz=0&uln=en-US@posix&vjs=1.5&e[0][date_start]=2026-10-06%2013%3A00%3A00&e[0][date_end]=2026-10-06%2015%3A00%3A00&e[0][timezone]=America%2FDenver&e[0][title]=Tech%20Bar%3A%20One-on-One%20Technology%20Help&e[0][description]=Schedule%2020%20minutes%20of%20focused%2C%20one-on-one%20help%20with%20a%20technology%20question.%20Library%20staff%20will%20help%20you%20find%20an%20answer%2C%20helpful%20resource%2C%20or%20practical%20next%20step.&e[0][location]=Windsor%20Library%20-%20Pikes%20Peak",FAILED,""
"https://clearview.libnet.info/event/17416575","https://addtocalendar.com/atc/google?utz=0&uln=en-US@posix&vjs=1.5&e[0][date_start]=2026-10-06%2013%3A00%3A00&e[0][date_end]=2026-10-06%2015%3A00%3A00&e[0][timezone]=America%2FDenver&e[0][title]=Tech%20Bar%3A%20One-on-One%20Technology%20Help&e[0][description]=Schedule%2020%20minutes%20of%20focused%2C%20one-on-one%20help%20with%20a%20technology%20question.%20Library%20staff%20will%20help%20you%20find%20an%20answer%2C%20helpful%20resource%2C%20or%20practical%20next%20step.&e[0][location]=Windsor%20Library%20-%20Pikes%20Peak",FAILED,""
"https://clearview.libnet.info/event/17416575","https://addtocalendar.com/atc/outlook?utz=0&uln=en-US@posix&vjs=1.5&e[0][date_start]=2026-10-06%2013%3A00%3A00&e[0][date_end]=2026-10-06%2015%3A00%3A00&e[0][timezone]=America%2FDenver&e[0][title]=Tech%20Bar%3A%20One-on-One%20Technology%20Help&e[0][description]=Schedule%2020%20minutes%20of%20focused%2C%20one-on-one%20help%20with%20a%20technology%20question.%20Library%20staff%20will%20help%20you%20find%20an%20answer%2C%20helpful%20resource%2C%20or%20practical%20next%20step.&e[0][location]=Windsor%20Library%20-%20Pikes%20Peak",FAILED,""
"https://clearview.libnet.info/event/17416575","https://addtocalendar.com/atc/outlookonline?utz=0&uln=en-US@posix&vjs=1.5&e[0][date_start]=2026-10-06%2013%3A00%3A00&e[0][date_end]=2026-10-06%2015%3A00%3A00&e[0][timezone]=America%2FDenver&e[0][title]=Tech%20Bar%3A%20One-on-One%20Technology%20Help&e[0][description]=Schedule%2020%20minutes%20of%20focused%2C%20one-on-one%20help%20with%20a%20technology%20question.%20Library%20staff%20will%20help%20you%20find%20an%20answer%2C%20helpful%20resource%2C%20or%20practical%20next%20step.&e[0][location]=Windsor%20Library%20-%20Pikes%20Peak",FAILED,""
"https://clearview.libnet.info/event/17416575","https://addtocalendar.com/atc/yahoo?utz=0&uln=en-US@posix&vjs=1.5&e[0][date_start]=2026-10-06%2013%3A00%3A00&e[0][date_end]=2026-10-06%2015%3A00%3A00&e[0][timezone]=America%2FDenver&e[0][title]=Tech%20Bar%3A%20One-on-One%20Technology%20Help&e[0][description]=Schedule%2020%20minutes%20of%20focused%2C%20one-on-one%20help%20with%20a%20technology%20question.%20Library%20staff%20will%20help%20you%20find%20an%20answer%2C%20helpful%20resource%2C%20or%20practical%20next%20step.&e[0][location]=Windsor%20Library%20-%20Pikes%20Peak",FAILED,""
"https://clearview.libnet.info/event/17042754","https://addtocalendar.com/atc/ical?utz=0&uln=en-US@posix&vjs=1.5&e[0][date_start]=2026-10-06%2014%3A30%3A00&e[0][date_end]=2026-10-06%2015%3A00%3A00&e[0][timezone]=America%2FDenver&e[0][title]=Bookmobile%20Stop%20at%20Orchard%20Hill%20Elementary%20&e[0][description]=2015%20Covered%20Bridge%20Pkwy%20-%20Windsor&e[0][location]=Bookmobile%20-%20",FAILED,""
"https://clearview.libnet.info/event/17042754","https://addtocalendar.com/atc/google?utz=0&uln=en-US@posix&vjs=1.5&e[0][date_start]=2026-10-06%2014%3A30%3A00&e[0][date_end]=2026-10-06%2015%3A00%3A00&e[0][timezone]=America%2FDenver&e[0][title]=Bookmobile%20Stop%20at%20Orchard%20Hill%20Elementary%20&e[0][description]=2015%20Covered%20Bridge%20Pkwy%20-%20Windsor&e[0][location]=Bookmobile%20-%20",FAILED,""
"https://clearview.libnet.info/event/17042754","https://addtocalendar.com/atc/outlook?utz=0&uln=en-US@posix&vjs=1.5&e[0][date_start]=2026-10-06%2014%3A30%3A00&e[0][date_end]=2026-10-06%2015%3A00%3A00&e[0][timezone]=America%2FDenver&e[0][title]=Bookmobile%20Stop%20at%20Orchard%20Hill%20Elementary%20&e[0][description]=2015%20Covered%20Bridge%20Pkwy%20-%20Windsor&e[0][location]=Bookmobile%20-%20",FAILED,""
"https://clearview.libnet.info/event/17042754","https://addtocalendar.com/atc/outlookonline?utz=0&uln=en-US@posix&vjs=1.5&e[0][date_start]=2026-10-06%2014%3A30%3A00&e[0][date_end]=2026-10-06%2015%3A00%3A00&e[0][timezone]=America%2FDenver&e[0][title]=Bookmobile%20Stop%20at%20Orchard%20Hill%20Elementary%20&e[0][description]=2015%20Covered%20Bridge%20Pkwy%20-%20Windsor&e[0][location]=Bookmobile%20-%20",FAILED,""
"https://clearview.libnet.info/event/17042754","https://addtocalendar.com/atc/yahoo?utz=0&uln=en-US@posix&vjs=1.5&e[0][date_start]=2026-10-06%2014%3A30%3A00&e[0][date_end]=2026-10-06%2015%3A00%3A00&e[0][timezone]=America%2FDenver&e[0][title]=Bookmobile%20Stop%20at%20Orchard%20Hill%20Elementary%20&e[0][description]=2015%20Covered%20Bridge%20Pkwy%20-%20Windsor&e[0][location]=Bookmobile%20-%20",FAILED,""
"https://clearview.libnet.info/event/17224214","https://addtocalendar.com/atc/ical?utz=0&uln=en-US@posix&vjs=1.5&e[0][date_start]=2026-10-06%2015%3A15%3A00&e[0][date_end]=2026-10-06%2016%3A15%3A00&e[0][timezone]=America%2FDenver&e[0][title]=Lego%20Explorers&e[0][description]=Lego%20Explorers%20offers%20Lego%20lovers%20the%20chance%20to%20free%20play%20with%20Legos.%20Build%20with%20our%20monthly%20theme%20or%20create%20from%20your%20own%20imagination.%20Open%20to%20elementary-aged%20children%2C%20as%20well%20as%20tweens%20ages%209-12.&e[0][location]=Severance%20Library%20-%20Cottonwood",FAILED,""
"https://clearview.libnet.info/event/17224214","https://addtocalendar.com/atc/google?utz=0&uln=en-US@posix&vjs=1.5&e[0][date_start]=2026-10-06%2015%3A15%3A00&e[0][date_end]=2026-10-06%2016%3A15%3A00&e[0][timezone]=America%2FDenver&e[0][title]=Lego%20Explorers&e[0][description]=Lego%20Explorers%20offers%20Lego%20lovers%20the%20chance%20to%20free%20play%20with%20Legos.%20Build%20with%20our%20monthly%20theme%20or%20create%20from%20your%20own%20imagination.%20Open%20to%20elementary-aged%20children%2C%20as%20well%20as%20tweens%20ages%209-12.&e[0][location]=Severance%20Library%20-%20Cottonwood",FAILED,""
"https://clearview.libnet.info/event/17224214","https://addtocalendar.com/atc/outlook?utz=0&uln=en-US@posix&vjs=1.5&e[0][date_start]=2026-10-06%2015%3A15%3A00&e[0][date_end]=2026-10-06%2016%3A15%3A00&e[0][timezone]=America%2FDenver&e[0][title]=Lego%20Explorers&e[0][description]=Lego%20Explorers%20offers%20Lego%20lovers%20the%20chance%20to%20free%20play%20with%20Legos.%20Build%20with%20our%20monthly%20theme%20or%20create%20from%20your%20own%20imagination.%20Open%20to%20elementary-aged%20children%2C%20as%20well%20as%20tweens%20ages%209-12.&e[0][location]=Severance%20Library%20-%20Cottonwood",FAILED,""
"https://clearview.libnet.info/event/17224214","https://addtocalendar.com/atc/outlookonline?utz=0&uln=en-US@posix&vjs=1.5&e[0][date_start]=2026-10-06%2015%3A15%3A00&e[0][date_end]=2026-10-06%2016%3A15%3A00&e[0][timezone]=America%2FDenver&e[0][title]=Lego%20Explorers&e[0][description]=Lego%20Explorers%20offers%20Lego%20lovers%20the%20chance%20to%20free%20play%20with%20Legos.%20Build%20with%20our%20monthly%20theme%20or%20create%20from%20your%20own%20imagination.%20Open%20to%20elementary-aged%20children%2C%20as%20well%20as%20tweens%20ages%209-12.&e[0][location]=Severance%20Library%20-%20Cottonwood",FAILED,""
"https://clearview.libnet.info/event/17224214","https://addtocalendar.com/atc/yahoo?utz=0&uln=en-US@posix&vjs=1.5&e[0][date_start]=2026-10-06%2015%3A15%3A00&e[0][date_end]=2026-10-06%2016%3A15%3A00&e[0][timezone]=America%2FDenver&e[0][title]=Lego%20Explorers&e[0][description]=Lego%20Explorers%20offers%20Lego%20lovers%20the%20chance%20to%20free%20play%20with%20Legos.%20Build%20with%20our%20monthly%20theme%20or%20create%20from%20your%20own%20imagination.%20Open%20to%20elementary-aged%20children%2C%20as%20well%20as%20tweens%20ages%209-12.&e[0][location]=Severance%20Library%20-%20Cottonwood",FAILED,""
"https://clearview.libnet.info/event/17042768","https://addtocalendar.com/atc/ical?utz=0&uln=en-US@posix&vjs=1.5&e[0][date_start]=2026-10-06%2015%3A30%3A00&e[0][date_end]=2026-10-06%2016%3A00%3A00&e[0][timezone]=America%2FDenver&e[0][title]=Bookmobile%20Stop%20at%20Ravina%20Park&e[0][description]=Graceful%20St%20-%20Windsor&e[0][location]=Bookmobile%20-%20",FAILED,""
"https://clearview.libnet.info/event/17042768","https://addtocalendar.com/atc/google?utz=0&uln=en-US@posix&vjs=1.5&e[0][date_start]=2026-10-06%2015%3A30%3A00&e[0][date_end]=2026-10-06%2016%3A00%3A00&e[0][timezone]=America%2FDenver&e[0][title]=Bookmobile%20Stop%20at%20Ravina%20Park&e[0][description]=Graceful%20St%20-%20Windsor&e[0][location]=Bookmobile%20-%20",FAILED,""
"https://clearview.libnet.info/event/17042768","https://addtocalendar.com/atc/outlook?utz=0&uln=en-US@posix&vjs=1.5&e[0][date_start]=2026-10-06%2015%3A30%3A00&e[0][date_end]=2026-10-06%2016%3A00%3A00&e[0][timezone]=America%2FDenver&e[0][title]=Bookmobile%20Stop%20at%20Ravina%20Park&e[0][description]=Graceful%20St%20-%20Windsor&e[0][location]=Bookmobile%20-%20",FAILED,""
"https://clearview.libnet.info/event/17042768","https://addtocalendar.com/atc/outlookonline?utz=0&uln=en-US@posix&vjs=1.5&e[0][date_start]=2026-10-06%2015%3A30%3A00&e[0][date_end]=2026-10-06%2016%3A00%3A00&e[0][timezone]=America%2FDenver&e[0][title]=Bookmobile%20Stop%20at%20Ravina%20Park&e[0][description]=Graceful%20St%20-%20Windsor&e[0][location]=Bookmobile%20-%20",FAILED,""
"https://clearview.libnet.info/event/17042768","https://addtocalendar.com/atc/yahoo?utz=0&uln=en-US@posix&vjs=1.5&e[0][date_start]=2026-10-06%2015%3A30%3A00&e[0][date_end]=2026-10-06%2016%3A00%3A00&e[0][timezone]=America%2FDenver&e[0][title]=Bookmobile%20Stop%20at%20Ravina%20Park&e[0][description]=Graceful%20St%20-%20Windsor&e[0][location]=Bookmobile%20-%20",FAILED,""
"https://clearview.libnet.info/event/17042777","https://addtocalendar.com/atc/ical?utz=0&uln=en-US@posix&vjs=1.5&e[0][date_start]=2026-10-06%2016%3A30%3A00&e[0][date_end]=2026-10-06%2017%3A00%3A00&e[0][timezone]=America%2FDenver&e[0][title]=Bookmobile%20Stop%20at%20Greenspire&e[0][description]=635%20Moonglow%20Dr%20-%20Windsor&e[0][location]=Bookmobile%20-%20",FAILED,""
"https://clearview.libnet.info/event/17042777","https://addtocalendar.com/atc/google?utz=0&uln=en-US@posix&vjs=1.5&e[0][date_start]=2026-10-06%2016%3A30%3A00&e[0][date_end]=2026-10-06%2017%3A00%3A00&e[0][timezone]=America%2FDenver&e[0][title]=Bookmobile%20Stop%20at%20Greenspire&e[0][description]=635%20Moonglow%20Dr%20-%20Windsor&e[0][location]=Bookmobile%20-%20",FAILED,""
"https://clearview.libnet.info/event/17042777","https://addtocalendar.com/atc/outlook?utz=0&uln=en-US@posix&vjs=1.5&e[0][date_start]=2026-10-06%2016%3A30%3A00&e[0][date_end]=2026-10-06%2017%3A00%3A00&e[0][timezone]=America%2FDenver&e[0][title]=Bookmobile%20Stop%20at%20Greenspire&e[0][description]=635%20Moonglow%20Dr%20-%20Windsor&e[0][location]=Bookmobile%20-%20",FAILED,""
"https://clearview.libnet.info/event/17042777","https://addtocalendar.com/atc/outlookonline?utz=0&uln=en-US@posix&vjs=1.5&e[0][date_start]=2026-10-06%2016%3A30%3A00&e[0][date_end]=2026-10-06%2017%3A00%3A00&e[0][timezone]=America%2FDenver&e[0][title]=Bookmobile%20Stop%20at%20Greenspire&e[0][description]=635%20Moonglow%20Dr%20-%20Windsor&e[0][location]=Bookmobile%20-%20",FAILED,""
"https://clearview.libnet.info/event/17042777","https://addtocalendar.com/atc/yahoo?utz=0&uln=en-US@posix&vjs=1.5&e[0][date_start]=2026-10-06%2016%3A30%3A00&e[0][date_end]=2026-10-06%2017%3A00%3A00&e[0][timezone]=America%2FDenver&e[0][title]=Bookmobile%20Stop%20at%20Greenspire&e[0][description]=635%20Moonglow%20Dr%20-%20Windsor&e[0][location]=Bookmobile%20-%20",FAILED,""
"https://clearview.libnet.info/event/17233794","https://clearview.marmot.org/GroupedWork/cdc72a79-0ff1-bde4-a512-83ecc1b4b64e/Home?searchId=282542841&recordIndex=2&page=1&searchSource=local",403,"Wait Till Helen Comes: A Ghost Story (A Graphic Novel) by Mary Downing Hahn"
"https://clearview.libnet.info/event/17233794","https://clearview.marmot.org/GroupedWork/8c9f271a-8eab-e49e-76d6-0eae7eb1ae5b/Home?searchId=282542489&recordIndex=1&page=1&searchSource=local",403,"Scary Stories for Young Foxes by Christian McKay Heidicker."
"https://clearview.libnet.info/event/17233794","https://clearview.marmot.org/GroupedWork/dffbffa2-a6b3-f269-192c-adbeaaa92da8/Home?searchId=282542704&recordIndex=1&page=1&searchSource=local",403,"The Haunted States of America by Ellen Hopkins"
"https://clearview.libnet.info/event/17233794","https://addtocalendar.com/atc/ical?utz=0&uln=en-US@posix&vjs=1.5&e[0][date_start]=2026-10-06%2016%3A30%3A00&e[0][date_end]=2026-10-06%2017%3A30%3A00&e[0][timezone]=America%2FDenver&e[0][title]=Not%20Your%20Boring%20Book%20Club&e[0][description]=This%20is%20no%20ordinary%20book%20club!%20Join%20us%20for%20a%204%20week%20session%2C%20where%20you%20will%20pick%20your%20book%20from%20our%20themed%20choices%20and%20participate%20in%20a%20variety%20of%20unique%20activities.%20%20For%20tweens%20ages%209-12.&e[0][location]=Windsor%20Library%20-%20Pikes%20Peak",FAILED,""
"https://clearview.libnet.info/event/17233794","https://addtocalendar.com/atc/google?utz=0&uln=en-US@posix&vjs=1.5&e[0][date_start]=2026-10-06%2016%3A30%3A00&e[0][date_end]=2026-10-06%2017%3A30%3A00&e[0][timezone]=America%2FDenver&e[0][title]=Not%20Your%20Boring%20Book%20Club&e[0][description]=This%20is%20no%20ordinary%20book%20club!%20Join%20us%20for%20a%204%20week%20session%2C%20where%20you%20will%20pick%20your%20book%20from%20our%20themed%20choices%20and%20participate%20in%20a%20variety%20of%20unique%20activities.%20%20For%20tweens%20ages%209-12.&e[0][location]=Windsor%20Library%20-%20Pikes%20Peak",FAILED,""
"https://clearview.libnet.info/event/17233794","https://addtocalendar.com/atc/outlook?utz=0&uln=en-US@posix&vjs=1.5&e[0][date_start]=2026-10-06%2016%3A30%3A00&e[0][date_end]=2026-10-06%2017%3A30%3A00&e[0][timezone]=America%2FDenver&e[0][title]=Not%20Your%20Boring%20Book%20Club&e[0][description]=This%20is%20no%20ordinary%20book%20club!%20Join%20us%20for%20a%204%20week%20session%2C%20where%20you%20will%20pick%20your%20book%20from%20our%20themed%20choices%20and%20participate%20in%20a%20variety%20of%20unique%20activities.%20%20For%20tweens%20ages%209-12.&e[0][location]=Windsor%20Library%20-%20Pikes%20Peak",FAILED,""
"https://clearview.libnet.info/event/17233794","https://addtocalendar.com/atc/outlookonline?utz=0&uln=en-US@posix&vjs=1.5&e[0][date_start]=2026-10-06%2016%3A30%3A00&e[0][date_end]=2026-10-06%2017%3A30%3A00&e[0][timezone]=America%2FDenver&e[0][title]=Not%20Your%20Boring%20Book%20Club&e[0][description]=This%20is%20no%20ordinary%20book%20club!%20Join%20us%20for%20a%204%20week%20session%2C%20where%20you%20will%20pick%20your%20book%20from%20our%20themed%20choices%20and%20participate%20in%20a%20variety%20of%20unique%20activities.%20%20For%20tweens%20ages%209-12.&e[0][location]=Windsor%20Library%20-%20Pikes%20Peak",FAILED,""
"https://clearview.libnet.info/event/17233794","https://addtocalendar.com/atc/yahoo?utz=0&uln=en-US@posix&vjs=1.5&e[0][date_start]=2026-10-06%2016%3A30%3A00&e[0][date_end]=2026-10-06%2017%3A30%3A00&e[0][timezone]=America%2FDenver&e[0][title]=Not%20Your%20Boring%20Book%20Club&e[0][description]=This%20is%20no%20ordinary%20book%20club!%20Join%20us%20for%20a%204%20week%20session%2C%20where%20you%20will%20pick%20your%20book%20from%20our%20themed%20choices%20and%20participate%20in%20a%20variety%20of%20unique%20activities.%20%20For%20tweens%20ages%209-12.&e[0][location]=Windsor%20Library%20-%20Pikes%20Peak",FAILED,""
"https://clearview.libnet.info/event/17240798","https://addtocalendar.com/atc/ical?utz=0&uln=en-US@posix&vjs=1.5&e[0][date_start]=2026-10-06%2017%3A00%3A00&e[0][date_end]=2026-10-06%2018%3A00%3A00&e[0][timezone]=America%2FDenver&e[0][title]=Teen%20DIY&e[0][description]=Teens%2C%20welcome%20to%20our%20monthly%20crafting%20sessions%20where%20we%27ll%20explore%20various%20art%20techniques.%20This%20month%2C%20learn%20to%20make%20a%20deliciously%20scented%2C%20autumn%20sugar%20scrub%E2%80%94perfect%20for%20treating%20dry%20fall%20skin!&e[0][location]=Severance%20Library%20-%20Cottonwood",FAILED,""
"https://clearview.libnet.info/event/17240798","https://addtocalendar.com/atc/google?utz=0&uln=en-US@posix&vjs=1.5&e[0][date_start]=2026-10-06%2017%3A00%3A00&e[0][date_end]=2026-10-06%2018%3A00%3A00&e[0][timezone]=America%2FDenver&e[0][title]=Teen%20DIY&e[0][description]=Teens%2C%20welcome%20to%20our%20monthly%20crafting%20sessions%20where%20we%27ll%20explore%20various%20art%20techniques.%20This%20month%2C%20learn%20to%20make%20a%20deliciously%20scented%2C%20autumn%20sugar%20scrub%E2%80%94perfect%20for%20treating%20dry%20fall%20skin!&e[0][location]=Severance%20Library%20-%20Cottonwood",FAILED,""
"https://clearview.libnet.info/event/17240798","https://addtocalendar.com/atc/outlook?utz=0&uln=en-US@posix&vjs=1.5&e[0][date_start]=2026-10-06%2017%3A00%3A00&e[0][date_end]=2026-10-06%2018%3A00%3A00&e[0][timezone]=America%2FDenver&e[0][title]=Teen%20DIY&e[0][description]=Teens%2C%20welcome%20to%20our%20monthly%20crafting%20sessions%20where%20we%27ll%20explore%20various%20art%20techniques.%20This%20month%2C%20learn%20to%20make%20a%20deliciously%20scented%2C%20autumn%20sugar%20scrub%E2%80%94perfect%20for%20treating%20dry%20fall%20skin!&e[0][location]=Severance%20Library%20-%20Cottonwood",FAILED,""
"https://clearview.libnet.info/event/17240798","https://addtocalendar.com/atc/outlookonline?utz=0&uln=en-US@posix&vjs=1.5&e[0][date_start]=2026-10-06%2017%3A00%3A00&e[0][date_end]=2026-10-06%2018%3A00%3A00&e[0][timezone]=America%2FDenver&e[0][title]=Teen%20DIY&e[0][description]=Teens%2C%20welcome%20to%20our%20monthly%20crafting%20sessions%20where%20we%27ll%20explore%20various%20art%20techniques.%20This%20month%2C%20learn%20to%20make%20a%20deliciously%20scented%2C%20autumn%20sugar%20scrub%E2%80%94perfect%20for%20treating%20dry%20fall%20skin!&e[0][location]=Severance%20Library%20-%20Cottonwood",FAILED,""
"https://clearview.libnet.info/event/17240798","https://addtocalendar.com/atc/yahoo?utz=0&uln=en-US@posix&vjs=1.5&e[0][date_start]=2026-10-06%2017%3A00%3A00&e[0][date_end]=2026-10-06%2018%3A00%3A00&e[0][timezone]=America%2FDenver&e[0][title]=Teen%20DIY&e[0][description]=Teens%2C%20welcome%20to%20our%20monthly%20crafting%20sessions%20where%20we%27ll%20explore%20various%20art%20techniques.%20This%20month%2C%20learn%20to%20make%20a%20deliciously%20scented%2C%20autumn%20sugar%20scrub%E2%80%94perfect%20for%20treating%20dry%20fall%20skin!&e[0][location]=Severance%20Library%20-%20Cottonwood",FAILED,""
"https://clearview.libnet.info/event/17218488","https://addtocalendar.com/atc/ical?utz=0&uln=en-US@posix&vjs=1.5&e[0][date_start]=2026-10-06%2017%3A30%3A00&e[0][date_end]=2026-10-06%2019%3A30%3A00&e[0][timezone]=America%2FDenver&e[0][title]=Pub%20Trivia%20Night&e[0][description]=Join%20us%20for%20Pub%20Trivia%20on%20the%20first%20Tuesday%20of%20every%20month%2C%20with%20prizes%20awarded%20to%20the%20top%20three%20highest%20scoring%20teams!&e[0][location]=Peculier%20Ales%20-%20301%20Main%20St%2C%20Windsor%2C%20CO%2080550",FAILED,""
"https://clearview.libnet.info/event/17218488","https://addtocalendar.com/atc/google?utz=0&uln=en-US@posix&vjs=1.5&e[0][date_start]=2026-10-06%2017%3A30%3A00&e[0][date_end]=2026-10-06%2019%3A30%3A00&e[0][timezone]=America%2FDenver&e[0][title]=Pub%20Trivia%20Night&e[0][description]=Join%20us%20for%20Pub%20Trivia%20on%20the%20first%20Tuesday%20of%20every%20month%2C%20with%20prizes%20awarded%20to%20the%20top%20three%20highest%20scoring%20teams!&e[0][location]=Peculier%20Ales%20-%20301%20Main%20St%2C%20Windsor%2C%20CO%2080550",FAILED,""
"https://clearview.libnet.info/event/17218488","https://addtocalendar.com/atc/outlook?utz=0&uln=en-US@posix&vjs=1.5&e[0][date_start]=2026-10-06%2017%3A30%3A00&e[0][date_end]=2026-10-06%2019%3A30%3A00&e[0][timezone]=America%2FDenver&e[0][title]=Pub%20Trivia%20Night&e[0][description]=Join%20us%20for%20Pub%20Trivia%20on%20the%20first%20Tuesday%20of%20every%20month%2C%20with%20prizes%20awarded%20to%20the%20top%20three%20highest%20scoring%20teams!&e[0][location]=Peculier%20Ales%20-%20301%20Main%20St%2C%20Windsor%2C%20CO%2080550",FAILED,""
"https://clearview.libnet.info/event/17218488","https://addtocalendar.com/atc/outlookonline?utz=0&uln=en-US@posix&vjs=1.5&e[0][date_start]=2026-10-06%2017%3A30%3A00&e[0][date_end]=2026-10-06%2019%3A30%3A00&e[0][timezone]=America%2FDenver&e[0][title]=Pub%20Trivia%20Night&e[0][description]=Join%20us%20for%20Pub%20Trivia%20on%20the%20first%20Tuesday%20of%20every%20month%2C%20with%20prizes%20awarded%20to%20the%20top%20three%20highest%20scoring%20teams!&e[0][location]=Peculier%20Ales%20-%20301%20Main%20St%2C%20Windsor%2C%20CO%2080550",FAILED,""
"https://clearview.libnet.info/event/17218488","https://addtocalendar.com/atc/yahoo?utz=0&uln=en-US@posix&vjs=1.5&e[0][date_start]=2026-10-06%2017%3A30%3A00&e[0][date_end]=2026-10-06%2019%3A30%3A00&e[0][timezone]=America%2FDenver&e[0][title]=Pub%20Trivia%20Night&e[0][description]=Join%20us%20for%20Pub%20Trivia%20on%20the%20first%20Tuesday%20of%20every%20month%2C%20with%20prizes%20awarded%20to%20the%20top%20three%20highest%20scoring%20teams!&e[0][location]=Peculier%20Ales%20-%20301%20Main%20St%2C%20Windsor%2C%20CO%2080550",FAILED,""
"https://clearview.libnet.info/event/17042787","https://addtocalendar.com/atc/ical?utz=0&uln=en-US@posix&vjs=1.5&e[0][date_start]=2026-10-06%2017%3A30%3A00&e[0][date_end]=2026-10-06%2018%3A00%3A00&e[0][timezone]=America%2FDenver&e[0][title]=Bookmobile%20Stop%20at%20The%20Ridge%20Park%20&e[0][description]=5005%20Harmony%20Ridge%20Pkwy%20-%20Windsor&e[0][location]=Bookmobile%20-%20",FAILED,""
"https://clearview.libnet.info/event/17042787","https://addtocalendar.com/atc/google?utz=0&uln=en-US@posix&vjs=1.5&e[0][date_start]=2026-10-06%2017%3A30%3A00&e[0][date_end]=2026-10-06%2018%3A00%3A00&e[0][timezone]=America%2FDenver&e[0][title]=Bookmobile%20Stop%20at%20The%20Ridge%20Park%20&e[0][description]=5005%20Harmony%20Ridge%20Pkwy%20-%20Windsor&e[0][location]=Bookmobile%20-%20",FAILED,""
"https://clearview.libnet.info/event/17042787","https://addtocalendar.com/atc/outlook?utz=0&uln=en-US@posix&vjs=1.5&e[0][date_start]=2026-10-06%2017%3A30%3A00&e[0][date_end]=2026-10-06%2018%3A00%3A00&e[0][timezone]=America%2FDenver&e[0][title]=Bookmobile%20Stop%20at%20The%20Ridge%20Park%20&e[0][description]=5005%20Harmony%20Ridge%20Pkwy%20-%20Windsor&e[0][location]=Bookmobile%20-%20",FAILED,""
"https://clearview.libnet.info/event/17042787","https://addtocalendar.com/atc/outlookonline?utz=0&uln=en-US@posix&vjs=1.5&e[0][date_start]=2026-10-06%2017%3A30%3A00&e[0][date_end]=2026-10-06%2018%3A00%3A00&e[0][timezone]=America%2FDenver&e[0][title]=Bookmobile%20Stop%20at%20The%20Ridge%20Park%20&e[0][description]=5005%20Harmony%20Ridge%20Pkwy%20-%20Windsor&e[0][location]=Bookmobile%20-%20",FAILED,""
"https://clearview.libnet.info/event/17042787","https://addtocalendar.com/atc/yahoo?utz=0&uln=en-US@posix&vjs=1.5&e[0][date_start]=2026-10-06%2017%3A30%3A00&e[0][date_end]=2026-10-06%2018%3A00%3A00&e[0][timezone]=America%2FDenver&e[0][title]=Bookmobile%20Stop%20at%20The%20Ridge%20Park%20&e[0][description]=5005%20Harmony%20Ridge%20Pkwy%20-%20Windsor&e[0][location]=Bookmobile%20-%20",FAILED,""
"https://clearview.libnet.info/event/17227558","https://addtocalendar.com/atc/ical?utz=0&uln=en-US@posix&vjs=1.5&e[0][date_start]=2026-10-07%2010%3A00%3A00&e[0][date_end]=2026-10-07%2010%3A30%3A00&e[0][timezone]=America%2FDenver&e[0][title]=Babies%20and%20Books&e[0][description]=Grow%20your%20reader%20as%20we%20enjoy%20books%2C%20rhymes%2C%20songs%2C%20sensory%20activities%2C%20and%20active%20movement%20during%20this%20lapsit%20storytime.%20For%20ages%20birth%20to%202%20years.%20Older%20siblings%20welcome.&e[0][location]=Severance%20Library%20-%20Cottonwood",FAILED,""
"https://clearview.libnet.info/event/17227558","https://addtocalendar.com/atc/google?utz=0&uln=en-US@posix&vjs=1.5&e[0][date_start]=2026-10-07%2010%3A00%3A00&e[0][date_end]=2026-10-07%2010%3A30%3A00&e[0][timezone]=America%2FDenver&e[0][title]=Babies%20and%20Books&e[0][description]=Grow%20your%20reader%20as%20we%20enjoy%20books%2C%20rhymes%2C%20songs%2C%20sensory%20activities%2C%20and%20active%20movement%20during%20this%20lapsit%20storytime.%20For%20ages%20birth%20to%202%20years.%20Older%20siblings%20welcome.&e[0][location]=Severance%20Library%20-%20Cottonwood",FAILED,""
"https://clearview.libnet.info/event/17227558","https://addtocalendar.com/atc/outlook?utz=0&uln=en-US@posix&vjs=1.5&e[0][date_start]=2026-10-07%2010%3A00%3A00&e[0][date_end]=2026-10-07%2010%3A30%3A00&e[0][timezone]=America%2FDenver&e[0][title]=Babies%20and%20Books&e[0][description]=Grow%20your%20reader%20as%20we%20enjoy%20books%2C%20rhymes%2C%20songs%2C%20sensory%20activities%2C%20and%20active%20movement%20during%20this%20lapsit%20storytime.%20For%20ages%20birth%20to%202%20years.%20Older%20siblings%20welcome.&e[0][location]=Severance%20Library%20-%20Cottonwood",FAILED,""
"https://clearview.libnet.info/event/17227558","https://addtocalendar.com/atc/outlookonline?utz=0&uln=en-US@posix&vjs=1.5&e[0][date_start]=2026-10-07%2010%3A00%3A00&e[0][date_end]=2026-10-07%2010%3A30%3A00&e[0][timezone]=America%2FDenver&e[0][title]=Babies%20and%20Books&e[0][description]=Grow%20your%20reader%20as%20we%20enjoy%20books%2C%20rhymes%2C%20songs%2C%20sensory%20activities%2C%20and%20active%20movement%20during%20this%20lapsit%20storytime.%20For%20ages%20birth%20to%202%20years.%20Older%20siblings%20welcome.&e[0][location]=Severance%20Library%20-%20Cottonwood",FAILED,""
"https://clearview.libnet.info/event/17227558","https://addtocalendar.com/atc/yahoo?utz=0&uln=en-US@posix&vjs=1.5&e[0][date_start]=2026-10-07%2010%3A00%3A00&e[0][date_end]=2026-10-07%2010%3A30%3A00&e[0][timezone]=America%2FDenver&e[0][title]=Babies%20and%20Books&e[0][description]=Grow%20your%20reader%20as%20we%20enjoy%20books%2C%20rhymes%2C%20songs%2C%20sensory%20activities%2C%20and%20active%20movement%20during%20this%20lapsit%20storytime.%20For%20ages%20birth%20to%202%20years.%20Older%20siblings%20welcome.&e[0][location]=Severance%20Library%20-%20Cottonwood",FAILED,""
"https://clearview.libnet.info/event/17272948","https://clearview.marmot.org/GroupedWork/91a5472c-1f1d-6c57-96b9-411886dc088d/Home?searchId=285887749&recordIndex=1&page=1&searchSource=local",403,"Verity"
"https://clearview.libnet.info/event/17272948","https://addtocalendar.com/atc/ical?utz=0&uln=en-US@posix&vjs=1.5&e[0][date_start]=2026-10-07%2010%3A00%3A00&e[0][date_end]=2026-10-07%2011%3A00%3A00&e[0][timezone]=America%2FDenver&e[0][title]=Hit%20List%20Reading%20Club&e[0][description]=Looking%20for%20a%20book%20you%20just%20can%E2%80%99t%20put%20down%3F%20So%20are%20we!%20Join%20us%20each%20month%20as%20we%20read%20titles%20-%20both%20new%20and%20old%20-%20from%20various%20bestseller%E2%80%99s%20lists.&e[0][location]=Windsor%20Library%20-%20Longs%20Peak",FAILED,""
"https://clearview.libnet.info/event/17272948","https://addtocalendar.com/atc/google?utz=0&uln=en-US@posix&vjs=1.5&e[0][date_start]=2026-10-07%2010%3A00%3A00&e[0][date_end]=2026-10-07%2011%3A00%3A00&e[0][timezone]=America%2FDenver&e[0][title]=Hit%20List%20Reading%20Club&e[0][description]=Looking%20for%20a%20book%20you%20just%20can%E2%80%99t%20put%20down%3F%20So%20are%20we!%20Join%20us%20each%20month%20as%20we%20read%20titles%20-%20both%20new%20and%20old%20-%20from%20various%20bestseller%E2%80%99s%20lists.&e[0][location]=Windsor%20Library%20-%20Longs%20Peak",FAILED,""
"https://clearview.libnet.info/event/17272948","https://addtocalendar.com/atc/outlook?utz=0&uln=en-US@posix&vjs=1.5&e[0][date_start]=2026-10-07%2010%3A00%3A00&e[0][date_end]=2026-10-07%2011%3A00%3A00&e[0][timezone]=America%2FDenver&e[0][title]=Hit%20List%20Reading%20Club&e[0][description]=Looking%20for%20a%20book%20you%20just%20can%E2%80%99t%20put%20down%3F%20So%20are%20we!%20Join%20us%20each%20month%20as%20we%20read%20titles%20-%20both%20new%20and%20old%20-%20from%20various%20bestseller%E2%80%99s%20lists.&e[0][location]=Windsor%20Library%20-%20Longs%20Peak",FAILED,""
"https://clearview.libnet.info/event/17272948","https://addtocalendar.com/atc/outlookonline?utz=0&uln=en-US@posix&vjs=1.5&e[0][date_start]=2026-10-07%2010%3A00%3A00&e[0][date_end]=2026-10-07%2011%3A00%3A00&e[0][timezone]=America%2FDenver&e[0][title]=Hit%20List%20Reading%20Club&e[0][description]=Looking%20for%20a%20book%20you%20just%20can%E2%80%99t%20put%20down%3F%20So%20are%20we!%20Join%20us%20each%20month%20as%20we%20read%20titles%20-%20both%20new%20and%20old%20-%20from%20various%20bestseller%E2%80%99s%20lists.&e[0][location]=Windsor%20Library%20-%20Longs%20Peak",FAILED,""
"https://clearview.libnet.info/event/17272948","https://addtocalendar.com/atc/yahoo?utz=0&uln=en-US@posix&vjs=1.5&e[0][date_start]=2026-10-07%2010%3A00%3A00&e[0][date_end]=2026-10-07%2011%3A00%3A00&e[0][timezone]=America%2FDenver&e[0][title]=Hit%20List%20Reading%20Club&e[0][description]=Looking%20for%20a%20book%20you%20just%20can%E2%80%99t%20put%20down%3F%20So%20are%20we!%20Join%20us%20each%20month%20as%20we%20read%20titles%20-%20both%20new%20and%20old%20-%20from%20various%20bestseller%E2%80%99s%20lists.&e[0][location]=Windsor%20Library%20-%20Longs%20Peak",FAILED,""
"https://clearview.libnet.info/event/17227833","https://addtocalendar.com/atc/ical?utz=0&uln=en-US@posix&vjs=1.5&e[0][date_start]=2026-10-07%2010%3A00%3A00&e[0][date_end]=2026-10-07%2010%3A30%3A00&e[0][timezone]=America%2FDenver&e[0][title]=Lil%27%20STEAM&e[0][description]=Join%20us%20to%20read%20a%20story%20and%20then%20explore%20Science%2C%20Technology%2C%20Engineering%2C%20Art%2C%20and%20Math%20with%20a%20monthly%20theme%20from%20the%20story%20with%20a%20related%20activity.%20For%20ages%203-5.&e[0][location]=Windsor%20Library%20-%20Pikes%20Peak",FAILED,""
"https://clearview.libnet.info/event/17227833","https://addtocalendar.com/atc/google?utz=0&uln=en-US@posix&vjs=1.5&e[0][date_start]=2026-10-07%2010%3A00%3A00&e[0][date_end]=2026-10-07%2010%3A30%3A00&e[0][timezone]=America%2FDenver&e[0][title]=Lil%27%20STEAM&e[0][description]=Join%20us%20to%20read%20a%20story%20and%20then%20explore%20Science%2C%20Technology%2C%20Engineering%2C%20Art%2C%20and%20Math%20with%20a%20monthly%20theme%20from%20the%20story%20with%20a%20related%20activity.%20For%20ages%203-5.&e[0][location]=Windsor%20Library%20-%20Pikes%20Peak",FAILED,""
"https://clearview.libnet.info/event/17227833","https://addtocalendar.com/atc/outlook?utz=0&uln=en-US@posix&vjs=1.5&e[0][date_start]=2026-10-07%2010%3A00%3A00&e[0][date_end]=2026-10-07%2010%3A30%3A00&e[0][timezone]=America%2FDenver&e[0][title]=Lil%27%20STEAM&e[0][description]=Join%20us%20to%20read%20a%20story%20and%20then%20explore%20Science%2C%20Technology%2C%20Engineering%2C%20Art%2C%20and%20Math%20with%20a%20monthly%20theme%20from%20the%20story%20with%20a%20related%20activity.%20For%20ages%203-5.&e[0][location]=Windsor%20Library%20-%20Pikes%20Peak",FAILED,""
"https://clearview.libnet.info/event/17227833","https://addtocalendar.com/atc/outlookonline?utz=0&uln=en-US@posix&vjs=1.5&e[0][date_start]=2026-10-07%2010%3A00%3A00&e[0][date_end]=2026-10-07%2010%3A30%3A00&e[0][timezone]=America%2FDenver&e[0][title]=Lil%27%20STEAM&e[0][description]=Join%20us%20to%20read%20a%20story%20and%20then%20explore%20Science%2C%20Technology%2C%20Engineering%2C%20Art%2C%20and%20Math%20with%20a%20monthly%20theme%20from%20the%20story%20with%20a%20related%20activity.%20For%20ages%203-5.&e[0][location]=Windsor%20Library%20-%20Pikes%20Peak",FAILED,""
"https://clearview.libnet.info/event/17227833","https://addtocalendar.com/atc/yahoo?utz=0&uln=en-US@posix&vjs=1.5&e[0][date_start]=2026-10-07%2010%3A00%3A00&e[0][date_end]=2026-10-07%2010%3A30%3A00&e[0][timezone]=America%2FDenver&e[0][title]=Lil%27%20STEAM&e[0][description]=Join%20us%20to%20read%20a%20story%20and%20then%20explore%20Science%2C%20Technology%2C%20Engineering%2C%20Art%2C%20and%20Math%20with%20a%20monthly%20theme%20from%20the%20story%20with%20a%20related%20activity.%20For%20ages%203-5.&e[0][location]=Windsor%20Library%20-%20Pikes%20Peak",FAILED,""
"https://clearview.libnet.info/event/17227648","https://addtocalendar.com/atc/ical?utz=0&uln=en-US@posix&vjs=1.5&e[0][date_start]=2026-10-07%2010%3A30%3A00&e[0][date_end]=2026-10-07%2011%3A00%3A00&e[0][timezone]=America%2FDenver&e[0][title]=Stay%20and%20Play&e[0][description]=Babies%20and%20toddlers%20will%20enjoy%20open-ended%20playtime%20in%20a%20relaxed%20atmosphere%20that%20promotes%20growth%2C%20exploration%2C%20and%20learning.%20Intended%20for%20children%20ages%200%20to%202%20and%20their%20caregivers%20or%20families.&e[0][location]=Severance%20Library%20-%20Cottonwood",FAILED,""
"https://clearview.libnet.info/event/17227648","https://addtocalendar.com/atc/google?utz=0&uln=en-US@posix&vjs=1.5&e[0][date_start]=2026-10-07%2010%3A30%3A00&e[0][date_end]=2026-10-07%2011%3A00%3A00&e[0][timezone]=America%2FDenver&e[0][title]=Stay%20and%20Play&e[0][description]=Babies%20and%20toddlers%20will%20enjoy%20open-ended%20playtime%20in%20a%20relaxed%20atmosphere%20that%20promotes%20growth%2C%20exploration%2C%20and%20learning.%20Intended%20for%20children%20ages%200%20to%202%20and%20their%20caregivers%20or%20families.&e[0][location]=Severance%20Library%20-%20Cottonwood",FAILED,""
"https://clearview.libnet.info/event/17227648","https://addtocalendar.com/atc/outlook?utz=0&uln=en-US@posix&vjs=1.5&e[0][date_start]=2026-10-07%2010%3A30%3A00&e[0][date_end]=2026-10-07%2011%3A00%3A00&e[0][timezone]=America%2FDenver&e[0][title]=Stay%20and%20Play&e[0][description]=Babies%20and%20toddlers%20will%20enjoy%20open-ended%20playtime%20in%20a%20relaxed%20atmosphere%20that%20promotes%20growth%2C%20exploration%2C%20and%20learning.%20Intended%20for%20children%20ages%200%20to%202%20and%20their%20caregivers%20or%20families.&e[0][location]=Severance%20Library%20-%20Cottonwood",FAILED,""
"https://clearview.libnet.info/event/17227648","https://addtocalendar.com/atc/outlookonline?utz=0&uln=en-US@posix&vjs=1.5&e[0][date_start]=2026-10-07%2010%3A30%3A00&e[0][date_end]=2026-10-07%2011%3A00%3A00&e[0][timezone]=America%2FDenver&e[0][title]=Stay%20and%20Play&e[0][description]=Babies%20and%20toddlers%20will%20enjoy%20open-ended%20playtime%20in%20a%20relaxed%20atmosphere%20that%20promotes%20growth%2C%20exploration%2C%20and%20learning.%20Intended%20for%20children%20ages%200%20to%202%20and%20their%20caregivers%20or%20families.&e[0][location]=Severance%20Library%20-%20Cottonwood",FAILED,""
"https://clearview.libnet.info/event/17227648","https://addtocalendar.com/atc/yahoo?utz=0&uln=en-US@posix&vjs=1.5&e[0][date_start]=2026-10-07%2010%3A30%3A00&e[0][date_end]=2026-10-07%2011%3A00%3A00&e[0][timezone]=America%2FDenver&e[0][title]=Stay%20and%20Play&e[0][description]=Babies%20and%20toddlers%20will%20enjoy%20open-ended%20playtime%20in%20a%20relaxed%20atmosphere%20that%20promotes%20growth%2C%20exploration%2C%20and%20learning.%20Intended%20for%20children%20ages%200%20to%202%20and%20their%20caregivers%20or%20families.&e[0][location]=Severance%20Library%20-%20Cottonwood",FAILED,""
"https://clearview.libnet.info/event/17042793","https://addtocalendar.com/atc/ical?utz=0&uln=en-US@posix&vjs=1.5&e[0][date_start]=2026-10-07%2014%3A30%3A00&e[0][date_end]=2026-10-07%2015%3A00%3A00&e[0][timezone]=America%2FDenver&e[0][title]=Bookmobile%20Stop%20at%20Poudre%20Heights%20Park%20&e[0][description]=1670%20Green%20River%20Dr%20-%20Windsor&e[0][location]=Bookmobile%20-%20",FAILED,""
"https://clearview.libnet.info/event/17042793","https://addtocalendar.com/atc/google?utz=0&uln=en-US@posix&vjs=1.5&e[0][date_start]=2026-10-07%2014%3A30%3A00&e[0][date_end]=2026-10-07%2015%3A00%3A00&e[0][timezone]=America%2FDenver&e[0][title]=Bookmobile%20Stop%20at%20Poudre%20Heights%20Park%20&e[0][description]=1670%20Green%20River%20Dr%20-%20Windsor&e[0][location]=Bookmobile%20-%20",FAILED,""
"https://clearview.libnet.info/event/17042793","https://addtocalendar.com/atc/outlook?utz=0&uln=en-US@posix&vjs=1.5&e[0][date_start]=2026-10-07%2014%3A30%3A00&e[0][date_end]=2026-10-07%2015%3A00%3A00&e[0][timezone]=America%2FDenver&e[0][title]=Bookmobile%20Stop%20at%20Poudre%20Heights%20Park%20&e[0][description]=1670%20Green%20River%20Dr%20-%20Windsor&e[0][location]=Bookmobile%20-%20",FAILED,""
"https://clearview.libnet.info/event/17042793","https://addtocalendar.com/atc/outlookonline?utz=0&uln=en-US@posix&vjs=1.5&e[0][date_start]=2026-10-07%2014%3A30%3A00&e[0][date_end]=2026-10-07%2015%3A00%3A00&e[0][timezone]=America%2FDenver&e[0][title]=Bookmobile%20Stop%20at%20Poudre%20Heights%20Park%20&e[0][description]=1670%20Green%20River%20Dr%20-%20Windsor&e[0][location]=Bookmobile%20-%20",FAILED,""
"https://clearview.libnet.info/event/17042793","https://addtocalendar.com/atc/yahoo?utz=0&uln=en-US@posix&vjs=1.5&e[0][date_start]=2026-10-07%2014%3A30%3A00&e[0][date_end]=2026-10-07%2015%3A00%3A00&e[0][timezone]=America%2FDenver&e[0][title]=Bookmobile%20Stop%20at%20Poudre%20Heights%20Park%20&e[0][description]=1670%20Green%20River%20Dr%20-%20Windsor&e[0][location]=Bookmobile%20-%20",FAILED,""
"https://clearview.libnet.info/event/17233634","https://addtocalendar.com/atc/ical?utz=0&uln=en-US@posix&vjs=1.5&e[0][date_start]=2026-10-07%2015%3A15%3A00&e[0][date_end]=2026-10-07%2016%3A15%3A00&e[0][timezone]=America%2FDenver&e[0][title]=Kids%20in%20the%20Kitchen&e[0][description]=Young%20chefs%20will%20learn%20to%20make%20new%20foods%20that%20can%20also%20be%20made%20at%20home!%20Get%20in%20the%20scary%20spirit%20with%20mummy%20pizzas%20%26amp%3B%20eyeball%20treats!%20Open%20to%20elementary-aged%20children%2C%20as%20well%20as%20tweens%20ages%209-12&e[0][location]=Severance%20Library%20-%20Cottonwood",FAILED,""
"https://clearview.libnet.info/event/17233634","https://addtocalendar.com/atc/google?utz=0&uln=en-US@posix&vjs=1.5&e[0][date_start]=2026-10-07%2015%3A15%3A00&e[0][date_end]=2026-10-07%2016%3A15%3A00&e[0][timezone]=America%2FDenver&e[0][title]=Kids%20in%20the%20Kitchen&e[0][description]=Young%20chefs%20will%20learn%20to%20make%20new%20foods%20that%20can%20also%20be%20made%20at%20home!%20Get%20in%20the%20scary%20spirit%20with%20mummy%20pizzas%20%26amp%3B%20eyeball%20treats!%20Open%20to%20elementary-aged%20children%2C%20as%20well%20as%20tweens%20ages%209-12&e[0][location]=Severance%20Library%20-%20Cottonwood",FAILED,""
"https://clearview.libnet.info/event/17233634","https://addtocalendar.com/atc/outlook?utz=0&uln=en-US@posix&vjs=1.5&e[0][date_start]=2026-10-07%2015%3A15%3A00&e[0][date_end]=2026-10-07%2016%3A15%3A00&e[0][timezone]=America%2FDenver&e[0][title]=Kids%20in%20the%20Kitchen&e[0][description]=Young%20chefs%20will%20learn%20to%20make%20new%20foods%20that%20can%20also%20be%20made%20at%20home!%20Get%20in%20the%20scary%20spirit%20with%20mummy%20pizzas%20%26amp%3B%20eyeball%20treats!%20Open%20to%20elementary-aged%20children%2C%20as%20well%20as%20tweens%20ages%209-12&e[0][location]=Severance%20Library%20-%20Cottonwood",FAILED,""
"https://clearview.libnet.info/event/17233634","https://addtocalendar.com/atc/outlookonline?utz=0&uln=en-US@posix&vjs=1.5&e[0][date_start]=2026-10-07%2015%3A15%3A00&e[0][date_end]=2026-10-07%2016%3A15%3A00&e[0][timezone]=America%2FDenver&e[0][title]=Kids%20in%20the%20Kitchen&e[0][description]=Young%20chefs%20will%20learn%20to%20make%20new%20foods%20that%20can%20also%20be%20made%20at%20home!%20Get%20in%20the%20scary%20spirit%20with%20mummy%20pizzas%20%26amp%3B%20eyeball%20treats!%20Open%20to%20elementary-aged%20children%2C%20as%20well%20as%20tweens%20ages%209-12&e[0][location]=Severance%20Library%20-%20Cottonwood",FAILED,""
"https://clearview.libnet.info/event/17233634","https://addtocalendar.com/atc/yahoo?utz=0&uln=en-US@posix&vjs=1.5&e[0][date_start]=2026-10-07%2015%3A15%3A00&e[0][date_end]=2026-10-07%2016%3A15%3A00&e[0][timezone]=America%2FDenver&e[0][title]=Kids%20in%20the%20Kitchen&e[0][description]=Young%20chefs%20will%20learn%20to%20make%20new%20foods%20that%20can%20also%20be%20made%20at%20home!%20Get%20in%20the%20scary%20spirit%20with%20mummy%20pizzas%20%26amp%3B%20eyeball%20treats!%20Open%20to%20elementary-aged%20children%2C%20as%20well%20as%20tweens%20ages%209-12&e[0][location]=Severance%20Library%20-%20Cottonwood",FAILED,""
"https://clearview.libnet.info/event/17042813","https://addtocalendar.com/atc/ical?utz=0&uln=en-US@posix&vjs=1.5&e[0][date_start]=2026-10-07%2015%3A30%3A00&e[0][date_end]=2026-10-07%2016%3A00%3A00&e[0][timezone]=America%2FDenver&e[0][title]=Bookmobile%20Stop%20at%20Founders%20Green%20Park&e[0][description]=1201%20Grand%20Ave%20-%20Windsor%20&e[0][location]=Bookmobile%20-%20",FAILED,""
"https://clearview.libnet.info/event/17042813","https://addtocalendar.com/atc/google?utz=0&uln=en-US@posix&vjs=1.5&e[0][date_start]=2026-10-07%2015%3A30%3A00&e[0][date_end]=2026-10-07%2016%3A00%3A00&e[0][timezone]=America%2FDenver&e[0][title]=Bookmobile%20Stop%20at%20Founders%20Green%20Park&e[0][description]=1201%20Grand%20Ave%20-%20Windsor%20&e[0][location]=Bookmobile%20-%20",FAILED,""
"https://clearview.libnet.info/event/17042813","https://addtocalendar.com/atc/outlook?utz=0&uln=en-US@posix&vjs=1.5&e[0][date_start]=2026-10-07%2015%3A30%3A00&e[0][date_end]=2026-10-07%2016%3A00%3A00&e[0][timezone]=America%2FDenver&e[0][title]=Bookmobile%20Stop%20at%20Founders%20Green%20Park&e[0][description]=1201%20Grand%20Ave%20-%20Windsor%20&e[0][location]=Bookmobile%20-%20",FAILED,""
"https://clearview.libnet.info/event/17042813","https://addtocalendar.com/atc/outlookonline?utz=0&uln=en-US@posix&vjs=1.5&e[0][date_start]=2026-10-07%2015%3A30%3A00&e[0][date_end]=2026-10-07%2016%3A00%3A00&e[0][timezone]=America%2FDenver&e[0][title]=Bookmobile%20Stop%20at%20Founders%20Green%20Park&e[0][description]=1201%20Grand%20Ave%20-%20Windsor%20&e[0][location]=Bookmobile%20-%20",FAILED,""
"https://clearview.libnet.info/event/17042813","https://addtocalendar.com/atc/yahoo?utz=0&uln=en-US@posix&vjs=1.5&e[0][date_start]=2026-10-07%2015%3A30%3A00&e[0][date_end]=2026-10-07%2016%3A00%3A00&e[0][timezone]=America%2FDenver&e[0][title]=Bookmobile%20Stop%20at%20Founders%20Green%20Park&e[0][description]=1201%20Grand%20Ave%20-%20Windsor%20&e[0][location]=Bookmobile%20-%20",FAILED,""
"https://clearview.libnet.info/event/17227086","https://addtocalendar.com/atc/ical?utz=0&uln=en-US@posix&vjs=1.5&e[0][date_start]=2026-10-07%2016%3A30%3A00&e[0][date_end]=2026-10-07%2017%3A30%3A00&e[0][timezone]=America%2FDenver&e[0][title]=Family%20Bingo&e[0][description]=This%20month%20we%27ll%20be%20playing%20a%20kind%20of%20Bingo%20from%20Mexico%20called%20Loteria!%20I%20will%20call%20the%20cards%20in%20both%20English%20and%20Spanish.%20Este%20mes%2C%20jugamos%20Loteria.%20Llamar%C3%A9%20las%20tarjetas%20en%20Ingl%C3%A9s%20y%20Espa%C3%B1ol.&e[0][location]=Windsor%20Library%20-%20Pikes%20Peak",FAILED,""
"https://clearview.libnet.info/event/17227086","https://addtocalendar.com/atc/google?utz=0&uln=en-US@posix&vjs=1.5&e[0][date_start]=2026-10-07%2016%3A30%3A00&e[0][date_end]=2026-10-07%2017%3A30%3A00&e[0][timezone]=America%2FDenver&e[0][title]=Family%20Bingo&e[0][description]=This%20month%20we%27ll%20be%20playing%20a%20kind%20of%20Bingo%20from%20Mexico%20called%20Loteria!%20I%20will%20call%20the%20cards%20in%20both%20English%20and%20Spanish.%20Este%20mes%2C%20jugamos%20Loteria.%20Llamar%C3%A9%20las%20tarjetas%20en%20Ingl%C3%A9s%20y%20Espa%C3%B1ol.&e[0][location]=Windsor%20Library%20-%20Pikes%20Peak",FAILED,""
"https://clearview.libnet.info/event/17227086","https://addtocalendar.com/atc/outlook?utz=0&uln=en-US@posix&vjs=1.5&e[0][date_start]=2026-10-07%2016%3A30%3A00&e[0][date_end]=2026-10-07%2017%3A30%3A00&e[0][timezone]=America%2FDenver&e[0][title]=Family%20Bingo&e[0][description]=This%20month%20we%27ll%20be%20playing%20a%20kind%20of%20Bingo%20from%20Mexico%20called%20Loteria!%20I%20will%20call%20the%20cards%20in%20both%20English%20and%20Spanish.%20Este%20mes%2C%20jugamos%20Loteria.%20Llamar%C3%A9%20las%20tarjetas%20en%20Ingl%C3%A9s%20y%20Espa%C3%B1ol.&e[0][location]=Windsor%20Library%20-%20Pikes%20Peak",FAILED,""
"https://clearview.libnet.info/event/17227086","https://addtocalendar.com/atc/outlookonline?utz=0&uln=en-US@posix&vjs=1.5&e[0][date_start]=2026-10-07%2016%3A30%3A00&e[0][date_end]=2026-10-07%2017%3A30%3A00&e[0][timezone]=America%2FDenver&e[0][title]=Family%20Bingo&e[0][description]=This%20month%20we%27ll%20be%20playing%20a%20kind%20of%20Bingo%20from%20Mexico%20called%20Loteria!%20I%20will%20call%20the%20cards%20in%20both%20English%20and%20Spanish.%20Este%20mes%2C%20jugamos%20Loteria.%20Llamar%C3%A9%20las%20tarjetas%20en%20Ingl%C3%A9s%20y%20Espa%C3%B1ol.&e[0][location]=Windsor%20Library%20-%20Pikes%20Peak",FAILED,""
"https://clearview.libnet.info/event/17227086","https://addtocalendar.com/atc/yahoo?utz=0&uln=en-US@posix&vjs=1.5&e[0][date_start]=2026-10-07%2016%3A30%3A00&e[0][date_end]=2026-10-07%2017%3A30%3A00&e[0][timezone]=America%2FDenver&e[0][title]=Family%20Bingo&e[0][description]=This%20month%20we%27ll%20be%20playing%20a%20kind%20of%20Bingo%20from%20Mexico%20called%20Loteria!%20I%20will%20call%20the%20cards%20in%20both%20English%20and%20Spanish.%20Este%20mes%2C%20jugamos%20Loteria.%20Llamar%C3%A9%20las%20tarjetas%20en%20Ingl%C3%A9s%20y%20Espa%C3%B1ol.&e[0][location]=Windsor%20Library%20-%20Pikes%20Peak",FAILED,""
"https://clearview.libnet.info/event/17042832","https://addtocalendar.com/atc/ical?utz=0&uln=en-US@posix&vjs=1.5&e[0][date_start]=2026-10-07%2016%3A30%3A00&e[0][date_end]=2026-10-07%2017%3A00%3A00&e[0][timezone]=America%2FDenver&e[0][title]=Bookmobile%20Stop%20at%20Cherry%20Park%20at%20RainDance%20&e[0][description]=Heirloom%20Dr%20-%20Windsor&e[0][location]=Bookmobile%20-%20",FAILED,""
"https://clearview.libnet.info/event/17042832","https://addtocalendar.com/atc/google?utz=0&uln=en-US@posix&vjs=1.5&e[0][date_start]=2026-10-07%2016%3A30%3A00&e[0][date_end]=2026-10-07%2017%3A00%3A00&e[0][timezone]=America%2FDenver&e[0][title]=Bookmobile%20Stop%20at%20Cherry%20Park%20at%20RainDance%20&e[0][description]=Heirloom%20Dr%20-%20Windsor&e[0][location]=Bookmobile%20-%20",FAILED,""
"https://clearview.libnet.info/event/17042832","https://addtocalendar.com/atc/outlook?utz=0&uln=en-US@posix&vjs=1.5&e[0][date_start]=2026-10-07%2016%3A30%3A00&e[0][date_end]=2026-10-07%2017%3A00%3A00&e[0][timezone]=America%2FDenver&e[0][title]=Bookmobile%20Stop%20at%20Cherry%20Park%20at%20RainDance%20&e[0][description]=Heirloom%20Dr%20-%20Windsor&e[0][location]=Bookmobile%20-%20",FAILED,""
"https://clearview.libnet.info/event/17042832","https://addtocalendar.com/atc/outlookonline?utz=0&uln=en-US@posix&vjs=1.5&e[0][date_start]=2026-10-07%2016%3A30%3A00&e[0][date_end]=2026-10-07%2017%3A00%3A00&e[0][timezone]=America%2FDenver&e[0][title]=Bookmobile%20Stop%20at%20Cherry%20Park%20at%20RainDance%20&e[0][description]=Heirloom%20Dr%20-%20Windsor&e[0][location]=Bookmobile%20-%20",FAILED,""
"https://clearview.libnet.info/event/17042832","https://addtocalendar.com/atc/yahoo?utz=0&uln=en-US@posix&vjs=1.5&e[0][date_start]=2026-10-07%2016%3A30%3A00&e[0][date_end]=2026-10-07%2017%3A00%3A00&e[0][timezone]=America%2FDenver&e[0][title]=Bookmobile%20Stop%20at%20Cherry%20Park%20at%20RainDance%20&e[0][description]=Heirloom%20Dr%20-%20Windsor&e[0][location]=Bookmobile%20-%20",FAILED,""
"https://clearview.libnet.info/event/17413577","https://addtocalendar.com/atc/ical?utz=0&uln=en-US@posix&vjs=1.5&e[0][date_start]=2026-10-07%2017%3A00%3A00&e[0][date_end]=2026-10-07%2018%3A00%3A00&e[0][timezone]=America%2FDenver&e[0][title]=Smartphone%20Basics%3A%20Android%20and%20iPhone&e[0][description]=Bring%20your%20smartphone%20and%20learn%20the%20basics%20in%20a%20patient%2C%20hands-on%20workshop%20for%20older%20adults%20and%20beginners.%20Practice%20everyday%20tasks%2C%20accessibility%20settings%2C%20privacy%2C%20and%20scam%20safety.&e[0][location]=Severance%20Library%20-%20Cottonwood",FAILED,""
"https://clearview.libnet.info/event/17413577","https://addtocalendar.com/atc/google?utz=0&uln=en-US@posix&vjs=1.5&e[0][date_start]=2026-10-07%2017%3A00%3A00&e[0][date_end]=2026-10-07%2018%3A00%3A00&e[0][timezone]=America%2FDenver&e[0][title]=Smartphone%20Basics%3A%20Android%20and%20iPhone&e[0][description]=Bring%20your%20smartphone%20and%20learn%20the%20basics%20in%20a%20patient%2C%20hands-on%20workshop%20for%20older%20adults%20and%20beginners.%20Practice%20everyday%20tasks%2C%20accessibility%20settings%2C%20privacy%2C%20and%20scam%20safety.&e[0][location]=Severance%20Library%20-%20Cottonwood",FAILED,""
"https://clearview.libnet.info/event/17413577","https://addtocalendar.com/atc/outlook?utz=0&uln=en-US@posix&vjs=1.5&e[0][date_start]=2026-10-07%2017%3A00%3A00&e[0][date_end]=2026-10-07%2018%3A00%3A00&e[0][timezone]=America%2FDenver&e[0][title]=Smartphone%20Basics%3A%20Android%20and%20iPhone&e[0][description]=Bring%20your%20smartphone%20and%20learn%20the%20basics%20in%20a%20patient%2C%20hands-on%20workshop%20for%20older%20adults%20and%20beginners.%20Practice%20everyday%20tasks%2C%20accessibility%20settings%2C%20privacy%2C%20and%20scam%20safety.&e[0][location]=Severance%20Library%20-%20Cottonwood",FAILED,""
"https://clearview.libnet.info/event/17413577","https://addtocalendar.com/atc/outlookonline?utz=0&uln=en-US@posix&vjs=1.5&e[0][date_start]=2026-10-07%2017%3A00%3A00&e[0][date_end]=2026-10-07%2018%3A00%3A00&e[0][timezone]=America%2FDenver&e[0][title]=Smartphone%20Basics%3A%20Android%20and%20iPhone&e[0][description]=Bring%20your%20smartphone%20and%20learn%20the%20basics%20in%20a%20patient%2C%20hands-on%20workshop%20for%20older%20adults%20and%20beginners.%20Practice%20everyday%20tasks%2C%20accessibility%20settings%2C%20privacy%2C%20and%20scam%20safety.&e[0][location]=Severance%20Library%20-%20Cottonwood",FAILED,""
"https://clearview.libnet.info/event/17413577","https://addtocalendar.com/atc/yahoo?utz=0&uln=en-US@posix&vjs=1.5&e[0][date_start]=2026-10-07%2017%3A00%3A00&e[0][date_end]=2026-10-07%2018%3A00%3A00&e[0][timezone]=America%2FDenver&e[0][title]=Smartphone%20Basics%3A%20Android%20and%20iPhone&e[0][description]=Bring%20your%20smartphone%20and%20learn%20the%20basics%20in%20a%20patient%2C%20hands-on%20workshop%20for%20older%20adults%20and%20beginners.%20Practice%20everyday%20tasks%2C%20accessibility%20settings%2C%20privacy%2C%20and%20scam%20safety.&e[0][location]=Severance%20Library%20-%20Cottonwood",FAILED,""
"https://clearview.libnet.info/event/17042842","https://addtocalendar.com/atc/ical?utz=0&uln=en-US@posix&vjs=1.5&e[0][date_start]=2026-10-07%2017%3A30%3A00&e[0][date_end]=2026-10-07%2018%3A00%3A00&e[0][timezone]=America%2FDenver&e[0][title]=Bookmobile%20Stop%20at%20Pelican%20Farms%20Park&e[0][description]=Kestrel%20Dr%20-%20Windsor&e[0][location]=Bookmobile%20-%20",FAILED,""
"https://clearview.libnet.info/event/17042842","https://addtocalendar.com/atc/google?utz=0&uln=en-US@posix&vjs=1.5&e[0][date_start]=2026-10-07%2017%3A30%3A00&e[0][date_end]=2026-10-07%2018%3A00%3A00&e[0][timezone]=America%2FDenver&e[0][title]=Bookmobile%20Stop%20at%20Pelican%20Farms%20Park&e[0][description]=Kestrel%20Dr%20-%20Windsor&e[0][location]=Bookmobile%20-%20",FAILED,""
"https://clearview.libnet.info/event/17042842","https://addtocalendar.com/atc/outlook?utz=0&uln=en-US@posix&vjs=1.5&e[0][date_start]=2026-10-07%2017%3A30%3A00&e[0][date_end]=2026-10-07%2018%3A00%3A00&e[0][timezone]=America%2FDenver&e[0][title]=Bookmobile%20Stop%20at%20Pelican%20Farms%20Park&e[0][description]=Kestrel%20Dr%20-%20Windsor&e[0][location]=Bookmobile%20-%20",FAILED,""
"https://clearview.libnet.info/event/17042842","https://addtocalendar.com/atc/outlookonline?utz=0&uln=en-US@posix&vjs=1.5&e[0][date_start]=2026-10-07%2017%3A30%3A00&e[0][date_end]=2026-10-07%2018%3A00%3A00&e[0][timezone]=America%2FDenver&e[0][title]=Bookmobile%20Stop%20at%20Pelican%20Farms%20Park&e[0][description]=Kestrel%20Dr%20-%20Windsor&e[0][location]=Bookmobile%20-%20",FAILED,""
"https://clearview.libnet.info/event/17042842","https://addtocalendar.com/atc/yahoo?utz=0&uln=en-US@posix&vjs=1.5&e[0][date_start]=2026-10-07%2017%3A30%3A00&e[0][date_end]=2026-10-07%2018%3A00%3A00&e[0][timezone]=America%2FDenver&e[0][title]=Bookmobile%20Stop%20at%20Pelican%20Farms%20Park&e[0][description]=Kestrel%20Dr%20-%20Windsor&e[0][location]=Bookmobile%20-%20",FAILED,""
"https://clearview.libnet.info/event/17240662","https://addtocalendar.com/atc/ical?utz=0&uln=en-US@posix&vjs=1.5&e[0][date_start]=2026-10-08%2010%3A00%3A00&e[0][date_end]=2026-10-08%2011%3A30%3A00&e[0][timezone]=America%2FDenver&e[0][title]=Thursdays%20at%20the%20Library&e[0][description]=Join%20us%20on%20select%20Thursdays%20at%20the%20library%20for%20a%20morning%20of%20delightful%20fun!%20This%20Baby%20Rave%20will%20have%20music%2C%20movement%2C%20and%20tactile%20fun%20for%20our%20youngest%20library-goers.%20For%20ages%200-2.&e[0][location]=Severance%20Library%20-%20Cottonwood",FAILED,""
"https://clearview.libnet.info/event/17240662","https://addtocalendar.com/atc/google?utz=0&uln=en-US@posix&vjs=1.5&e[0][date_start]=2026-10-08%2010%3A00%3A00&e[0][date_end]=2026-10-08%2011%3A30%3A00&e[0][timezone]=America%2FDenver&e[0][title]=Thursdays%20at%20the%20Library&e[0][description]=Join%20us%20on%20select%20Thursdays%20at%20the%20library%20for%20a%20morning%20of%20delightful%20fun!%20This%20Baby%20Rave%20will%20have%20music%2C%20movement%2C%20and%20tactile%20fun%20for%20our%20youngest%20library-goers.%20For%20ages%200-2.&e[0][location]=Severance%20Library%20-%20Cottonwood",FAILED,""
"https://clearview.libnet.info/event/17240662","https://addtocalendar.com/atc/outlook?utz=0&uln=en-US@posix&vjs=1.5&e[0][date_start]=2026-10-08%2010%3A00%3A00&e[0][date_end]=2026-10-08%2011%3A30%3A00&e[0][timezone]=America%2FDenver&e[0][title]=Thursdays%20at%20the%20Library&e[0][description]=Join%20us%20on%20select%20Thursdays%20at%20the%20library%20for%20a%20morning%20of%20delightful%20fun!%20This%20Baby%20Rave%20will%20have%20music%2C%20movement%2C%20and%20tactile%20fun%20for%20our%20youngest%20library-goers.%20For%20ages%200-2.&e[0][location]=Severance%20Library%20-%20Cottonwood",FAILED,""
"https://clearview.libnet.info/event/17240662","https://addtocalendar.com/atc/outlookonline?utz=0&uln=en-US@posix&vjs=1.5&e[0][date_start]=2026-10-08%2010%3A00%3A00&e[0][date_end]=2026-10-08%2011%3A30%3A00&e[0][timezone]=America%2FDenver&e[0][title]=Thursdays%20at%20the%20Library&e[0][description]=Join%20us%20on%20select%20Thursdays%20at%20the%20library%20for%20a%20morning%20of%20delightful%20fun!%20This%20Baby%20Rave%20will%20have%20music%2C%20movement%2C%20and%20tactile%20fun%20for%20our%20youngest%20library-goers.%20For%20ages%200-2.&e[0][location]=Severance%20Library%20-%20Cottonwood",FAILED,""
"https://clearview.libnet.info/event/17240662","https://addtocalendar.com/atc/yahoo?utz=0&uln=en-US@posix&vjs=1.5&e[0][date_start]=2026-10-08%2010%3A00%3A00&e[0][date_end]=2026-10-08%2011%3A30%3A00&e[0][timezone]=America%2FDenver&e[0][title]=Thursdays%20at%20the%20Library&e[0][description]=Join%20us%20on%20select%20Thursdays%20at%20the%20library%20for%20a%20morning%20of%20delightful%20fun!%20This%20Baby%20Rave%20will%20have%20music%2C%20movement%2C%20and%20tactile%20fun%20for%20our%20youngest%20library-goers.%20For%20ages%200-2.&e[0][location]=Severance%20Library%20-%20Cottonwood",FAILED,""
"https://clearview.libnet.info/event/17416614","https://addtocalendar.com/atc/ical?utz=0&uln=en-US@posix&vjs=1.5&e[0][date_start]=2026-10-08%2013%3A00%3A00&e[0][date_end]=2026-10-08%2015%3A00%3A00&e[0][timezone]=America%2FDenver&e[0][title]=Tech%20Bar%3A%20One-on-One%20Technology%20Help&e[0][description]=Schedule%2020%20minutes%20of%20focused%2C%20one-on-one%20help%20with%20a%20technology%20question.%20Library%20staff%20will%20help%20you%20find%20an%20answer%2C%20helpful%20resource%2C%20or%20practical%20next%20step.&e[0][location]=Severance%20Library%20-%20Cottonwood",FAILED,""
"https://clearview.libnet.info/event/17416614","https://addtocalendar.com/atc/google?utz=0&uln=en-US@posix&vjs=1.5&e[0][date_start]=2026-10-08%2013%3A00%3A00&e[0][date_end]=2026-10-08%2015%3A00%3A00&e[0][timezone]=America%2FDenver&e[0][title]=Tech%20Bar%3A%20One-on-One%20Technology%20Help&e[0][description]=Schedule%2020%20minutes%20of%20focused%2C%20one-on-one%20help%20with%20a%20technology%20question.%20Library%20staff%20will%20help%20you%20find%20an%20answer%2C%20helpful%20resource%2C%20or%20practical%20next%20step.&e[0][location]=Severance%20Library%20-%20Cottonwood",FAILED,""
"https://clearview.libnet.info/event/17416614","https://addtocalendar.com/atc/outlook?utz=0&uln=en-US@posix&vjs=1.5&e[0][date_start]=2026-10-08%2013%3A00%3A00&e[0][date_end]=2026-10-08%2015%3A00%3A00&e[0][timezone]=America%2FDenver&e[0][title]=Tech%20Bar%3A%20One-on-One%20Technology%20Help&e[0][description]=Schedule%2020%20minutes%20of%20focused%2C%20one-on-one%20help%20with%20a%20technology%20question.%20Library%20staff%20will%20help%20you%20find%20an%20answer%2C%20helpful%20resource%2C%20or%20practical%20next%20step.&e[0][location]=Severance%20Library%20-%20Cottonwood",FAILED,""
"https://clearview.libnet.info/event/17416614","https://addtocalendar.com/atc/outlookonline?utz=0&uln=en-US@posix&vjs=1.5&e[0][date_start]=2026-10-08%2013%3A00%3A00&e[0][date_end]=2026-10-08%2015%3A00%3A00&e[0][timezone]=America%2FDenver&e[0][title]=Tech%20Bar%3A%20One-on-One%20Technology%20Help&e[0][description]=Schedule%2020%20minutes%20of%20focused%2C%20one-on-one%20help%20with%20a%20technology%20question.%20Library%20staff%20will%20help%20you%20find%20an%20answer%2C%20helpful%20resource%2C%20or%20practical%20next%20step.&e[0][location]=Severance%20Library%20-%20Cottonwood",FAILED,""
"https://clearview.libnet.info/event/17416614","https://addtocalendar.com/atc/yahoo?utz=0&uln=en-US@posix&vjs=1.5&e[0][date_start]=2026-10-08%2013%3A00%3A00&e[0][date_end]=2026-10-08%2015%3A00%3A00&e[0][timezone]=America%2FDenver&e[0][title]=Tech%20Bar%3A%20One-on-One%20Technology%20Help&e[0][description]=Schedule%2020%20minutes%20of%20focused%2C%20one-on-one%20help%20with%20a%20technology%20question.%20Library%20staff%20will%20help%20you%20find%20an%20answer%2C%20helpful%20resource%2C%20or%20practical%20next%20step.&e[0][location]=Severance%20Library%20-%20Cottonwood",FAILED,""
"https://clearview.libnet.info/event/17042857","https://addtocalendar.com/atc/ical?utz=0&uln=en-US@posix&vjs=1.5&e[0][date_start]=2026-10-08%2014%3A30%3A00&e[0][date_end]=2026-10-08%2015%3A00%3A00&e[0][timezone]=America%2FDenver&e[0][title]=Bookmobile%20Stop%20at%20Hollister%20Lake%20Elementary%20&e[0][description]=550%20Sundance%20Dr%20-%20Windsor&e[0][location]=Bookmobile%20-%20",FAILED,""
"https://clearview.libnet.info/event/17042857","https://addtocalendar.com/atc/google?utz=0&uln=en-US@posix&vjs=1.5&e[0][date_start]=2026-10-08%2014%3A30%3A00&e[0][date_end]=2026-10-08%2015%3A00%3A00&e[0][timezone]=America%2FDenver&e[0][title]=Bookmobile%20Stop%20at%20Hollister%20Lake%20Elementary%20&e[0][description]=550%20Sundance%20Dr%20-%20Windsor&e[0][location]=Bookmobile%20-%20",FAILED,""
"https://clearview.libnet.info/event/17042857","https://addtocalendar.com/atc/outlook?utz=0&uln=en-US@posix&vjs=1.5&e[0][date_start]=2026-10-08%2014%3A30%3A00&e[0][date_end]=2026-10-08%2015%3A00%3A00&e[0][timezone]=America%2FDenver&e[0][title]=Bookmobile%20Stop%20at%20Hollister%20Lake%20Elementary%20&e[0][description]=550%20Sundance%20Dr%20-%20Windsor&e[0][location]=Bookmobile%20-%20",FAILED,""
"https://clearview.libnet.info/event/17042857","https://addtocalendar.com/atc/outlookonline?utz=0&uln=en-US@posix&vjs=1.5&e[0][date_start]=2026-10-08%2014%3A30%3A00&e[0][date_end]=2026-10-08%2015%3A00%3A00&e[0][timezone]=America%2FDenver&e[0][title]=Bookmobile%20Stop%20at%20Hollister%20Lake%20Elementary%20&e[0][description]=550%20Sundance%20Dr%20-%20Windsor&e[0][location]=Bookmobile%20-%20",FAILED,""
"https://clearview.libnet.info/event/17042857","https://addtocalendar.com/atc/yahoo?utz=0&uln=en-US@posix&vjs=1.5&e[0][date_start]=2026-10-08%2014%3A30%3A00&e[0][date_end]=2026-10-08%2015%3A00%3A00&e[0][timezone]=America%2FDenver&e[0][title]=Bookmobile%20Stop%20at%20Hollister%20Lake%20Elementary%20&e[0][description]=550%20Sundance%20Dr%20-%20Windsor&e[0][location]=Bookmobile%20-%20",FAILED,""
"https://clearview.libnet.info/event/17233467","https://addtocalendar.com/atc/ical?utz=0&uln=en-US@posix&vjs=1.5&e[0][date_start]=2026-10-08%2015%3A15%3A00&e[0][date_end]=2026-10-08%2016%3A15%3A00&e[0][timezone]=America%2FDenver&e[0][title]=Young%20Scientists&e[0][description]=Join%20us%20to%20explore%20and%20learn%20about%20the%20world%20around%20you!%20Try%20your%20hand%20at%20being%20Frankenstein%20and%20make%20your%20own%20robot%20hand!%20Open%20to%20elementary-aged%20children%20and%20tweens%20ages%209-12.&e[0][location]=Windsor%20Library%20-%20Pikes%20Peak",FAILED,""
"https://clearview.libnet.info/event/17233467","https://addtocalendar.com/atc/google?utz=0&uln=en-US@posix&vjs=1.5&e[0][date_start]=2026-10-08%2015%3A15%3A00&e[0][date_end]=2026-10-08%2016%3A15%3A00&e[0][timezone]=America%2FDenver&e[0][title]=Young%20Scientists&e[0][description]=Join%20us%20to%20explore%20and%20learn%20about%20the%20world%20around%20you!%20Try%20your%20hand%20at%20being%20Frankenstein%20and%20make%20your%20own%20robot%20hand!%20Open%20to%20elementary-aged%20children%20and%20tweens%20ages%209-12.&e[0][location]=Windsor%20Library%20-%20Pikes%20Peak",FAILED,""
"https://clearview.libnet.info/event/17233467","https://addtocalendar.com/atc/outlook?utz=0&uln=en-US@posix&vjs=1.5&e[0][date_start]=2026-10-08%2015%3A15%3A00&e[0][date_end]=2026-10-08%2016%3A15%3A00&e[0][timezone]=America%2FDenver&e[0][title]=Young%20Scientists&e[0][description]=Join%20us%20to%20explore%20and%20learn%20about%20the%20world%20around%20you!%20Try%20your%20hand%20at%20being%20Frankenstein%20and%20make%20your%20own%20robot%20hand!%20Open%20to%20elementary-aged%20children%20and%20tweens%20ages%209-12.&e[0][location]=Windsor%20Library%20-%20Pikes%20Peak",FAILED,""
"https://clearview.libnet.info/event/17233467","https://addtocalendar.com/atc/outlookonline?utz=0&uln=en-US@posix&vjs=1.5&e[0][date_start]=2026-10-08%2015%3A15%3A00&e[0][date_end]=2026-10-08%2016%3A15%3A00&e[0][timezone]=America%2FDenver&e[0][title]=Young%20Scientists&e[0][description]=Join%20us%20to%20explore%20and%20learn%20about%20the%20world%20around%20you!%20Try%20your%20hand%20at%20being%20Frankenstein%20and%20make%20your%20own%20robot%20hand!%20Open%20to%20elementary-aged%20children%20and%20tweens%20ages%209-12.&e[0][location]=Windsor%20Library%20-%20Pikes%20Peak",FAILED,""
"https://clearview.libnet.info/event/17233467","https://addtocalendar.com/atc/yahoo?utz=0&uln=en-US@posix&vjs=1.5&e[0][date_start]=2026-10-08%2015%3A15%3A00&e[0][date_end]=2026-10-08%2016%3A15%3A00&e[0][timezone]=America%2FDenver&e[0][title]=Young%20Scientists&e[0][description]=Join%20us%20to%20explore%20and%20learn%20about%20the%20world%20around%20you!%20Try%20your%20hand%20at%20being%20Frankenstein%20and%20make%20your%20own%20robot%20hand!%20Open%20to%20elementary-aged%20children%20and%20tweens%20ages%209-12.&e[0][location]=Windsor%20Library%20-%20Pikes%20Peak",FAILED,""
"https://clearview.libnet.info/event/17042884","https://addtocalendar.com/atc/ical?utz=0&uln=en-US@posix&vjs=1.5&e[0][date_start]=2026-10-08%2015%3A30%3A00&e[0][date_end]=2026-10-08%2016%3A00%3A00&e[0][timezone]=America%2FDenver&e[0][title]=Bookmobile%20Stop%20at%20Overlook%20Park%20&e[0][description]=650%20Audubon%20Blvd%20-%20Severance&e[0][location]=Bookmobile%20-%20",FAILED,""
"https://clearview.libnet.info/event/17042884","https://addtocalendar.com/atc/google?utz=0&uln=en-US@posix&vjs=1.5&e[0][date_start]=2026-10-08%2015%3A30%3A00&e[0][date_end]=2026-10-08%2016%3A00%3A00&e[0][timezone]=America%2FDenver&e[0][title]=Bookmobile%20Stop%20at%20Overlook%20Park%20&e[0][description]=650%20Audubon%20Blvd%20-%20Severance&e[0][location]=Bookmobile%20-%20",FAILED,""
"https://clearview.libnet.info/event/17042884","https://addtocalendar.com/atc/outlook?utz=0&uln=en-US@posix&vjs=1.5&e[0][date_start]=2026-10-08%2015%3A30%3A00&e[0][date_end]=2026-10-08%2016%3A00%3A00&e[0][timezone]=America%2FDenver&e[0][title]=Bookmobile%20Stop%20at%20Overlook%20Park%20&e[0][description]=650%20Audubon%20Blvd%20-%20Severance&e[0][location]=Bookmobile%20-%20",FAILED,""
"https://clearview.libnet.info/event/17042884","https://addtocalendar.com/atc/outlookonline?utz=0&uln=en-US@posix&vjs=1.5&e[0][date_start]=2026-10-08%2015%3A30%3A00&e[0][date_end]=2026-10-08%2016%3A00%3A00&e[0][timezone]=America%2FDenver&e[0][title]=Bookmobile%20Stop%20at%20Overlook%20Park%20&e[0][description]=650%20Audubon%20Blvd%20-%20Severance&e[0][location]=Bookmobile%20-%20",FAILED,""
"https://clearview.libnet.info/event/17042884","https://addtocalendar.com/atc/yahoo?utz=0&uln=en-US@posix&vjs=1.5&e[0][date_start]=2026-10-08%2015%3A30%3A00&e[0][date_end]=2026-10-08%2016%3A00%3A00&e[0][timezone]=America%2FDenver&e[0][title]=Bookmobile%20Stop%20at%20Overlook%20Park%20&e[0][description]=650%20Audubon%20Blvd%20-%20Severance&e[0][location]=Bookmobile%20-%20",FAILED,""
"https://clearview.libnet.info/event/17561225","https://addtocalendar.com/atc/ical?utz=0&uln=en-US@posix&vjs=1.5&e[0][date_start]=2026-10-08%2015%3A30%3A00&e[0][date_end]=2026-10-08%2016%3A30%3A00&e[0][timezone]=America%2FDenver&e[0][title]=PAWS%20for%20Reading&e[0][description]=Dogs%20%2B%20Reading%20%3D%20Magic%0A&e[0][location]=Windsor%20Library%20-%20",FAILED,""
"https://clearview.libnet.info/event/17561225","https://addtocalendar.com/atc/google?utz=0&uln=en-US@posix&vjs=1.5&e[0][date_start]=2026-10-08%2015%3A30%3A00&e[0][date_end]=2026-10-08%2016%3A30%3A00&e[0][timezone]=America%2FDenver&e[0][title]=PAWS%20for%20Reading&e[0][description]=Dogs%20%2B%20Reading%20%3D%20Magic%0A&e[0][location]=Windsor%20Library%20-%20",FAILED,""
"https://clearview.libnet.info/event/17561225","https://addtocalendar.com/atc/outlook?utz=0&uln=en-US@posix&vjs=1.5&e[0][date_start]=2026-10-08%2015%3A30%3A00&e[0][date_end]=2026-10-08%2016%3A30%3A00&e[0][timezone]=America%2FDenver&e[0][title]=PAWS%20for%20Reading&e[0][description]=Dogs%20%2B%20Reading%20%3D%20Magic%0A&e[0][location]=Windsor%20Library%20-%20",FAILED,""
"https://clearview.libnet.info/event/17561225","https://addtocalendar.com/atc/outlookonline?utz=0&uln=en-US@posix&vjs=1.5&e[0][date_start]=2026-10-08%2015%3A30%3A00&e[0][date_end]=2026-10-08%2016%3A30%3A00&e[0][timezone]=America%2FDenver&e[0][title]=PAWS%20for%20Reading&e[0][description]=Dogs%20%2B%20Reading%20%3D%20Magic%0A&e[0][location]=Windsor%20Library%20-%20",FAILED,""
"https://clearview.libnet.info/event/17561225","https://addtocalendar.com/atc/yahoo?utz=0&uln=en-US@posix&vjs=1.5&e[0][date_start]=2026-10-08%2015%3A30%3A00&e[0][date_end]=2026-10-08%2016%3A30%3A00&e[0][timezone]=America%2FDenver&e[0][title]=PAWS%20for%20Reading&e[0][description]=Dogs%20%2B%20Reading%20%3D%20Magic%0A&e[0][location]=Windsor%20Library%20-%20",FAILED,""
"https://clearview.libnet.info/event/17237124","https://addtocalendar.com/atc/ical?utz=0&uln=en-US@posix&vjs=1.5&e[0][date_start]=2026-10-08%2016%3A30%3A00&e[0][date_end]=2026-10-08%2017%3A30%3A00&e[0][timezone]=America%2FDenver&e[0][title]=Tween%20Time&e[0][description]=This%20month%2C%20we%E2%80%99re%20making%20spooky%20shadow%20puppets%20from%20Grimm%E2%80%99s%20fairy%20tales%20and%20putting%20on%20a%20show!%20For%20tweens%20ages%209-12.&e[0][location]=Severance%20Library%20-%20Cottonwood",FAILED,""
"https://clearview.libnet.info/event/17237124","https://addtocalendar.com/atc/google?utz=0&uln=en-US@posix&vjs=1.5&e[0][date_start]=2026-10-08%2016%3A30%3A00&e[0][date_end]=2026-10-08%2017%3A30%3A00&e[0][timezone]=America%2FDenver&e[0][title]=Tween%20Time&e[0][description]=This%20month%2C%20we%E2%80%99re%20making%20spooky%20shadow%20puppets%20from%20Grimm%E2%80%99s%20fairy%20tales%20and%20putting%20on%20a%20show!%20For%20tweens%20ages%209-12.&e[0][location]=Severance%20Library%20-%20Cottonwood",FAILED,""
"https://clearview.libnet.info/event/17237124","https://addtocalendar.com/atc/outlook?utz=0&uln=en-US@posix&vjs=1.5&e[0][date_start]=2026-10-08%2016%3A30%3A00&e[0][date_end]=2026-10-08%2017%3A30%3A00&e[0][timezone]=America%2FDenver&e[0][title]=Tween%20Time&e[0][description]=This%20month%2C%20we%E2%80%99re%20making%20spooky%20shadow%20puppets%20from%20Grimm%E2%80%99s%20fairy%20tales%20and%20putting%20on%20a%20show!%20For%20tweens%20ages%209-12.&e[0][location]=Severance%20Library%20-%20Cottonwood",FAILED,""
"https://clearview.libnet.info/event/17237124","https://addtocalendar.com/atc/outlookonline?utz=0&uln=en-US@posix&vjs=1.5&e[0][date_start]=2026-10-08%2016%3A30%3A00&e[0][date_end]=2026-10-08%2017%3A30%3A00&e[0][timezone]=America%2FDenver&e[0][title]=Tween%20Time&e[0][description]=This%20month%2C%20we%E2%80%99re%20making%20spooky%20shadow%20puppets%20from%20Grimm%E2%80%99s%20fairy%20tales%20and%20putting%20on%20a%20show!%20For%20tweens%20ages%209-12.&e[0][location]=Severance%20Library%20-%20Cottonwood",FAILED,""
"https://clearview.libnet.info/event/17237124","https://addtocalendar.com/atc/yahoo?utz=0&uln=en-US@posix&vjs=1.5&e[0][date_start]=2026-10-08%2016%3A30%3A00&e[0][date_end]=2026-10-08%2017%3A30%3A00&e[0][timezone]=America%2FDenver&e[0][title]=Tween%20Time&e[0][description]=This%20month%2C%20we%E2%80%99re%20making%20spooky%20shadow%20puppets%20from%20Grimm%E2%80%99s%20fairy%20tales%20and%20putting%20on%20a%20show!%20For%20tweens%20ages%209-12.&e[0][location]=Severance%20Library%20-%20Cottonwood",FAILED,""
"https://clearview.libnet.info/event/17042890","https://addtocalendar.com/atc/ical?utz=0&uln=en-US@posix&vjs=1.5&e[0][date_start]=2026-10-08%2016%3A30%3A00&e[0][date_end]=2026-10-08%2017%3A00%3A00&e[0][timezone]=America%2FDenver&e[0][title]=Bookmobile%20Stop%20at%20Village%20East%20Park&e[0][description]=865%20Park%20Edge%20Cir%20-%20Windsor&e[0][location]=Bookmobile%20-%20",FAILED,""
"https://clearview.libnet.info/event/17042890","https://addtocalendar.com/atc/google?utz=0&uln=en-US@posix&vjs=1.5&e[0][date_start]=2026-10-08%2016%3A30%3A00&e[0][date_end]=2026-10-08%2017%3A00%3A00&e[0][timezone]=America%2FDenver&e[0][title]=Bookmobile%20Stop%20at%20Village%20East%20Park&e[0][description]=865%20Park%20Edge%20Cir%20-%20Windsor&e[0][location]=Bookmobile%20-%20",FAILED,""
"https://clearview.libnet.info/event/17042890","https://addtocalendar.com/atc/outlook?utz=0&uln=en-US@posix&vjs=1.5&e[0][date_start]=2026-10-08%2016%3A30%3A00&e[0][date_end]=2026-10-08%2017%3A00%3A00&e[0][timezone]=America%2FDenver&e[0][title]=Bookmobile%20Stop%20at%20Village%20East%20Park&e[0][description]=865%20Park%20Edge%20Cir%20-%20Windsor&e[0][location]=Bookmobile%20-%20",FAILED,""
"https://clearview.libnet.info/event/17042890","https://addtocalendar.com/atc/outlookonline?utz=0&uln=en-US@posix&vjs=1.5&e[0][date_start]=2026-10-08%2016%3A30%3A00&e[0][date_end]=2026-10-08%2017%3A00%3A00&e[0][timezone]=America%2FDenver&e[0][title]=Bookmobile%20Stop%20at%20Village%20East%20Park&e[0][description]=865%20Park%20Edge%20Cir%20-%20Windsor&e[0][location]=Bookmobile%20-%20",FAILED,""
"https://clearview.libnet.info/event/17042890","https://addtocalendar.com/atc/yahoo?utz=0&uln=en-US@posix&vjs=1.5&e[0][date_start]=2026-10-08%2016%3A30%3A00&e[0][date_end]=2026-10-08%2017%3A00%3A00&e[0][timezone]=America%2FDenver&e[0][title]=Bookmobile%20Stop%20at%20Village%20East%20Park&e[0][description]=865%20Park%20Edge%20Cir%20-%20Windsor&e[0][location]=Bookmobile%20-%20",FAILED,""
"https://clearview.libnet.info/event/17316476","https://addtocalendar.com/atc/ical?utz=0&uln=en-US@posix&vjs=1.5&e[0][date_start]=2026-10-08%2017%3A30%3A00&e[0][date_end]=2026-10-08%2018%3A30%3A00&e[0][timezone]=America%2FDenver&e[0][title]=Ghoulish%20Gourds&e[0][description]=Enjoy%20this%20adult%20crafting%20event%20where%20we%20will%20transform%20ordinary%20pumpkins%20into%20Halloween%20masterpieces%20using%20clay%20and%20creative%20flair!&e[0][location]=Windsor%20Library%20-%20Pikes%20Peak",FAILED,""
"https://clearview.libnet.info/event/17316476","https://addtocalendar.com/atc/google?utz=0&uln=en-US@posix&vjs=1.5&e[0][date_start]=2026-10-08%2017%3A30%3A00&e[0][date_end]=2026-10-08%2018%3A30%3A00&e[0][timezone]=America%2FDenver&e[0][title]=Ghoulish%20Gourds&e[0][description]=Enjoy%20this%20adult%20crafting%20event%20where%20we%20will%20transform%20ordinary%20pumpkins%20into%20Halloween%20masterpieces%20using%20clay%20and%20creative%20flair!&e[0][location]=Windsor%20Library%20-%20Pikes%20Peak",FAILED,""
"https://clearview.libnet.info/event/17316476","https://addtocalendar.com/atc/outlook?utz=0&uln=en-US@posix&vjs=1.5&e[0][date_start]=2026-10-08%2017%3A30%3A00&e[0][date_end]=2026-10-08%2018%3A30%3A00&e[0][timezone]=America%2FDenver&e[0][title]=Ghoulish%20Gourds&e[0][description]=Enjoy%20this%20adult%20crafting%20event%20where%20we%20will%20transform%20ordinary%20pumpkins%20into%20Halloween%20masterpieces%20using%20clay%20and%20creative%20flair!&e[0][location]=Windsor%20Library%20-%20Pikes%20Peak",FAILED,""
"https://clearview.libnet.info/event/17316476","https://addtocalendar.com/atc/outlookonline?utz=0&uln=en-US@posix&vjs=1.5&e[0][date_start]=2026-10-08%2017%3A30%3A00&e[0][date_end]=2026-10-08%2018%3A30%3A00&e[0][timezone]=America%2FDenver&e[0][title]=Ghoulish%20Gourds&e[0][description]=Enjoy%20this%20adult%20crafting%20event%20where%20we%20will%20transform%20ordinary%20pumpkins%20into%20Halloween%20masterpieces%20using%20clay%20and%20creative%20flair!&e[0][location]=Windsor%20Library%20-%20Pikes%20Peak",FAILED,""
"https://clearview.libnet.info/event/17316476","https://addtocalendar.com/atc/yahoo?utz=0&uln=en-US@posix&vjs=1.5&e[0][date_start]=2026-10-08%2017%3A30%3A00&e[0][date_end]=2026-10-08%2018%3A30%3A00&e[0][timezone]=America%2FDenver&e[0][title]=Ghoulish%20Gourds&e[0][description]=Enjoy%20this%20adult%20crafting%20event%20where%20we%20will%20transform%20ordinary%20pumpkins%20into%20Halloween%20masterpieces%20using%20clay%20and%20creative%20flair!&e[0][location]=Windsor%20Library%20-%20Pikes%20Peak",FAILED,""
"https://clearview.libnet.info/event/17042914","https://addtocalendar.com/atc/ical?utz=0&uln=en-US@posix&vjs=1.5&e[0][date_start]=2026-10-08%2017%3A30%3A00&e[0][date_end]=2026-10-08%2018%3A00%3A00&e[0][timezone]=America%2FDenver&e[0][title]=Bookmobile%20Stop%20at%20Promontory%20Community%20Park%20&e[0][description]=W%2013th%20St%20-%20Greeley&e[0][location]=Bookmobile%20-%20",FAILED,""
"https://clearview.libnet.info/event/17042914","https://addtocalendar.com/atc/google?utz=0&uln=en-US@posix&vjs=1.5&e[0][date_start]=2026-10-08%2017%3A30%3A00&e[0][date_end]=2026-10-08%2018%3A00%3A00&e[0][timezone]=America%2FDenver&e[0][title]=Bookmobile%20Stop%20at%20Promontory%20Community%20Park%20&e[0][description]=W%2013th%20St%20-%20Greeley&e[0][location]=Bookmobile%20-%20",FAILED,""
"https://clearview.libnet.info/event/17042914","https://addtocalendar.com/atc/outlook?utz=0&uln=en-US@posix&vjs=1.5&e[0][date_start]=2026-10-08%2017%3A30%3A00&e[0][date_end]=2026-10-08%2018%3A00%3A00&e[0][timezone]=America%2FDenver&e[0][title]=Bookmobile%20Stop%20at%20Promontory%20Community%20Park%20&e[0][description]=W%2013th%20St%20-%20Greeley&e[0][location]=Bookmobile%20-%20",FAILED,""
"https://clearview.libnet.info/event/17042914","https://addtocalendar.com/atc/outlookonline?utz=0&uln=en-US@posix&vjs=1.5&e[0][date_start]=2026-10-08%2017%3A30%3A00&e[0][date_end]=2026-10-08%2018%3A00%3A00&e[0][timezone]=America%2FDenver&e[0][title]=Bookmobile%20Stop%20at%20Promontory%20Community%20Park%20&e[0][description]=W%2013th%20St%20-%20Greeley&e[0][location]=Bookmobile%20-%20",FAILED,""
"https://clearview.libnet.info/event/17042914","https://addtocalendar.com/atc/yahoo?utz=0&uln=en-US@posix&vjs=1.5&e[0][date_start]=2026-10-08%2017%3A30%3A00&e[0][date_end]=2026-10-08%2018%3A00%3A00&e[0][timezone]=America%2FDenver&e[0][title]=Bookmobile%20Stop%20at%20Promontory%20Community%20Park%20&e[0][description]=W%2013th%20St%20-%20Greeley&e[0][location]=Bookmobile%20-%20",FAILED,""
"https://clearview.libnet.info/event/17228900","https://addtocalendar.com/atc/ical?utz=0&uln=en-US@posix&vjs=1.5&e[0][date_start]=2026-10-09%2009%3A30%3A00&e[0][date_end]=2026-10-09%2010%3A00%3A00&e[0][timezone]=America%2FDenver&e[0][title]=Babies%20and%20Books&e[0][description]=Grow%20your%20reader%20as%20we%20enjoy%20books%2C%20rhymes%2C%20songs%2C%20sensory%20activities%2C%20and%20active%20movement%20during%20this%20lapsit%20storytime.%20For%20ages%20birth%20to%202%20years.%20Older%20siblings%20welcome.&e[0][location]=Windsor%20Library%20-%20Pikes%20Peak",FAILED,""
"https://clearview.libnet.info/event/17228900","https://addtocalendar.com/atc/google?utz=0&uln=en-US@posix&vjs=1.5&e[0][date_start]=2026-10-09%2009%3A30%3A00&e[0][date_end]=2026-10-09%2010%3A00%3A00&e[0][timezone]=America%2FDenver&e[0][title]=Babies%20and%20Books&e[0][description]=Grow%20your%20reader%20as%20we%20enjoy%20books%2C%20rhymes%2C%20songs%2C%20sensory%20activities%2C%20and%20active%20movement%20during%20this%20lapsit%20storytime.%20For%20ages%20birth%20to%202%20years.%20Older%20siblings%20welcome.&e[0][location]=Windsor%20Library%20-%20Pikes%20Peak",FAILED,""
"https://clearview.libnet.info/event/17228900","https://addtocalendar.com/atc/outlook?utz=0&uln=en-US@posix&vjs=1.5&e[0][date_start]=2026-10-09%2009%3A30%3A00&e[0][date_end]=2026-10-09%2010%3A00%3A00&e[0][timezone]=America%2FDenver&e[0][title]=Babies%20and%20Books&e[0][description]=Grow%20your%20reader%20as%20we%20enjoy%20books%2C%20rhymes%2C%20songs%2C%20sensory%20activities%2C%20and%20active%20movement%20during%20this%20lapsit%20storytime.%20For%20ages%20birth%20to%202%20years.%20Older%20siblings%20welcome.&e[0][location]=Windsor%20Library%20-%20Pikes%20Peak",FAILED,""
"https://clearview.libnet.info/event/17228900","https://addtocalendar.com/atc/outlookonline?utz=0&uln=en-US@posix&vjs=1.5&e[0][date_start]=2026-10-09%2009%3A30%3A00&e[0][date_end]=2026-10-09%2010%3A00%3A00&e[0][timezone]=America%2FDenver&e[0][title]=Babies%20and%20Books&e[0][description]=Grow%20your%20reader%20as%20we%20enjoy%20books%2C%20rhymes%2C%20songs%2C%20sensory%20activities%2C%20and%20active%20movement%20during%20this%20lapsit%20storytime.%20For%20ages%20birth%20to%202%20years.%20Older%20siblings%20welcome.&e[0][location]=Windsor%20Library%20-%20Pikes%20Peak",FAILED,""
"https://clearview.libnet.info/event/17228900","https://addtocalendar.com/atc/yahoo?utz=0&uln=en-US@posix&vjs=1.5&e[0][date_start]=2026-10-09%2009%3A30%3A00&e[0][date_end]=2026-10-09%2010%3A00%3A00&e[0][timezone]=America%2FDenver&e[0][title]=Babies%20and%20Books&e[0][description]=Grow%20your%20reader%20as%20we%20enjoy%20books%2C%20rhymes%2C%20songs%2C%20sensory%20activities%2C%20and%20active%20movement%20during%20this%20lapsit%20storytime.%20For%20ages%20birth%20to%202%20years.%20Older%20siblings%20welcome.&e[0][location]=Windsor%20Library%20-%20Pikes%20Peak",FAILED,""
"https://clearview.libnet.info/event/17229025","https://addtocalendar.com/atc/ical?utz=0&uln=en-US@posix&vjs=1.5&e[0][date_start]=2026-10-09%2010%3A00%3A00&e[0][date_end]=2026-10-09%2010%3A30%3A00&e[0][timezone]=America%2FDenver&e[0][title]=Stay%20and%20Play%20&e[0][description]=Babies%20and%20toddlers%20will%20enjoy%20open-ended%20playtime%20in%20a%20relaxed%20atmosphere%20that%20promotes%20growth%2C%20exploration%2C%20and%20learning.%20Intended%20for%20children%20ages%200%20to%202%20and%20their%20caregivers%20or%20families.&e[0][location]=Windsor%20Library%20-%20Pikes%20Peak",FAILED,""
"https://clearview.libnet.info/event/17229025","https://addtocalendar.com/atc/google?utz=0&uln=en-US@posix&vjs=1.5&e[0][date_start]=2026-10-09%2010%3A00%3A00&e[0][date_end]=2026-10-09%2010%3A30%3A00&e[0][timezone]=America%2FDenver&e[0][title]=Stay%20and%20Play%20&e[0][description]=Babies%20and%20toddlers%20will%20enjoy%20open-ended%20playtime%20in%20a%20relaxed%20atmosphere%20that%20promotes%20growth%2C%20exploration%2C%20and%20learning.%20Intended%20for%20children%20ages%200%20to%202%20and%20their%20caregivers%20or%20families.&e[0][location]=Windsor%20Library%20-%20Pikes%20Peak",FAILED,""
"https://clearview.libnet.info/event/17229025","https://addtocalendar.com/atc/outlook?utz=0&uln=en-US@posix&vjs=1.5&e[0][date_start]=2026-10-09%2010%3A00%3A00&e[0][date_end]=2026-10-09%2010%3A30%3A00&e[0][timezone]=America%2FDenver&e[0][title]=Stay%20and%20Play%20&e[0][description]=Babies%20and%20toddlers%20will%20enjoy%20open-ended%20playtime%20in%20a%20relaxed%20atmosphere%20that%20promotes%20growth%2C%20exploration%2C%20and%20learning.%20Intended%20for%20children%20ages%200%20to%202%20and%20their%20caregivers%20or%20families.&e[0][location]=Windsor%20Library%20-%20Pikes%20Peak",FAILED,""
"https://clearview.libnet.info/event/17229025","https://addtocalendar.com/atc/outlookonline?utz=0&uln=en-US@posix&vjs=1.5&e[0][date_start]=2026-10-09%2010%3A00%3A00&e[0][date_end]=2026-10-09%2010%3A30%3A00&e[0][timezone]=America%2FDenver&e[0][title]=Stay%20and%20Play%20&e[0][description]=Babies%20and%20toddlers%20will%20enjoy%20open-ended%20playtime%20in%20a%20relaxed%20atmosphere%20that%20promotes%20growth%2C%20exploration%2C%20and%20learning.%20Intended%20for%20children%20ages%200%20to%202%20and%20their%20caregivers%20or%20families.&e[0][location]=Windsor%20Library%20-%20Pikes%20Peak",FAILED,""
"https://clearview.libnet.info/event/17229025","https://addtocalendar.com/atc/yahoo?utz=0&uln=en-US@posix&vjs=1.5&e[0][date_start]=2026-10-09%2010%3A00%3A00&e[0][date_end]=2026-10-09%2010%3A30%3A00&e[0][timezone]=America%2FDenver&e[0][title]=Stay%20and%20Play%20&e[0][description]=Babies%20and%20toddlers%20will%20enjoy%20open-ended%20playtime%20in%20a%20relaxed%20atmosphere%20that%20promotes%20growth%2C%20exploration%2C%20and%20learning.%20Intended%20for%20children%20ages%200%20to%202%20and%20their%20caregivers%20or%20families.&e[0][location]=Windsor%20Library%20-%20Pikes%20Peak",FAILED,""
"https://clearview.libnet.info/event/17239671","https://addtocalendar.com/atc/ical?utz=0&uln=en-US@posix&vjs=1.5&e[0][date_start]=2026-10-09%2010%3A30%3A00&e[0][date_end]=2026-10-09%2011%3A15%3A00&e[0][timezone]=America%2FDenver&e[0][title]=Lil%27%20Bites&e[0][description]=A%20cooking%20class%2C%20perfect%20for%20little%20ones!%20In%20this%20session%2C%20we%20will%20make%20pumpkin%20pudding%2C%20a%20scrumptious%20seasonal%20snack!%20For%20ages%203-5.&e[0][location]=Severance%20Library%20-%20Cottonwood",FAILED,""
"https://clearview.libnet.info/event/17239671","https://addtocalendar.com/atc/google?utz=0&uln=en-US@posix&vjs=1.5&e[0][date_start]=2026-10-09%2010%3A30%3A00&e[0][date_end]=2026-10-09%2011%3A15%3A00&e[0][timezone]=America%2FDenver&e[0][title]=Lil%27%20Bites&e[0][description]=A%20cooking%20class%2C%20perfect%20for%20little%20ones!%20In%20this%20session%2C%20we%20will%20make%20pumpkin%20pudding%2C%20a%20scrumptious%20seasonal%20snack!%20For%20ages%203-5.&e[0][location]=Severance%20Library%20-%20Cottonwood",FAILED,""
"https://clearview.libnet.info/event/17239671","https://addtocalendar.com/atc/outlook?utz=0&uln=en-US@posix&vjs=1.5&e[0][date_start]=2026-10-09%2010%3A30%3A00&e[0][date_end]=2026-10-09%2011%3A15%3A00&e[0][timezone]=America%2FDenver&e[0][title]=Lil%27%20Bites&e[0][description]=A%20cooking%20class%2C%20perfect%20for%20little%20ones!%20In%20this%20session%2C%20we%20will%20make%20pumpkin%20pudding%2C%20a%20scrumptious%20seasonal%20snack!%20For%20ages%203-5.&e[0][location]=Severance%20Library%20-%20Cottonwood",FAILED,""
"https://clearview.libnet.info/event/17239671","https://addtocalendar.com/atc/outlookonline?utz=0&uln=en-US@posix&vjs=1.5&e[0][date_start]=2026-10-09%2010%3A30%3A00&e[0][date_end]=2026-10-09%2011%3A15%3A00&e[0][timezone]=America%2FDenver&e[0][title]=Lil%27%20Bites&e[0][description]=A%20cooking%20class%2C%20perfect%20for%20little%20ones!%20In%20this%20session%2C%20we%20will%20make%20pumpkin%20pudding%2C%20a%20scrumptious%20seasonal%20snack!%20For%20ages%203-5.&e[0][location]=Severance%20Library%20-%20Cottonwood",FAILED,""
"https://clearview.libnet.info/event/17239671","https://addtocalendar.com/atc/yahoo?utz=0&uln=en-US@posix&vjs=1.5&e[0][date_start]=2026-10-09%2010%3A30%3A00&e[0][date_end]=2026-10-09%2011%3A15%3A00&e[0][timezone]=America%2FDenver&e[0][title]=Lil%27%20Bites&e[0][description]=A%20cooking%20class%2C%20perfect%20for%20little%20ones!%20In%20this%20session%2C%20we%20will%20make%20pumpkin%20pudding%2C%20a%20scrumptious%20seasonal%20snack!%20For%20ages%203-5.&e[0][location]=Severance%20Library%20-%20Cottonwood",FAILED,""
"https://clearview.libnet.info/event/17227282","https://addtocalendar.com/atc/ical?utz=0&uln=en-US@posix&vjs=1.5&e[0][date_start]=2026-10-09%2017%3A00%3A00&e[0][date_end]=2026-10-09%2019%3A00%3A00&e[0][timezone]=America%2FDenver&e[0][title]=Teen%20Video%20Gaming&e[0][description]=Teens%2C%20you%E2%80%99re%20invited%20for%20after-hours%20video%20games%2C%20Virtual%20Reality%20(VR)%2C%20snacks%2C%20friends%2C%20and%E2%80%94most%20of%20all%E2%80%94a%20little%20good-natured%20competition.&e[0][location]=Windsor%20Library%20-%20Teen%20Tower",FAILED,""
"https://clearview.libnet.info/event/17227282","https://addtocalendar.com/atc/google?utz=0&uln=en-US@posix&vjs=1.5&e[0][date_start]=2026-10-09%2017%3A00%3A00&e[0][date_end]=2026-10-09%2019%3A00%3A00&e[0][timezone]=America%2FDenver&e[0][title]=Teen%20Video%20Gaming&e[0][description]=Teens%2C%20you%E2%80%99re%20invited%20for%20after-hours%20video%20games%2C%20Virtual%20Reality%20(VR)%2C%20snacks%2C%20friends%2C%20and%E2%80%94most%20of%20all%E2%80%94a%20little%20good-natured%20competition.&e[0][location]=Windsor%20Library%20-%20Teen%20Tower",FAILED,""
"https://clearview.libnet.info/event/17227282","https://addtocalendar.com/atc/outlook?utz=0&uln=en-US@posix&vjs=1.5&e[0][date_start]=2026-10-09%2017%3A00%3A00&e[0][date_end]=2026-10-09%2019%3A00%3A00&e[0][timezone]=America%2FDenver&e[0][title]=Teen%20Video%20Gaming&e[0][description]=Teens%2C%20you%E2%80%99re%20invited%20for%20after-hours%20video%20games%2C%20Virtual%20Reality%20(VR)%2C%20snacks%2C%20friends%2C%20and%E2%80%94most%20of%20all%E2%80%94a%20little%20good-natured%20competition.&e[0][location]=Windsor%20Library%20-%20Teen%20Tower",FAILED,""
"https://clearview.libnet.info/event/17227282","https://addtocalendar.com/atc/outlookonline?utz=0&uln=en-US@posix&vjs=1.5&e[0][date_start]=2026-10-09%2017%3A00%3A00&e[0][date_end]=2026-10-09%2019%3A00%3A00&e[0][timezone]=America%2FDenver&e[0][title]=Teen%20Video%20Gaming&e[0][description]=Teens%2C%20you%E2%80%99re%20invited%20for%20after-hours%20video%20games%2C%20Virtual%20Reality%20(VR)%2C%20snacks%2C%20friends%2C%20and%E2%80%94most%20of%20all%E2%80%94a%20little%20good-natured%20competition.&e[0][location]=Windsor%20Library%20-%20Teen%20Tower",FAILED,""
"https://clearview.libnet.info/event/17227282","https://addtocalendar.com/atc/yahoo?utz=0&uln=en-US@posix&vjs=1.5&e[0][date_start]=2026-10-09%2017%3A00%3A00&e[0][date_end]=2026-10-09%2019%3A00%3A00&e[0][timezone]=America%2FDenver&e[0][title]=Teen%20Video%20Gaming&e[0][description]=Teens%2C%20you%E2%80%99re%20invited%20for%20after-hours%20video%20games%2C%20Virtual%20Reality%20(VR)%2C%20snacks%2C%20friends%2C%20and%E2%80%94most%20of%20all%E2%80%94a%20little%20good-natured%20competition.&e[0][location]=Windsor%20Library%20-%20Teen%20Tower",FAILED,""
"https://clearview.libnet.info/event/17227922","https://addtocalendar.com/atc/ical?utz=0&uln=en-US@posix&vjs=1.5&e[0][date_start]=2026-10-12%2010%3A00%3A00&e[0][date_end]=2026-10-12%2010%3A30%3A00&e[0][timezone]=America%2FDenver&e[0][title]=Read%2C%20Rhyme%2C%20and%20Romp&e[0][description]=Join%20us%20for%20an%20active%20storytime!%20We%20will%20read%20books%2C%20sing%2C%20and%20enjoy%20rhymes%20that%20encourage%20us%20all%20to%20get%20up%20and%20move!%20For%20ages%200-5.&e[0][location]=Severance%20Library%20-%20Cottonwood",FAILED,""
"https://clearview.libnet.info/event/17227922","https://addtocalendar.com/atc/google?utz=0&uln=en-US@posix&vjs=1.5&e[0][date_start]=2026-10-12%2010%3A00%3A00&e[0][date_end]=2026-10-12%2010%3A30%3A00&e[0][timezone]=America%2FDenver&e[0][title]=Read%2C%20Rhyme%2C%20and%20Romp&e[0][description]=Join%20us%20for%20an%20active%20storytime!%20We%20will%20read%20books%2C%20sing%2C%20and%20enjoy%20rhymes%20that%20encourage%20us%20all%20to%20get%20up%20and%20move!%20For%20ages%200-5.&e[0][location]=Severance%20Library%20-%20Cottonwood",FAILED,""
"https://clearview.libnet.info/event/17227922","https://addtocalendar.com/atc/outlook?utz=0&uln=en-US@posix&vjs=1.5&e[0][date_start]=2026-10-12%2010%3A00%3A00&e[0][date_end]=2026-10-12%2010%3A30%3A00&e[0][timezone]=America%2FDenver&e[0][title]=Read%2C%20Rhyme%2C%20and%20Romp&e[0][description]=Join%20us%20for%20an%20active%20storytime!%20We%20will%20read%20books%2C%20sing%2C%20and%20enjoy%20rhymes%20that%20encourage%20us%20all%20to%20get%20up%20and%20move!%20For%20ages%200-5.&e[0][location]=Severance%20Library%20-%20Cottonwood",FAILED,""
"https://clearview.libnet.info/event/17227922","https://addtocalendar.com/atc/outlookonline?utz=0&uln=en-US@posix&vjs=1.5&e[0][date_start]=2026-10-12%2010%3A00%3A00&e[0][date_end]=2026-10-12%2010%3A30%3A00&e[0][timezone]=America%2FDenver&e[0][title]=Read%2C%20Rhyme%2C%20and%20Romp&e[0][description]=Join%20us%20for%20an%20active%20storytime!%20We%20will%20read%20books%2C%20sing%2C%20and%20enjoy%20rhymes%20that%20encourage%20us%20all%20to%20get%20up%20and%20move!%20For%20ages%200-5.&e[0][location]=Severance%20Library%20-%20Cottonwood",FAILED,""
"https://clearview.libnet.info/event/17227922","https://addtocalendar.com/atc/yahoo?utz=0&uln=en-US@posix&vjs=1.5&e[0][date_start]=2026-10-12%2010%3A00%3A00&e[0][date_end]=2026-10-12%2010%3A30%3A00&e[0][timezone]=America%2FDenver&e[0][title]=Read%2C%20Rhyme%2C%20and%20Romp&e[0][description]=Join%20us%20for%20an%20active%20storytime!%20We%20will%20read%20books%2C%20sing%2C%20and%20enjoy%20rhymes%20that%20encourage%20us%20all%20to%20get%20up%20and%20move!%20For%20ages%200-5.&e[0][location]=Severance%20Library%20-%20Cottonwood",FAILED,""
"https://clearview.libnet.info/event/17227962","https://addtocalendar.com/atc/ical?utz=0&uln=en-US@posix&vjs=1.5&e[0][date_start]=2026-10-12%2010%3A30%3A00&e[0][date_end]=2026-10-12%2011%3A00%3A00&e[0][timezone]=America%2FDenver&e[0][title]=Stay%20and%20Play&e[0][description]=Children%20will%20enjoy%20open-ended%20playtime%20in%20a%20relaxed%20atmosphere%20that%20promotes%20growth%2C%20exploration%2C%20and%20learning.%20Intended%20for%20children%20ages%200%20to%205%20and%20their%20caregivers%20or%20families.&e[0][location]=Severance%20Library%20-%20Cottonwood",FAILED,""
"https://clearview.libnet.info/event/17227962","https://addtocalendar.com/atc/google?utz=0&uln=en-US@posix&vjs=1.5&e[0][date_start]=2026-10-12%2010%3A30%3A00&e[0][date_end]=2026-10-12%2011%3A00%3A00&e[0][timezone]=America%2FDenver&e[0][title]=Stay%20and%20Play&e[0][description]=Children%20will%20enjoy%20open-ended%20playtime%20in%20a%20relaxed%20atmosphere%20that%20promotes%20growth%2C%20exploration%2C%20and%20learning.%20Intended%20for%20children%20ages%200%20to%205%20and%20their%20caregivers%20or%20families.&e[0][location]=Severance%20Library%20-%20Cottonwood",FAILED,""
"https://clearview.libnet.info/event/17227962","https://addtocalendar.com/atc/outlook?utz=0&uln=en-US@posix&vjs=1.5&e[0][date_start]=2026-10-12%2010%3A30%3A00&e[0][date_end]=2026-10-12%2011%3A00%3A00&e[0][timezone]=America%2FDenver&e[0][title]=Stay%20and%20Play&e[0][description]=Children%20will%20enjoy%20open-ended%20playtime%20in%20a%20relaxed%20atmosphere%20that%20promotes%20growth%2C%20exploration%2C%20and%20learning.%20Intended%20for%20children%20ages%200%20to%205%20and%20their%20caregivers%20or%20families.&e[0][location]=Severance%20Library%20-%20Cottonwood",FAILED,""
"https://clearview.libnet.info/event/17227962","https://addtocalendar.com/atc/outlookonline?utz=0&uln=en-US@posix&vjs=1.5&e[0][date_start]=2026-10-12%2010%3A30%3A00&e[0][date_end]=2026-10-12%2011%3A00%3A00&e[0][timezone]=America%2FDenver&e[0][title]=Stay%20and%20Play&e[0][description]=Children%20will%20enjoy%20open-ended%20playtime%20in%20a%20relaxed%20atmosphere%20that%20promotes%20growth%2C%20exploration%2C%20and%20learning.%20Intended%20for%20children%20ages%200%20to%205%20and%20their%20caregivers%20or%20families.&e[0][location]=Severance%20Library%20-%20Cottonwood",FAILED,""
"https://clearview.libnet.info/event/17227962","https://addtocalendar.com/atc/yahoo?utz=0&uln=en-US@posix&vjs=1.5&e[0][date_start]=2026-10-12%2010%3A30%3A00&e[0][date_end]=2026-10-12%2011%3A00%3A00&e[0][timezone]=America%2FDenver&e[0][title]=Stay%20and%20Play&e[0][description]=Children%20will%20enjoy%20open-ended%20playtime%20in%20a%20relaxed%20atmosphere%20that%20promotes%20growth%2C%20exploration%2C%20and%20learning.%20Intended%20for%20children%20ages%200%20to%205%20and%20their%20caregivers%20or%20families.&e[0][location]=Severance%20Library%20-%20Cottonwood",FAILED,""
"https://clearview.libnet.info/event/17042666","https://addtocalendar.com/atc/ical?utz=0&uln=en-US@posix&vjs=1.5&e[0][date_start]=2026-10-12%2014%3A30%3A00&e[0][date_end]=2026-10-12%2015%3A00%3A00&e[0][timezone]=America%2FDenver&e[0][title]=Bookmobile%20Stop%20at%20Grandview%20Elementary%20&e[0][description]=1583%20Grand%20Ave%20-%20Windsor&e[0][location]=Bookmobile%20-%20",FAILED,""
"https://clearview.libnet.info/event/17042666","https://addtocalendar.com/atc/google?utz=0&uln=en-US@posix&vjs=1.5&e[0][date_start]=2026-10-12%2014%3A30%3A00&e[0][date_end]=2026-10-12%2015%3A00%3A00&e[0][timezone]=America%2FDenver&e[0][title]=Bookmobile%20Stop%20at%20Grandview%20Elementary%20&e[0][description]=1583%20Grand%20Ave%20-%20Windsor&e[0][location]=Bookmobile%20-%20",FAILED,""
"https://clearview.libnet.info/event/17042666","https://addtocalendar.com/atc/outlook?utz=0&uln=en-US@posix&vjs=1.5&e[0][date_start]=2026-10-12%2014%3A30%3A00&e[0][date_end]=2026-10-12%2015%3A00%3A00&e[0][timezone]=America%2FDenver&e[0][title]=Bookmobile%20Stop%20at%20Grandview%20Elementary%20&e[0][description]=1583%20Grand%20Ave%20-%20Windsor&e[0][location]=Bookmobile%20-%20",FAILED,""
"https://clearview.libnet.info/event/17042666","https://addtocalendar.com/atc/outlookonline?utz=0&uln=en-US@posix&vjs=1.5&e[0][date_start]=2026-10-12%2014%3A30%3A00&e[0][date_end]=2026-10-12%2015%3A00%3A00&e[0][timezone]=America%2FDenver&e[0][title]=Bookmobile%20Stop%20at%20Grandview%20Elementary%20&e[0][description]=1583%20Grand%20Ave%20-%20Windsor&e[0][location]=Bookmobile%20-%20",FAILED,""
"https://clearview.libnet.info/event/17042666","https://addtocalendar.com/atc/yahoo?utz=0&uln=en-US@posix&vjs=1.5&e[0][date_start]=2026-10-12%2014%3A30%3A00&e[0][date_end]=2026-10-12%2015%3A00%3A00&e[0][timezone]=America%2FDenver&e[0][title]=Bookmobile%20Stop%20at%20Grandview%20Elementary%20&e[0][description]=1583%20Grand%20Ave%20-%20Windsor&e[0][location]=Bookmobile%20-%20",FAILED,""
"https://clearview.libnet.info/event/17231056","https://addtocalendar.com/atc/ical?utz=0&uln=en-US@posix&vjs=1.5&e[0][date_start]=2026-10-12%2015%3A15%3A00&e[0][date_end]=2026-10-12%2016%3A15%3A00&e[0][timezone]=America%2FDenver&e[0][title]=Lego%20Engineers%20&e[0][description]=Get%20creative%20and%20innovate%20with%20Legos!%20This%20session%2C%20we%20will%20build%20wearable%20accessories%20or%20costume%20pieces.%20Open%20to%20elementary-aged%20children%2C%20as%20well%20as%20tweens%20ages%209-12.&e[0][location]=Windsor%20Library%20-%20Pikes%20Peak",FAILED,""
"https://clearview.libnet.info/event/17231056","https://addtocalendar.com/atc/google?utz=0&uln=en-US@posix&vjs=1.5&e[0][date_start]=2026-10-12%2015%3A15%3A00&e[0][date_end]=2026-10-12%2016%3A15%3A00&e[0][timezone]=America%2FDenver&e[0][title]=Lego%20Engineers%20&e[0][description]=Get%20creative%20and%20innovate%20with%20Legos!%20This%20session%2C%20we%20will%20build%20wearable%20accessories%20or%20costume%20pieces.%20Open%20to%20elementary-aged%20children%2C%20as%20well%20as%20tweens%20ages%209-12.&e[0][location]=Windsor%20Library%20-%20Pikes%20Peak",FAILED,""
"https://clearview.libnet.info/event/17231056","https://addtocalendar.com/atc/outlook?utz=0&uln=en-US@posix&vjs=1.5&e[0][date_start]=2026-10-12%2015%3A15%3A00&e[0][date_end]=2026-10-12%2016%3A15%3A00&e[0][timezone]=America%2FDenver&e[0][title]=Lego%20Engineers%20&e[0][description]=Get%20creative%20and%20innovate%20with%20Legos!%20This%20session%2C%20we%20will%20build%20wearable%20accessories%20or%20costume%20pieces.%20Open%20to%20elementary-aged%20children%2C%20as%20well%20as%20tweens%20ages%209-12.&e[0][location]=Windsor%20Library%20-%20Pikes%20Peak",FAILED,""
"https://clearview.libnet.info/event/17231056","https://addtocalendar.com/atc/outlookonline?utz=0&uln=en-US@posix&vjs=1.5&e[0][date_start]=2026-10-12%2015%3A15%3A00&e[0][date_end]=2026-10-12%2016%3A15%3A00&e[0][timezone]=America%2FDenver&e[0][title]=Lego%20Engineers%20&e[0][description]=Get%20creative%20and%20innovate%20with%20Legos!%20This%20session%2C%20we%20will%20build%20wearable%20accessories%20or%20costume%20pieces.%20Open%20to%20elementary-aged%20children%2C%20as%20well%20as%20tweens%20ages%209-12.&e[0][location]=Windsor%20Library%20-%20Pikes%20Peak",FAILED,""
"https://clearview.libnet.info/event/17231056","https://addtocalendar.com/atc/yahoo?utz=0&uln=en-US@posix&vjs=1.5&e[0][date_start]=2026-10-12%2015%3A15%3A00&e[0][date_end]=2026-10-12%2016%3A15%3A00&e[0][timezone]=America%2FDenver&e[0][title]=Lego%20Engineers%20&e[0][description]=Get%20creative%20and%20innovate%20with%20Legos!%20This%20session%2C%20we%20will%20build%20wearable%20accessories%20or%20costume%20pieces.%20Open%20to%20elementary-aged%20children%2C%20as%20well%20as%20tweens%20ages%209-12.&e[0][location]=Windsor%20Library%20-%20Pikes%20Peak",FAILED,""
"https://clearview.libnet.info/event/17240535","https://addtocalendar.com/atc/ical?utz=0&uln=en-US@posix&vjs=1.5&e[0][date_start]=2026-10-12%2015%3A15%3A00&e[0][date_end]=2026-10-12%2016%3A15%3A00&e[0][timezone]=America%2FDenver&e[0][title]=After-School%20Collective&e[0][description]=A%20place%20for%20elementary-aged%20children%20and%20tweens%20ages%209-12%2C%20to%20explore%20and%20discover%20with%20their%20peers.%20Create%20a%20dragon%20eye%20bookmark%2C%20mix%20together%20a%20potion%20to%20take%20home%2C%20enjoy%20themed%20treats%2C%20and%20more!&e[0][location]=Severance%20Library%20-%20Cottonwood",FAILED,""
"https://clearview.libnet.info/event/17240535","https://addtocalendar.com/atc/google?utz=0&uln=en-US@posix&vjs=1.5&e[0][date_start]=2026-10-12%2015%3A15%3A00&e[0][date_end]=2026-10-12%2016%3A15%3A00&e[0][timezone]=America%2FDenver&e[0][title]=After-School%20Collective&e[0][description]=A%20place%20for%20elementary-aged%20children%20and%20tweens%20ages%209-12%2C%20to%20explore%20and%20discover%20with%20their%20peers.%20Create%20a%20dragon%20eye%20bookmark%2C%20mix%20together%20a%20potion%20to%20take%20home%2C%20enjoy%20themed%20treats%2C%20and%20more!&e[0][location]=Severance%20Library%20-%20Cottonwood",FAILED,""
"https://clearview.libnet.info/event/17240535","https://addtocalendar.com/atc/outlook?utz=0&uln=en-US@posix&vjs=1.5&e[0][date_start]=2026-10-12%2015%3A15%3A00&e[0][date_end]=2026-10-12%2016%3A15%3A00&e[0][timezone]=America%2FDenver&e[0][title]=After-School%20Collective&e[0][description]=A%20place%20for%20elementary-aged%20children%20and%20tweens%20ages%209-12%2C%20to%20explore%20and%20discover%20with%20their%20peers.%20Create%20a%20dragon%20eye%20bookmark%2C%20mix%20together%20a%20potion%20to%20take%20home%2C%20enjoy%20themed%20treats%2C%20and%20more!&e[0][location]=Severance%20Library%20-%20Cottonwood",FAILED,""
"https://clearview.libnet.info/event/17240535","https://addtocalendar.com/atc/outlookonline?utz=0&uln=en-US@posix&vjs=1.5&e[0][date_start]=2026-10-12%2015%3A15%3A00&e[0][date_end]=2026-10-12%2016%3A15%3A00&e[0][timezone]=America%2FDenver&e[0][title]=After-School%20Collective&e[0][description]=A%20place%20for%20elementary-aged%20children%20and%20tweens%20ages%209-12%2C%20to%20explore%20and%20discover%20with%20their%20peers.%20Create%20a%20dragon%20eye%20bookmark%2C%20mix%20together%20a%20potion%20to%20take%20home%2C%20enjoy%20themed%20treats%2C%20and%20more!&e[0][location]=Severance%20Library%20-%20Cottonwood",FAILED,""
"https://clearview.libnet.info/event/17240535","https://addtocalendar.com/atc/yahoo?utz=0&uln=en-US@posix&vjs=1.5&e[0][date_start]=2026-10-12%2015%3A15%3A00&e[0][date_end]=2026-10-12%2016%3A15%3A00&e[0][timezone]=America%2FDenver&e[0][title]=After-School%20Collective&e[0][description]=A%20place%20for%20elementary-aged%20children%20and%20tweens%20ages%209-12%2C%20to%20explore%20and%20discover%20with%20their%20peers.%20Create%20a%20dragon%20eye%20bookmark%2C%20mix%20together%20a%20potion%20to%20take%20home%2C%20enjoy%20themed%20treats%2C%20and%20more!&e[0][location]=Severance%20Library%20-%20Cottonwood",FAILED,""
"https://clearview.libnet.info/event/17042671","https://addtocalendar.com/atc/ical?utz=0&uln=en-US@posix&vjs=1.5&e[0][date_start]=2026-10-12%2015%3A30%3A00&e[0][date_end]=2026-10-12%2016%3A00%3A00&e[0][timezone]=America%2FDenver&e[0][title]=Bookmobile%20Stop%20at%20Northern%20Lights%20Park&e[0][description]=550%20Saratoga%20Wy%20-%20Windsor&e[0][location]=Bookmobile%20-%20",FAILED,""
"https://clearview.libnet.info/event/17042671","https://addtocalendar.com/atc/google?utz=0&uln=en-US@posix&vjs=1.5&e[0][date_start]=2026-10-12%2015%3A30%3A00&e[0][date_end]=2026-10-12%2016%3A00%3A00&e[0][timezone]=America%2FDenver&e[0][title]=Bookmobile%20Stop%20at%20Northern%20Lights%20Park&e[0][description]=550%20Saratoga%20Wy%20-%20Windsor&e[0][location]=Bookmobile%20-%20",FAILED,""
"https://clearview.libnet.info/event/17042671","https://addtocalendar.com/atc/outlook?utz=0&uln=en-US@posix&vjs=1.5&e[0][date_start]=2026-10-12%2015%3A30%3A00&e[0][date_end]=2026-10-12%2016%3A00%3A00&e[0][timezone]=America%2FDenver&e[0][title]=Bookmobile%20Stop%20at%20Northern%20Lights%20Park&e[0][description]=550%20Saratoga%20Wy%20-%20Windsor&e[0][location]=Bookmobile%20-%20",FAILED,""
"https://clearview.libnet.info/event/17042671","https://addtocalendar.com/atc/outlookonline?utz=0&uln=en-US@posix&vjs=1.5&e[0][date_start]=2026-10-12%2015%3A30%3A00&e[0][date_end]=2026-10-12%2016%3A00%3A00&e[0][timezone]=America%2FDenver&e[0][title]=Bookmobile%20Stop%20at%20Northern%20Lights%20Park&e[0][description]=550%20Saratoga%20Wy%20-%20Windsor&e[0][location]=Bookmobile%20-%20",FAILED,""
"https://clearview.libnet.info/event/17042671","https://addtocalendar.com/atc/yahoo?utz=0&uln=en-US@posix&vjs=1.5&e[0][date_start]=2026-10-12%2015%3A30%3A00&e[0][date_end]=2026-10-12%2016%3A00%3A00&e[0][timezone]=America%2FDenver&e[0][title]=Bookmobile%20Stop%20at%20Northern%20Lights%20Park&e[0][description]=550%20Saratoga%20Wy%20-%20Windsor&e[0][location]=Bookmobile%20-%20",FAILED,""
"https://clearview.libnet.info/event/17561213","https://addtocalendar.com/atc/ical?utz=0&uln=en-US@posix&vjs=1.5&e[0][date_start]=2026-10-12%2015%3A30%3A00&e[0][date_end]=2026-10-12%2016%3A30%3A00&e[0][timezone]=America%2FDenver&e[0][title]=PAWS%20for%20Reading&e[0][description]=Dogs%20%2B%20Reading%20%3D%20Magic%0A&e[0][location]=Windsor%20Library%20-%20",FAILED,""
"https://clearview.libnet.info/event/17561213","https://addtocalendar.com/atc/google?utz=0&uln=en-US@posix&vjs=1.5&e[0][date_start]=2026-10-12%2015%3A30%3A00&e[0][date_end]=2026-10-12%2016%3A30%3A00&e[0][timezone]=America%2FDenver&e[0][title]=PAWS%20for%20Reading&e[0][description]=Dogs%20%2B%20Reading%20%3D%20Magic%0A&e[0][location]=Windsor%20Library%20-%20",FAILED,""
"https://clearview.libnet.info/event/17561213","https://addtocalendar.com/atc/outlook?utz=0&uln=en-US@posix&vjs=1.5&e[0][date_start]=2026-10-12%2015%3A30%3A00&e[0][date_end]=2026-10-12%2016%3A30%3A00&e[0][timezone]=America%2FDenver&e[0][title]=PAWS%20for%20Reading&e[0][description]=Dogs%20%2B%20Reading%20%3D%20Magic%0A&e[0][location]=Windsor%20Library%20-%20",FAILED,""
"https://clearview.libnet.info/event/17561213","https://addtocalendar.com/atc/outlookonline?utz=0&uln=en-US@posix&vjs=1.5&e[0][date_start]=2026-10-12%2015%3A30%3A00&e[0][date_end]=2026-10-12%2016%3A30%3A00&e[0][timezone]=America%2FDenver&e[0][title]=PAWS%20for%20Reading&e[0][description]=Dogs%20%2B%20Reading%20%3D%20Magic%0A&e[0][location]=Windsor%20Library%20-%20",FAILED,""
"https://clearview.libnet.info/event/17561213","https://addtocalendar.com/atc/yahoo?utz=0&uln=en-US@posix&vjs=1.5&e[0][date_start]=2026-10-12%2015%3A30%3A00&e[0][date_end]=2026-10-12%2016%3A30%3A00&e[0][timezone]=America%2FDenver&e[0][title]=PAWS%20for%20Reading&e[0][description]=Dogs%20%2B%20Reading%20%3D%20Magic%0A&e[0][location]=Windsor%20Library%20-%20",FAILED,""
"https://clearview.libnet.info/event/17042685","https://addtocalendar.com/atc/ical?utz=0&uln=en-US@posix&vjs=1.5&e[0][date_start]=2026-10-12%2016%3A30%3A00&e[0][date_end]=2026-10-12%2017%3A00%3A00&e[0][timezone]=America%2FDenver&e[0][title]=Bookmobile%20Stop%20at%20Windshire%20Park&e[0][description]=1520%20Dartford%20Dr%20-%20Windsor&e[0][location]=Bookmobile%20-%20",FAILED,""
"https://clearview.libnet.info/event/17042685","https://addtocalendar.com/atc/google?utz=0&uln=en-US@posix&vjs=1.5&e[0][date_start]=2026-10-12%2016%3A30%3A00&e[0][date_end]=2026-10-12%2017%3A00%3A00&e[0][timezone]=America%2FDenver&e[0][title]=Bookmobile%20Stop%20at%20Windshire%20Park&e[0][description]=1520%20Dartford%20Dr%20-%20Windsor&e[0][location]=Bookmobile%20-%20",FAILED,""
"https://clearview.libnet.info/event/17042685","https://addtocalendar.com/atc/outlook?utz=0&uln=en-US@posix&vjs=1.5&e[0][date_start]=2026-10-12%2016%3A30%3A00&e[0][date_end]=2026-10-12%2017%3A00%3A00&e[0][timezone]=America%2FDenver&e[0][title]=Bookmobile%20Stop%20at%20Windshire%20Park&e[0][description]=1520%20Dartford%20Dr%20-%20Windsor&e[0][location]=Bookmobile%20-%20",FAILED,""
"https://clearview.libnet.info/event/17042685","https://addtocalendar.com/atc/outlookonline?utz=0&uln=en-US@posix&vjs=1.5&e[0][date_start]=2026-10-12%2016%3A30%3A00&e[0][date_end]=2026-10-12%2017%3A00%3A00&e[0][timezone]=America%2FDenver&e[0][title]=Bookmobile%20Stop%20at%20Windshire%20Park&e[0][description]=1520%20Dartford%20Dr%20-%20Windsor&e[0][location]=Bookmobile%20-%20",FAILED,""
"https://clearview.libnet.info/event/17042685","https://addtocalendar.com/atc/yahoo?utz=0&uln=en-US@posix&vjs=1.5&e[0][date_start]=2026-10-12%2016%3A30%3A00&e[0][date_end]=2026-10-12%2017%3A00%3A00&e[0][timezone]=America%2FDenver&e[0][title]=Bookmobile%20Stop%20at%20Windshire%20Park&e[0][description]=1520%20Dartford%20Dr%20-%20Windsor&e[0][location]=Bookmobile%20-%20",FAILED,""
"https://clearview.libnet.info/event/17042705","https://addtocalendar.com/atc/ical?utz=0&uln=en-US@posix&vjs=1.5&e[0][date_start]=2026-10-12%2017%3A30%3A00&e[0][date_end]=2026-10-12%2018%3A00%3A00&e[0][timezone]=America%2FDenver&e[0][title]=Bookmobile%20Stop%20at%20Covenant%20Park&e[0][description]=601%20Southwood%20Ln%20-%20Windsor&e[0][location]=Bookmobile%20-%20",FAILED,""
"https://clearview.libnet.info/event/17042705","https://addtocalendar.com/atc/google?utz=0&uln=en-US@posix&vjs=1.5&e[0][date_start]=2026-10-12%2017%3A30%3A00&e[0][date_end]=2026-10-12%2018%3A00%3A00&e[0][timezone]=America%2FDenver&e[0][title]=Bookmobile%20Stop%20at%20Covenant%20Park&e[0][description]=601%20Southwood%20Ln%20-%20Windsor&e[0][location]=Bookmobile%20-%20",FAILED,""
"https://clearview.libnet.info/event/17042705","https://addtocalendar.com/atc/outlook?utz=0&uln=en-US@posix&vjs=1.5&e[0][date_start]=2026-10-12%2017%3A30%3A00&e[0][date_end]=2026-10-12%2018%3A00%3A00&e[0][timezone]=America%2FDenver&e[0][title]=Bookmobile%20Stop%20at%20Covenant%20Park&e[0][description]=601%20Southwood%20Ln%20-%20Windsor&e[0][location]=Bookmobile%20-%20",FAILED,""
"https://clearview.libnet.info/event/17042705","https://addtocalendar.com/atc/outlookonline?utz=0&uln=en-US@posix&vjs=1.5&e[0][date_start]=2026-10-12%2017%3A30%3A00&e[0][date_end]=2026-10-12%2018%3A00%3A00&e[0][timezone]=America%2FDenver&e[0][title]=Bookmobile%20Stop%20at%20Covenant%20Park&e[0][description]=601%20Southwood%20Ln%20-%20Windsor&e[0][location]=Bookmobile%20-%20",FAILED,""
"https://clearview.libnet.info/event/17042705","https://addtocalendar.com/atc/yahoo?utz=0&uln=en-US@posix&vjs=1.5&e[0][date_start]=2026-10-12%2017%3A30%3A00&e[0][date_end]=2026-10-12%2018%3A00%3A00&e[0][timezone]=America%2FDenver&e[0][title]=Bookmobile%20Stop%20at%20Covenant%20Park&e[0][description]=601%20Southwood%20Ln%20-%20Windsor&e[0][location]=Bookmobile%20-%20",FAILED,""
"https://clearview.libnet.info/event/17228011","https://addtocalendar.com/atc/ical?utz=0&uln=en-US@posix&vjs=1.5&e[0][date_start]=2026-10-13%2010%3A00%3A00&e[0][date_end]=2026-10-13%2010%3A30%3A00&e[0][timezone]=America%2FDenver&e[0][title]=Read%2C%20Rhyme%2C%20and%20Romp&e[0][description]=Join%20us%20for%20an%20active%20storytime!%20We%20will%20read%20books%2C%20sing%2C%20and%20enjoy%20rhymes%20that%20encourage%20us%20all%20to%20get%20up%20and%20move!%20For%20ages%200-5.&e[0][location]=Windsor%20Library%20-%20Pikes%20Peak",FAILED,""
"https://clearview.libnet.info/event/17228011","https://addtocalendar.com/atc/google?utz=0&uln=en-US@posix&vjs=1.5&e[0][date_start]=2026-10-13%2010%3A00%3A00&e[0][date_end]=2026-10-13%2010%3A30%3A00&e[0][timezone]=America%2FDenver&e[0][title]=Read%2C%20Rhyme%2C%20and%20Romp&e[0][description]=Join%20us%20for%20an%20active%20storytime!%20We%20will%20read%20books%2C%20sing%2C%20and%20enjoy%20rhymes%20that%20encourage%20us%20all%20to%20get%20up%20and%20move!%20For%20ages%200-5.&e[0][location]=Windsor%20Library%20-%20Pikes%20Peak",FAILED,""
"https://clearview.libnet.info/event/17228011","https://addtocalendar.com/atc/outlook?utz=0&uln=en-US@posix&vjs=1.5&e[0][date_start]=2026-10-13%2010%3A00%3A00&e[0][date_end]=2026-10-13%2010%3A30%3A00&e[0][timezone]=America%2FDenver&e[0][title]=Read%2C%20Rhyme%2C%20and%20Romp&e[0][description]=Join%20us%20for%20an%20active%20storytime!%20We%20will%20read%20books%2C%20sing%2C%20and%20enjoy%20rhymes%20that%20encourage%20us%20all%20to%20get%20up%20and%20move!%20For%20ages%200-5.&e[0][location]=Windsor%20Library%20-%20Pikes%20Peak",FAILED,""
"https://clearview.libnet.info/event/17228011","https://addtocalendar.com/atc/outlookonline?utz=0&uln=en-US@posix&vjs=1.5&e[0][date_start]=2026-10-13%2010%3A00%3A00&e[0][date_end]=2026-10-13%2010%3A30%3A00&e[0][timezone]=America%2FDenver&e[0][title]=Read%2C%20Rhyme%2C%20and%20Romp&e[0][description]=Join%20us%20for%20an%20active%20storytime!%20We%20will%20read%20books%2C%20sing%2C%20and%20enjoy%20rhymes%20that%20encourage%20us%20all%20to%20get%20up%20and%20move!%20For%20ages%200-5.&e[0][location]=Windsor%20Library%20-%20Pikes%20Peak",FAILED,""
"https://clearview.libnet.info/event/17228011","https://addtocalendar.com/atc/yahoo?utz=0&uln=en-US@posix&vjs=1.5&e[0][date_start]=2026-10-13%2010%3A00%3A00&e[0][date_end]=2026-10-13%2010%3A30%3A00&e[0][timezone]=America%2FDenver&e[0][title]=Read%2C%20Rhyme%2C%20and%20Romp&e[0][description]=Join%20us%20for%20an%20active%20storytime!%20We%20will%20read%20books%2C%20sing%2C%20and%20enjoy%20rhymes%20that%20encourage%20us%20all%20to%20get%20up%20and%20move!%20For%20ages%200-5.&e[0][location]=Windsor%20Library%20-%20Pikes%20Peak",FAILED,""
"https://clearview.libnet.info/event/17042718","https://addtocalendar.com/atc/ical?utz=0&uln=en-US@posix&vjs=1.5&e[0][date_start]=2026-10-13%2010%3A30%3A00&e[0][date_end]=2026-10-13%2011%3A30%3A00&e[0][timezone]=America%2FDenver&e[0][title]=Bookmobile%20Stop%20at%20Mountain%20Shadows%20Community%20Park%20&e[0][description]=86th%20Ave%20-%20Greeley&e[0][location]=Bookmobile%20-%20",FAILED,""
"https://clearview.libnet.info/event/17042718","https://addtocalendar.com/atc/google?utz=0&uln=en-US@posix&vjs=1.5&e[0][date_start]=2026-10-13%2010%3A30%3A00&e[0][date_end]=2026-10-13%2011%3A30%3A00&e[0][timezone]=America%2FDenver&e[0][title]=Bookmobile%20Stop%20at%20Mountain%20Shadows%20Community%20Park%20&e[0][description]=86th%20Ave%20-%20Greeley&e[0][location]=Bookmobile%20-%20",FAILED,""
"https://clearview.libnet.info/event/17042718","https://addtocalendar.com/atc/outlook?utz=0&uln=en-US@posix&vjs=1.5&e[0][date_start]=2026-10-13%2010%3A30%3A00&e[0][date_end]=2026-10-13%2011%3A30%3A00&e[0][timezone]=America%2FDenver&e[0][title]=Bookmobile%20Stop%20at%20Mountain%20Shadows%20Community%20Park%20&e[0][description]=86th%20Ave%20-%20Greeley&e[0][location]=Bookmobile%20-%20",FAILED,""
"https://clearview.libnet.info/event/17042718","https://addtocalendar.com/atc/outlookonline?utz=0&uln=en-US@posix&vjs=1.5&e[0][date_start]=2026-10-13%2010%3A30%3A00&e[0][date_end]=2026-10-13%2011%3A30%3A00&e[0][timezone]=America%2FDenver&e[0][title]=Bookmobile%20Stop%20at%20Mountain%20Shadows%20Community%20Park%20&e[0][description]=86th%20Ave%20-%20Greeley&e[0][location]=Bookmobile%20-%20",FAILED,""
"https://clearview.libnet.info/event/17042718","https://addtocalendar.com/atc/yahoo?utz=0&uln=en-US@posix&vjs=1.5&e[0][date_start]=2026-10-13%2010%3A30%3A00&e[0][date_end]=2026-10-13%2011%3A30%3A00&e[0][timezone]=America%2FDenver&e[0][title]=Bookmobile%20Stop%20at%20Mountain%20Shadows%20Community%20Park%20&e[0][description]=86th%20Ave%20-%20Greeley&e[0][location]=Bookmobile%20-%20",FAILED,""
"https://clearview.libnet.info/event/17224012","https://addtocalendar.com/atc/ical?utz=0&uln=en-US@posix&vjs=1.5&e[0][date_start]=2026-10-13%2010%3A30%3A00&e[0][date_end]=2026-10-13%2011%3A00%3A00&e[0][timezone]=America%2FDenver&e[0][title]=Yoga%20Stories&e[0][description]=Join%20us%20for%20stories%2C%20yoga%20poses%2C%20and%20breathing%20exercises.%20Adults%20are%20encouraged%20to%20participate%20with%20their%20little(s)%20during%20poses%20and%20activities.%20For%20ages%203-5.%0A%0A&e[0][location]=Severance%20Library%20-%20Cottonwood",FAILED,""
"https://clearview.libnet.info/event/17224012","https://addtocalendar.com/atc/google?utz=0&uln=en-US@posix&vjs=1.5&e[0][date_start]=2026-10-13%2010%3A30%3A00&e[0][date_end]=2026-10-13%2011%3A00%3A00&e[0][timezone]=America%2FDenver&e[0][title]=Yoga%20Stories&e[0][description]=Join%20us%20for%20stories%2C%20yoga%20poses%2C%20and%20breathing%20exercises.%20Adults%20are%20encouraged%20to%20participate%20with%20their%20little(s)%20during%20poses%20and%20activities.%20For%20ages%203-5.%0A%0A&e[0][location]=Severance%20Library%20-%20Cottonwood",FAILED,""
"https://clearview.libnet.info/event/17224012","https://addtocalendar.com/atc/outlook?utz=0&uln=en-US@posix&vjs=1.5&e[0][date_start]=2026-10-13%2010%3A30%3A00&e[0][date_end]=2026-10-13%2011%3A00%3A00&e[0][timezone]=America%2FDenver&e[0][title]=Yoga%20Stories&e[0][description]=Join%20us%20for%20stories%2C%20yoga%20poses%2C%20and%20breathing%20exercises.%20Adults%20are%20encouraged%20to%20participate%20with%20their%20little(s)%20during%20poses%20and%20activities.%20For%20ages%203-5.%0A%0A&e[0][location]=Severance%20Library%20-%20Cottonwood",FAILED,""
"https://clearview.libnet.info/event/17224012","https://addtocalendar.com/atc/outlookonline?utz=0&uln=en-US@posix&vjs=1.5&e[0][date_start]=2026-10-13%2010%3A30%3A00&e[0][date_end]=2026-10-13%2011%3A00%3A00&e[0][timezone]=America%2FDenver&e[0][title]=Yoga%20Stories&e[0][description]=Join%20us%20for%20stories%2C%20yoga%20poses%2C%20and%20breathing%20exercises.%20Adults%20are%20encouraged%20to%20participate%20with%20their%20little(s)%20during%20poses%20and%20activities.%20For%20ages%203-5.%0A%0A&e[0][location]=Severance%20Library%20-%20Cottonwood",FAILED,""
"https://clearview.libnet.info/event/17224012","https://addtocalendar.com/atc/yahoo?utz=0&uln=en-US@posix&vjs=1.5&e[0][date_start]=2026-10-13%2010%3A30%3A00&e[0][date_end]=2026-10-13%2011%3A00%3A00&e[0][timezone]=America%2FDenver&e[0][title]=Yoga%20Stories&e[0][description]=Join%20us%20for%20stories%2C%20yoga%20poses%2C%20and%20breathing%20exercises.%20Adults%20are%20encouraged%20to%20participate%20with%20their%20little(s)%20during%20poses%20and%20activities.%20For%20ages%203-5.%0A%0A&e[0][location]=Severance%20Library%20-%20Cottonwood",FAILED,""
"https://clearview.libnet.info/event/17228042","https://addtocalendar.com/atc/ical?utz=0&uln=en-US@posix&vjs=1.5&e[0][date_start]=2026-10-13%2010%3A30%3A00&e[0][date_end]=2026-10-13%2011%3A00%3A00&e[0][timezone]=America%2FDenver&e[0][title]=Stay%20and%20Play%20&e[0][description]=Children%20will%20enjoy%20open-ended%20playtime%20in%20a%20relaxed%20atmosphere%20that%20promotes%20growth%2C%20exploration%2C%20and%20learning.%20Intended%20for%20children%20ages%200%20to%205%20and%20their%20caregivers%20or%20families.&e[0][location]=Windsor%20Library%20-%20Pikes%20Peak",FAILED,""
"https://clearview.libnet.info/event/17228042","https://addtocalendar.com/atc/google?utz=0&uln=en-US@posix&vjs=1.5&e[0][date_start]=2026-10-13%2010%3A30%3A00&e[0][date_end]=2026-10-13%2011%3A00%3A00&e[0][timezone]=America%2FDenver&e[0][title]=Stay%20and%20Play%20&e[0][description]=Children%20will%20enjoy%20open-ended%20playtime%20in%20a%20relaxed%20atmosphere%20that%20promotes%20growth%2C%20exploration%2C%20and%20learning.%20Intended%20for%20children%20ages%200%20to%205%20and%20their%20caregivers%20or%20families.&e[0][location]=Windsor%20Library%20-%20Pikes%20Peak",FAILED,""
"https://clearview.libnet.info/event/17228042","https://addtocalendar.com/atc/outlook?utz=0&uln=en-US@posix&vjs=1.5&e[0][date_start]=2026-10-13%2010%3A30%3A00&e[0][date_end]=2026-10-13%2011%3A00%3A00&e[0][timezone]=America%2FDenver&e[0][title]=Stay%20and%20Play%20&e[0][description]=Children%20will%20enjoy%20open-ended%20playtime%20in%20a%20relaxed%20atmosphere%20that%20promotes%20growth%2C%20exploration%2C%20and%20learning.%20Intended%20for%20children%20ages%200%20to%205%20and%20their%20caregivers%20or%20families.&e[0][location]=Windsor%20Library%20-%20Pikes%20Peak",FAILED,""
"https://clearview.libnet.info/event/17228042","https://addtocalendar.com/atc/outlookonline?utz=0&uln=en-US@posix&vjs=1.5&e[0][date_start]=2026-10-13%2010%3A30%3A00&e[0][date_end]=2026-10-13%2011%3A00%3A00&e[0][timezone]=America%2FDenver&e[0][title]=Stay%20and%20Play%20&e[0][description]=Children%20will%20enjoy%20open-ended%20playtime%20in%20a%20relaxed%20atmosphere%20that%20promotes%20growth%2C%20exploration%2C%20and%20learning.%20Intended%20for%20children%20ages%200%20to%205%20and%20their%20caregivers%20or%20families.&e[0][location]=Windsor%20Library%20-%20Pikes%20Peak",FAILED,""
"https://clearview.libnet.info/event/17228042","https://addtocalendar.com/atc/yahoo?utz=0&uln=en-US@posix&vjs=1.5&e[0][date_start]=2026-10-13%2010%3A30%3A00&e[0][date_end]=2026-10-13%2011%3A00%3A00&e[0][timezone]=America%2FDenver&e[0][title]=Stay%20and%20Play%20&e[0][description]=Children%20will%20enjoy%20open-ended%20playtime%20in%20a%20relaxed%20atmosphere%20that%20promotes%20growth%2C%20exploration%2C%20and%20learning.%20Intended%20for%20children%20ages%200%20to%205%20and%20their%20caregivers%20or%20families.&e[0][location]=Windsor%20Library%20-%20Pikes%20Peak",FAILED,""
"https://clearview.libnet.info/event/17042755","https://addtocalendar.com/atc/ical?utz=0&uln=en-US@posix&vjs=1.5&e[0][date_start]=2026-10-13%2014%3A30%3A00&e[0][date_end]=2026-10-13%2015%3A00%3A00&e[0][timezone]=America%2FDenver&e[0][title]=Bookmobile%20Stop%20at%20Orchard%20Hill%20Elementary%20&e[0][description]=2015%20Covered%20Bridge%20Pkwy%20-%20Windsor&e[0][location]=Bookmobile%20-%20",FAILED,""
"https://clearview.libnet.info/event/17042755","https://addtocalendar.com/atc/google?utz=0&uln=en-US@posix&vjs=1.5&e[0][date_start]=2026-10-13%2014%3A30%3A00&e[0][date_end]=2026-10-13%2015%3A00%3A00&e[0][timezone]=America%2FDenver&e[0][title]=Bookmobile%20Stop%20at%20Orchard%20Hill%20Elementary%20&e[0][description]=2015%20Covered%20Bridge%20Pkwy%20-%20Windsor&e[0][location]=Bookmobile%20-%20",FAILED,""
"https://clearview.libnet.info/event/17042755","https://addtocalendar.com/atc/outlook?utz=0&uln=en-US@posix&vjs=1.5&e[0][date_start]=2026-10-13%2014%3A30%3A00&e[0][date_end]=2026-10-13%2015%3A00%3A00&e[0][timezone]=America%2FDenver&e[0][title]=Bookmobile%20Stop%20at%20Orchard%20Hill%20Elementary%20&e[0][description]=2015%20Covered%20Bridge%20Pkwy%20-%20Windsor&e[0][location]=Bookmobile%20-%20",FAILED,""
"https://clearview.libnet.info/event/17042755","https://addtocalendar.com/atc/outlookonline?utz=0&uln=en-US@posix&vjs=1.5&e[0][date_start]=2026-10-13%2014%3A30%3A00&e[0][date_end]=2026-10-13%2015%3A00%3A00&e[0][timezone]=America%2FDenver&e[0][title]=Bookmobile%20Stop%20at%20Orchard%20Hill%20Elementary%20&e[0][description]=2015%20Covered%20Bridge%20Pkwy%20-%20Windsor&e[0][location]=Bookmobile%20-%20",FAILED,""
"https://clearview.libnet.info/event/17042755","https://addtocalendar.com/atc/yahoo?utz=0&uln=en-US@posix&vjs=1.5&e[0][date_start]=2026-10-13%2014%3A30%3A00&e[0][date_end]=2026-10-13%2015%3A00%3A00&e[0][timezone]=America%2FDenver&e[0][title]=Bookmobile%20Stop%20at%20Orchard%20Hill%20Elementary%20&e[0][description]=2015%20Covered%20Bridge%20Pkwy%20-%20Windsor&e[0][location]=Bookmobile%20-%20",FAILED,""
"https://clearview.libnet.info/event/17224215","https://addtocalendar.com/atc/ical?utz=0&uln=en-US@posix&vjs=1.5&e[0][date_start]=2026-10-13%2015%3A15%3A00&e[0][date_end]=2026-10-13%2016%3A15%3A00&e[0][timezone]=America%2FDenver&e[0][title]=Lego%20Explorers&e[0][description]=Lego%20Explorers%20offers%20Lego%20lovers%20the%20chance%20to%20free%20play%20with%20Legos.%20Build%20with%20our%20monthly%20theme%20or%20create%20from%20your%20own%20imagination.%20Open%20to%20elementary-aged%20children%2C%20as%20well%20as%20tweens%20ages%209-12.&e[0][location]=Severance%20Library%20-%20Cottonwood",FAILED,""
"https://clearview.libnet.info/event/17224215","https://addtocalendar.com/atc/google?utz=0&uln=en-US@posix&vjs=1.5&e[0][date_start]=2026-10-13%2015%3A15%3A00&e[0][date_end]=2026-10-13%2016%3A15%3A00&e[0][timezone]=America%2FDenver&e[0][title]=Lego%20Explorers&e[0][description]=Lego%20Explorers%20offers%20Lego%20lovers%20the%20chance%20to%20free%20play%20with%20Legos.%20Build%20with%20our%20monthly%20theme%20or%20create%20from%20your%20own%20imagination.%20Open%20to%20elementary-aged%20children%2C%20as%20well%20as%20tweens%20ages%209-12.&e[0][location]=Severance%20Library%20-%20Cottonwood",FAILED,""
"https://clearview.libnet.info/event/17224215","https://addtocalendar.com/atc/outlook?utz=0&uln=en-US@posix&vjs=1.5&e[0][date_start]=2026-10-13%2015%3A15%3A00&e[0][date_end]=2026-10-13%2016%3A15%3A00&e[0][timezone]=America%2FDenver&e[0][title]=Lego%20Explorers&e[0][description]=Lego%20Explorers%20offers%20Lego%20lovers%20the%20chance%20to%20free%20play%20with%20Legos.%20Build%20with%20our%20monthly%20theme%20or%20create%20from%20your%20own%20imagination.%20Open%20to%20elementary-aged%20children%2C%20as%20well%20as%20tweens%20ages%209-12.&e[0][location]=Severance%20Library%20-%20Cottonwood",FAILED,""
"https://clearview.libnet.info/event/17224215","https://addtocalendar.com/atc/outlookonline?utz=0&uln=en-US@posix&vjs=1.5&e[0][date_start]=2026-10-13%2015%3A15%3A00&e[0][date_end]=2026-10-13%2016%3A15%3A00&e[0][timezone]=America%2FDenver&e[0][title]=Lego%20Explorers&e[0][description]=Lego%20Explorers%20offers%20Lego%20lovers%20the%20chance%20to%20free%20play%20with%20Legos.%20Build%20with%20our%20monthly%20theme%20or%20create%20from%20your%20own%20imagination.%20Open%20to%20elementary-aged%20children%2C%20as%20well%20as%20tweens%20ages%209-12.&e[0][location]=Severance%20Library%20-%20Cottonwood",FAILED,""
"https://clearview.libnet.info/event/17224215","https://addtocalendar.com/atc/yahoo?utz=0&uln=en-US@posix&vjs=1.5&e[0][date_start]=2026-10-13%2015%3A15%3A00&e[0][date_end]=2026-10-13%2016%3A15%3A00&e[0][timezone]=America%2FDenver&e[0][title]=Lego%20Explorers&e[0][description]=Lego%20Explorers%20offers%20Lego%20lovers%20the%20chance%20to%20free%20play%20with%20Legos.%20Build%20with%20our%20monthly%20theme%20or%20create%20from%20your%20own%20imagination.%20Open%20to%20elementary-aged%20children%2C%20as%20well%20as%20tweens%20ages%209-12.&e[0][location]=Severance%20Library%20-%20Cottonwood",FAILED,""
"https://clearview.libnet.info/event/17042769","https://addtocalendar.com/atc/ical?utz=0&uln=en-US@posix&vjs=1.5&e[0][date_start]=2026-10-13%2015%3A30%3A00&e[0][date_end]=2026-10-13%2016%3A00%3A00&e[0][timezone]=America%2FDenver&e[0][title]=Bookmobile%20Stop%20at%20Ravina%20Park&e[0][description]=Graceful%20St%20-%20Windsor&e[0][location]=Bookmobile%20-%20",FAILED,""
"https://clearview.libnet.info/event/17042769","https://addtocalendar.com/atc/google?utz=0&uln=en-US@posix&vjs=1.5&e[0][date_start]=2026-10-13%2015%3A30%3A00&e[0][date_end]=2026-10-13%2016%3A00%3A00&e[0][timezone]=America%2FDenver&e[0][title]=Bookmobile%20Stop%20at%20Ravina%20Park&e[0][description]=Graceful%20St%20-%20Windsor&e[0][location]=Bookmobile%20-%20",FAILED,""
"https://clearview.libnet.info/event/17042769","https://addtocalendar.com/atc/outlook?utz=0&uln=en-US@posix&vjs=1.5&e[0][date_start]=2026-10-13%2015%3A30%3A00&e[0][date_end]=2026-10-13%2016%3A00%3A00&e[0][timezone]=America%2FDenver&e[0][title]=Bookmobile%20Stop%20at%20Ravina%20Park&e[0][description]=Graceful%20St%20-%20Windsor&e[0][location]=Bookmobile%20-%20",FAILED,""
"https://clearview.libnet.info/event/17042769","https://addtocalendar.com/atc/outlookonline?utz=0&uln=en-US@posix&vjs=1.5&e[0][date_start]=2026-10-13%2015%3A30%3A00&e[0][date_end]=2026-10-13%2016%3A00%3A00&e[0][timezone]=America%2FDenver&e[0][title]=Bookmobile%20Stop%20at%20Ravina%20Park&e[0][description]=Graceful%20St%20-%20Windsor&e[0][location]=Bookmobile%20-%20",FAILED,""
"https://clearview.libnet.info/event/17042769","https://addtocalendar.com/atc/yahoo?utz=0&uln=en-US@posix&vjs=1.5&e[0][date_start]=2026-10-13%2015%3A30%3A00&e[0][date_end]=2026-10-13%2016%3A00%3A00&e[0][timezone]=America%2FDenver&e[0][title]=Bookmobile%20Stop%20at%20Ravina%20Park&e[0][description]=Graceful%20St%20-%20Windsor&e[0][location]=Bookmobile%20-%20",FAILED,""
"https://clearview.libnet.info/event/17042778","https://addtocalendar.com/atc/ical?utz=0&uln=en-US@posix&vjs=1.5&e[0][date_start]=2026-10-13%2016%3A30%3A00&e[0][date_end]=2026-10-13%2017%3A00%3A00&e[0][timezone]=America%2FDenver&e[0][title]=Bookmobile%20Stop%20at%20Greenspire&e[0][description]=635%20Moonglow%20Dr%20-%20Windsor&e[0][location]=Bookmobile%20-%20",FAILED,""
"https://clearview.libnet.info/event/17042778","https://addtocalendar.com/atc/google?utz=0&uln=en-US@posix&vjs=1.5&e[0][date_start]=2026-10-13%2016%3A30%3A00&e[0][date_end]=2026-10-13%2017%3A00%3A00&e[0][timezone]=America%2FDenver&e[0][title]=Bookmobile%20Stop%20at%20Greenspire&e[0][description]=635%20Moonglow%20Dr%20-%20Windsor&e[0][location]=Bookmobile%20-%20",FAILED,""
"https://clearview.libnet.info/event/17042778","https://addtocalendar.com/atc/outlook?utz=0&uln=en-US@posix&vjs=1.5&e[0][date_start]=2026-10-13%2016%3A30%3A00&e[0][date_end]=2026-10-13%2017%3A00%3A00&e[0][timezone]=America%2FDenver&e[0][title]=Bookmobile%20Stop%20at%20Greenspire&e[0][description]=635%20Moonglow%20Dr%20-%20Windsor&e[0][location]=Bookmobile%20-%20",FAILED,""
"https://clearview.libnet.info/event/17042778","https://addtocalendar.com/atc/outlookonline?utz=0&uln=en-US@posix&vjs=1.5&e[0][date_start]=2026-10-13%2016%3A30%3A00&e[0][date_end]=2026-10-13%2017%3A00%3A00&e[0][timezone]=America%2FDenver&e[0][title]=Bookmobile%20Stop%20at%20Greenspire&e[0][description]=635%20Moonglow%20Dr%20-%20Windsor&e[0][location]=Bookmobile%20-%20",FAILED,""
"https://clearview.libnet.info/event/17042778","https://addtocalendar.com/atc/yahoo?utz=0&uln=en-US@posix&vjs=1.5&e[0][date_start]=2026-10-13%2016%3A30%3A00&e[0][date_end]=2026-10-13%2017%3A00%3A00&e[0][timezone]=America%2FDenver&e[0][title]=Bookmobile%20Stop%20at%20Greenspire&e[0][description]=635%20Moonglow%20Dr%20-%20Windsor&e[0][location]=Bookmobile%20-%20",FAILED,""
"https://clearview.libnet.info/event/17228307","https://addtocalendar.com/atc/ical?utz=0&uln=en-US@posix&vjs=1.5&e[0][date_start]=2026-10-13%2016%3A30%3A00&e[0][date_end]=2026-10-13%2017%3A45%3A00&e[0][timezone]=America%2FDenver&e[0][title]=Teen%20Cookbook%20Club&e[0][description]=Our%20cookbook%20club%20is%20for%20teens%20who%20love%20to%20cook%20(regardless%20of%20experience).%20We%E2%80%99ll%20explore%20a%20featured%20cookbook%20and%20then%20make%20a%20simple%20recipe.&e[0][location]=Severance%20Library%20-%20Cottonwood",FAILED,""
"https://clearview.libnet.info/event/17228307","https://addtocalendar.com/atc/google?utz=0&uln=en-US@posix&vjs=1.5&e[0][date_start]=2026-10-13%2016%3A30%3A00&e[0][date_end]=2026-10-13%2017%3A45%3A00&e[0][timezone]=America%2FDenver&e[0][title]=Teen%20Cookbook%20Club&e[0][description]=Our%20cookbook%20club%20is%20for%20teens%20who%20love%20to%20cook%20(regardless%20of%20experience).%20We%E2%80%99ll%20explore%20a%20featured%20cookbook%20and%20then%20make%20a%20simple%20recipe.&e[0][location]=Severance%20Library%20-%20Cottonwood",FAILED,""
"https://clearview.libnet.info/event/17228307","https://addtocalendar.com/atc/outlook?utz=0&uln=en-US@posix&vjs=1.5&e[0][date_start]=2026-10-13%2016%3A30%3A00&e[0][date_end]=2026-10-13%2017%3A45%3A00&e[0][timezone]=America%2FDenver&e[0][title]=Teen%20Cookbook%20Club&e[0][description]=Our%20cookbook%20club%20is%20for%20teens%20who%20love%20to%20cook%20(regardless%20of%20experience).%20We%E2%80%99ll%20explore%20a%20featured%20cookbook%20and%20then%20make%20a%20simple%20recipe.&e[0][location]=Severance%20Library%20-%20Cottonwood",FAILED,""
"https://clearview.libnet.info/event/17228307","https://addtocalendar.com/atc/outlookonline?utz=0&uln=en-US@posix&vjs=1.5&e[0][date_start]=2026-10-13%2016%3A30%3A00&e[0][date_end]=2026-10-13%2017%3A45%3A00&e[0][timezone]=America%2FDenver&e[0][title]=Teen%20Cookbook%20Club&e[0][description]=Our%20cookbook%20club%20is%20for%20teens%20who%20love%20to%20cook%20(regardless%20of%20experience).%20We%E2%80%99ll%20explore%20a%20featured%20cookbook%20and%20then%20make%20a%20simple%20recipe.&e[0][location]=Severance%20Library%20-%20Cottonwood",FAILED,""
"https://clearview.libnet.info/event/17228307","https://addtocalendar.com/atc/yahoo?utz=0&uln=en-US@posix&vjs=1.5&e[0][date_start]=2026-10-13%2016%3A30%3A00&e[0][date_end]=2026-10-13%2017%3A45%3A00&e[0][timezone]=America%2FDenver&e[0][title]=Teen%20Cookbook%20Club&e[0][description]=Our%20cookbook%20club%20is%20for%20teens%20who%20love%20to%20cook%20(regardless%20of%20experience).%20We%E2%80%99ll%20explore%20a%20featured%20cookbook%20and%20then%20make%20a%20simple%20recipe.&e[0][location]=Severance%20Library%20-%20Cottonwood",FAILED,""
"https://clearview.libnet.info/event/17233795","https://addtocalendar.com/atc/ical?utz=0&uln=en-US@posix&vjs=1.5&e[0][date_start]=2026-10-13%2016%3A30%3A00&e[0][date_end]=2026-10-13%2017%3A30%3A00&e[0][timezone]=America%2FDenver&e[0][title]=Not%20Your%20Boring%20Book%20Club&e[0][description]=This%20is%20no%20ordinary%20book%20club!%20Join%20us%20for%20a%204%20week%20session%2C%20where%20you%20will%20pick%20your%20book%20from%20our%20themed%20choices%20and%20participate%20in%20a%20variety%20of%20unique%20activities.%20%20For%20tweens%20ages%209-12.&e[0][location]=Windsor%20Library%20-%20Pikes%20Peak",FAILED,""
"https://clearview.libnet.info/event/17233795","https://addtocalendar.com/atc/google?utz=0&uln=en-US@posix&vjs=1.5&e[0][date_start]=2026-10-13%2016%3A30%3A00&e[0][date_end]=2026-10-13%2017%3A30%3A00&e[0][timezone]=America%2FDenver&e[0][title]=Not%20Your%20Boring%20Book%20Club&e[0][description]=This%20is%20no%20ordinary%20book%20club!%20Join%20us%20for%20a%204%20week%20session%2C%20where%20you%20will%20pick%20your%20book%20from%20our%20themed%20choices%20and%20participate%20in%20a%20variety%20of%20unique%20activities.%20%20For%20tweens%20ages%209-12.&e[0][location]=Windsor%20Library%20-%20Pikes%20Peak",FAILED,""
"https://clearview.libnet.info/event/17233795","https://addtocalendar.com/atc/outlook?utz=0&uln=en-US@posix&vjs=1.5&e[0][date_start]=2026-10-13%2016%3A30%3A00&e[0][date_end]=2026-10-13%2017%3A30%3A00&e[0][timezone]=America%2FDenver&e[0][title]=Not%20Your%20Boring%20Book%20Club&e[0][description]=This%20is%20no%20ordinary%20book%20club!%20Join%20us%20for%20a%204%20week%20session%2C%20where%20you%20will%20pick%20your%20book%20from%20our%20themed%20choices%20and%20participate%20in%20a%20variety%20of%20unique%20activities.%20%20For%20tweens%20ages%209-12.&e[0][location]=Windsor%20Library%20-%20Pikes%20Peak",FAILED,""
"https://clearview.libnet.info/event/17233795","https://addtocalendar.com/atc/outlookonline?utz=0&uln=en-US@posix&vjs=1.5&e[0][date_start]=2026-10-13%2016%3A30%3A00&e[0][date_end]=2026-10-13%2017%3A30%3A00&e[0][timezone]=America%2FDenver&e[0][title]=Not%20Your%20Boring%20Book%20Club&e[0][description]=This%20is%20no%20ordinary%20book%20club!%20Join%20us%20for%20a%204%20week%20session%2C%20where%20you%20will%20pick%20your%20book%20from%20our%20themed%20choices%20and%20participate%20in%20a%20variety%20of%20unique%20activities.%20%20For%20tweens%20ages%209-12.&e[0][location]=Windsor%20Library%20-%20Pikes%20Peak",FAILED,""
"https://clearview.libnet.info/event/17233795","https://addtocalendar.com/atc/yahoo?utz=0&uln=en-US@posix&vjs=1.5&e[0][date_start]=2026-10-13%2016%3A30%3A00&e[0][date_end]=2026-10-13%2017%3A30%3A00&e[0][timezone]=America%2FDenver&e[0][title]=Not%20Your%20Boring%20Book%20Club&e[0][description]=This%20is%20no%20ordinary%20book%20club!%20Join%20us%20for%20a%204%20week%20session%2C%20where%20you%20will%20pick%20your%20book%20from%20our%20themed%20choices%20and%20participate%20in%20a%20variety%20of%20unique%20activities.%20%20For%20tweens%20ages%209-12.&e[0][location]=Windsor%20Library%20-%20Pikes%20Peak",FAILED,""
"https://clearview.libnet.info/event/17042788","https://addtocalendar.com/atc/ical?utz=0&uln=en-US@posix&vjs=1.5&e[0][date_start]=2026-10-13%2017%3A30%3A00&e[0][date_end]=2026-10-13%2018%3A00%3A00&e[0][timezone]=America%2FDenver&e[0][title]=Bookmobile%20Stop%20at%20The%20Ridge%20Park%20&e[0][description]=5005%20Harmony%20Ridge%20Pkwy%20-%20Windsor&e[0][location]=Bookmobile%20-%20",FAILED,""
"https://clearview.libnet.info/event/17042788","https://addtocalendar.com/atc/google?utz=0&uln=en-US@posix&vjs=1.5&e[0][date_start]=2026-10-13%2017%3A30%3A00&e[0][date_end]=2026-10-13%2018%3A00%3A00&e[0][timezone]=America%2FDenver&e[0][title]=Bookmobile%20Stop%20at%20The%20Ridge%20Park%20&e[0][description]=5005%20Harmony%20Ridge%20Pkwy%20-%20Windsor&e[0][location]=Bookmobile%20-%20",FAILED,""
"https://clearview.libnet.info/event/17042788","https://addtocalendar.com/atc/outlook?utz=0&uln=en-US@posix&vjs=1.5&e[0][date_start]=2026-10-13%2017%3A30%3A00&e[0][date_end]=2026-10-13%2018%3A00%3A00&e[0][timezone]=America%2FDenver&e[0][title]=Bookmobile%20Stop%20at%20The%20Ridge%20Park%20&e[0][description]=5005%20Harmony%20Ridge%20Pkwy%20-%20Windsor&e[0][location]=Bookmobile%20-%20",FAILED,""
"https://clearview.libnet.info/event/17042788","https://addtocalendar.com/atc/outlookonline?utz=0&uln=en-US@posix&vjs=1.5&e[0][date_start]=2026-10-13%2017%3A30%3A00&e[0][date_end]=2026-10-13%2018%3A00%3A00&e[0][timezone]=America%2FDenver&e[0][title]=Bookmobile%20Stop%20at%20The%20Ridge%20Park%20&e[0][description]=5005%20Harmony%20Ridge%20Pkwy%20-%20Windsor&e[0][location]=Bookmobile%20-%20",FAILED,""
"https://clearview.libnet.info/event/17042788","https://addtocalendar.com/atc/yahoo?utz=0&uln=en-US@posix&vjs=1.5&e[0][date_start]=2026-10-13%2017%3A30%3A00&e[0][date_end]=2026-10-13%2018%3A00%3A00&e[0][timezone]=America%2FDenver&e[0][title]=Bookmobile%20Stop%20at%20The%20Ridge%20Park%20&e[0][description]=5005%20Harmony%20Ridge%20Pkwy%20-%20Windsor&e[0][location]=Bookmobile%20-%20",FAILED,""
"https://clearview.libnet.info/event/17227559","https://addtocalendar.com/atc/ical?utz=0&uln=en-US@posix&vjs=1.5&e[0][date_start]=2026-10-14%2010%3A00%3A00&e[0][date_end]=2026-10-14%2010%3A30%3A00&e[0][timezone]=America%2FDenver&e[0][title]=Babies%20and%20Books&e[0][description]=Grow%20your%20reader%20as%20we%20enjoy%20books%2C%20rhymes%2C%20songs%2C%20sensory%20activities%2C%20and%20active%20movement%20during%20this%20lapsit%20storytime.%20For%20ages%20birth%20to%202%20years.%20Older%20siblings%20welcome.&e[0][location]=Severance%20Library%20-%20Cottonwood",FAILED,""
"https://clearview.libnet.info/event/17227559","https://addtocalendar.com/atc/google?utz=0&uln=en-US@posix&vjs=1.5&e[0][date_start]=2026-10-14%2010%3A00%3A00&e[0][date_end]=2026-10-14%2010%3A30%3A00&e[0][timezone]=America%2FDenver&e[0][title]=Babies%20and%20Books&e[0][description]=Grow%20your%20reader%20as%20we%20enjoy%20books%2C%20rhymes%2C%20songs%2C%20sensory%20activities%2C%20and%20active%20movement%20during%20this%20lapsit%20storytime.%20For%20ages%20birth%20to%202%20years.%20Older%20siblings%20welcome.&e[0][location]=Severance%20Library%20-%20Cottonwood",FAILED,""
"https://clearview.libnet.info/event/17227559","https://addtocalendar.com/atc/outlook?utz=0&uln=en-US@posix&vjs=1.5&e[0][date_start]=2026-10-14%2010%3A00%3A00&e[0][date_end]=2026-10-14%2010%3A30%3A00&e[0][timezone]=America%2FDenver&e[0][title]=Babies%20and%20Books&e[0][description]=Grow%20your%20reader%20as%20we%20enjoy%20books%2C%20rhymes%2C%20songs%2C%20sensory%20activities%2C%20and%20active%20movement%20during%20this%20lapsit%20storytime.%20For%20ages%20birth%20to%202%20years.%20Older%20siblings%20welcome.&e[0][location]=Severance%20Library%20-%20Cottonwood",FAILED,""
"https://clearview.libnet.info/event/17227559","https://addtocalendar.com/atc/outlookonline?utz=0&uln=en-US@posix&vjs=1.5&e[0][date_start]=2026-10-14%2010%3A00%3A00&e[0][date_end]=2026-10-14%2010%3A30%3A00&e[0][timezone]=America%2FDenver&e[0][title]=Babies%20and%20Books&e[0][description]=Grow%20your%20reader%20as%20we%20enjoy%20books%2C%20rhymes%2C%20songs%2C%20sensory%20activities%2C%20and%20active%20movement%20during%20this%20lapsit%20storytime.%20For%20ages%20birth%20to%202%20years.%20Older%20siblings%20welcome.&e[0][location]=Severance%20Library%20-%20Cottonwood",FAILED,""
"https://clearview.libnet.info/event/17227559","https://addtocalendar.com/atc/yahoo?utz=0&uln=en-US@posix&vjs=1.5&e[0][date_start]=2026-10-14%2010%3A00%3A00&e[0][date_end]=2026-10-14%2010%3A30%3A00&e[0][timezone]=America%2FDenver&e[0][title]=Babies%20and%20Books&e[0][description]=Grow%20your%20reader%20as%20we%20enjoy%20books%2C%20rhymes%2C%20songs%2C%20sensory%20activities%2C%20and%20active%20movement%20during%20this%20lapsit%20storytime.%20For%20ages%20birth%20to%202%20years.%20Older%20siblings%20welcome.&e[0][location]=Severance%20Library%20-%20Cottonwood",FAILED,""
"https://clearview.libnet.info/event/17230538","https://addtocalendar.com/atc/ical?utz=0&uln=en-US@posix&vjs=1.5&e[0][date_start]=2026-10-14%2010%3A00%3A00&e[0][date_end]=2026-10-14%2010%3A45%3A00&e[0][timezone]=America%2FDenver&e[0][title]=Adaptive%20Storytime%20with%20ASL&e[0][description]=Join%20us%20for%20a%20sensory-friendly%20storytime%2C%20incorporating%20basic%20ASL%20and%20designed%20for%20children%20of%20all%20abilities%2C%20needs%2C%20and%20learning%20styles.%20For%20ages%200-5.%20Older%20children%20and%20siblings%20are%20welcome.&e[0][location]=Windsor%20Library%20-%20Pikes%20Peak",FAILED,""
"https://clearview.libnet.info/event/17230538","https://addtocalendar.com/atc/google?utz=0&uln=en-US@posix&vjs=1.5&e[0][date_start]=2026-10-14%2010%3A00%3A00&e[0][date_end]=2026-10-14%2010%3A45%3A00&e[0][timezone]=America%2FDenver&e[0][title]=Adaptive%20Storytime%20with%20ASL&e[0][description]=Join%20us%20for%20a%20sensory-friendly%20storytime%2C%20incorporating%20basic%20ASL%20and%20designed%20for%20children%20of%20all%20abilities%2C%20needs%2C%20and%20learning%20styles.%20For%20ages%200-5.%20Older%20children%20and%20siblings%20are%20welcome.&e[0][location]=Windsor%20Library%20-%20Pikes%20Peak",FAILED,""
"https://clearview.libnet.info/event/17230538","https://addtocalendar.com/atc/outlook?utz=0&uln=en-US@posix&vjs=1.5&e[0][date_start]=2026-10-14%2010%3A00%3A00&e[0][date_end]=2026-10-14%2010%3A45%3A00&e[0][timezone]=America%2FDenver&e[0][title]=Adaptive%20Storytime%20with%20ASL&e[0][description]=Join%20us%20for%20a%20sensory-friendly%20storytime%2C%20incorporating%20basic%20ASL%20and%20designed%20for%20children%20of%20all%20abilities%2C%20needs%2C%20and%20learning%20styles.%20For%20ages%200-5.%20Older%20children%20and%20siblings%20are%20welcome.&e[0][location]=Windsor%20Library%20-%20Pikes%20Peak",FAILED,""
"https://clearview.libnet.info/event/17230538","https://addtocalendar.com/atc/outlookonline?utz=0&uln=en-US@posix&vjs=1.5&e[0][date_start]=2026-10-14%2010%3A00%3A00&e[0][date_end]=2026-10-14%2010%3A45%3A00&e[0][timezone]=America%2FDenver&e[0][title]=Adaptive%20Storytime%20with%20ASL&e[0][description]=Join%20us%20for%20a%20sensory-friendly%20storytime%2C%20incorporating%20basic%20ASL%20and%20designed%20for%20children%20of%20all%20abilities%2C%20needs%2C%20and%20learning%20styles.%20For%20ages%200-5.%20Older%20children%20and%20siblings%20are%20welcome.&e[0][location]=Windsor%20Library%20-%20Pikes%20Peak",FAILED,""
"https://clearview.libnet.info/event/17230538","https://addtocalendar.com/atc/yahoo?utz=0&uln=en-US@posix&vjs=1.5&e[0][date_start]=2026-10-14%2010%3A00%3A00&e[0][date_end]=2026-10-14%2010%3A45%3A00&e[0][timezone]=America%2FDenver&e[0][title]=Adaptive%20Storytime%20with%20ASL&e[0][description]=Join%20us%20for%20a%20sensory-friendly%20storytime%2C%20incorporating%20basic%20ASL%20and%20designed%20for%20children%20of%20all%20abilities%2C%20needs%2C%20and%20learning%20styles.%20For%20ages%200-5.%20Older%20children%20and%20siblings%20are%20welcome.&e[0][location]=Windsor%20Library%20-%20Pikes%20Peak",FAILED,""
"https://clearview.libnet.info/event/17227649","https://addtocalendar.com/atc/ical?utz=0&uln=en-US@posix&vjs=1.5&e[0][date_start]=2026-10-14%2010%3A30%3A00&e[0][date_end]=2026-10-14%2011%3A00%3A00&e[0][timezone]=America%2FDenver&e[0][title]=Stay%20and%20Play&e[0][description]=Babies%20and%20toddlers%20will%20enjoy%20open-ended%20playtime%20in%20a%20relaxed%20atmosphere%20that%20promotes%20growth%2C%20exploration%2C%20and%20learning.%20Intended%20for%20children%20ages%200%20to%202%20and%20their%20caregivers%20or%20families.&e[0][location]=Severance%20Library%20-%20Cottonwood",FAILED,""
"https://clearview.libnet.info/event/17227649","https://addtocalendar.com/atc/google?utz=0&uln=en-US@posix&vjs=1.5&e[0][date_start]=2026-10-14%2010%3A30%3A00&e[0][date_end]=2026-10-14%2011%3A00%3A00&e[0][timezone]=America%2FDenver&e[0][title]=Stay%20and%20Play&e[0][description]=Babies%20and%20toddlers%20will%20enjoy%20open-ended%20playtime%20in%20a%20relaxed%20atmosphere%20that%20promotes%20growth%2C%20exploration%2C%20and%20learning.%20Intended%20for%20children%20ages%200%20to%202%20and%20their%20caregivers%20or%20families.&e[0][location]=Severance%20Library%20-%20Cottonwood",FAILED,""
"https://clearview.libnet.info/event/17227649","https://addtocalendar.com/atc/outlook?utz=0&uln=en-US@posix&vjs=1.5&e[0][date_start]=2026-10-14%2010%3A30%3A00&e[0][date_end]=2026-10-14%2011%3A00%3A00&e[0][timezone]=America%2FDenver&e[0][title]=Stay%20and%20Play&e[0][description]=Babies%20and%20toddlers%20will%20enjoy%20open-ended%20playtime%20in%20a%20relaxed%20atmosphere%20that%20promotes%20growth%2C%20exploration%2C%20and%20learning.%20Intended%20for%20children%20ages%200%20to%202%20and%20their%20caregivers%20or%20families.&e[0][location]=Severance%20Library%20-%20Cottonwood",FAILED,""
"https://clearview.libnet.info/event/17227649","https://addtocalendar.com/atc/outlookonline?utz=0&uln=en-US@posix&vjs=1.5&e[0][date_start]=2026-10-14%2010%3A30%3A00&e[0][date_end]=2026-10-14%2011%3A00%3A00&e[0][timezone]=America%2FDenver&e[0][title]=Stay%20and%20Play&e[0][description]=Babies%20and%20toddlers%20will%20enjoy%20open-ended%20playtime%20in%20a%20relaxed%20atmosphere%20that%20promotes%20growth%2C%20exploration%2C%20and%20learning.%20Intended%20for%20children%20ages%200%20to%202%20and%20their%20caregivers%20or%20families.&e[0][location]=Severance%20Library%20-%20Cottonwood",FAILED,""
"https://clearview.libnet.info/event/17227649","https://addtocalendar.com/atc/yahoo?utz=0&uln=en-US@posix&vjs=1.5&e[0][date_start]=2026-10-14%2010%3A30%3A00&e[0][date_end]=2026-10-14%2011%3A00%3A00&e[0][timezone]=America%2FDenver&e[0][title]=Stay%20and%20Play&e[0][description]=Babies%20and%20toddlers%20will%20enjoy%20open-ended%20playtime%20in%20a%20relaxed%20atmosphere%20that%20promotes%20growth%2C%20exploration%2C%20and%20learning.%20Intended%20for%20children%20ages%200%20to%202%20and%20their%20caregivers%20or%20families.&e[0][location]=Severance%20Library%20-%20Cottonwood",FAILED,""
"https://clearview.libnet.info/event/17042794","https://addtocalendar.com/atc/ical?utz=0&uln=en-US@posix&vjs=1.5&e[0][date_start]=2026-10-14%2014%3A30%3A00&e[0][date_end]=2026-10-14%2015%3A00%3A00&e[0][timezone]=America%2FDenver&e[0][title]=Bookmobile%20Stop%20at%20Poudre%20Heights%20Park%20&e[0][description]=1670%20Green%20River%20Dr%20-%20Windsor&e[0][location]=Bookmobile%20-%20",FAILED,""
"https://clearview.libnet.info/event/17042794","https://addtocalendar.com/atc/google?utz=0&uln=en-US@posix&vjs=1.5&e[0][date_start]=2026-10-14%2014%3A30%3A00&e[0][date_end]=2026-10-14%2015%3A00%3A00&e[0][timezone]=America%2FDenver&e[0][title]=Bookmobile%20Stop%20at%20Poudre%20Heights%20Park%20&e[0][description]=1670%20Green%20River%20Dr%20-%20Windsor&e[0][location]=Bookmobile%20-%20",FAILED,""
"https://clearview.libnet.info/event/17042794","https://addtocalendar.com/atc/outlook?utz=0&uln=en-US@posix&vjs=1.5&e[0][date_start]=2026-10-14%2014%3A30%3A00&e[0][date_end]=2026-10-14%2015%3A00%3A00&e[0][timezone]=America%2FDenver&e[0][title]=Bookmobile%20Stop%20at%20Poudre%20Heights%20Park%20&e[0][description]=1670%20Green%20River%20Dr%20-%20Windsor&e[0][location]=Bookmobile%20-%20",FAILED,""
"https://clearview.libnet.info/event/17042794","https://addtocalendar.com/atc/outlookonline?utz=0&uln=en-US@posix&vjs=1.5&e[0][date_start]=2026-10-14%2014%3A30%3A00&e[0][date_end]=2026-10-14%2015%3A00%3A00&e[0][timezone]=America%2FDenver&e[0][title]=Bookmobile%20Stop%20at%20Poudre%20Heights%20Park%20&e[0][description]=1670%20Green%20River%20Dr%20-%20Windsor&e[0][location]=Bookmobile%20-%20",FAILED,""
"https://clearview.libnet.info/event/17042794","https://addtocalendar.com/atc/yahoo?utz=0&uln=en-US@posix&vjs=1.5&e[0][date_start]=2026-10-14%2014%3A30%3A00&e[0][date_end]=2026-10-14%2015%3A00%3A00&e[0][timezone]=America%2FDenver&e[0][title]=Bookmobile%20Stop%20at%20Poudre%20Heights%20Park%20&e[0][description]=1670%20Green%20River%20Dr%20-%20Windsor&e[0][location]=Bookmobile%20-%20",FAILED,""
"https://clearview.libnet.info/event/17042814","https://addtocalendar.com/atc/ical?utz=0&uln=en-US@posix&vjs=1.5&e[0][date_start]=2026-10-14%2015%3A30%3A00&e[0][date_end]=2026-10-14%2016%3A00%3A00&e[0][timezone]=America%2FDenver&e[0][title]=Bookmobile%20Stop%20at%20Founders%20Green%20Park&e[0][description]=1201%20Grand%20Ave%20-%20Windsor%20&e[0][location]=Bookmobile%20-%20",FAILED,""
"https://clearview.libnet.info/event/17042814","https://addtocalendar.com/atc/google?utz=0&uln=en-US@posix&vjs=1.5&e[0][date_start]=2026-10-14%2015%3A30%3A00&e[0][date_end]=2026-10-14%2016%3A00%3A00&e[0][timezone]=America%2FDenver&e[0][title]=Bookmobile%20Stop%20at%20Founders%20Green%20Park&e[0][description]=1201%20Grand%20Ave%20-%20Windsor%20&e[0][location]=Bookmobile%20-%20",FAILED,""
"https://clearview.libnet.info/event/17042814","https://addtocalendar.com/atc/outlook?utz=0&uln=en-US@posix&vjs=1.5&e[0][date_start]=2026-10-14%2015%3A30%3A00&e[0][date_end]=2026-10-14%2016%3A00%3A00&e[0][timezone]=America%2FDenver&e[0][title]=Bookmobile%20Stop%20at%20Founders%20Green%20Park&e[0][description]=1201%20Grand%20Ave%20-%20Windsor%20&e[0][location]=Bookmobile%20-%20",FAILED,""
"https://clearview.libnet.info/event/17042814","https://addtocalendar.com/atc/outlookonline?utz=0&uln=en-US@posix&vjs=1.5&e[0][date_start]=2026-10-14%2015%3A30%3A00&e[0][date_end]=2026-10-14%2016%3A00%3A00&e[0][timezone]=America%2FDenver&e[0][title]=Bookmobile%20Stop%20at%20Founders%20Green%20Park&e[0][description]=1201%20Grand%20Ave%20-%20Windsor%20&e[0][location]=Bookmobile%20-%20",FAILED,""
"https://clearview.libnet.info/event/17042814","https://addtocalendar.com/atc/yahoo?utz=0&uln=en-US@posix&vjs=1.5&e[0][date_start]=2026-10-14%2015%3A30%3A00&e[0][date_end]=2026-10-14%2016%3A00%3A00&e[0][timezone]=America%2FDenver&e[0][title]=Bookmobile%20Stop%20at%20Founders%20Green%20Park&e[0][description]=1201%20Grand%20Ave%20-%20Windsor%20&e[0][location]=Bookmobile%20-%20",FAILED,""
"https://clearview.libnet.info/event/17042833","https://addtocalendar.com/atc/ical?utz=0&uln=en-US@posix&vjs=1.5&e[0][date_start]=2026-10-14%2016%3A30%3A00&e[0][date_end]=2026-10-14%2017%3A00%3A00&e[0][timezone]=America%2FDenver&e[0][title]=Bookmobile%20Stop%20at%20Cherry%20Park%20at%20RainDance%20&e[0][description]=Heirloom%20Dr%20-%20Windsor&e[0][location]=Bookmobile%20-%20",FAILED,""
"https://clearview.libnet.info/event/17042833","https://addtocalendar.com/atc/google?utz=0&uln=en-US@posix&vjs=1.5&e[0][date_start]=2026-10-14%2016%3A30%3A00&e[0][date_end]=2026-10-14%2017%3A00%3A00&e[0][timezone]=America%2FDenver&e[0][title]=Bookmobile%20Stop%20at%20Cherry%20Park%20at%20RainDance%20&e[0][description]=Heirloom%20Dr%20-%20Windsor&e[0][location]=Bookmobile%20-%20",FAILED,""
"https://clearview.libnet.info/event/17042833","https://addtocalendar.com/atc/outlook?utz=0&uln=en-US@posix&vjs=1.5&e[0][date_start]=2026-10-14%2016%3A30%3A00&e[0][date_end]=2026-10-14%2017%3A00%3A00&e[0][timezone]=America%2FDenver&e[0][title]=Bookmobile%20Stop%20at%20Cherry%20Park%20at%20RainDance%20&e[0][description]=Heirloom%20Dr%20-%20Windsor&e[0][location]=Bookmobile%20-%20",FAILED,""
"https://clearview.libnet.info/event/17042833","https://addtocalendar.com/atc/outlookonline?utz=0&uln=en-US@posix&vjs=1.5&e[0][date_start]=2026-10-14%2016%3A30%3A00&e[0][date_end]=2026-10-14%2017%3A00%3A00&e[0][timezone]=America%2FDenver&e[0][title]=Bookmobile%20Stop%20at%20Cherry%20Park%20at%20RainDance%20&e[0][description]=Heirloom%20Dr%20-%20Windsor&e[0][location]=Bookmobile%20-%20",FAILED,""
"https://clearview.libnet.info/event/17042833","https://addtocalendar.com/atc/yahoo?utz=0&uln=en-US@posix&vjs=1.5&e[0][date_start]=2026-10-14%2016%3A30%3A00&e[0][date_end]=2026-10-14%2017%3A00%3A00&e[0][timezone]=America%2FDenver&e[0][title]=Bookmobile%20Stop%20at%20Cherry%20Park%20at%20RainDance%20&e[0][description]=Heirloom%20Dr%20-%20Windsor&e[0][location]=Bookmobile%20-%20",FAILED,""
"https://clearview.libnet.info/event/17223939","https://addtocalendar.com/atc/ical?utz=0&uln=en-US@posix&vjs=1.5&e[0][date_start]=2026-10-14%2016%3A30%3A00&e[0][date_end]=2026-10-14%2017%3A30%3A00&e[0][timezone]=America%2FDenver&e[0][title]=Chess%20Club&e[0][description]=Join%20our%20Chess%20Club%20for%20youth%20ages%206-18!%20Develop%20strategic%20thinking%20skills%2C%20engage%20in%20friendly%20chess%20matches%2C%20and%20make%20new%20friends.%20All%20skill%20levels%20welcome!&e[0][location]=Severance%20Library%20-%20Cottonwood",FAILED,""
"https://clearview.libnet.info/event/17223939","https://addtocalendar.com/atc/google?utz=0&uln=en-US@posix&vjs=1.5&e[0][date_start]=2026-10-14%2016%3A30%3A00&e[0][date_end]=2026-10-14%2017%3A30%3A00&e[0][timezone]=America%2FDenver&e[0][title]=Chess%20Club&e[0][description]=Join%20our%20Chess%20Club%20for%20youth%20ages%206-18!%20Develop%20strategic%20thinking%20skills%2C%20engage%20in%20friendly%20chess%20matches%2C%20and%20make%20new%20friends.%20All%20skill%20levels%20welcome!&e[0][location]=Severance%20Library%20-%20Cottonwood",FAILED,""
"https://clearview.libnet.info/event/17223939","https://addtocalendar.com/atc/outlook?utz=0&uln=en-US@posix&vjs=1.5&e[0][date_start]=2026-10-14%2016%3A30%3A00&e[0][date_end]=2026-10-14%2017%3A30%3A00&e[0][timezone]=America%2FDenver&e[0][title]=Chess%20Club&e[0][description]=Join%20our%20Chess%20Club%20for%20youth%20ages%206-18!%20Develop%20strategic%20thinking%20skills%2C%20engage%20in%20friendly%20chess%20matches%2C%20and%20make%20new%20friends.%20All%20skill%20levels%20welcome!&e[0][location]=Severance%20Library%20-%20Cottonwood",FAILED,""
"https://clearview.libnet.info/event/17223939","https://addtocalendar.com/atc/outlookonline?utz=0&uln=en-US@posix&vjs=1.5&e[0][date_start]=2026-10-14%2016%3A30%3A00&e[0][date_end]=2026-10-14%2017%3A30%3A00&e[0][timezone]=America%2FDenver&e[0][title]=Chess%20Club&e[0][description]=Join%20our%20Chess%20Club%20for%20youth%20ages%206-18!%20Develop%20strategic%20thinking%20skills%2C%20engage%20in%20friendly%20chess%20matches%2C%20and%20make%20new%20friends.%20All%20skill%20levels%20welcome!&e[0][location]=Severance%20Library%20-%20Cottonwood",FAILED,""
"https://clearview.libnet.info/event/17223939","https://addtocalendar.com/atc/yahoo?utz=0&uln=en-US@posix&vjs=1.5&e[0][date_start]=2026-10-14%2016%3A30%3A00&e[0][date_end]=2026-10-14%2017%3A30%3A00&e[0][timezone]=America%2FDenver&e[0][title]=Chess%20Club&e[0][description]=Join%20our%20Chess%20Club%20for%20youth%20ages%206-18!%20Develop%20strategic%20thinking%20skills%2C%20engage%20in%20friendly%20chess%20matches%2C%20and%20make%20new%20friends.%20All%20skill%20levels%20welcome!&e[0][location]=Severance%20Library%20-%20Cottonwood",FAILED,""
"https://clearview.libnet.info/event/17236977","https://addtocalendar.com/atc/ical?utz=0&uln=en-US@posix&vjs=1.5&e[0][date_start]=2026-10-14%2016%3A30%3A00&e[0][date_end]=2026-10-14%2017%3A30%3A00&e[0][timezone]=America%2FDenver&e[0][title]=Tween%20Time&e[0][description]=This%20month%2C%20bake%20chocolate%20chip%20cookies%2C%20make%20spin%20art%2C%20and%20make%20some%20super%20cool%20personalized%20buttons!%20For%20tweens%20ages%209-12.&e[0][location]=Windsor%20Library%20-%20Pikes%20Peak",FAILED,""
"https://clearview.libnet.info/event/17236977","https://addtocalendar.com/atc/google?utz=0&uln=en-US@posix&vjs=1.5&e[0][date_start]=2026-10-14%2016%3A30%3A00&e[0][date_end]=2026-10-14%2017%3A30%3A00&e[0][timezone]=America%2FDenver&e[0][title]=Tween%20Time&e[0][description]=This%20month%2C%20bake%20chocolate%20chip%20cookies%2C%20make%20spin%20art%2C%20and%20make%20some%20super%20cool%20personalized%20buttons!%20For%20tweens%20ages%209-12.&e[0][location]=Windsor%20Library%20-%20Pikes%20Peak",FAILED,""
"https://clearview.libnet.info/event/17236977","https://addtocalendar.com/atc/outlook?utz=0&uln=en-US@posix&vjs=1.5&e[0][date_start]=2026-10-14%2016%3A30%3A00&e[0][date_end]=2026-10-14%2017%3A30%3A00&e[0][timezone]=America%2FDenver&e[0][title]=Tween%20Time&e[0][description]=This%20month%2C%20bake%20chocolate%20chip%20cookies%2C%20make%20spin%20art%2C%20and%20make%20some%20super%20cool%20personalized%20buttons!%20For%20tweens%20ages%209-12.&e[0][location]=Windsor%20Library%20-%20Pikes%20Peak",FAILED,""
"https://clearview.libnet.info/event/17236977","https://addtocalendar.com/atc/outlookonline?utz=0&uln=en-US@posix&vjs=1.5&e[0][date_start]=2026-10-14%2016%3A30%3A00&e[0][date_end]=2026-10-14%2017%3A30%3A00&e[0][timezone]=America%2FDenver&e[0][title]=Tween%20Time&e[0][description]=This%20month%2C%20bake%20chocolate%20chip%20cookies%2C%20make%20spin%20art%2C%20and%20make%20some%20super%20cool%20personalized%20buttons!%20For%20tweens%20ages%209-12.&e[0][location]=Windsor%20Library%20-%20Pikes%20Peak",FAILED,""
"https://clearview.libnet.info/event/17236977","https://addtocalendar.com/atc/yahoo?utz=0&uln=en-US@posix&vjs=1.5&e[0][date_start]=2026-10-14%2016%3A30%3A00&e[0][date_end]=2026-10-14%2017%3A30%3A00&e[0][timezone]=America%2FDenver&e[0][title]=Tween%20Time&e[0][description]=This%20month%2C%20bake%20chocolate%20chip%20cookies%2C%20make%20spin%20art%2C%20and%20make%20some%20super%20cool%20personalized%20buttons!%20For%20tweens%20ages%209-12.&e[0][location]=Windsor%20Library%20-%20Pikes%20Peak",FAILED,""
"https://clearview.libnet.info/event/17042843","https://addtocalendar.com/atc/ical?utz=0&uln=en-US@posix&vjs=1.5&e[0][date_start]=2026-10-14%2017%3A30%3A00&e[0][date_end]=2026-10-14%2018%3A00%3A00&e[0][timezone]=America%2FDenver&e[0][title]=Bookmobile%20Stop%20at%20Pelican%20Farms%20Park&e[0][description]=Kestrel%20Dr%20-%20Windsor&e[0][location]=Bookmobile%20-%20",FAILED,""
"https://clearview.libnet.info/event/17042843","https://addtocalendar.com/atc/google?utz=0&uln=en-US@posix&vjs=1.5&e[0][date_start]=2026-10-14%2017%3A30%3A00&e[0][date_end]=2026-10-14%2018%3A00%3A00&e[0][timezone]=America%2FDenver&e[0][title]=Bookmobile%20Stop%20at%20Pelican%20Farms%20Park&e[0][description]=Kestrel%20Dr%20-%20Windsor&e[0][location]=Bookmobile%20-%20",FAILED,""
"https://clearview.libnet.info/event/17042843","https://addtocalendar.com/atc/outlook?utz=0&uln=en-US@posix&vjs=1.5&e[0][date_start]=2026-10-14%2017%3A30%3A00&e[0][date_end]=2026-10-14%2018%3A00%3A00&e[0][timezone]=America%2FDenver&e[0][title]=Bookmobile%20Stop%20at%20Pelican%20Farms%20Park&e[0][description]=Kestrel%20Dr%20-%20Windsor&e[0][location]=Bookmobile%20-%20",FAILED,""
"https://clearview.libnet.info/event/17042843","https://addtocalendar.com/atc/outlookonline?utz=0&uln=en-US@posix&vjs=1.5&e[0][date_start]=2026-10-14%2017%3A30%3A00&e[0][date_end]=2026-10-14%2018%3A00%3A00&e[0][timezone]=America%2FDenver&e[0][title]=Bookmobile%20Stop%20at%20Pelican%20Farms%20Park&e[0][description]=Kestrel%20Dr%20-%20Windsor&e[0][location]=Bookmobile%20-%20",FAILED,""
"https://clearview.libnet.info/event/17042843","https://addtocalendar.com/atc/yahoo?utz=0&uln=en-US@posix&vjs=1.5&e[0][date_start]=2026-10-14%2017%3A30%3A00&e[0][date_end]=2026-10-14%2018%3A00%3A00&e[0][timezone]=America%2FDenver&e[0][title]=Bookmobile%20Stop%20at%20Pelican%20Farms%20Park&e[0][description]=Kestrel%20Dr%20-%20Windsor&e[0][location]=Bookmobile%20-%20",FAILED,""
"https://clearview.libnet.info/event/17042968","https://addtocalendar.com/atc/ical?utz=0&uln=en-US@posix&vjs=1.5&e[0][date_start]=2026-10-15%2010%3A00%3A00&e[0][date_end]=2026-10-15%2010%3A30%3A00&e[0][timezone]=America%2FDenver&e[0][title]=StoryWalk%20Storytime%20at%20Eastman%20Park&e[0][description]=Join%20us%20at%20the%20Eastman%20Park%20StoryWalk%20in%20Windsor%20to%20celebrate%20the%20installation%20of%20a%20new%20book!%2025%20take%20home%20craft%20kits%20will%20be%20made%20available%20on%20a%20first%20come%2C%20first%20served%20basis.&e[0][location]=Eastman%20Park%20%20-%20",FAILED,""
"https://clearview.libnet.info/event/17042968","https://addtocalendar.com/atc/google?utz=0&uln=en-US@posix&vjs=1.5&e[0][date_start]=2026-10-15%2010%3A00%3A00&e[0][date_end]=2026-10-15%2010%3A30%3A00&e[0][timezone]=America%2FDenver&e[0][title]=StoryWalk%20Storytime%20at%20Eastman%20Park&e[0][description]=Join%20us%20at%20the%20Eastman%20Park%20StoryWalk%20in%20Windsor%20to%20celebrate%20the%20installation%20of%20a%20new%20book!%2025%20take%20home%20craft%20kits%20will%20be%20made%20available%20on%20a%20first%20come%2C%20first%20served%20basis.&e[0][location]=Eastman%20Park%20%20-%20",FAILED,""
"https://clearview.libnet.info/event/17042968","https://addtocalendar.com/atc/outlook?utz=0&uln=en-US@posix&vjs=1.5&e[0][date_start]=2026-10-15%2010%3A00%3A00&e[0][date_end]=2026-10-15%2010%3A30%3A00&e[0][timezone]=America%2FDenver&e[0][title]=StoryWalk%20Storytime%20at%20Eastman%20Park&e[0][description]=Join%20us%20at%20the%20Eastman%20Park%20StoryWalk%20in%20Windsor%20to%20celebrate%20the%20installation%20of%20a%20new%20book!%2025%20take%20home%20craft%20kits%20will%20be%20made%20available%20on%20a%20first%20come%2C%20first%20served%20basis.&e[0][location]=Eastman%20Park%20%20-%20",FAILED,""
"https://clearview.libnet.info/event/17042968","https://addtocalendar.com/atc/outlookonline?utz=0&uln=en-US@posix&vjs=1.5&e[0][date_start]=2026-10-15%2010%3A00%3A00&e[0][date_end]=2026-10-15%2010%3A30%3A00&e[0][timezone]=America%2FDenver&e[0][title]=StoryWalk%20Storytime%20at%20Eastman%20Park&e[0][description]=Join%20us%20at%20the%20Eastman%20Park%20StoryWalk%20in%20Windsor%20to%20celebrate%20the%20installation%20of%20a%20new%20book!%2025%20take%20home%20craft%20kits%20will%20be%20made%20available%20on%20a%20first%20come%2C%20first%20served%20basis.&e[0][location]=Eastman%20Park%20%20-%20",FAILED,""
"https://clearview.libnet.info/event/17042968","https://addtocalendar.com/atc/yahoo?utz=0&uln=en-US@posix&vjs=1.5&e[0][date_start]=2026-10-15%2010%3A00%3A00&e[0][date_end]=2026-10-15%2010%3A30%3A00&e[0][timezone]=America%2FDenver&e[0][title]=StoryWalk%20Storytime%20at%20Eastman%20Park&e[0][description]=Join%20us%20at%20the%20Eastman%20Park%20StoryWalk%20in%20Windsor%20to%20celebrate%20the%20installation%20of%20a%20new%20book!%2025%20take%20home%20craft%20kits%20will%20be%20made%20available%20on%20a%20first%20come%2C%20first%20served%20basis.&e[0][location]=Eastman%20Park%20%20-%20",FAILED,""
"https://clearview.libnet.info/event/17274027","https://clearview.marmot.org/GroupedWork/2c202616-4bf9-7139-5836-46ab83da0902/Home?searchId=285891564&recordIndex=5&page=1&searchSource=local",403,"The Witches"
"https://clearview.libnet.info/event/17274027","https://addtocalendar.com/atc/ical?utz=0&uln=en-US@posix&vjs=1.5&e[0][date_start]=2026-10-15%2013%3A00%3A00&e[0][date_end]=2026-10-15%2014%3A00%3A00&e[0][timezone]=America%2FDenver&e[0][title]=History%20by%20the%20Book%20Club&e[0][description]=History%20by%20the%20Book%20meets%20to%20discuss%20historical%20fiction%20and%20non-fiction%20books.%20We%20explore%20the%20deeper%20stories%20behind%20historical%20events%20and%20periods%20in%20the%20past.&e[0][location]=Windsor%20Library%20-%20Pikes%20Peak",FAILED,""
"https://clearview.libnet.info/event/17274027","https://addtocalendar.com/atc/google?utz=0&uln=en-US@posix&vjs=1.5&e[0][date_start]=2026-10-15%2013%3A00%3A00&e[0][date_end]=2026-10-15%2014%3A00%3A00&e[0][timezone]=America%2FDenver&e[0][title]=History%20by%20the%20Book%20Club&e[0][description]=History%20by%20the%20Book%20meets%20to%20discuss%20historical%20fiction%20and%20non-fiction%20books.%20We%20explore%20the%20deeper%20stories%20behind%20historical%20events%20and%20periods%20in%20the%20past.&e[0][location]=Windsor%20Library%20-%20Pikes%20Peak",FAILED,""
"https://clearview.libnet.info/event/17274027","https://addtocalendar.com/atc/outlook?utz=0&uln=en-US@posix&vjs=1.5&e[0][date_start]=2026-10-15%2013%3A00%3A00&e[0][date_end]=2026-10-15%2014%3A00%3A00&e[0][timezone]=America%2FDenver&e[0][title]=History%20by%20the%20Book%20Club&e[0][description]=History%20by%20the%20Book%20meets%20to%20discuss%20historical%20fiction%20and%20non-fiction%20books.%20We%20explore%20the%20deeper%20stories%20behind%20historical%20events%20and%20periods%20in%20the%20past.&e[0][location]=Windsor%20Library%20-%20Pikes%20Peak",FAILED,""
"https://clearview.libnet.info/event/17274027","https://addtocalendar.com/atc/outlookonline?utz=0&uln=en-US@posix&vjs=1.5&e[0][date_start]=2026-10-15%2013%3A00%3A00&e[0][date_end]=2026-10-15%2014%3A00%3A00&e[0][timezone]=America%2FDenver&e[0][title]=History%20by%20the%20Book%20Club&e[0][description]=History%20by%20the%20Book%20meets%20to%20discuss%20historical%20fiction%20and%20non-fiction%20books.%20We%20explore%20the%20deeper%20stories%20behind%20historical%20events%20and%20periods%20in%20the%20past.&e[0][location]=Windsor%20Library%20-%20Pikes%20Peak",FAILED,""
"https://clearview.libnet.info/event/17274027","https://addtocalendar.com/atc/yahoo?utz=0&uln=en-US@posix&vjs=1.5&e[0][date_start]=2026-10-15%2013%3A00%3A00&e[0][date_end]=2026-10-15%2014%3A00%3A00&e[0][timezone]=America%2FDenver&e[0][title]=History%20by%20the%20Book%20Club&e[0][description]=History%20by%20the%20Book%20meets%20to%20discuss%20historical%20fiction%20and%20non-fiction%20books.%20We%20explore%20the%20deeper%20stories%20behind%20historical%20events%20and%20periods%20in%20the%20past.&e[0][location]=Windsor%20Library%20-%20Pikes%20Peak",FAILED,""
"https://clearview.libnet.info/event/17042858","https://addtocalendar.com/atc/ical?utz=0&uln=en-US@posix&vjs=1.5&e[0][date_start]=2026-10-15%2014%3A30%3A00&e[0][date_end]=2026-10-15%2015%3A00%3A00&e[0][timezone]=America%2FDenver&e[0][title]=Bookmobile%20Stop%20at%20Hollister%20Lake%20Elementary%20&e[0][description]=550%20Sundance%20Dr%20-%20Windsor&e[0][location]=Bookmobile%20-%20",FAILED,""
"https://clearview.libnet.info/event/17042858","https://addtocalendar.com/atc/google?utz=0&uln=en-US@posix&vjs=1.5&e[0][date_start]=2026-10-15%2014%3A30%3A00&e[0][date_end]=2026-10-15%2015%3A00%3A00&e[0][timezone]=America%2FDenver&e[0][title]=Bookmobile%20Stop%20at%20Hollister%20Lake%20Elementary%20&e[0][description]=550%20Sundance%20Dr%20-%20Windsor&e[0][location]=Bookmobile%20-%20",FAILED,""
"https://clearview.libnet.info/event/17042858","https://addtocalendar.com/atc/outlook?utz=0&uln=en-US@posix&vjs=1.5&e[0][date_start]=2026-10-15%2014%3A30%3A00&e[0][date_end]=2026-10-15%2015%3A00%3A00&e[0][timezone]=America%2FDenver&e[0][title]=Bookmobile%20Stop%20at%20Hollister%20Lake%20Elementary%20&e[0][description]=550%20Sundance%20Dr%20-%20Windsor&e[0][location]=Bookmobile%20-%20",FAILED,""
"https://clearview.libnet.info/event/17042858","https://addtocalendar.com/atc/outlookonline?utz=0&uln=en-US@posix&vjs=1.5&e[0][date_start]=2026-10-15%2014%3A30%3A00&e[0][date_end]=2026-10-15%2015%3A00%3A00&e[0][timezone]=America%2FDenver&e[0][title]=Bookmobile%20Stop%20at%20Hollister%20Lake%20Elementary%20&e[0][description]=550%20Sundance%20Dr%20-%20Windsor&e[0][location]=Bookmobile%20-%20",FAILED,""
"https://clearview.libnet.info/event/17042858","https://addtocalendar.com/atc/yahoo?utz=0&uln=en-US@posix&vjs=1.5&e[0][date_start]=2026-10-15%2014%3A30%3A00&e[0][date_end]=2026-10-15%2015%3A00%3A00&e[0][timezone]=America%2FDenver&e[0][title]=Bookmobile%20Stop%20at%20Hollister%20Lake%20Elementary%20&e[0][description]=550%20Sundance%20Dr%20-%20Windsor&e[0][location]=Bookmobile%20-%20",FAILED,""
"https://clearview.libnet.info/event/17233535","https://addtocalendar.com/atc/ical?utz=0&uln=en-US@posix&vjs=1.5&e[0][date_start]=2026-10-15%2015%3A15%3A00&e[0][date_end]=2026-10-15%2016%3A15%3A00&e[0][timezone]=America%2FDenver&e[0][title]=Young%20Scientists&e[0][description]=Join%20us%20to%20explore%20and%20learn%20about%20the%20world%20around%20you!%20Put%20your%20sleuthing%20skills%20to%20work%20on%20finding%20hidden%20fingerprints!%20Open%20to%20elementary-aged%20children%20and%20tweens%20ages%209-12.&e[0][location]=Windsor%20Library%20-%20Pikes%20Peak",FAILED,""
"https://clearview.libnet.info/event/17233535","https://addtocalendar.com/atc/google?utz=0&uln=en-US@posix&vjs=1.5&e[0][date_start]=2026-10-15%2015%3A15%3A00&e[0][date_end]=2026-10-15%2016%3A15%3A00&e[0][timezone]=America%2FDenver&e[0][title]=Young%20Scientists&e[0][description]=Join%20us%20to%20explore%20and%20learn%20about%20the%20world%20around%20you!%20Put%20your%20sleuthing%20skills%20to%20work%20on%20finding%20hidden%20fingerprints!%20Open%20to%20elementary-aged%20children%20and%20tweens%20ages%209-12.&e[0][location]=Windsor%20Library%20-%20Pikes%20Peak",FAILED,""
"https://clearview.libnet.info/event/17233535","https://addtocalendar.com/atc/outlook?utz=0&uln=en-US@posix&vjs=1.5&e[0][date_start]=2026-10-15%2015%3A15%3A00&e[0][date_end]=2026-10-15%2016%3A15%3A00&e[0][timezone]=America%2FDenver&e[0][title]=Young%20Scientists&e[0][description]=Join%20us%20to%20explore%20and%20learn%20about%20the%20world%20around%20you!%20Put%20your%20sleuthing%20skills%20to%20work%20on%20finding%20hidden%20fingerprints!%20Open%20to%20elementary-aged%20children%20and%20tweens%20ages%209-12.&e[0][location]=Windsor%20Library%20-%20Pikes%20Peak",FAILED,""
"https://clearview.libnet.info/event/17233535","https://addtocalendar.com/atc/outlookonline?utz=0&uln=en-US@posix&vjs=1.5&e[0][date_start]=2026-10-15%2015%3A15%3A00&e[0][date_end]=2026-10-15%2016%3A15%3A00&e[0][timezone]=America%2FDenver&e[0][title]=Young%20Scientists&e[0][description]=Join%20us%20to%20explore%20and%20learn%20about%20the%20world%20around%20you!%20Put%20your%20sleuthing%20skills%20to%20work%20on%20finding%20hidden%20fingerprints!%20Open%20to%20elementary-aged%20children%20and%20tweens%20ages%209-12.&e[0][location]=Windsor%20Library%20-%20Pikes%20Peak",FAILED,""
"https://clearview.libnet.info/event/17233535","https://addtocalendar.com/atc/yahoo?utz=0&uln=en-US@posix&vjs=1.5&e[0][date_start]=2026-10-15%2015%3A15%3A00&e[0][date_end]=2026-10-15%2016%3A15%3A00&e[0][timezone]=America%2FDenver&e[0][title]=Young%20Scientists&e[0][description]=Join%20us%20to%20explore%20and%20learn%20about%20the%20world%20around%20you!%20Put%20your%20sleuthing%20skills%20to%20work%20on%20finding%20hidden%20fingerprints!%20Open%20to%20elementary-aged%20children%20and%20tweens%20ages%209-12.&e[0][location]=Windsor%20Library%20-%20Pikes%20Peak",FAILED,""
"https://clearview.libnet.info/event/17042885","https://addtocalendar.com/atc/ical?utz=0&uln=en-US@posix&vjs=1.5&e[0][date_start]=2026-10-15%2015%3A30%3A00&e[0][date_end]=2026-10-15%2016%3A00%3A00&e[0][timezone]=America%2FDenver&e[0][title]=Bookmobile%20Stop%20at%20Overlook%20Park%20&e[0][description]=650%20Audubon%20Blvd%20-%20Severance&e[0][location]=Bookmobile%20-%20",FAILED,""
"https://clearview.libnet.info/event/17042885","https://addtocalendar.com/atc/google?utz=0&uln=en-US@posix&vjs=1.5&e[0][date_start]=2026-10-15%2015%3A30%3A00&e[0][date_end]=2026-10-15%2016%3A00%3A00&e[0][timezone]=America%2FDenver&e[0][title]=Bookmobile%20Stop%20at%20Overlook%20Park%20&e[0][description]=650%20Audubon%20Blvd%20-%20Severance&e[0][location]=Bookmobile%20-%20",FAILED,""
"https://clearview.libnet.info/event/17042885","https://addtocalendar.com/atc/outlook?utz=0&uln=en-US@posix&vjs=1.5&e[0][date_start]=2026-10-15%2015%3A30%3A00&e[0][date_end]=2026-10-15%2016%3A00%3A00&e[0][timezone]=America%2FDenver&e[0][title]=Bookmobile%20Stop%20at%20Overlook%20Park%20&e[0][description]=650%20Audubon%20Blvd%20-%20Severance&e[0][location]=Bookmobile%20-%20",FAILED,""
"https://clearview.libnet.info/event/17042885","https://addtocalendar.com/atc/outlookonline?utz=0&uln=en-US@posix&vjs=1.5&e[0][date_start]=2026-10-15%2015%3A30%3A00&e[0][date_end]=2026-10-15%2016%3A00%3A00&e[0][timezone]=America%2FDenver&e[0][title]=Bookmobile%20Stop%20at%20Overlook%20Park%20&e[0][description]=650%20Audubon%20Blvd%20-%20Severance&e[0][location]=Bookmobile%20-%20",FAILED,""
"https://clearview.libnet.info/event/17042885","https://addtocalendar.com/atc/yahoo?utz=0&uln=en-US@posix&vjs=1.5&e[0][date_start]=2026-10-15%2015%3A30%3A00&e[0][date_end]=2026-10-15%2016%3A00%3A00&e[0][timezone]=America%2FDenver&e[0][title]=Bookmobile%20Stop%20at%20Overlook%20Park%20&e[0][description]=650%20Audubon%20Blvd%20-%20Severance&e[0][location]=Bookmobile%20-%20",FAILED,""
"https://clearview.libnet.info/event/17042891","https://addtocalendar.com/atc/ical?utz=0&uln=en-US@posix&vjs=1.5&e[0][date_start]=2026-10-15%2016%3A30%3A00&e[0][date_end]=2026-10-15%2017%3A00%3A00&e[0][timezone]=America%2FDenver&e[0][title]=Bookmobile%20Stop%20at%20Village%20East%20Park&e[0][description]=865%20Park%20Edge%20Cir%20-%20Windsor&e[0][location]=Bookmobile%20-%20",FAILED,""
"https://clearview.libnet.info/event/17042891","https://addtocalendar.com/atc/google?utz=0&uln=en-US@posix&vjs=1.5&e[0][date_start]=2026-10-15%2016%3A30%3A00&e[0][date_end]=2026-10-15%2017%3A00%3A00&e[0][timezone]=America%2FDenver&e[0][title]=Bookmobile%20Stop%20at%20Village%20East%20Park&e[0][description]=865%20Park%20Edge%20Cir%20-%20Windsor&e[0][location]=Bookmobile%20-%20",FAILED,""
"https://clearview.libnet.info/event/17042891","https://addtocalendar.com/atc/outlook?utz=0&uln=en-US@posix&vjs=1.5&e[0][date_start]=2026-10-15%2016%3A30%3A00&e[0][date_end]=2026-10-15%2017%3A00%3A00&e[0][timezone]=America%2FDenver&e[0][title]=Bookmobile%20Stop%20at%20Village%20East%20Park&e[0][description]=865%20Park%20Edge%20Cir%20-%20Windsor&e[0][location]=Bookmobile%20-%20",FAILED,""
"https://clearview.libnet.info/event/17042891","https://addtocalendar.com/atc/outlookonline?utz=0&uln=en-US@posix&vjs=1.5&e[0][date_start]=2026-10-15%2016%3A30%3A00&e[0][date_end]=2026-10-15%2017%3A00%3A00&e[0][timezone]=America%2FDenver&e[0][title]=Bookmobile%20Stop%20at%20Village%20East%20Park&e[0][description]=865%20Park%20Edge%20Cir%20-%20Windsor&e[0][location]=Bookmobile%20-%20",FAILED,""
"https://clearview.libnet.info/event/17042891","https://addtocalendar.com/atc/yahoo?utz=0&uln=en-US@posix&vjs=1.5&e[0][date_start]=2026-10-15%2016%3A30%3A00&e[0][date_end]=2026-10-15%2017%3A00%3A00&e[0][timezone]=America%2FDenver&e[0][title]=Bookmobile%20Stop%20at%20Village%20East%20Park&e[0][description]=865%20Park%20Edge%20Cir%20-%20Windsor&e[0][location]=Bookmobile%20-%20",FAILED,""
"https://clearview.libnet.info/event/17042915","https://addtocalendar.com/atc/ical?utz=0&uln=en-US@posix&vjs=1.5&e[0][date_start]=2026-10-15%2017%3A30%3A00&e[0][date_end]=2026-10-15%2018%3A00%3A00&e[0][timezone]=America%2FDenver&e[0][title]=Bookmobile%20Stop%20at%20Promontory%20Community%20Park%20&e[0][description]=W%2013th%20St%20-%20Greeley&e[0][location]=Bookmobile%20-%20",FAILED,""
"https://clearview.libnet.info/event/17042915","https://addtocalendar.com/atc/google?utz=0&uln=en-US@posix&vjs=1.5&e[0][date_start]=2026-10-15%2017%3A30%3A00&e[0][date_end]=2026-10-15%2018%3A00%3A00&e[0][timezone]=America%2FDenver&e[0][title]=Bookmobile%20Stop%20at%20Promontory%20Community%20Park%20&e[0][description]=W%2013th%20St%20-%20Greeley&e[0][location]=Bookmobile%20-%20",FAILED,""
"https://clearview.libnet.info/event/17042915","https://addtocalendar.com/atc/outlook?utz=0&uln=en-US@posix&vjs=1.5&e[0][date_start]=2026-10-15%2017%3A30%3A00&e[0][date_end]=2026-10-15%2018%3A00%3A00&e[0][timezone]=America%2FDenver&e[0][title]=Bookmobile%20Stop%20at%20Promontory%20Community%20Park%20&e[0][description]=W%2013th%20St%20-%20Greeley&e[0][location]=Bookmobile%20-%20",FAILED,""
"https://clearview.libnet.info/event/17042915","https://addtocalendar.com/atc/outlookonline?utz=0&uln=en-US@posix&vjs=1.5&e[0][date_start]=2026-10-15%2017%3A30%3A00&e[0][date_end]=2026-10-15%2018%3A00%3A00&e[0][timezone]=America%2FDenver&e[0][title]=Bookmobile%20Stop%20at%20Promontory%20Community%20Park%20&e[0][description]=W%2013th%20St%20-%20Greeley&e[0][location]=Bookmobile%20-%20",FAILED,""
"https://clearview.libnet.info/event/17042915","https://addtocalendar.com/atc/yahoo?utz=0&uln=en-US@posix&vjs=1.5&e[0][date_start]=2026-10-15%2017%3A30%3A00&e[0][date_end]=2026-10-15%2018%3A00%3A00&e[0][timezone]=America%2FDenver&e[0][title]=Bookmobile%20Stop%20at%20Promontory%20Community%20Park%20&e[0][description]=W%2013th%20St%20-%20Greeley&e[0][location]=Bookmobile%20-%20",FAILED,""
"https://clearview.libnet.info/event/17279124","https://addtocalendar.com/atc/ical?utz=0&uln=en-US@posix&vjs=1.5&e[0][date_start]=2026-10-15%2018%3A00%3A00&e[0][date_end]=2026-10-15%2020%3A30%3A00&e[0][timezone]=America%2FDenver&e[0][title]=Exploring%20the%20Stars&e[0][description]=Discover%20stargazing%20basics%20at%20this%20presentation%2C%20then%20head%20outside%20for%20live%20telescope%20viewing!&e[0][location]=Severance%20Library%20-%20Cottonwood",FAILED,""
"https://clearview.libnet.info/event/17279124","https://addtocalendar.com/atc/google?utz=0&uln=en-US@posix&vjs=1.5&e[0][date_start]=2026-10-15%2018%3A00%3A00&e[0][date_end]=2026-10-15%2020%3A30%3A00&e[0][timezone]=America%2FDenver&e[0][title]=Exploring%20the%20Stars&e[0][description]=Discover%20stargazing%20basics%20at%20this%20presentation%2C%20then%20head%20outside%20for%20live%20telescope%20viewing!&e[0][location]=Severance%20Library%20-%20Cottonwood",FAILED,""
"https://clearview.libnet.info/event/17279124","https://addtocalendar.com/atc/outlook?utz=0&uln=en-US@posix&vjs=1.5&e[0][date_start]=2026-10-15%2018%3A00%3A00&e[0][date_end]=2026-10-15%2020%3A30%3A00&e[0][timezone]=America%2FDenver&e[0][title]=Exploring%20the%20Stars&e[0][description]=Discover%20stargazing%20basics%20at%20this%20presentation%2C%20then%20head%20outside%20for%20live%20telescope%20viewing!&e[0][location]=Severance%20Library%20-%20Cottonwood",FAILED,""
"https://clearview.libnet.info/event/17279124","https://addtocalendar.com/atc/outlookonline?utz=0&uln=en-US@posix&vjs=1.5&e[0][date_start]=2026-10-15%2018%3A00%3A00&e[0][date_end]=2026-10-15%2020%3A30%3A00&e[0][timezone]=America%2FDenver&e[0][title]=Exploring%20the%20Stars&e[0][description]=Discover%20stargazing%20basics%20at%20this%20presentation%2C%20then%20head%20outside%20for%20live%20telescope%20viewing!&e[0][location]=Severance%20Library%20-%20Cottonwood",FAILED,""
"https://clearview.libnet.info/event/17279124","https://addtocalendar.com/atc/yahoo?utz=0&uln=en-US@posix&vjs=1.5&e[0][date_start]=2026-10-15%2018%3A00%3A00&e[0][date_end]=2026-10-15%2020%3A30%3A00&e[0][timezone]=America%2FDenver&e[0][title]=Exploring%20the%20Stars&e[0][description]=Discover%20stargazing%20basics%20at%20this%20presentation%2C%20then%20head%20outside%20for%20live%20telescope%20viewing!&e[0][location]=Severance%20Library%20-%20Cottonwood",FAILED,""
"https://clearview.libnet.info/event/17228901","https://addtocalendar.com/atc/ical?utz=0&uln=en-US@posix&vjs=1.5&e[0][date_start]=2026-10-16%2009%3A30%3A00&e[0][date_end]=2026-10-16%2010%3A00%3A00&e[0][timezone]=America%2FDenver&e[0][title]=Babies%20and%20Books&e[0][description]=Grow%20your%20reader%20as%20we%20enjoy%20books%2C%20rhymes%2C%20songs%2C%20sensory%20activities%2C%20and%20active%20movement%20during%20this%20lapsit%20storytime.%20For%20ages%20birth%20to%202%20years.%20Older%20siblings%20welcome.&e[0][location]=Windsor%20Library%20-%20Pikes%20Peak",FAILED,""
"https://clearview.libnet.info/event/17228901","https://addtocalendar.com/atc/google?utz=0&uln=en-US@posix&vjs=1.5&e[0][date_start]=2026-10-16%2009%3A30%3A00&e[0][date_end]=2026-10-16%2010%3A00%3A00&e[0][timezone]=America%2FDenver&e[0][title]=Babies%20and%20Books&e[0][description]=Grow%20your%20reader%20as%20we%20enjoy%20books%2C%20rhymes%2C%20songs%2C%20sensory%20activities%2C%20and%20active%20movement%20during%20this%20lapsit%20storytime.%20For%20ages%20birth%20to%202%20years.%20Older%20siblings%20welcome.&e[0][location]=Windsor%20Library%20-%20Pikes%20Peak",FAILED,""
"https://clearview.libnet.info/event/17228901","https://addtocalendar.com/atc/outlook?utz=0&uln=en-US@posix&vjs=1.5&e[0][date_start]=2026-10-16%2009%3A30%3A00&e[0][date_end]=2026-10-16%2010%3A00%3A00&e[0][timezone]=America%2FDenver&e[0][title]=Babies%20and%20Books&e[0][description]=Grow%20your%20reader%20as%20we%20enjoy%20books%2C%20rhymes%2C%20songs%2C%20sensory%20activities%2C%20and%20active%20movement%20during%20this%20lapsit%20storytime.%20For%20ages%20birth%20to%202%20years.%20Older%20siblings%20welcome.&e[0][location]=Windsor%20Library%20-%20Pikes%20Peak",FAILED,""
"https://clearview.libnet.info/event/17228901","https://addtocalendar.com/atc/outlookonline?utz=0&uln=en-US@posix&vjs=1.5&e[0][date_start]=2026-10-16%2009%3A30%3A00&e[0][date_end]=2026-10-16%2010%3A00%3A00&e[0][timezone]=America%2FDenver&e[0][title]=Babies%20and%20Books&e[0][description]=Grow%20your%20reader%20as%20we%20enjoy%20books%2C%20rhymes%2C%20songs%2C%20sensory%20activities%2C%20and%20active%20movement%20during%20this%20lapsit%20storytime.%20For%20ages%20birth%20to%202%20years.%20Older%20siblings%20welcome.&e[0][location]=Windsor%20Library%20-%20Pikes%20Peak",FAILED,""
"https://clearview.libnet.info/event/17228901","https://addtocalendar.com/atc/yahoo?utz=0&uln=en-US@posix&vjs=1.5&e[0][date_start]=2026-10-16%2009%3A30%3A00&e[0][date_end]=2026-10-16%2010%3A00%3A00&e[0][timezone]=America%2FDenver&e[0][title]=Babies%20and%20Books&e[0][description]=Grow%20your%20reader%20as%20we%20enjoy%20books%2C%20rhymes%2C%20songs%2C%20sensory%20activities%2C%20and%20active%20movement%20during%20this%20lapsit%20storytime.%20For%20ages%20birth%20to%202%20years.%20Older%20siblings%20welcome.&e[0][location]=Windsor%20Library%20-%20Pikes%20Peak",FAILED,""
"https://clearview.libnet.info/event/17229027","https://addtocalendar.com/atc/ical?utz=0&uln=en-US@posix&vjs=1.5&e[0][date_start]=2026-10-16%2010%3A00%3A00&e[0][date_end]=2026-10-16%2010%3A30%3A00&e[0][timezone]=America%2FDenver&e[0][title]=Stay%20and%20Play%20&e[0][description]=Babies%20and%20toddlers%20will%20enjoy%20open-ended%20playtime%20in%20a%20relaxed%20atmosphere%20that%20promotes%20growth%2C%20exploration%2C%20and%20learning.%20Intended%20for%20children%20ages%200%20to%202%20and%20their%20caregivers%20or%20families.&e[0][location]=Windsor%20Library%20-%20Pikes%20Peak",FAILED,""
"https://clearview.libnet.info/event/17229027","https://addtocalendar.com/atc/google?utz=0&uln=en-US@posix&vjs=1.5&e[0][date_start]=2026-10-16%2010%3A00%3A00&e[0][date_end]=2026-10-16%2010%3A30%3A00&e[0][timezone]=America%2FDenver&e[0][title]=Stay%20and%20Play%20&e[0][description]=Babies%20and%20toddlers%20will%20enjoy%20open-ended%20playtime%20in%20a%20relaxed%20atmosphere%20that%20promotes%20growth%2C%20exploration%2C%20and%20learning.%20Intended%20for%20children%20ages%200%20to%202%20and%20their%20caregivers%20or%20families.&e[0][location]=Windsor%20Library%20-%20Pikes%20Peak",FAILED,""
"https://clearview.libnet.info/event/17229027","https://addtocalendar.com/atc/outlook?utz=0&uln=en-US@posix&vjs=1.5&e[0][date_start]=2026-10-16%2010%3A00%3A00&e[0][date_end]=2026-10-16%2010%3A30%3A00&e[0][timezone]=America%2FDenver&e[0][title]=Stay%20and%20Play%20&e[0][description]=Babies%20and%20toddlers%20will%20enjoy%20open-ended%20playtime%20in%20a%20relaxed%20atmosphere%20that%20promotes%20growth%2C%20exploration%2C%20and%20learning.%20Intended%20for%20children%20ages%200%20to%202%20and%20their%20caregivers%20or%20families.&e[0][location]=Windsor%20Library%20-%20Pikes%20Peak",FAILED,""
"https://clearview.libnet.info/event/17229027","https://addtocalendar.com/atc/outlookonline?utz=0&uln=en-US@posix&vjs=1.5&e[0][date_start]=2026-10-16%2010%3A00%3A00&e[0][date_end]=2026-10-16%2010%3A30%3A00&e[0][timezone]=America%2FDenver&e[0][title]=Stay%20and%20Play%20&e[0][description]=Babies%20and%20toddlers%20will%20enjoy%20open-ended%20playtime%20in%20a%20relaxed%20atmosphere%20that%20promotes%20growth%2C%20exploration%2C%20and%20learning.%20Intended%20for%20children%20ages%200%20to%202%20and%20their%20caregivers%20or%20families.&e[0][location]=Windsor%20Library%20-%20Pikes%20Peak",FAILED,""
"https://clearview.libnet.info/event/17229027","https://addtocalendar.com/atc/yahoo?utz=0&uln=en-US@posix&vjs=1.5&e[0][date_start]=2026-10-16%2010%3A00%3A00&e[0][date_end]=2026-10-16%2010%3A30%3A00&e[0][timezone]=America%2FDenver&e[0][title]=Stay%20and%20Play%20&e[0][description]=Babies%20and%20toddlers%20will%20enjoy%20open-ended%20playtime%20in%20a%20relaxed%20atmosphere%20that%20promotes%20growth%2C%20exploration%2C%20and%20learning.%20Intended%20for%20children%20ages%200%20to%202%20and%20their%20caregivers%20or%20families.&e[0][location]=Windsor%20Library%20-%20Pikes%20Peak",FAILED,""
"https://clearview.libnet.info/event/17561242","https://addtocalendar.com/atc/ical?utz=0&uln=en-US@posix&vjs=1.5&e[0][date_start]=2026-10-16%2010%3A00%3A00&e[0][date_end]=2026-10-16%2011%3A00%3A00&e[0][timezone]=America%2FDenver&e[0][title]=PAWS%20for%20Reading&e[0][description]=Dogs%20%2B%20Reading%20%3D%20Magic%0A&e[0][location]=Windsor%20Library%20-%20",FAILED,""
"https://clearview.libnet.info/event/17561242","https://addtocalendar.com/atc/google?utz=0&uln=en-US@posix&vjs=1.5&e[0][date_start]=2026-10-16%2010%3A00%3A00&e[0][date_end]=2026-10-16%2011%3A00%3A00&e[0][timezone]=America%2FDenver&e[0][title]=PAWS%20for%20Reading&e[0][description]=Dogs%20%2B%20Reading%20%3D%20Magic%0A&e[0][location]=Windsor%20Library%20-%20",FAILED,""
"https://clearview.libnet.info/event/17561242","https://addtocalendar.com/atc/outlook?utz=0&uln=en-US@posix&vjs=1.5&e[0][date_start]=2026-10-16%2010%3A00%3A00&e[0][date_end]=2026-10-16%2011%3A00%3A00&e[0][timezone]=America%2FDenver&e[0][title]=PAWS%20for%20Reading&e[0][description]=Dogs%20%2B%20Reading%20%3D%20Magic%0A&e[0][location]=Windsor%20Library%20-%20",FAILED,""
"https://clearview.libnet.info/event/17561242","https://addtocalendar.com/atc/outlookonline?utz=0&uln=en-US@posix&vjs=1.5&e[0][date_start]=2026-10-16%2010%3A00%3A00&e[0][date_end]=2026-10-16%2011%3A00%3A00&e[0][timezone]=America%2FDenver&e[0][title]=PAWS%20for%20Reading&e[0][description]=Dogs%20%2B%20Reading%20%3D%20Magic%0A&e[0][location]=Windsor%20Library%20-%20",FAILED,""
"https://clearview.libnet.info/event/17561242","https://addtocalendar.com/atc/yahoo?utz=0&uln=en-US@posix&vjs=1.5&e[0][date_start]=2026-10-16%2010%3A00%3A00&e[0][date_end]=2026-10-16%2011%3A00%3A00&e[0][timezone]=America%2FDenver&e[0][title]=PAWS%20for%20Reading&e[0][description]=Dogs%20%2B%20Reading%20%3D%20Magic%0A&e[0][location]=Windsor%20Library%20-%20",FAILED,""
"https://clearview.libnet.info/event/17227450","https://addtocalendar.com/atc/ical?utz=0&uln=en-US@posix&vjs=1.5&e[0][date_start]=2026-10-16%2017%3A00%3A00&e[0][date_end]=2026-10-16%2018%3A30%3A00&e[0][timezone]=America%2FDenver&e[0][title]=Tween%20Video%20Gaming&e[0][description]=Join%20us%204%20times%20a%20year%20for%20video%20games%2C%20snacks%2C%20and%20some%20good-natured%20competition!%20All%20games%20available%20for%20play%20will%20have%20an%20E.S.R.B.%20rating%20of%20either%20%E2%80%9CE%E2%80%9D%20or%20%E2%80%9CE10%2B.%E2%80%9D%20For%20tweens%20ages%209-12.&e[0][location]=Severance%20Library%20-%20Cottonwood",FAILED,""
"https://clearview.libnet.info/event/17227450","https://addtocalendar.com/atc/google?utz=0&uln=en-US@posix&vjs=1.5&e[0][date_start]=2026-10-16%2017%3A00%3A00&e[0][date_end]=2026-10-16%2018%3A30%3A00&e[0][timezone]=America%2FDenver&e[0][title]=Tween%20Video%20Gaming&e[0][description]=Join%20us%204%20times%20a%20year%20for%20video%20games%2C%20snacks%2C%20and%20some%20good-natured%20competition!%20All%20games%20available%20for%20play%20will%20have%20an%20E.S.R.B.%20rating%20of%20either%20%E2%80%9CE%E2%80%9D%20or%20%E2%80%9CE10%2B.%E2%80%9D%20For%20tweens%20ages%209-12.&e[0][location]=Severance%20Library%20-%20Cottonwood",FAILED,""
"https://clearview.libnet.info/event/17227450","https://addtocalendar.com/atc/outlook?utz=0&uln=en-US@posix&vjs=1.5&e[0][date_start]=2026-10-16%2017%3A00%3A00&e[0][date_end]=2026-10-16%2018%3A30%3A00&e[0][timezone]=America%2FDenver&e[0][title]=Tween%20Video%20Gaming&e[0][description]=Join%20us%204%20times%20a%20year%20for%20video%20games%2C%20snacks%2C%20and%20some%20good-natured%20competition!%20All%20games%20available%20for%20play%20will%20have%20an%20E.S.R.B.%20rating%20of%20either%20%E2%80%9CE%E2%80%9D%20or%20%E2%80%9CE10%2B.%E2%80%9D%20For%20tweens%20ages%209-12.&e[0][location]=Severance%20Library%20-%20Cottonwood",FAILED,""
"https://clearview.libnet.info/event/17227450","https://addtocalendar.com/atc/outlookonline?utz=0&uln=en-US@posix&vjs=1.5&e[0][date_start]=2026-10-16%2017%3A00%3A00&e[0][date_end]=2026-10-16%2018%3A30%3A00&e[0][timezone]=America%2FDenver&e[0][title]=Tween%20Video%20Gaming&e[0][description]=Join%20us%204%20times%20a%20year%20for%20video%20games%2C%20snacks%2C%20and%20some%20good-natured%20competition!%20All%20games%20available%20for%20play%20will%20have%20an%20E.S.R.B.%20rating%20of%20either%20%E2%80%9CE%E2%80%9D%20or%20%E2%80%9CE10%2B.%E2%80%9D%20For%20tweens%20ages%209-12.&e[0][location]=Severance%20Library%20-%20Cottonwood",FAILED,""
"https://clearview.libnet.info/event/17227450","https://addtocalendar.com/atc/yahoo?utz=0&uln=en-US@posix&vjs=1.5&e[0][date_start]=2026-10-16%2017%3A00%3A00&e[0][date_end]=2026-10-16%2018%3A30%3A00&e[0][timezone]=America%2FDenver&e[0][title]=Tween%20Video%20Gaming&e[0][description]=Join%20us%204%20times%20a%20year%20for%20video%20games%2C%20snacks%2C%20and%20some%20good-natured%20competition!%20All%20games%20available%20for%20play%20will%20have%20an%20E.S.R.B.%20rating%20of%20either%20%E2%80%9CE%E2%80%9D%20or%20%E2%80%9CE10%2B.%E2%80%9D%20For%20tweens%20ages%209-12.&e[0][location]=Severance%20Library%20-%20Cottonwood",FAILED,""
"https://clearview.libnet.info/event/17561249","https://addtocalendar.com/atc/ical?utz=0&uln=en-US@posix&vjs=1.5&e[0][date_start]=2026-10-17%2010%3A00%3A00&e[0][date_end]=2026-10-17%2011%3A00%3A00&e[0][timezone]=America%2FDenver&e[0][title]=PAWS%20for%20Reading&e[0][description]=Dogs%20%2B%20Reading%20%3D%20Magic%0A&e[0][location]=Windsor%20Library%20-%20",FAILED,""
"https://clearview.libnet.info/event/17561249","https://addtocalendar.com/atc/google?utz=0&uln=en-US@posix&vjs=1.5&e[0][date_start]=2026-10-17%2010%3A00%3A00&e[0][date_end]=2026-10-17%2011%3A00%3A00&e[0][timezone]=America%2FDenver&e[0][title]=PAWS%20for%20Reading&e[0][description]=Dogs%20%2B%20Reading%20%3D%20Magic%0A&e[0][location]=Windsor%20Library%20-%20",FAILED,""
"https://clearview.libnet.info/event/17561249","https://addtocalendar.com/atc/outlook?utz=0&uln=en-US@posix&vjs=1.5&e[0][date_start]=2026-10-17%2010%3A00%3A00&e[0][date_end]=2026-10-17%2011%3A00%3A00&e[0][timezone]=America%2FDenver&e[0][title]=PAWS%20for%20Reading&e[0][description]=Dogs%20%2B%20Reading%20%3D%20Magic%0A&e[0][location]=Windsor%20Library%20-%20",FAILED,""
"https://clearview.libnet.info/event/17561249","https://addtocalendar.com/atc/outlookonline?utz=0&uln=en-US@posix&vjs=1.5&e[0][date_start]=2026-10-17%2010%3A00%3A00&e[0][date_end]=2026-10-17%2011%3A00%3A00&e[0][timezone]=America%2FDenver&e[0][title]=PAWS%20for%20Reading&e[0][description]=Dogs%20%2B%20Reading%20%3D%20Magic%0A&e[0][location]=Windsor%20Library%20-%20",FAILED,""
"https://clearview.libnet.info/event/17561249","https://addtocalendar.com/atc/yahoo?utz=0&uln=en-US@posix&vjs=1.5&e[0][date_start]=2026-10-17%2010%3A00%3A00&e[0][date_end]=2026-10-17%2011%3A00%3A00&e[0][timezone]=America%2FDenver&e[0][title]=PAWS%20for%20Reading&e[0][description]=Dogs%20%2B%20Reading%20%3D%20Magic%0A&e[0][location]=Windsor%20Library%20-%20",FAILED,""
"https://clearview.libnet.info/event/17269454","https://addtocalendar.com/atc/ical?utz=0&uln=en-US@posix&vjs=1.5&e[0][date_start]=2026-10-17%2012%3A00%3A00&e[0][date_end]=2026-10-17%2016%3A00%3A00&e[0][timezone]=America%2FDenver&e[0][title]=Dungeons%20%26amp%3B%20Dragons%20for%20Adults&e[0][description]=Step%20into%20a%20world%20of%20magic%2C%20mystery%2C%20and%20adventure%20with%20Dungeons%20%26amp%3B%20Dragons%20for%20Adults!&e[0][location]=Windsor%20Library%20-%20James%20Peak",FAILED,""
"https://clearview.libnet.info/event/17269454","https://addtocalendar.com/atc/google?utz=0&uln=en-US@posix&vjs=1.5&e[0][date_start]=2026-10-17%2012%3A00%3A00&e[0][date_end]=2026-10-17%2016%3A00%3A00&e[0][timezone]=America%2FDenver&e[0][title]=Dungeons%20%26amp%3B%20Dragons%20for%20Adults&e[0][description]=Step%20into%20a%20world%20of%20magic%2C%20mystery%2C%20and%20adventure%20with%20Dungeons%20%26amp%3B%20Dragons%20for%20Adults!&e[0][location]=Windsor%20Library%20-%20James%20Peak",FAILED,""
"https://clearview.libnet.info/event/17269454","https://addtocalendar.com/atc/outlook?utz=0&uln=en-US@posix&vjs=1.5&e[0][date_start]=2026-10-17%2012%3A00%3A00&e[0][date_end]=2026-10-17%2016%3A00%3A00&e[0][timezone]=America%2FDenver&e[0][title]=Dungeons%20%26amp%3B%20Dragons%20for%20Adults&e[0][description]=Step%20into%20a%20world%20of%20magic%2C%20mystery%2C%20and%20adventure%20with%20Dungeons%20%26amp%3B%20Dragons%20for%20Adults!&e[0][location]=Windsor%20Library%20-%20James%20Peak",FAILED,""
"https://clearview.libnet.info/event/17269454","https://addtocalendar.com/atc/outlookonline?utz=0&uln=en-US@posix&vjs=1.5&e[0][date_start]=2026-10-17%2012%3A00%3A00&e[0][date_end]=2026-10-17%2016%3A00%3A00&e[0][timezone]=America%2FDenver&e[0][title]=Dungeons%20%26amp%3B%20Dragons%20for%20Adults&e[0][description]=Step%20into%20a%20world%20of%20magic%2C%20mystery%2C%20and%20adventure%20with%20Dungeons%20%26amp%3B%20Dragons%20for%20Adults!&e[0][location]=Windsor%20Library%20-%20James%20Peak",FAILED,""
"https://clearview.libnet.info/event/17269454","https://addtocalendar.com/atc/yahoo?utz=0&uln=en-US@posix&vjs=1.5&e[0][date_start]=2026-10-17%2012%3A00%3A00&e[0][date_end]=2026-10-17%2016%3A00%3A00&e[0][timezone]=America%2FDenver&e[0][title]=Dungeons%20%26amp%3B%20Dragons%20for%20Adults&e[0][description]=Step%20into%20a%20world%20of%20magic%2C%20mystery%2C%20and%20adventure%20with%20Dungeons%20%26amp%3B%20Dragons%20for%20Adults!&e[0][location]=Windsor%20Library%20-%20James%20Peak",FAILED,""
"https://clearview.libnet.info/event/17224857","https://addtocalendar.com/atc/ical?utz=0&uln=en-US@posix&vjs=1.5&e[0][date_start]=2026-10-19%2010%3A00%3A00&e[0][date_end]=2026-10-19%2010%3A30%3A00&e[0][timezone]=America%2FDenver&e[0][title]=Messy%20Monster%20Monday&e[0][description]=Come%20to%20the%20library%20for%20some%20fun%20(and%20did%20we%20say%20MESSY!)%20process%20art%3B%20open-ended%20art%20experiences%20where%20your%20child%20is%20the%20creator%20of%20whatever%20they%20want%20to%20make!%20This%20program%20is%20for%20children%20ages%202-5.&e[0][location]=Windsor%20Library%20-%20Pikes%20Peak",FAILED,""
"https://clearview.libnet.info/event/17224857","https://addtocalendar.com/atc/google?utz=0&uln=en-US@posix&vjs=1.5&e[0][date_start]=2026-10-19%2010%3A00%3A00&e[0][date_end]=2026-10-19%2010%3A30%3A00&e[0][timezone]=America%2FDenver&e[0][title]=Messy%20Monster%20Monday&e[0][description]=Come%20to%20the%20library%20for%20some%20fun%20(and%20did%20we%20say%20MESSY!)%20process%20art%3B%20open-ended%20art%20experiences%20where%20your%20child%20is%20the%20creator%20of%20whatever%20they%20want%20to%20make!%20This%20program%20is%20for%20children%20ages%202-5.&e[0][location]=Windsor%20Library%20-%20Pikes%20Peak",FAILED,""
"https://clearview.libnet.info/event/17224857","https://addtocalendar.com/atc/outlook?utz=0&uln=en-US@posix&vjs=1.5&e[0][date_start]=2026-10-19%2010%3A00%3A00&e[0][date_end]=2026-10-19%2010%3A30%3A00&e[0][timezone]=America%2FDenver&e[0][title]=Messy%20Monster%20Monday&e[0][description]=Come%20to%20the%20library%20for%20some%20fun%20(and%20did%20we%20say%20MESSY!)%20process%20art%3B%20open-ended%20art%20experiences%20where%20your%20child%20is%20the%20creator%20of%20whatever%20they%20want%20to%20make!%20This%20program%20is%20for%20children%20ages%202-5.&e[0][location]=Windsor%20Library%20-%20Pikes%20Peak",FAILED,""
"https://clearview.libnet.info/event/17224857","https://addtocalendar.com/atc/outlookonline?utz=0&uln=en-US@posix&vjs=1.5&e[0][date_start]=2026-10-19%2010%3A00%3A00&e[0][date_end]=2026-10-19%2010%3A30%3A00&e[0][timezone]=America%2FDenver&e[0][title]=Messy%20Monster%20Monday&e[0][description]=Come%20to%20the%20library%20for%20some%20fun%20(and%20did%20we%20say%20MESSY!)%20process%20art%3B%20open-ended%20art%20experiences%20where%20your%20child%20is%20the%20creator%20of%20whatever%20they%20want%20to%20make!%20This%20program%20is%20for%20children%20ages%202-5.&e[0][location]=Windsor%20Library%20-%20Pikes%20Peak",FAILED,""
"https://clearview.libnet.info/event/17224857","https://addtocalendar.com/atc/yahoo?utz=0&uln=en-US@posix&vjs=1.5&e[0][date_start]=2026-10-19%2010%3A00%3A00&e[0][date_end]=2026-10-19%2010%3A30%3A00&e[0][timezone]=America%2FDenver&e[0][title]=Messy%20Monster%20Monday&e[0][description]=Come%20to%20the%20library%20for%20some%20fun%20(and%20did%20we%20say%20MESSY!)%20process%20art%3B%20open-ended%20art%20experiences%20where%20your%20child%20is%20the%20creator%20of%20whatever%20they%20want%20to%20make!%20This%20program%20is%20for%20children%20ages%202-5.&e[0][location]=Windsor%20Library%20-%20Pikes%20Peak",FAILED,""
"https://clearview.libnet.info/event/17227923","https://addtocalendar.com/atc/ical?utz=0&uln=en-US@posix&vjs=1.5&e[0][date_start]=2026-10-19%2010%3A00%3A00&e[0][date_end]=2026-10-19%2010%3A30%3A00&e[0][timezone]=America%2FDenver&e[0][title]=Read%2C%20Rhyme%2C%20and%20Romp&e[0][description]=Join%20us%20for%20an%20active%20storytime!%20We%20will%20read%20books%2C%20sing%2C%20and%20enjoy%20rhymes%20that%20encourage%20us%20all%20to%20get%20up%20and%20move!%20For%20ages%200-5.&e[0][location]=Severance%20Library%20-%20Cottonwood",FAILED,""
"https://clearview.libnet.info/event/17227923","https://addtocalendar.com/atc/google?utz=0&uln=en-US@posix&vjs=1.5&e[0][date_start]=2026-10-19%2010%3A00%3A00&e[0][date_end]=2026-10-19%2010%3A30%3A00&e[0][timezone]=America%2FDenver&e[0][title]=Read%2C%20Rhyme%2C%20and%20Romp&e[0][description]=Join%20us%20for%20an%20active%20storytime!%20We%20will%20read%20books%2C%20sing%2C%20and%20enjoy%20rhymes%20that%20encourage%20us%20all%20to%20get%20up%20and%20move!%20For%20ages%200-5.&e[0][location]=Severance%20Library%20-%20Cottonwood",FAILED,""
"https://clearview.libnet.info/event/17227923","https://addtocalendar.com/atc/outlook?utz=0&uln=en-US@posix&vjs=1.5&e[0][date_start]=2026-10-19%2010%3A00%3A00&e[0][date_end]=2026-10-19%2010%3A30%3A00&e[0][timezone]=America%2FDenver&e[0][title]=Read%2C%20Rhyme%2C%20and%20Romp&e[0][description]=Join%20us%20for%20an%20active%20storytime!%20We%20will%20read%20books%2C%20sing%2C%20and%20enjoy%20rhymes%20that%20encourage%20us%20all%20to%20get%20up%20and%20move!%20For%20ages%200-5.&e[0][location]=Severance%20Library%20-%20Cottonwood",FAILED,""
"https://clearview.libnet.info/event/17227923","https://addtocalendar.com/atc/outlookonline?utz=0&uln=en-US@posix&vjs=1.5&e[0][date_start]=2026-10-19%2010%3A00%3A00&e[0][date_end]=2026-10-19%2010%3A30%3A00&e[0][timezone]=America%2FDenver&e[0][title]=Read%2C%20Rhyme%2C%20and%20Romp&e[0][description]=Join%20us%20for%20an%20active%20storytime!%20We%20will%20read%20books%2C%20sing%2C%20and%20enjoy%20rhymes%20that%20encourage%20us%20all%20to%20get%20up%20and%20move!%20For%20ages%200-5.&e[0][location]=Severance%20Library%20-%20Cottonwood",FAILED,""
"https://clearview.libnet.info/event/17227923","https://addtocalendar.com/atc/yahoo?utz=0&uln=en-US@posix&vjs=1.5&e[0][date_start]=2026-10-19%2010%3A00%3A00&e[0][date_end]=2026-10-19%2010%3A30%3A00&e[0][timezone]=America%2FDenver&e[0][title]=Read%2C%20Rhyme%2C%20and%20Romp&e[0][description]=Join%20us%20for%20an%20active%20storytime!%20We%20will%20read%20books%2C%20sing%2C%20and%20enjoy%20rhymes%20that%20encourage%20us%20all%20to%20get%20up%20and%20move!%20For%20ages%200-5.&e[0][location]=Severance%20Library%20-%20Cottonwood",FAILED,""
"https://clearview.libnet.info/event/17227963","https://addtocalendar.com/atc/ical?utz=0&uln=en-US@posix&vjs=1.5&e[0][date_start]=2026-10-19%2010%3A30%3A00&e[0][date_end]=2026-10-19%2011%3A00%3A00&e[0][timezone]=America%2FDenver&e[0][title]=Stay%20and%20Play&e[0][description]=Children%20will%20enjoy%20open-ended%20playtime%20in%20a%20relaxed%20atmosphere%20that%20promotes%20growth%2C%20exploration%2C%20and%20learning.%20Intended%20for%20children%20ages%200%20to%205%20and%20their%20caregivers%20or%20families.&e[0][location]=Severance%20Library%20-%20Cottonwood",FAILED,""
"https://clearview.libnet.info/event/17227963","https://addtocalendar.com/atc/google?utz=0&uln=en-US@posix&vjs=1.5&e[0][date_start]=2026-10-19%2010%3A30%3A00&e[0][date_end]=2026-10-19%2011%3A00%3A00&e[0][timezone]=America%2FDenver&e[0][title]=Stay%20and%20Play&e[0][description]=Children%20will%20enjoy%20open-ended%20playtime%20in%20a%20relaxed%20atmosphere%20that%20promotes%20growth%2C%20exploration%2C%20and%20learning.%20Intended%20for%20children%20ages%200%20to%205%20and%20their%20caregivers%20or%20families.&e[0][location]=Severance%20Library%20-%20Cottonwood",FAILED,""
"https://clearview.libnet.info/event/17227963","https://addtocalendar.com/atc/outlook?utz=0&uln=en-US@posix&vjs=1.5&e[0][date_start]=2026-10-19%2010%3A30%3A00&e[0][date_end]=2026-10-19%2011%3A00%3A00&e[0][timezone]=America%2FDenver&e[0][title]=Stay%20and%20Play&e[0][description]=Children%20will%20enjoy%20open-ended%20playtime%20in%20a%20relaxed%20atmosphere%20that%20promotes%20growth%2C%20exploration%2C%20and%20learning.%20Intended%20for%20children%20ages%200%20to%205%20and%20their%20caregivers%20or%20families.&e[0][location]=Severance%20Library%20-%20Cottonwood",FAILED,""
"https://clearview.libnet.info/event/17227963","https://addtocalendar.com/atc/outlookonline?utz=0&uln=en-US@posix&vjs=1.5&e[0][date_start]=2026-10-19%2010%3A30%3A00&e[0][date_end]=2026-10-19%2011%3A00%3A00&e[0][timezone]=America%2FDenver&e[0][title]=Stay%20and%20Play&e[0][description]=Children%20will%20enjoy%20open-ended%20playtime%20in%20a%20relaxed%20atmosphere%20that%20promotes%20growth%2C%20exploration%2C%20and%20learning.%20Intended%20for%20children%20ages%200%20to%205%20and%20their%20caregivers%20or%20families.&e[0][location]=Severance%20Library%20-%20Cottonwood",FAILED,""
"https://clearview.libnet.info/event/17227963","https://addtocalendar.com/atc/yahoo?utz=0&uln=en-US@posix&vjs=1.5&e[0][date_start]=2026-10-19%2010%3A30%3A00&e[0][date_end]=2026-10-19%2011%3A00%3A00&e[0][timezone]=America%2FDenver&e[0][title]=Stay%20and%20Play&e[0][description]=Children%20will%20enjoy%20open-ended%20playtime%20in%20a%20relaxed%20atmosphere%20that%20promotes%20growth%2C%20exploration%2C%20and%20learning.%20Intended%20for%20children%20ages%200%20to%205%20and%20their%20caregivers%20or%20families.&e[0][location]=Severance%20Library%20-%20Cottonwood",FAILED,""
"https://clearview.libnet.info/event/17231630","https://addtocalendar.com/atc/ical?utz=0&uln=en-US@posix&vjs=1.5&e[0][date_start]=2026-10-19%2015%3A15%3A00&e[0][date_end]=2026-10-19%2016%3A15%3A00&e[0][timezone]=America%2FDenver&e[0][title]=Lego%20Engineers&e[0][description]=Get%20creative%20and%20innovate%20with%20Legos!%20Build%20a%20monster%20of%20your%20own%20design%2C%20or%20use%20our%20wacky%20prompts!%20Laser%20eyes%3F%20A%20snake%20leg%3F%20You%20decide!%20Open%20to%20elementary-aged%20children%2C%20as%20well%20as%20tweens%20ages%209-12.&e[0][location]=Windsor%20Library%20-%20Pikes%20Peak",FAILED,""
"https://clearview.libnet.info/event/17231630","https://addtocalendar.com/atc/google?utz=0&uln=en-US@posix&vjs=1.5&e[0][date_start]=2026-10-19%2015%3A15%3A00&e[0][date_end]=2026-10-19%2016%3A15%3A00&e[0][timezone]=America%2FDenver&e[0][title]=Lego%20Engineers&e[0][description]=Get%20creative%20and%20innovate%20with%20Legos!%20Build%20a%20monster%20of%20your%20own%20design%2C%20or%20use%20our%20wacky%20prompts!%20Laser%20eyes%3F%20A%20snake%20leg%3F%20You%20decide!%20Open%20to%20elementary-aged%20children%2C%20as%20well%20as%20tweens%20ages%209-12.&e[0][location]=Windsor%20Library%20-%20Pikes%20Peak",FAILED,""
"https://clearview.libnet.info/event/17231630","https://addtocalendar.com/atc/outlook?utz=0&uln=en-US@posix&vjs=1.5&e[0][date_start]=2026-10-19%2015%3A15%3A00&e[0][date_end]=2026-10-19%2016%3A15%3A00&e[0][timezone]=America%2FDenver&e[0][title]=Lego%20Engineers&e[0][description]=Get%20creative%20and%20innovate%20with%20Legos!%20Build%20a%20monster%20of%20your%20own%20design%2C%20or%20use%20our%20wacky%20prompts!%20Laser%20eyes%3F%20A%20snake%20leg%3F%20You%20decide!%20Open%20to%20elementary-aged%20children%2C%20as%20well%20as%20tweens%20ages%209-12.&e[0][location]=Windsor%20Library%20-%20Pikes%20Peak",FAILED,""
"https://clearview.libnet.info/event/17231630","https://addtocalendar.com/atc/outlookonline?utz=0&uln=en-US@posix&vjs=1.5&e[0][date_start]=2026-10-19%2015%3A15%3A00&e[0][date_end]=2026-10-19%2016%3A15%3A00&e[0][timezone]=America%2FDenver&e[0][title]=Lego%20Engineers&e[0][description]=Get%20creative%20and%20innovate%20with%20Legos!%20Build%20a%20monster%20of%20your%20own%20design%2C%20or%20use%20our%20wacky%20prompts!%20Laser%20eyes%3F%20A%20snake%20leg%3F%20You%20decide!%20Open%20to%20elementary-aged%20children%2C%20as%20well%20as%20tweens%20ages%209-12.&e[0][location]=Windsor%20Library%20-%20Pikes%20Peak",FAILED,""
"https://clearview.libnet.info/event/17231630","https://addtocalendar.com/atc/yahoo?utz=0&uln=en-US@posix&vjs=1.5&e[0][date_start]=2026-10-19%2015%3A15%3A00&e[0][date_end]=2026-10-19%2016%3A15%3A00&e[0][timezone]=America%2FDenver&e[0][title]=Lego%20Engineers&e[0][description]=Get%20creative%20and%20innovate%20with%20Legos!%20Build%20a%20monster%20of%20your%20own%20design%2C%20or%20use%20our%20wacky%20prompts!%20Laser%20eyes%3F%20A%20snake%20leg%3F%20You%20decide!%20Open%20to%20elementary-aged%20children%2C%20as%20well%20as%20tweens%20ages%209-12.&e[0][location]=Windsor%20Library%20-%20Pikes%20Peak",FAILED,""
"https://clearview.libnet.info/event/17042672","https://addtocalendar.com/atc/ical?utz=0&uln=en-US@posix&vjs=1.5&e[0][date_start]=2026-10-19%2015%3A30%3A00&e[0][date_end]=2026-10-19%2016%3A00%3A00&e[0][timezone]=America%2FDenver&e[0][title]=Bookmobile%20Stop%20at%20Northern%20Lights%20Park&e[0][description]=550%20Saratoga%20Wy%20-%20Windsor&e[0][location]=Bookmobile%20-%20",FAILED,""
"https://clearview.libnet.info/event/17042672","https://addtocalendar.com/atc/google?utz=0&uln=en-US@posix&vjs=1.5&e[0][date_start]=2026-10-19%2015%3A30%3A00&e[0][date_end]=2026-10-19%2016%3A00%3A00&e[0][timezone]=America%2FDenver&e[0][title]=Bookmobile%20Stop%20at%20Northern%20Lights%20Park&e[0][description]=550%20Saratoga%20Wy%20-%20Windsor&e[0][location]=Bookmobile%20-%20",FAILED,""
"https://clearview.libnet.info/event/17042672","https://addtocalendar.com/atc/outlook?utz=0&uln=en-US@posix&vjs=1.5&e[0][date_start]=2026-10-19%2015%3A30%3A00&e[0][date_end]=2026-10-19%2016%3A00%3A00&e[0][timezone]=America%2FDenver&e[0][title]=Bookmobile%20Stop%20at%20Northern%20Lights%20Park&e[0][description]=550%20Saratoga%20Wy%20-%20Windsor&e[0][location]=Bookmobile%20-%20",FAILED,""
"https://clearview.libnet.info/event/17042672","https://addtocalendar.com/atc/outlookonline?utz=0&uln=en-US@posix&vjs=1.5&e[0][date_start]=2026-10-19%2015%3A30%3A00&e[0][date_end]=2026-10-19%2016%3A00%3A00&e[0][timezone]=America%2FDenver&e[0][title]=Bookmobile%20Stop%20at%20Northern%20Lights%20Park&e[0][description]=550%20Saratoga%20Wy%20-%20Windsor&e[0][location]=Bookmobile%20-%20",FAILED,""
"https://clearview.libnet.info/event/17042672","https://addtocalendar.com/atc/yahoo?utz=0&uln=en-US@posix&vjs=1.5&e[0][date_start]=2026-10-19%2015%3A30%3A00&e[0][date_end]=2026-10-19%2016%3A00%3A00&e[0][timezone]=America%2FDenver&e[0][title]=Bookmobile%20Stop%20at%20Northern%20Lights%20Park&e[0][description]=550%20Saratoga%20Wy%20-%20Windsor&e[0][location]=Bookmobile%20-%20",FAILED,""
"https://clearview.libnet.info/event/17042686","https://addtocalendar.com/atc/ical?utz=0&uln=en-US@posix&vjs=1.5&e[0][date_start]=2026-10-19%2016%3A30%3A00&e[0][date_end]=2026-10-19%2017%3A00%3A00&e[0][timezone]=America%2FDenver&e[0][title]=Bookmobile%20Stop%20at%20Windshire%20Park&e[0][description]=1520%20Dartford%20Dr%20-%20Windsor&e[0][location]=Bookmobile%20-%20",FAILED,""
"https://clearview.libnet.info/event/17042686","https://addtocalendar.com/atc/google?utz=0&uln=en-US@posix&vjs=1.5&e[0][date_start]=2026-10-19%2016%3A30%3A00&e[0][date_end]=2026-10-19%2017%3A00%3A00&e[0][timezone]=America%2FDenver&e[0][title]=Bookmobile%20Stop%20at%20Windshire%20Park&e[0][description]=1520%20Dartford%20Dr%20-%20Windsor&e[0][location]=Bookmobile%20-%20",FAILED,""
"https://clearview.libnet.info/event/17042686","https://addtocalendar.com/atc/outlook?utz=0&uln=en-US@posix&vjs=1.5&e[0][date_start]=2026-10-19%2016%3A30%3A00&e[0][date_end]=2026-10-19%2017%3A00%3A00&e[0][timezone]=America%2FDenver&e[0][title]=Bookmobile%20Stop%20at%20Windshire%20Park&e[0][description]=1520%20Dartford%20Dr%20-%20Windsor&e[0][location]=Bookmobile%20-%20",FAILED,""
"https://clearview.libnet.info/event/17042686","https://addtocalendar.com/atc/outlookonline?utz=0&uln=en-US@posix&vjs=1.5&e[0][date_start]=2026-10-19%2016%3A30%3A00&e[0][date_end]=2026-10-19%2017%3A00%3A00&e[0][timezone]=America%2FDenver&e[0][title]=Bookmobile%20Stop%20at%20Windshire%20Park&e[0][description]=1520%20Dartford%20Dr%20-%20Windsor&e[0][location]=Bookmobile%20-%20",FAILED,""
"https://clearview.libnet.info/event/17042686","https://addtocalendar.com/atc/yahoo?utz=0&uln=en-US@posix&vjs=1.5&e[0][date_start]=2026-10-19%2016%3A30%3A00&e[0][date_end]=2026-10-19%2017%3A00%3A00&e[0][timezone]=America%2FDenver&e[0][title]=Bookmobile%20Stop%20at%20Windshire%20Park&e[0][description]=1520%20Dartford%20Dr%20-%20Windsor&e[0][location]=Bookmobile%20-%20",FAILED,""
"https://clearview.libnet.info/event/17042706","https://addtocalendar.com/atc/ical?utz=0&uln=en-US@posix&vjs=1.5&e[0][date_start]=2026-10-19%2017%3A30%3A00&e[0][date_end]=2026-10-19%2018%3A00%3A00&e[0][timezone]=America%2FDenver&e[0][title]=Bookmobile%20Stop%20at%20Covenant%20Park&e[0][description]=601%20Southwood%20Ln%20-%20Windsor&e[0][location]=Bookmobile%20-%20",FAILED,""
"https://clearview.libnet.info/event/17042706","https://addtocalendar.com/atc/google?utz=0&uln=en-US@posix&vjs=1.5&e[0][date_start]=2026-10-19%2017%3A30%3A00&e[0][date_end]=2026-10-19%2018%3A00%3A00&e[0][timezone]=America%2FDenver&e[0][title]=Bookmobile%20Stop%20at%20Covenant%20Park&e[0][description]=601%20Southwood%20Ln%20-%20Windsor&e[0][location]=Bookmobile%20-%20",FAILED,""
"https://clearview.libnet.info/event/17042706","https://addtocalendar.com/atc/outlook?utz=0&uln=en-US@posix&vjs=1.5&e[0][date_start]=2026-10-19%2017%3A30%3A00&e[0][date_end]=2026-10-19%2018%3A00%3A00&e[0][timezone]=America%2FDenver&e[0][title]=Bookmobile%20Stop%20at%20Covenant%20Park&e[0][description]=601%20Southwood%20Ln%20-%20Windsor&e[0][location]=Bookmobile%20-%20",FAILED,""
"https://clearview.libnet.info/event/17042706","https://addtocalendar.com/atc/outlookonline?utz=0&uln=en-US@posix&vjs=1.5&e[0][date_start]=2026-10-19%2017%3A30%3A00&e[0][date_end]=2026-10-19%2018%3A00%3A00&e[0][timezone]=America%2FDenver&e[0][title]=Bookmobile%20Stop%20at%20Covenant%20Park&e[0][description]=601%20Southwood%20Ln%20-%20Windsor&e[0][location]=Bookmobile%20-%20",FAILED,""
"https://clearview.libnet.info/event/17042706","https://addtocalendar.com/atc/yahoo?utz=0&uln=en-US@posix&vjs=1.5&e[0][date_start]=2026-10-19%2017%3A30%3A00&e[0][date_end]=2026-10-19%2018%3A00%3A00&e[0][timezone]=America%2FDenver&e[0][title]=Bookmobile%20Stop%20at%20Covenant%20Park&e[0][description]=601%20Southwood%20Ln%20-%20Windsor&e[0][location]=Bookmobile%20-%20",FAILED,""
"https://clearview.libnet.info/event/17228012","https://addtocalendar.com/atc/ical?utz=0&uln=en-US@posix&vjs=1.5&e[0][date_start]=2026-10-20%2010%3A00%3A00&e[0][date_end]=2026-10-20%2010%3A30%3A00&e[0][timezone]=America%2FDenver&e[0][title]=Read%2C%20Rhyme%2C%20and%20Romp&e[0][description]=Join%20us%20for%20an%20active%20storytime!%20We%20will%20read%20books%2C%20sing%2C%20and%20enjoy%20rhymes%20that%20encourage%20us%20all%20to%20get%20up%20and%20move!%20For%20ages%200-5.&e[0][location]=Windsor%20Library%20-%20Pikes%20Peak",FAILED,""
"https://clearview.libnet.info/event/17228012","https://addtocalendar.com/atc/google?utz=0&uln=en-US@posix&vjs=1.5&e[0][date_start]=2026-10-20%2010%3A00%3A00&e[0][date_end]=2026-10-20%2010%3A30%3A00&e[0][timezone]=America%2FDenver&e[0][title]=Read%2C%20Rhyme%2C%20and%20Romp&e[0][description]=Join%20us%20for%20an%20active%20storytime!%20We%20will%20read%20books%2C%20sing%2C%20and%20enjoy%20rhymes%20that%20encourage%20us%20all%20to%20get%20up%20and%20move!%20For%20ages%200-5.&e[0][location]=Windsor%20Library%20-%20Pikes%20Peak",FAILED,""
"https://clearview.libnet.info/event/17228012","https://addtocalendar.com/atc/outlook?utz=0&uln=en-US@posix&vjs=1.5&e[0][date_start]=2026-10-20%2010%3A00%3A00&e[0][date_end]=2026-10-20%2010%3A30%3A00&e[0][timezone]=America%2FDenver&e[0][title]=Read%2C%20Rhyme%2C%20and%20Romp&e[0][description]=Join%20us%20for%20an%20active%20storytime!%20We%20will%20read%20books%2C%20sing%2C%20and%20enjoy%20rhymes%20that%20encourage%20us%20all%20to%20get%20up%20and%20move!%20For%20ages%200-5.&e[0][location]=Windsor%20Library%20-%20Pikes%20Peak",FAILED,""
"https://clearview.libnet.info/event/17228012","https://addtocalendar.com/atc/outlookonline?utz=0&uln=en-US@posix&vjs=1.5&e[0][date_start]=2026-10-20%2010%3A00%3A00&e[0][date_end]=2026-10-20%2010%3A30%3A00&e[0][timezone]=America%2FDenver&e[0][title]=Read%2C%20Rhyme%2C%20and%20Romp&e[0][description]=Join%20us%20for%20an%20active%20storytime!%20We%20will%20read%20books%2C%20sing%2C%20and%20enjoy%20rhymes%20that%20encourage%20us%20all%20to%20get%20up%20and%20move!%20For%20ages%200-5.&e[0][location]=Windsor%20Library%20-%20Pikes%20Peak",FAILED,""
"https://clearview.libnet.info/event/17228012","https://addtocalendar.com/atc/yahoo?utz=0&uln=en-US@posix&vjs=1.5&e[0][date_start]=2026-10-20%2010%3A00%3A00&e[0][date_end]=2026-10-20%2010%3A30%3A00&e[0][timezone]=America%2FDenver&e[0][title]=Read%2C%20Rhyme%2C%20and%20Romp&e[0][description]=Join%20us%20for%20an%20active%20storytime!%20We%20will%20read%20books%2C%20sing%2C%20and%20enjoy%20rhymes%20that%20encourage%20us%20all%20to%20get%20up%20and%20move!%20For%20ages%200-5.&e[0][location]=Windsor%20Library%20-%20Pikes%20Peak",FAILED,""
"https://clearview.libnet.info/event/17042719","https://addtocalendar.com/atc/ical?utz=0&uln=en-US@posix&vjs=1.5&e[0][date_start]=2026-10-20%2010%3A30%3A00&e[0][date_end]=2026-10-20%2011%3A30%3A00&e[0][timezone]=America%2FDenver&e[0][title]=Bookmobile%20Stop%20at%20Mountain%20Shadows%20Community%20Park%20&e[0][description]=86th%20Ave%20-%20Greeley&e[0][location]=Bookmobile%20-%20",FAILED,""
"https://clearview.libnet.info/event/17042719","https://addtocalendar.com/atc/google?utz=0&uln=en-US@posix&vjs=1.5&e[0][date_start]=2026-10-20%2010%3A30%3A00&e[0][date_end]=2026-10-20%2011%3A30%3A00&e[0][timezone]=America%2FDenver&e[0][title]=Bookmobile%20Stop%20at%20Mountain%20Shadows%20Community%20Park%20&e[0][description]=86th%20Ave%20-%20Greeley&e[0][location]=Bookmobile%20-%20",FAILED,""
"https://clearview.libnet.info/event/17042719","https://addtocalendar.com/atc/outlook?utz=0&uln=en-US@posix&vjs=1.5&e[0][date_start]=2026-10-20%2010%3A30%3A00&e[0][date_end]=2026-10-20%2011%3A30%3A00&e[0][timezone]=America%2FDenver&e[0][title]=Bookmobile%20Stop%20at%20Mountain%20Shadows%20Community%20Park%20&e[0][description]=86th%20Ave%20-%20Greeley&e[0][location]=Bookmobile%20-%20",FAILED,""
"https://clearview.libnet.info/event/17042719","https://addtocalendar.com/atc/outlookonline?utz=0&uln=en-US@posix&vjs=1.5&e[0][date_start]=2026-10-20%2010%3A30%3A00&e[0][date_end]=2026-10-20%2011%3A30%3A00&e[0][timezone]=America%2FDenver&e[0][title]=Bookmobile%20Stop%20at%20Mountain%20Shadows%20Community%20Park%20&e[0][description]=86th%20Ave%20-%20Greeley&e[0][location]=Bookmobile%20-%20",FAILED,""
"https://clearview.libnet.info/event/17042719","https://addtocalendar.com/atc/yahoo?utz=0&uln=en-US@posix&vjs=1.5&e[0][date_start]=2026-10-20%2010%3A30%3A00&e[0][date_end]=2026-10-20%2011%3A30%3A00&e[0][timezone]=America%2FDenver&e[0][title]=Bookmobile%20Stop%20at%20Mountain%20Shadows%20Community%20Park%20&e[0][description]=86th%20Ave%20-%20Greeley&e[0][location]=Bookmobile%20-%20",FAILED,""
"https://clearview.libnet.info/event/17225132","https://addtocalendar.com/atc/ical?utz=0&uln=en-US@posix&vjs=1.5&e[0][date_start]=2026-10-20%2010%3A30%3A00&e[0][date_end]=2026-10-20%2011%3A15%3A00&e[0][timezone]=America%2FDenver&e[0][title]=Once%20Upon%20a%20Story&e[0][description]=During%20this%20engaging%20storytime%2C%20children%20will%20hear%20beloved%20books%20followed%20by%20activity%20stations%20inspired%20by%20each%20tale.%20Ignite%20imaginations%20through%20creative%20play%2C%20music%2C%20%26amp%3B%20simple%20crafts.%20For%20ages%203-5.&e[0][location]=Severance%20Library%20-%20Cottonwood",FAILED,""
"https://clearview.libnet.info/event/17225132","https://addtocalendar.com/atc/google?utz=0&uln=en-US@posix&vjs=1.5&e[0][date_start]=2026-10-20%2010%3A30%3A00&e[0][date_end]=2026-10-20%2011%3A15%3A00&e[0][timezone]=America%2FDenver&e[0][title]=Once%20Upon%20a%20Story&e[0][description]=During%20this%20engaging%20storytime%2C%20children%20will%20hear%20beloved%20books%20followed%20by%20activity%20stations%20inspired%20by%20each%20tale.%20Ignite%20imaginations%20through%20creative%20play%2C%20music%2C%20%26amp%3B%20simple%20crafts.%20For%20ages%203-5.&e[0][location]=Severance%20Library%20-%20Cottonwood",FAILED,""
"https://clearview.libnet.info/event/17225132","https://addtocalendar.com/atc/outlook?utz=0&uln=en-US@posix&vjs=1.5&e[0][date_start]=2026-10-20%2010%3A30%3A00&e[0][date_end]=2026-10-20%2011%3A15%3A00&e[0][timezone]=America%2FDenver&e[0][title]=Once%20Upon%20a%20Story&e[0][description]=During%20this%20engaging%20storytime%2C%20children%20will%20hear%20beloved%20books%20followed%20by%20activity%20stations%20inspired%20by%20each%20tale.%20Ignite%20imaginations%20through%20creative%20play%2C%20music%2C%20%26amp%3B%20simple%20crafts.%20For%20ages%203-5.&e[0][location]=Severance%20Library%20-%20Cottonwood",FAILED,""
"https://clearview.libnet.info/event/17225132","https://addtocalendar.com/atc/outlookonline?utz=0&uln=en-US@posix&vjs=1.5&e[0][date_start]=2026-10-20%2010%3A30%3A00&e[0][date_end]=2026-10-20%2011%3A15%3A00&e[0][timezone]=America%2FDenver&e[0][title]=Once%20Upon%20a%20Story&e[0][description]=During%20this%20engaging%20storytime%2C%20children%20will%20hear%20beloved%20books%20followed%20by%20activity%20stations%20inspired%20by%20each%20tale.%20Ignite%20imaginations%20through%20creative%20play%2C%20music%2C%20%26amp%3B%20simple%20crafts.%20For%20ages%203-5.&e[0][location]=Severance%20Library%20-%20Cottonwood",FAILED,""
"https://clearview.libnet.info/event/17225132","https://addtocalendar.com/atc/yahoo?utz=0&uln=en-US@posix&vjs=1.5&e[0][date_start]=2026-10-20%2010%3A30%3A00&e[0][date_end]=2026-10-20%2011%3A15%3A00&e[0][timezone]=America%2FDenver&e[0][title]=Once%20Upon%20a%20Story&e[0][description]=During%20this%20engaging%20storytime%2C%20children%20will%20hear%20beloved%20books%20followed%20by%20activity%20stations%20inspired%20by%20each%20tale.%20Ignite%20imaginations%20through%20creative%20play%2C%20music%2C%20%26amp%3B%20simple%20crafts.%20For%20ages%203-5.&e[0][location]=Severance%20Library%20-%20Cottonwood",FAILED,""
"https://clearview.libnet.info/event/17228043","https://addtocalendar.com/atc/ical?utz=0&uln=en-US@posix&vjs=1.5&e[0][date_start]=2026-10-20%2010%3A30%3A00&e[0][date_end]=2026-10-20%2011%3A00%3A00&e[0][timezone]=America%2FDenver&e[0][title]=Stay%20and%20Play%20&e[0][description]=Children%20will%20enjoy%20open-ended%20playtime%20in%20a%20relaxed%20atmosphere%20that%20promotes%20growth%2C%20exploration%2C%20and%20learning.%20Intended%20for%20children%20ages%200%20to%205%20and%20their%20caregivers%20or%20families.&e[0][location]=Windsor%20Library%20-%20Pikes%20Peak",FAILED,""
"https://clearview.libnet.info/event/17228043","https://addtocalendar.com/atc/google?utz=0&uln=en-US@posix&vjs=1.5&e[0][date_start]=2026-10-20%2010%3A30%3A00&e[0][date_end]=2026-10-20%2011%3A00%3A00&e[0][timezone]=America%2FDenver&e[0][title]=Stay%20and%20Play%20&e[0][description]=Children%20will%20enjoy%20open-ended%20playtime%20in%20a%20relaxed%20atmosphere%20that%20promotes%20growth%2C%20exploration%2C%20and%20learning.%20Intended%20for%20children%20ages%200%20to%205%20and%20their%20caregivers%20or%20families.&e[0][location]=Windsor%20Library%20-%20Pikes%20Peak",FAILED,""
"https://clearview.libnet.info/event/17228043","https://addtocalendar.com/atc/outlook?utz=0&uln=en-US@posix&vjs=1.5&e[0][date_start]=2026-10-20%2010%3A30%3A00&e[0][date_end]=2026-10-20%2011%3A00%3A00&e[0][timezone]=America%2FDenver&e[0][title]=Stay%20and%20Play%20&e[0][description]=Children%20will%20enjoy%20open-ended%20playtime%20in%20a%20relaxed%20atmosphere%20that%20promotes%20growth%2C%20exploration%2C%20and%20learning.%20Intended%20for%20children%20ages%200%20to%205%20and%20their%20caregivers%20or%20families.&e[0][location]=Windsor%20Library%20-%20Pikes%20Peak",FAILED,""
"https://clearview.libnet.info/event/17228043","https://addtocalendar.com/atc/outlookonline?utz=0&uln=en-US@posix&vjs=1.5&e[0][date_start]=2026-10-20%2010%3A30%3A00&e[0][date_end]=2026-10-20%2011%3A00%3A00&e[0][timezone]=America%2FDenver&e[0][title]=Stay%20and%20Play%20&e[0][description]=Children%20will%20enjoy%20open-ended%20playtime%20in%20a%20relaxed%20atmosphere%20that%20promotes%20growth%2C%20exploration%2C%20and%20learning.%20Intended%20for%20children%20ages%200%20to%205%20and%20their%20caregivers%20or%20families.&e[0][location]=Windsor%20Library%20-%20Pikes%20Peak",FAILED,""
"https://clearview.libnet.info/event/17228043","https://addtocalendar.com/atc/yahoo?utz=0&uln=en-US@posix&vjs=1.5&e[0][date_start]=2026-10-20%2010%3A30%3A00&e[0][date_end]=2026-10-20%2011%3A00%3A00&e[0][timezone]=America%2FDenver&e[0][title]=Stay%20and%20Play%20&e[0][description]=Children%20will%20enjoy%20open-ended%20playtime%20in%20a%20relaxed%20atmosphere%20that%20promotes%20growth%2C%20exploration%2C%20and%20learning.%20Intended%20for%20children%20ages%200%20to%205%20and%20their%20caregivers%20or%20families.&e[0][location]=Windsor%20Library%20-%20Pikes%20Peak",FAILED,""
"https://clearview.libnet.info/event/17240475","https://addtocalendar.com/atc/ical?utz=0&uln=en-US@posix&vjs=1.5&e[0][date_start]=2026-10-20%2013%3A00%3A00&e[0][date_end]=2026-10-20%2014%3A00%3A00&e[0][timezone]=America%2FDenver&e[0][title]=Clearview%20Homeschooler%27s%20Academy&e[0][description]=Join%20us%20for%20a%20monthly%20program%20that%20offers%20hands-on%20STEAM%20learning%20and%20activities.%20Journey%20back%20in%20time%20to%20discover%20what%20life%20was%20like%20in%201900.%20For%20children%20ages%205%2B&e[0][location]=Windsor%20Library%20-%20Pikes%20Peak",FAILED,""
"https://clearview.libnet.info/event/17240475","https://addtocalendar.com/atc/google?utz=0&uln=en-US@posix&vjs=1.5&e[0][date_start]=2026-10-20%2013%3A00%3A00&e[0][date_end]=2026-10-20%2014%3A00%3A00&e[0][timezone]=America%2FDenver&e[0][title]=Clearview%20Homeschooler%27s%20Academy&e[0][description]=Join%20us%20for%20a%20monthly%20program%20that%20offers%20hands-on%20STEAM%20learning%20and%20activities.%20Journey%20back%20in%20time%20to%20discover%20what%20life%20was%20like%20in%201900.%20For%20children%20ages%205%2B&e[0][location]=Windsor%20Library%20-%20Pikes%20Peak",FAILED,""
"https://clearview.libnet.info/event/17240475","https://addtocalendar.com/atc/outlook?utz=0&uln=en-US@posix&vjs=1.5&e[0][date_start]=2026-10-20%2013%3A00%3A00&e[0][date_end]=2026-10-20%2014%3A00%3A00&e[0][timezone]=America%2FDenver&e[0][title]=Clearview%20Homeschooler%27s%20Academy&e[0][description]=Join%20us%20for%20a%20monthly%20program%20that%20offers%20hands-on%20STEAM%20learning%20and%20activities.%20Journey%20back%20in%20time%20to%20discover%20what%20life%20was%20like%20in%201900.%20For%20children%20ages%205%2B&e[0][location]=Windsor%20Library%20-%20Pikes%20Peak",FAILED,""
"https://clearview.libnet.info/event/17240475","https://addtocalendar.com/atc/outlookonline?utz=0&uln=en-US@posix&vjs=1.5&e[0][date_start]=2026-10-20%2013%3A00%3A00&e[0][date_end]=2026-10-20%2014%3A00%3A00&e[0][timezone]=America%2FDenver&e[0][title]=Clearview%20Homeschooler%27s%20Academy&e[0][description]=Join%20us%20for%20a%20monthly%20program%20that%20offers%20hands-on%20STEAM%20learning%20and%20activities.%20Journey%20back%20in%20time%20to%20discover%20what%20life%20was%20like%20in%201900.%20For%20children%20ages%205%2B&e[0][location]=Windsor%20Library%20-%20Pikes%20Peak",FAILED,""
"https://clearview.libnet.info/event/17240475","https://addtocalendar.com/atc/yahoo?utz=0&uln=en-US@posix&vjs=1.5&e[0][date_start]=2026-10-20%2013%3A00%3A00&e[0][date_end]=2026-10-20%2014%3A00%3A00&e[0][timezone]=America%2FDenver&e[0][title]=Clearview%20Homeschooler%27s%20Academy&e[0][description]=Join%20us%20for%20a%20monthly%20program%20that%20offers%20hands-on%20STEAM%20learning%20and%20activities.%20Journey%20back%20in%20time%20to%20discover%20what%20life%20was%20like%20in%201900.%20For%20children%20ages%205%2B&e[0][location]=Windsor%20Library%20-%20Pikes%20Peak",FAILED,""
"https://clearview.libnet.info/event/17042756","https://addtocalendar.com/atc/ical?utz=0&uln=en-US@posix&vjs=1.5&e[0][date_start]=2026-10-20%2014%3A30%3A00&e[0][date_end]=2026-10-20%2015%3A00%3A00&e[0][timezone]=America%2FDenver&e[0][title]=Bookmobile%20Stop%20at%20Orchard%20Hill%20Elementary%20&e[0][description]=2015%20Covered%20Bridge%20Pkwy%20-%20Windsor&e[0][location]=Bookmobile%20-%20",FAILED,""
"https://clearview.libnet.info/event/17042756","https://addtocalendar.com/atc/google?utz=0&uln=en-US@posix&vjs=1.5&e[0][date_start]=2026-10-20%2014%3A30%3A00&e[0][date_end]=2026-10-20%2015%3A00%3A00&e[0][timezone]=America%2FDenver&e[0][title]=Bookmobile%20Stop%20at%20Orchard%20Hill%20Elementary%20&e[0][description]=2015%20Covered%20Bridge%20Pkwy%20-%20Windsor&e[0][location]=Bookmobile%20-%20",FAILED,""
"https://clearview.libnet.info/event/17042756","https://addtocalendar.com/atc/outlook?utz=0&uln=en-US@posix&vjs=1.5&e[0][date_start]=2026-10-20%2014%3A30%3A00&e[0][date_end]=2026-10-20%2015%3A00%3A00&e[0][timezone]=America%2FDenver&e[0][title]=Bookmobile%20Stop%20at%20Orchard%20Hill%20Elementary%20&e[0][description]=2015%20Covered%20Bridge%20Pkwy%20-%20Windsor&e[0][location]=Bookmobile%20-%20",FAILED,""
"https://clearview.libnet.info/event/17042756","https://addtocalendar.com/atc/outlookonline?utz=0&uln=en-US@posix&vjs=1.5&e[0][date_start]=2026-10-20%2014%3A30%3A00&e[0][date_end]=2026-10-20%2015%3A00%3A00&e[0][timezone]=America%2FDenver&e[0][title]=Bookmobile%20Stop%20at%20Orchard%20Hill%20Elementary%20&e[0][description]=2015%20Covered%20Bridge%20Pkwy%20-%20Windsor&e[0][location]=Bookmobile%20-%20",FAILED,""
"https://clearview.libnet.info/event/17042756","https://addtocalendar.com/atc/yahoo?utz=0&uln=en-US@posix&vjs=1.5&e[0][date_start]=2026-10-20%2014%3A30%3A00&e[0][date_end]=2026-10-20%2015%3A00%3A00&e[0][timezone]=America%2FDenver&e[0][title]=Bookmobile%20Stop%20at%20Orchard%20Hill%20Elementary%20&e[0][description]=2015%20Covered%20Bridge%20Pkwy%20-%20Windsor&e[0][location]=Bookmobile%20-%20",FAILED,""
"https://clearview.libnet.info/event/17224216","https://addtocalendar.com/atc/ical?utz=0&uln=en-US@posix&vjs=1.5&e[0][date_start]=2026-10-20%2015%3A15%3A00&e[0][date_end]=2026-10-20%2016%3A15%3A00&e[0][timezone]=America%2FDenver&e[0][title]=Lego%20Explorers&e[0][description]=Lego%20Explorers%20offers%20Lego%20lovers%20the%20chance%20to%20free%20play%20with%20Legos.%20Build%20with%20our%20monthly%20theme%20or%20create%20from%20your%20own%20imagination.%20Open%20to%20elementary-aged%20children%2C%20as%20well%20as%20tweens%20ages%209-12.&e[0][location]=Severance%20Library%20-%20Cottonwood",FAILED,""
"https://clearview.libnet.info/event/17224216","https://addtocalendar.com/atc/google?utz=0&uln=en-US@posix&vjs=1.5&e[0][date_start]=2026-10-20%2015%3A15%3A00&e[0][date_end]=2026-10-20%2016%3A15%3A00&e[0][timezone]=America%2FDenver&e[0][title]=Lego%20Explorers&e[0][description]=Lego%20Explorers%20offers%20Lego%20lovers%20the%20chance%20to%20free%20play%20with%20Legos.%20Build%20with%20our%20monthly%20theme%20or%20create%20from%20your%20own%20imagination.%20Open%20to%20elementary-aged%20children%2C%20as%20well%20as%20tweens%20ages%209-12.&e[0][location]=Severance%20Library%20-%20Cottonwood",FAILED,""
"https://clearview.libnet.info/event/17224216","https://addtocalendar.com/atc/outlook?utz=0&uln=en-US@posix&vjs=1.5&e[0][date_start]=2026-10-20%2015%3A15%3A00&e[0][date_end]=2026-10-20%2016%3A15%3A00&e[0][timezone]=America%2FDenver&e[0][title]=Lego%20Explorers&e[0][description]=Lego%20Explorers%20offers%20Lego%20lovers%20the%20chance%20to%20free%20play%20with%20Legos.%20Build%20with%20our%20monthly%20theme%20or%20create%20from%20your%20own%20imagination.%20Open%20to%20elementary-aged%20children%2C%20as%20well%20as%20tweens%20ages%209-12.&e[0][location]=Severance%20Library%20-%20Cottonwood",FAILED,""
"https://clearview.libnet.info/event/17224216","https://addtocalendar.com/atc/outlookonline?utz=0&uln=en-US@posix&vjs=1.5&e[0][date_start]=2026-10-20%2015%3A15%3A00&e[0][date_end]=2026-10-20%2016%3A15%3A00&e[0][timezone]=America%2FDenver&e[0][title]=Lego%20Explorers&e[0][description]=Lego%20Explorers%20offers%20Lego%20lovers%20the%20chance%20to%20free%20play%20with%20Legos.%20Build%20with%20our%20monthly%20theme%20or%20create%20from%20your%20own%20imagination.%20Open%20to%20elementary-aged%20children%2C%20as%20well%20as%20tweens%20ages%209-12.&e[0][location]=Severance%20Library%20-%20Cottonwood",FAILED,""
"https://clearview.libnet.info/event/17224216","https://addtocalendar.com/atc/yahoo?utz=0&uln=en-US@posix&vjs=1.5&e[0][date_start]=2026-10-20%2015%3A15%3A00&e[0][date_end]=2026-10-20%2016%3A15%3A00&e[0][timezone]=America%2FDenver&e[0][title]=Lego%20Explorers&e[0][description]=Lego%20Explorers%20offers%20Lego%20lovers%20the%20chance%20to%20free%20play%20with%20Legos.%20Build%20with%20our%20monthly%20theme%20or%20create%20from%20your%20own%20imagination.%20Open%20to%20elementary-aged%20children%2C%20as%20well%20as%20tweens%20ages%209-12.&e[0][location]=Severance%20Library%20-%20Cottonwood",FAILED,""
"https://clearview.libnet.info/event/17042770","https://addtocalendar.com/atc/ical?utz=0&uln=en-US@posix&vjs=1.5&e[0][date_start]=2026-10-20%2015%3A30%3A00&e[0][date_end]=2026-10-20%2016%3A00%3A00&e[0][timezone]=America%2FDenver&e[0][title]=Bookmobile%20Stop%20at%20Ravina%20Park&e[0][description]=Graceful%20St%20-%20Windsor&e[0][location]=Bookmobile%20-%20",FAILED,""
"https://clearview.libnet.info/event/17042770","https://addtocalendar.com/atc/google?utz=0&uln=en-US@posix&vjs=1.5&e[0][date_start]=2026-10-20%2015%3A30%3A00&e[0][date_end]=2026-10-20%2016%3A00%3A00&e[0][timezone]=America%2FDenver&e[0][title]=Bookmobile%20Stop%20at%20Ravina%20Park&e[0][description]=Graceful%20St%20-%20Windsor&e[0][location]=Bookmobile%20-%20",FAILED,""
"https://clearview.libnet.info/event/17042770","https://addtocalendar.com/atc/outlook?utz=0&uln=en-US@posix&vjs=1.5&e[0][date_start]=2026-10-20%2015%3A30%3A00&e[0][date_end]=2026-10-20%2016%3A00%3A00&e[0][timezone]=America%2FDenver&e[0][title]=Bookmobile%20Stop%20at%20Ravina%20Park&e[0][description]=Graceful%20St%20-%20Windsor&e[0][location]=Bookmobile%20-%20",FAILED,""
"https://clearview.libnet.info/event/17042770","https://addtocalendar.com/atc/outlookonline?utz=0&uln=en-US@posix&vjs=1.5&e[0][date_start]=2026-10-20%2015%3A30%3A00&e[0][date_end]=2026-10-20%2016%3A00%3A00&e[0][timezone]=America%2FDenver&e[0][title]=Bookmobile%20Stop%20at%20Ravina%20Park&e[0][description]=Graceful%20St%20-%20Windsor&e[0][location]=Bookmobile%20-%20",FAILED,""
"https://clearview.libnet.info/event/17042770","https://addtocalendar.com/atc/yahoo?utz=0&uln=en-US@posix&vjs=1.5&e[0][date_start]=2026-10-20%2015%3A30%3A00&e[0][date_end]=2026-10-20%2016%3A00%3A00&e[0][timezone]=America%2FDenver&e[0][title]=Bookmobile%20Stop%20at%20Ravina%20Park&e[0][description]=Graceful%20St%20-%20Windsor&e[0][location]=Bookmobile%20-%20",FAILED,""
"https://clearview.libnet.info/event/17042779","https://addtocalendar.com/atc/ical?utz=0&uln=en-US@posix&vjs=1.5&e[0][date_start]=2026-10-20%2016%3A30%3A00&e[0][date_end]=2026-10-20%2017%3A00%3A00&e[0][timezone]=America%2FDenver&e[0][title]=Bookmobile%20Stop%20at%20Greenspire&e[0][description]=635%20Moonglow%20Dr%20-%20Windsor&e[0][location]=Bookmobile%20-%20",FAILED,""
"https://clearview.libnet.info/event/17042779","https://addtocalendar.com/atc/google?utz=0&uln=en-US@posix&vjs=1.5&e[0][date_start]=2026-10-20%2016%3A30%3A00&e[0][date_end]=2026-10-20%2017%3A00%3A00&e[0][timezone]=America%2FDenver&e[0][title]=Bookmobile%20Stop%20at%20Greenspire&e[0][description]=635%20Moonglow%20Dr%20-%20Windsor&e[0][location]=Bookmobile%20-%20",FAILED,""
"https://clearview.libnet.info/event/17042779","https://addtocalendar.com/atc/outlook?utz=0&uln=en-US@posix&vjs=1.5&e[0][date_start]=2026-10-20%2016%3A30%3A00&e[0][date_end]=2026-10-20%2017%3A00%3A00&e[0][timezone]=America%2FDenver&e[0][title]=Bookmobile%20Stop%20at%20Greenspire&e[0][description]=635%20Moonglow%20Dr%20-%20Windsor&e[0][location]=Bookmobile%20-%20",FAILED,""
"https://clearview.libnet.info/event/17042779","https://addtocalendar.com/atc/outlookonline?utz=0&uln=en-US@posix&vjs=1.5&e[0][date_start]=2026-10-20%2016%3A30%3A00&e[0][date_end]=2026-10-20%2017%3A00%3A00&e[0][timezone]=America%2FDenver&e[0][title]=Bookmobile%20Stop%20at%20Greenspire&e[0][description]=635%20Moonglow%20Dr%20-%20Windsor&e[0][location]=Bookmobile%20-%20",FAILED,""
"https://clearview.libnet.info/event/17042779","https://addtocalendar.com/atc/yahoo?utz=0&uln=en-US@posix&vjs=1.5&e[0][date_start]=2026-10-20%2016%3A30%3A00&e[0][date_end]=2026-10-20%2017%3A00%3A00&e[0][timezone]=America%2FDenver&e[0][title]=Bookmobile%20Stop%20at%20Greenspire&e[0][description]=635%20Moonglow%20Dr%20-%20Windsor&e[0][location]=Bookmobile%20-%20",FAILED,""
"https://clearview.libnet.info/event/17228308","https://addtocalendar.com/atc/ical?utz=0&uln=en-US@posix&vjs=1.5&e[0][date_start]=2026-10-20%2016%3A30%3A00&e[0][date_end]=2026-10-20%2017%3A45%3A00&e[0][timezone]=America%2FDenver&e[0][title]=Teen%20Cookbook%20Club&e[0][description]=Our%20cookbook%20club%20is%20for%20teens%20who%20love%20to%20cook%20(regardless%20of%20experience).%20We%E2%80%99ll%20explore%20a%20featured%20cookbook%20and%20then%20make%20a%20simple%20recipe.&e[0][location]=Severance%20Library%20-%20Cottonwood",FAILED,""
"https://clearview.libnet.info/event/17228308","https://addtocalendar.com/atc/google?utz=0&uln=en-US@posix&vjs=1.5&e[0][date_start]=2026-10-20%2016%3A30%3A00&e[0][date_end]=2026-10-20%2017%3A45%3A00&e[0][timezone]=America%2FDenver&e[0][title]=Teen%20Cookbook%20Club&e[0][description]=Our%20cookbook%20club%20is%20for%20teens%20who%20love%20to%20cook%20(regardless%20of%20experience).%20We%E2%80%99ll%20explore%20a%20featured%20cookbook%20and%20then%20make%20a%20simple%20recipe.&e[0][location]=Severance%20Library%20-%20Cottonwood",FAILED,""
"https://clearview.libnet.info/event/17228308","https://addtocalendar.com/atc/outlook?utz=0&uln=en-US@posix&vjs=1.5&e[0][date_start]=2026-10-20%2016%3A30%3A00&e[0][date_end]=2026-10-20%2017%3A45%3A00&e[0][timezone]=America%2FDenver&e[0][title]=Teen%20Cookbook%20Club&e[0][description]=Our%20cookbook%20club%20is%20for%20teens%20who%20love%20to%20cook%20(regardless%20of%20experience).%20We%E2%80%99ll%20explore%20a%20featured%20cookbook%20and%20then%20make%20a%20simple%20recipe.&e[0][location]=Severance%20Library%20-%20Cottonwood",FAILED,""
"https://clearview.libnet.info/event/17228308","https://addtocalendar.com/atc/outlookonline?utz=0&uln=en-US@posix&vjs=1.5&e[0][date_start]=2026-10-20%2016%3A30%3A00&e[0][date_end]=2026-10-20%2017%3A45%3A00&e[0][timezone]=America%2FDenver&e[0][title]=Teen%20Cookbook%20Club&e[0][description]=Our%20cookbook%20club%20is%20for%20teens%20who%20love%20to%20cook%20(regardless%20of%20experience).%20We%E2%80%99ll%20explore%20a%20featured%20cookbook%20and%20then%20make%20a%20simple%20recipe.&e[0][location]=Severance%20Library%20-%20Cottonwood",FAILED,""
"https://clearview.libnet.info/event/17228308","https://addtocalendar.com/atc/yahoo?utz=0&uln=en-US@posix&vjs=1.5&e[0][date_start]=2026-10-20%2016%3A30%3A00&e[0][date_end]=2026-10-20%2017%3A45%3A00&e[0][timezone]=America%2FDenver&e[0][title]=Teen%20Cookbook%20Club&e[0][description]=Our%20cookbook%20club%20is%20for%20teens%20who%20love%20to%20cook%20(regardless%20of%20experience).%20We%E2%80%99ll%20explore%20a%20featured%20cookbook%20and%20then%20make%20a%20simple%20recipe.&e[0][location]=Severance%20Library%20-%20Cottonwood",FAILED,""
"https://clearview.libnet.info/event/17233796","https://addtocalendar.com/atc/ical?utz=0&uln=en-US@posix&vjs=1.5&e[0][date_start]=2026-10-20%2016%3A30%3A00&e[0][date_end]=2026-10-20%2017%3A30%3A00&e[0][timezone]=America%2FDenver&e[0][title]=Not%20Your%20Boring%20Book%20Club&e[0][description]=This%20is%20no%20ordinary%20book%20club!%20Join%20us%20for%20a%204%20week%20session%2C%20where%20you%20will%20pick%20your%20book%20from%20our%20themed%20choices%20and%20participate%20in%20a%20variety%20of%20unique%20activities.%20%20For%20tweens%20ages%209-12.&e[0][location]=Windsor%20Library%20-%20Pikes%20Peak",FAILED,""
"https://clearview.libnet.info/event/17233796","https://addtocalendar.com/atc/google?utz=0&uln=en-US@posix&vjs=1.5&e[0][date_start]=2026-10-20%2016%3A30%3A00&e[0][date_end]=2026-10-20%2017%3A30%3A00&e[0][timezone]=America%2FDenver&e[0][title]=Not%20Your%20Boring%20Book%20Club&e[0][description]=This%20is%20no%20ordinary%20book%20club!%20Join%20us%20for%20a%204%20week%20session%2C%20where%20you%20will%20pick%20your%20book%20from%20our%20themed%20choices%20and%20participate%20in%20a%20variety%20of%20unique%20activities.%20%20For%20tweens%20ages%209-12.&e[0][location]=Windsor%20Library%20-%20Pikes%20Peak",FAILED,""
"https://clearview.libnet.info/event/17233796","https://addtocalendar.com/atc/outlook?utz=0&uln=en-US@posix&vjs=1.5&e[0][date_start]=2026-10-20%2016%3A30%3A00&e[0][date_end]=2026-10-20%2017%3A30%3A00&e[0][timezone]=America%2FDenver&e[0][title]=Not%20Your%20Boring%20Book%20Club&e[0][description]=This%20is%20no%20ordinary%20book%20club!%20Join%20us%20for%20a%204%20week%20session%2C%20where%20you%20will%20pick%20your%20book%20from%20our%20themed%20choices%20and%20participate%20in%20a%20variety%20of%20unique%20activities.%20%20For%20tweens%20ages%209-12.&e[0][location]=Windsor%20Library%20-%20Pikes%20Peak",FAILED,""
"https://clearview.libnet.info/event/17233796","https://addtocalendar.com/atc/outlookonline?utz=0&uln=en-US@posix&vjs=1.5&e[0][date_start]=2026-10-20%2016%3A30%3A00&e[0][date_end]=2026-10-20%2017%3A30%3A00&e[0][timezone]=America%2FDenver&e[0][title]=Not%20Your%20Boring%20Book%20Club&e[0][description]=This%20is%20no%20ordinary%20book%20club!%20Join%20us%20for%20a%204%20week%20session%2C%20where%20you%20will%20pick%20your%20book%20from%20our%20themed%20choices%20and%20participate%20in%20a%20variety%20of%20unique%20activities.%20%20For%20tweens%20ages%209-12.&e[0][location]=Windsor%20Library%20-%20Pikes%20Peak",FAILED,""
"https://clearview.libnet.info/event/17233796","https://addtocalendar.com/atc/yahoo?utz=0&uln=en-US@posix&vjs=1.5&e[0][date_start]=2026-10-20%2016%3A30%3A00&e[0][date_end]=2026-10-20%2017%3A30%3A00&e[0][timezone]=America%2FDenver&e[0][title]=Not%20Your%20Boring%20Book%20Club&e[0][description]=This%20is%20no%20ordinary%20book%20club!%20Join%20us%20for%20a%204%20week%20session%2C%20where%20you%20will%20pick%20your%20book%20from%20our%20themed%20choices%20and%20participate%20in%20a%20variety%20of%20unique%20activities.%20%20For%20tweens%20ages%209-12.&e[0][location]=Windsor%20Library%20-%20Pikes%20Peak",FAILED,""
"https://clearview.libnet.info/event/17042789","https://addtocalendar.com/atc/ical?utz=0&uln=en-US@posix&vjs=1.5&e[0][date_start]=2026-10-20%2017%3A30%3A00&e[0][date_end]=2026-10-20%2018%3A00%3A00&e[0][timezone]=America%2FDenver&e[0][title]=Bookmobile%20Stop%20at%20The%20Ridge%20Park%20&e[0][description]=5005%20Harmony%20Ridge%20Pkwy%20-%20Windsor&e[0][location]=Bookmobile%20-%20",FAILED,""
"https://clearview.libnet.info/event/17042789","https://addtocalendar.com/atc/google?utz=0&uln=en-US@posix&vjs=1.5&e[0][date_start]=2026-10-20%2017%3A30%3A00&e[0][date_end]=2026-10-20%2018%3A00%3A00&e[0][timezone]=America%2FDenver&e[0][title]=Bookmobile%20Stop%20at%20The%20Ridge%20Park%20&e[0][description]=5005%20Harmony%20Ridge%20Pkwy%20-%20Windsor&e[0][location]=Bookmobile%20-%20",FAILED,""
"https://clearview.libnet.info/event/17042789","https://addtocalendar.com/atc/outlook?utz=0&uln=en-US@posix&vjs=1.5&e[0][date_start]=2026-10-20%2017%3A30%3A00&e[0][date_end]=2026-10-20%2018%3A00%3A00&e[0][timezone]=America%2FDenver&e[0][title]=Bookmobile%20Stop%20at%20The%20Ridge%20Park%20&e[0][description]=5005%20Harmony%20Ridge%20Pkwy%20-%20Windsor&e[0][location]=Bookmobile%20-%20",FAILED,""
"https://clearview.libnet.info/event/17042789","https://addtocalendar.com/atc/outlookonline?utz=0&uln=en-US@posix&vjs=1.5&e[0][date_start]=2026-10-20%2017%3A30%3A00&e[0][date_end]=2026-10-20%2018%3A00%3A00&e[0][timezone]=America%2FDenver&e[0][title]=Bookmobile%20Stop%20at%20The%20Ridge%20Park%20&e[0][description]=5005%20Harmony%20Ridge%20Pkwy%20-%20Windsor&e[0][location]=Bookmobile%20-%20",FAILED,""
"https://clearview.libnet.info/event/17042789","https://addtocalendar.com/atc/yahoo?utz=0&uln=en-US@posix&vjs=1.5&e[0][date_start]=2026-10-20%2017%3A30%3A00&e[0][date_end]=2026-10-20%2018%3A00%3A00&e[0][timezone]=America%2FDenver&e[0][title]=Bookmobile%20Stop%20at%20The%20Ridge%20Park%20&e[0][description]=5005%20Harmony%20Ridge%20Pkwy%20-%20Windsor&e[0][location]=Bookmobile%20-%20",FAILED,""
"https://clearview.libnet.info/event/17227560","https://addtocalendar.com/atc/ical?utz=0&uln=en-US@posix&vjs=1.5&e[0][date_start]=2026-10-21%2010%3A00%3A00&e[0][date_end]=2026-10-21%2010%3A30%3A00&e[0][timezone]=America%2FDenver&e[0][title]=Babies%20and%20Books&e[0][description]=Grow%20your%20reader%20as%20we%20enjoy%20books%2C%20rhymes%2C%20songs%2C%20sensory%20activities%2C%20and%20active%20movement%20during%20this%20lapsit%20storytime.%20For%20ages%20birth%20to%202%20years.%20Older%20siblings%20welcome.&e[0][location]=Severance%20Library%20-%20Cottonwood",FAILED,""
"https://clearview.libnet.info/event/17227560","https://addtocalendar.com/atc/google?utz=0&uln=en-US@posix&vjs=1.5&e[0][date_start]=2026-10-21%2010%3A00%3A00&e[0][date_end]=2026-10-21%2010%3A30%3A00&e[0][timezone]=America%2FDenver&e[0][title]=Babies%20and%20Books&e[0][description]=Grow%20your%20reader%20as%20we%20enjoy%20books%2C%20rhymes%2C%20songs%2C%20sensory%20activities%2C%20and%20active%20movement%20during%20this%20lapsit%20storytime.%20For%20ages%20birth%20to%202%20years.%20Older%20siblings%20welcome.&e[0][location]=Severance%20Library%20-%20Cottonwood",FAILED,""
"https://clearview.libnet.info/event/17227560","https://addtocalendar.com/atc/outlook?utz=0&uln=en-US@posix&vjs=1.5&e[0][date_start]=2026-10-21%2010%3A00%3A00&e[0][date_end]=2026-10-21%2010%3A30%3A00&e[0][timezone]=America%2FDenver&e[0][title]=Babies%20and%20Books&e[0][description]=Grow%20your%20reader%20as%20we%20enjoy%20books%2C%20rhymes%2C%20songs%2C%20sensory%20activities%2C%20and%20active%20movement%20during%20this%20lapsit%20storytime.%20For%20ages%20birth%20to%202%20years.%20Older%20siblings%20welcome.&e[0][location]=Severance%20Library%20-%20Cottonwood",FAILED,""
"https://clearview.libnet.info/event/17227560","https://addtocalendar.com/atc/outlookonline?utz=0&uln=en-US@posix&vjs=1.5&e[0][date_start]=2026-10-21%2010%3A00%3A00&e[0][date_end]=2026-10-21%2010%3A30%3A00&e[0][timezone]=America%2FDenver&e[0][title]=Babies%20and%20Books&e[0][description]=Grow%20your%20reader%20as%20we%20enjoy%20books%2C%20rhymes%2C%20songs%2C%20sensory%20activities%2C%20and%20active%20movement%20during%20this%20lapsit%20storytime.%20For%20ages%20birth%20to%202%20years.%20Older%20siblings%20welcome.&e[0][location]=Severance%20Library%20-%20Cottonwood",FAILED,""
"https://clearview.libnet.info/event/17227560","https://addtocalendar.com/atc/yahoo?utz=0&uln=en-US@posix&vjs=1.5&e[0][date_start]=2026-10-21%2010%3A00%3A00&e[0][date_end]=2026-10-21%2010%3A30%3A00&e[0][timezone]=America%2FDenver&e[0][title]=Babies%20and%20Books&e[0][description]=Grow%20your%20reader%20as%20we%20enjoy%20books%2C%20rhymes%2C%20songs%2C%20sensory%20activities%2C%20and%20active%20movement%20during%20this%20lapsit%20storytime.%20For%20ages%20birth%20to%202%20years.%20Older%20siblings%20welcome.&e[0][location]=Severance%20Library%20-%20Cottonwood",FAILED,""
"https://clearview.libnet.info/event/17227830","https://addtocalendar.com/atc/ical?utz=0&uln=en-US@posix&vjs=1.5&e[0][date_start]=2026-10-21%2010%3A00%3A00&e[0][date_end]=2026-10-21%2010%3A30%3A00&e[0][timezone]=America%2FDenver&e[0][title]=Lil%27%20STEAM%20&e[0][description]=Join%20us%20to%20read%20a%20story%20and%20then%20explore%20Science%2C%20Technology%2C%20Engineering%2C%20Art%2C%20and%20Math%20with%20a%20monthly%20theme%20from%20the%20story%20with%20a%20related%20activity.%20For%20ages%203-5.&e[0][location]=Windsor%20Library%20-%20Pikes%20Peak",FAILED,""
"https://clearview.libnet.info/event/17227830","https://addtocalendar.com/atc/google?utz=0&uln=en-US@posix&vjs=1.5&e[0][date_start]=2026-10-21%2010%3A00%3A00&e[0][date_end]=2026-10-21%2010%3A30%3A00&e[0][timezone]=America%2FDenver&e[0][title]=Lil%27%20STEAM%20&e[0][description]=Join%20us%20to%20read%20a%20story%20and%20then%20explore%20Science%2C%20Technology%2C%20Engineering%2C%20Art%2C%20and%20Math%20with%20a%20monthly%20theme%20from%20the%20story%20with%20a%20related%20activity.%20For%20ages%203-5.&e[0][location]=Windsor%20Library%20-%20Pikes%20Peak",FAILED,""
"https://clearview.libnet.info/event/17227830","https://addtocalendar.com/atc/outlook?utz=0&uln=en-US@posix&vjs=1.5&e[0][date_start]=2026-10-21%2010%3A00%3A00&e[0][date_end]=2026-10-21%2010%3A30%3A00&e[0][timezone]=America%2FDenver&e[0][title]=Lil%27%20STEAM%20&e[0][description]=Join%20us%20to%20read%20a%20story%20and%20then%20explore%20Science%2C%20Technology%2C%20Engineering%2C%20Art%2C%20and%20Math%20with%20a%20monthly%20theme%20from%20the%20story%20with%20a%20related%20activity.%20For%20ages%203-5.&e[0][location]=Windsor%20Library%20-%20Pikes%20Peak",FAILED,""
"https://clearview.libnet.info/event/17227830","https://addtocalendar.com/atc/outlookonline?utz=0&uln=en-US@posix&vjs=1.5&e[0][date_start]=2026-10-21%2010%3A00%3A00&e[0][date_end]=2026-10-21%2010%3A30%3A00&e[0][timezone]=America%2FDenver&e[0][title]=Lil%27%20STEAM%20&e[0][description]=Join%20us%20to%20read%20a%20story%20and%20then%20explore%20Science%2C%20Technology%2C%20Engineering%2C%20Art%2C%20and%20Math%20with%20a%20monthly%20theme%20from%20the%20story%20with%20a%20related%20activity.%20For%20ages%203-5.&e[0][location]=Windsor%20Library%20-%20Pikes%20Peak",FAILED,""
"https://clearview.libnet.info/event/17227830","https://addtocalendar.com/atc/yahoo?utz=0&uln=en-US@posix&vjs=1.5&e[0][date_start]=2026-10-21%2010%3A00%3A00&e[0][date_end]=2026-10-21%2010%3A30%3A00&e[0][timezone]=America%2FDenver&e[0][title]=Lil%27%20STEAM%20&e[0][description]=Join%20us%20to%20read%20a%20story%20and%20then%20explore%20Science%2C%20Technology%2C%20Engineering%2C%20Art%2C%20and%20Math%20with%20a%20monthly%20theme%20from%20the%20story%20with%20a%20related%20activity.%20For%20ages%203-5.&e[0][location]=Windsor%20Library%20-%20Pikes%20Peak",FAILED,""
"https://clearview.libnet.info/event/17227650","https://addtocalendar.com/atc/ical?utz=0&uln=en-US@posix&vjs=1.5&e[0][date_start]=2026-10-21%2010%3A30%3A00&e[0][date_end]=2026-10-21%2011%3A00%3A00&e[0][timezone]=America%2FDenver&e[0][title]=Stay%20and%20Play&e[0][description]=Babies%20and%20toddlers%20will%20enjoy%20open-ended%20playtime%20in%20a%20relaxed%20atmosphere%20that%20promotes%20growth%2C%20exploration%2C%20and%20learning.%20Intended%20for%20children%20ages%200%20to%202%20and%20their%20caregivers%20or%20families.&e[0][location]=Severance%20Library%20-%20Cottonwood",FAILED,""
"https://clearview.libnet.info/event/17227650","https://addtocalendar.com/atc/google?utz=0&uln=en-US@posix&vjs=1.5&e[0][date_start]=2026-10-21%2010%3A30%3A00&e[0][date_end]=2026-10-21%2011%3A00%3A00&e[0][timezone]=America%2FDenver&e[0][title]=Stay%20and%20Play&e[0][description]=Babies%20and%20toddlers%20will%20enjoy%20open-ended%20playtime%20in%20a%20relaxed%20atmosphere%20that%20promotes%20growth%2C%20exploration%2C%20and%20learning.%20Intended%20for%20children%20ages%200%20to%202%20and%20their%20caregivers%20or%20families.&e[0][location]=Severance%20Library%20-%20Cottonwood",FAILED,""
"https://clearview.libnet.info/event/17227650","https://addtocalendar.com/atc/outlook?utz=0&uln=en-US@posix&vjs=1.5&e[0][date_start]=2026-10-21%2010%3A30%3A00&e[0][date_end]=2026-10-21%2011%3A00%3A00&e[0][timezone]=America%2FDenver&e[0][title]=Stay%20and%20Play&e[0][description]=Babies%20and%20toddlers%20will%20enjoy%20open-ended%20playtime%20in%20a%20relaxed%20atmosphere%20that%20promotes%20growth%2C%20exploration%2C%20and%20learning.%20Intended%20for%20children%20ages%200%20to%202%20and%20their%20caregivers%20or%20families.&e[0][location]=Severance%20Library%20-%20Cottonwood",FAILED,""
"https://clearview.libnet.info/event/17227650","https://addtocalendar.com/atc/outlookonline?utz=0&uln=en-US@posix&vjs=1.5&e[0][date_start]=2026-10-21%2010%3A30%3A00&e[0][date_end]=2026-10-21%2011%3A00%3A00&e[0][timezone]=America%2FDenver&e[0][title]=Stay%20and%20Play&e[0][description]=Babies%20and%20toddlers%20will%20enjoy%20open-ended%20playtime%20in%20a%20relaxed%20atmosphere%20that%20promotes%20growth%2C%20exploration%2C%20and%20learning.%20Intended%20for%20children%20ages%200%20to%202%20and%20their%20caregivers%20or%20families.&e[0][location]=Severance%20Library%20-%20Cottonwood",FAILED,""
"https://clearview.libnet.info/event/17227650","https://addtocalendar.com/atc/yahoo?utz=0&uln=en-US@posix&vjs=1.5&e[0][date_start]=2026-10-21%2010%3A30%3A00&e[0][date_end]=2026-10-21%2011%3A00%3A00&e[0][timezone]=America%2FDenver&e[0][title]=Stay%20and%20Play&e[0][description]=Babies%20and%20toddlers%20will%20enjoy%20open-ended%20playtime%20in%20a%20relaxed%20atmosphere%20that%20promotes%20growth%2C%20exploration%2C%20and%20learning.%20Intended%20for%20children%20ages%200%20to%202%20and%20their%20caregivers%20or%20families.&e[0][location]=Severance%20Library%20-%20Cottonwood",FAILED,""
"https://clearview.libnet.info/event/17274237","https://addtocalendar.com/atc/ical?utz=0&uln=en-US@posix&vjs=1.5&e[0][date_start]=2026-10-21%2013%3A00%3A00&e[0][date_end]=2026-10-21%2014%3A00%3A00&e[0][timezone]=America%2FDenver&e[0][title]=Autumn%20Flow&e[0][description]=Unwind%20this%20October%20with%20this%20gentle%20midday%20yoga%20class%20designed%20for%20adults%20of%20all%20levels.&e[0][location]=Severance%20Library%20-%20Cottonwood",FAILED,""
"https://clearview.libnet.info/event/17274237","https://addtocalendar.com/atc/google?utz=0&uln=en-US@posix&vjs=1.5&e[0][date_start]=2026-10-21%2013%3A00%3A00&e[0][date_end]=2026-10-21%2014%3A00%3A00&e[0][timezone]=America%2FDenver&e[0][title]=Autumn%20Flow&e[0][description]=Unwind%20this%20October%20with%20this%20gentle%20midday%20yoga%20class%20designed%20for%20adults%20of%20all%20levels.&e[0][location]=Severance%20Library%20-%20Cottonwood",FAILED,""
"https://clearview.libnet.info/event/17274237","https://addtocalendar.com/atc/outlook?utz=0&uln=en-US@posix&vjs=1.5&e[0][date_start]=2026-10-21%2013%3A00%3A00&e[0][date_end]=2026-10-21%2014%3A00%3A00&e[0][timezone]=America%2FDenver&e[0][title]=Autumn%20Flow&e[0][description]=Unwind%20this%20October%20with%20this%20gentle%20midday%20yoga%20class%20designed%20for%20adults%20of%20all%20levels.&e[0][location]=Severance%20Library%20-%20Cottonwood",FAILED,""
"https://clearview.libnet.info/event/17274237","https://addtocalendar.com/atc/outlookonline?utz=0&uln=en-US@posix&vjs=1.5&e[0][date_start]=2026-10-21%2013%3A00%3A00&e[0][date_end]=2026-10-21%2014%3A00%3A00&e[0][timezone]=America%2FDenver&e[0][title]=Autumn%20Flow&e[0][description]=Unwind%20this%20October%20with%20this%20gentle%20midday%20yoga%20class%20designed%20for%20adults%20of%20all%20levels.&e[0][location]=Severance%20Library%20-%20Cottonwood",FAILED,""
"https://clearview.libnet.info/event/17274237","https://addtocalendar.com/atc/yahoo?utz=0&uln=en-US@posix&vjs=1.5&e[0][date_start]=2026-10-21%2013%3A00%3A00&e[0][date_end]=2026-10-21%2014%3A00%3A00&e[0][timezone]=America%2FDenver&e[0][title]=Autumn%20Flow&e[0][description]=Unwind%20this%20October%20with%20this%20gentle%20midday%20yoga%20class%20designed%20for%20adults%20of%20all%20levels.&e[0][location]=Severance%20Library%20-%20Cottonwood",FAILED,""
"https://clearview.libnet.info/event/17042795","https://addtocalendar.com/atc/ical?utz=0&uln=en-US@posix&vjs=1.5&e[0][date_start]=2026-10-21%2014%3A30%3A00&e[0][date_end]=2026-10-21%2015%3A00%3A00&e[0][timezone]=America%2FDenver&e[0][title]=Bookmobile%20Stop%20at%20Poudre%20Heights%20Park%20&e[0][description]=1670%20Green%20River%20Dr%20-%20Windsor&e[0][location]=Bookmobile%20-%20",FAILED,""
"https://clearview.libnet.info/event/17042795","https://addtocalendar.com/atc/google?utz=0&uln=en-US@posix&vjs=1.5&e[0][date_start]=2026-10-21%2014%3A30%3A00&e[0][date_end]=2026-10-21%2015%3A00%3A00&e[0][timezone]=America%2FDenver&e[0][title]=Bookmobile%20Stop%20at%20Poudre%20Heights%20Park%20&e[0][description]=1670%20Green%20River%20Dr%20-%20Windsor&e[0][location]=Bookmobile%20-%20",FAILED,""
"https://clearview.libnet.info/event/17042795","https://addtocalendar.com/atc/outlook?utz=0&uln=en-US@posix&vjs=1.5&e[0][date_start]=2026-10-21%2014%3A30%3A00&e[0][date_end]=2026-10-21%2015%3A00%3A00&e[0][timezone]=America%2FDenver&e[0][title]=Bookmobile%20Stop%20at%20Poudre%20Heights%20Park%20&e[0][description]=1670%20Green%20River%20Dr%20-%20Windsor&e[0][location]=Bookmobile%20-%20",FAILED,""
"https://clearview.libnet.info/event/17042795","https://addtocalendar.com/atc/outlookonline?utz=0&uln=en-US@posix&vjs=1.5&e[0][date_start]=2026-10-21%2014%3A30%3A00&e[0][date_end]=2026-10-21%2015%3A00%3A00&e[0][timezone]=America%2FDenver&e[0][title]=Bookmobile%20Stop%20at%20Poudre%20Heights%20Park%20&e[0][description]=1670%20Green%20River%20Dr%20-%20Windsor&e[0][location]=Bookmobile%20-%20",FAILED,""
"https://clearview.libnet.info/event/17042795","https://addtocalendar.com/atc/yahoo?utz=0&uln=en-US@posix&vjs=1.5&e[0][date_start]=2026-10-21%2014%3A30%3A00&e[0][date_end]=2026-10-21%2015%3A00%3A00&e[0][timezone]=America%2FDenver&e[0][title]=Bookmobile%20Stop%20at%20Poudre%20Heights%20Park%20&e[0][description]=1670%20Green%20River%20Dr%20-%20Windsor&e[0][location]=Bookmobile%20-%20",FAILED,""
"https://clearview.libnet.info/event/17233629","https://addtocalendar.com/atc/ical?utz=0&uln=en-US@posix&vjs=1.5&e[0][date_start]=2026-10-21%2015%3A15%3A00&e[0][date_end]=2026-10-21%2016%3A15%3A00&e[0][timezone]=America%2FDenver&e[0][title]=Kids%20in%20the%20Kitchen%20&e[0][description]=Young%20chefs%20will%20learn%20to%20make%20new%20foods%20that%20can%20also%20be%20made%20at%20home!%20Get%20in%20the%20scary%20spirit%20with%20mummy%20pizzas%20%26amp%3B%20eyeball%20treats!%20Open%20to%20elementary-aged%20children%2C%20as%20well%20as%20tweens%20ages%209-12&e[0][location]=Severance%20Library%20-%20Cottonwood",FAILED,""
"https://clearview.libnet.info/event/17233629","https://addtocalendar.com/atc/google?utz=0&uln=en-US@posix&vjs=1.5&e[0][date_start]=2026-10-21%2015%3A15%3A00&e[0][date_end]=2026-10-21%2016%3A15%3A00&e[0][timezone]=America%2FDenver&e[0][title]=Kids%20in%20the%20Kitchen%20&e[0][description]=Young%20chefs%20will%20learn%20to%20make%20new%20foods%20that%20can%20also%20be%20made%20at%20home!%20Get%20in%20the%20scary%20spirit%20with%20mummy%20pizzas%20%26amp%3B%20eyeball%20treats!%20Open%20to%20elementary-aged%20children%2C%20as%20well%20as%20tweens%20ages%209-12&e[0][location]=Severance%20Library%20-%20Cottonwood",FAILED,""
"https://clearview.libnet.info/event/17233629","https://addtocalendar.com/atc/outlook?utz=0&uln=en-US@posix&vjs=1.5&e[0][date_start]=2026-10-21%2015%3A15%3A00&e[0][date_end]=2026-10-21%2016%3A15%3A00&e[0][timezone]=America%2FDenver&e[0][title]=Kids%20in%20the%20Kitchen%20&e[0][description]=Young%20chefs%20will%20learn%20to%20make%20new%20foods%20that%20can%20also%20be%20made%20at%20home!%20Get%20in%20the%20scary%20spirit%20with%20mummy%20pizzas%20%26amp%3B%20eyeball%20treats!%20Open%20to%20elementary-aged%20children%2C%20as%20well%20as%20tweens%20ages%209-12&e[0][location]=Severance%20Library%20-%20Cottonwood",FAILED,""
"https://clearview.libnet.info/event/17233629","https://addtocalendar.com/atc/outlookonline?utz=0&uln=en-US@posix&vjs=1.5&e[0][date_start]=2026-10-21%2015%3A15%3A00&e[0][date_end]=2026-10-21%2016%3A15%3A00&e[0][timezone]=America%2FDenver&e[0][title]=Kids%20in%20the%20Kitchen%20&e[0][description]=Young%20chefs%20will%20learn%20to%20make%20new%20foods%20that%20can%20also%20be%20made%20at%20home!%20Get%20in%20the%20scary%20spirit%20with%20mummy%20pizzas%20%26amp%3B%20eyeball%20treats!%20Open%20to%20elementary-aged%20children%2C%20as%20well%20as%20tweens%20ages%209-12&e[0][location]=Severance%20Library%20-%20Cottonwood",FAILED,""
"https://clearview.libnet.info/event/17233629","https://addtocalendar.com/atc/yahoo?utz=0&uln=en-US@posix&vjs=1.5&e[0][date_start]=2026-10-21%2015%3A15%3A00&e[0][date_end]=2026-10-21%2016%3A15%3A00&e[0][timezone]=America%2FDenver&e[0][title]=Kids%20in%20the%20Kitchen%20&e[0][description]=Young%20chefs%20will%20learn%20to%20make%20new%20foods%20that%20can%20also%20be%20made%20at%20home!%20Get%20in%20the%20scary%20spirit%20with%20mummy%20pizzas%20%26amp%3B%20eyeball%20treats!%20Open%20to%20elementary-aged%20children%2C%20as%20well%20as%20tweens%20ages%209-12&e[0][location]=Severance%20Library%20-%20Cottonwood",FAILED,""
"https://clearview.libnet.info/event/17042815","https://addtocalendar.com/atc/ical?utz=0&uln=en-US@posix&vjs=1.5&e[0][date_start]=2026-10-21%2015%3A30%3A00&e[0][date_end]=2026-10-21%2016%3A00%3A00&e[0][timezone]=America%2FDenver&e[0][title]=Bookmobile%20Stop%20at%20Founders%20Green%20Park&e[0][description]=1201%20Grand%20Ave%20-%20Windsor%20&e[0][location]=Bookmobile%20-%20",FAILED,""
"https://clearview.libnet.info/event/17042815","https://addtocalendar.com/atc/google?utz=0&uln=en-US@posix&vjs=1.5&e[0][date_start]=2026-10-21%2015%3A30%3A00&e[0][date_end]=2026-10-21%2016%3A00%3A00&e[0][timezone]=America%2FDenver&e[0][title]=Bookmobile%20Stop%20at%20Founders%20Green%20Park&e[0][description]=1201%20Grand%20Ave%20-%20Windsor%20&e[0][location]=Bookmobile%20-%20",FAILED,""
"https://clearview.libnet.info/event/17042815","https://addtocalendar.com/atc/outlook?utz=0&uln=en-US@posix&vjs=1.5&e[0][date_start]=2026-10-21%2015%3A30%3A00&e[0][date_end]=2026-10-21%2016%3A00%3A00&e[0][timezone]=America%2FDenver&e[0][title]=Bookmobile%20Stop%20at%20Founders%20Green%20Park&e[0][description]=1201%20Grand%20Ave%20-%20Windsor%20&e[0][location]=Bookmobile%20-%20",FAILED,""
"https://clearview.libnet.info/event/17042815","https://addtocalendar.com/atc/outlookonline?utz=0&uln=en-US@posix&vjs=1.5&e[0][date_start]=2026-10-21%2015%3A30%3A00&e[0][date_end]=2026-10-21%2016%3A00%3A00&e[0][timezone]=America%2FDenver&e[0][title]=Bookmobile%20Stop%20at%20Founders%20Green%20Park&e[0][description]=1201%20Grand%20Ave%20-%20Windsor%20&e[0][location]=Bookmobile%20-%20",FAILED,""
"https://clearview.libnet.info/event/17042815","https://addtocalendar.com/atc/yahoo?utz=0&uln=en-US@posix&vjs=1.5&e[0][date_start]=2026-10-21%2015%3A30%3A00&e[0][date_end]=2026-10-21%2016%3A00%3A00&e[0][timezone]=America%2FDenver&e[0][title]=Bookmobile%20Stop%20at%20Founders%20Green%20Park&e[0][description]=1201%20Grand%20Ave%20-%20Windsor%20&e[0][location]=Bookmobile%20-%20",FAILED,""
"https://clearview.libnet.info/event/17042834","https://addtocalendar.com/atc/ical?utz=0&uln=en-US@posix&vjs=1.5&e[0][date_start]=2026-10-21%2016%3A30%3A00&e[0][date_end]=2026-10-21%2017%3A00%3A00&e[0][timezone]=America%2FDenver&e[0][title]=Bookmobile%20Stop%20at%20Cherry%20Park%20at%20RainDance%20&e[0][description]=Heirloom%20Dr%20-%20Windsor&e[0][location]=Bookmobile%20-%20",FAILED,""
"https://clearview.libnet.info/event/17042834","https://addtocalendar.com/atc/google?utz=0&uln=en-US@posix&vjs=1.5&e[0][date_start]=2026-10-21%2016%3A30%3A00&e[0][date_end]=2026-10-21%2017%3A00%3A00&e[0][timezone]=America%2FDenver&e[0][title]=Bookmobile%20Stop%20at%20Cherry%20Park%20at%20RainDance%20&e[0][description]=Heirloom%20Dr%20-%20Windsor&e[0][location]=Bookmobile%20-%20",FAILED,""
"https://clearview.libnet.info/event/17042834","https://addtocalendar.com/atc/outlook?utz=0&uln=en-US@posix&vjs=1.5&e[0][date_start]=2026-10-21%2016%3A30%3A00&e[0][date_end]=2026-10-21%2017%3A00%3A00&e[0][timezone]=America%2FDenver&e[0][title]=Bookmobile%20Stop%20at%20Cherry%20Park%20at%20RainDance%20&e[0][description]=Heirloom%20Dr%20-%20Windsor&e[0][location]=Bookmobile%20-%20",FAILED,""
"https://clearview.libnet.info/event/17042834","https://addtocalendar.com/atc/outlookonline?utz=0&uln=en-US@posix&vjs=1.5&e[0][date_start]=2026-10-21%2016%3A30%3A00&e[0][date_end]=2026-10-21%2017%3A00%3A00&e[0][timezone]=America%2FDenver&e[0][title]=Bookmobile%20Stop%20at%20Cherry%20Park%20at%20RainDance%20&e[0][description]=Heirloom%20Dr%20-%20Windsor&e[0][location]=Bookmobile%20-%20",FAILED,""
"https://clearview.libnet.info/event/17042834","https://addtocalendar.com/atc/yahoo?utz=0&uln=en-US@posix&vjs=1.5&e[0][date_start]=2026-10-21%2016%3A30%3A00&e[0][date_end]=2026-10-21%2017%3A00%3A00&e[0][timezone]=America%2FDenver&e[0][title]=Bookmobile%20Stop%20at%20Cherry%20Park%20at%20RainDance%20&e[0][description]=Heirloom%20Dr%20-%20Windsor&e[0][location]=Bookmobile%20-%20",FAILED,""
"https://clearview.libnet.info/event/17310959","https://addtocalendar.com/atc/ical?utz=0&uln=en-US@posix&vjs=1.5&e[0][date_start]=2026-10-21%2016%3A30%3A00&e[0][date_end]=2026-10-21%2017%3A30%3A00&e[0][timezone]=America%2FDenver&e[0][title]=Chess%20Club&e[0][description]=Looking%20to%20up%20your%20chess%20game%3F%20Join%20our%20quarterly%20sessions%20to%20gain%20strategic%20skills!%20Learn%20from%20a%20trained%20coach%20from%20NoCo%20Chess%20Mates%20with%20this%20special%20Chess%20Club%20Coaching%20session.%20For%20ages%206-18.&e[0][location]=Severance%20Library%20-%20Cottonwood",FAILED,""
"https://clearview.libnet.info/event/17310959","https://addtocalendar.com/atc/google?utz=0&uln=en-US@posix&vjs=1.5&e[0][date_start]=2026-10-21%2016%3A30%3A00&e[0][date_end]=2026-10-21%2017%3A30%3A00&e[0][timezone]=America%2FDenver&e[0][title]=Chess%20Club&e[0][description]=Looking%20to%20up%20your%20chess%20game%3F%20Join%20our%20quarterly%20sessions%20to%20gain%20strategic%20skills!%20Learn%20from%20a%20trained%20coach%20from%20NoCo%20Chess%20Mates%20with%20this%20special%20Chess%20Club%20Coaching%20session.%20For%20ages%206-18.&e[0][location]=Severance%20Library%20-%20Cottonwood",FAILED,""
"https://clearview.libnet.info/event/17310959","https://addtocalendar.com/atc/outlook?utz=0&uln=en-US@posix&vjs=1.5&e[0][date_start]=2026-10-21%2016%3A30%3A00&e[0][date_end]=2026-10-21%2017%3A30%3A00&e[0][timezone]=America%2FDenver&e[0][title]=Chess%20Club&e[0][description]=Looking%20to%20up%20your%20chess%20game%3F%20Join%20our%20quarterly%20sessions%20to%20gain%20strategic%20skills!%20Learn%20from%20a%20trained%20coach%20from%20NoCo%20Chess%20Mates%20with%20this%20special%20Chess%20Club%20Coaching%20session.%20For%20ages%206-18.&e[0][location]=Severance%20Library%20-%20Cottonwood",FAILED,""
"https://clearview.libnet.info/event/17310959","https://addtocalendar.com/atc/outlookonline?utz=0&uln=en-US@posix&vjs=1.5&e[0][date_start]=2026-10-21%2016%3A30%3A00&e[0][date_end]=2026-10-21%2017%3A30%3A00&e[0][timezone]=America%2FDenver&e[0][title]=Chess%20Club&e[0][description]=Looking%20to%20up%20your%20chess%20game%3F%20Join%20our%20quarterly%20sessions%20to%20gain%20strategic%20skills!%20Learn%20from%20a%20trained%20coach%20from%20NoCo%20Chess%20Mates%20with%20this%20special%20Chess%20Club%20Coaching%20session.%20For%20ages%206-18.&e[0][location]=Severance%20Library%20-%20Cottonwood",FAILED,""
"https://clearview.libnet.info/event/17310959","https://addtocalendar.com/atc/yahoo?utz=0&uln=en-US@posix&vjs=1.5&e[0][date_start]=2026-10-21%2016%3A30%3A00&e[0][date_end]=2026-10-21%2017%3A30%3A00&e[0][timezone]=America%2FDenver&e[0][title]=Chess%20Club&e[0][description]=Looking%20to%20up%20your%20chess%20game%3F%20Join%20our%20quarterly%20sessions%20to%20gain%20strategic%20skills!%20Learn%20from%20a%20trained%20coach%20from%20NoCo%20Chess%20Mates%20with%20this%20special%20Chess%20Club%20Coaching%20session.%20For%20ages%206-18.&e[0][location]=Severance%20Library%20-%20Cottonwood",FAILED,""
"https://clearview.libnet.info/event/17238784","https://addtocalendar.com/atc/ical?utz=0&uln=en-US@posix&vjs=1.5&e[0][date_start]=2026-10-21%2016%3A30%3A00&e[0][date_end]=2026-10-21%2018%3A00%3A00&e[0][timezone]=America%2FDenver&e[0][title]=Tween%20RPG&e[0][description]=This%20month%2C%20play%20as%20a%20preposterous%20skeleton%20and%20try%20to%20blend%20in%20with%20humans%20in%20this%20one-off%20role%20playing%20game!%20For%20tweens%20ages%209-12.&e[0][location]=Windsor%20Library%20-%20Longs%20Peak",FAILED,""
"https://clearview.libnet.info/event/17238784","https://addtocalendar.com/atc/google?utz=0&uln=en-US@posix&vjs=1.5&e[0][date_start]=2026-10-21%2016%3A30%3A00&e[0][date_end]=2026-10-21%2018%3A00%3A00&e[0][timezone]=America%2FDenver&e[0][title]=Tween%20RPG&e[0][description]=This%20month%2C%20play%20as%20a%20preposterous%20skeleton%20and%20try%20to%20blend%20in%20with%20humans%20in%20this%20one-off%20role%20playing%20game!%20For%20tweens%20ages%209-12.&e[0][location]=Windsor%20Library%20-%20Longs%20Peak",FAILED,""
"https://clearview.libnet.info/event/17238784","https://addtocalendar.com/atc/outlook?utz=0&uln=en-US@posix&vjs=1.5&e[0][date_start]=2026-10-21%2016%3A30%3A00&e[0][date_end]=2026-10-21%2018%3A00%3A00&e[0][timezone]=America%2FDenver&e[0][title]=Tween%20RPG&e[0][description]=This%20month%2C%20play%20as%20a%20preposterous%20skeleton%20and%20try%20to%20blend%20in%20with%20humans%20in%20this%20one-off%20role%20playing%20game!%20For%20tweens%20ages%209-12.&e[0][location]=Windsor%20Library%20-%20Longs%20Peak",FAILED,""
"https://clearview.libnet.info/event/17238784","https://addtocalendar.com/atc/outlookonline?utz=0&uln=en-US@posix&vjs=1.5&e[0][date_start]=2026-10-21%2016%3A30%3A00&e[0][date_end]=2026-10-21%2018%3A00%3A00&e[0][timezone]=America%2FDenver&e[0][title]=Tween%20RPG&e[0][description]=This%20month%2C%20play%20as%20a%20preposterous%20skeleton%20and%20try%20to%20blend%20in%20with%20humans%20in%20this%20one-off%20role%20playing%20game!%20For%20tweens%20ages%209-12.&e[0][location]=Windsor%20Library%20-%20Longs%20Peak",FAILED,""
"https://clearview.libnet.info/event/17238784","https://addtocalendar.com/atc/yahoo?utz=0&uln=en-US@posix&vjs=1.5&e[0][date_start]=2026-10-21%2016%3A30%3A00&e[0][date_end]=2026-10-21%2018%3A00%3A00&e[0][timezone]=America%2FDenver&e[0][title]=Tween%20RPG&e[0][description]=This%20month%2C%20play%20as%20a%20preposterous%20skeleton%20and%20try%20to%20blend%20in%20with%20humans%20in%20this%20one-off%20role%20playing%20game!%20For%20tweens%20ages%209-12.&e[0][location]=Windsor%20Library%20-%20Longs%20Peak",FAILED,""
"https://clearview.libnet.info/event/17042844","https://addtocalendar.com/atc/ical?utz=0&uln=en-US@posix&vjs=1.5&e[0][date_start]=2026-10-21%2017%3A30%3A00&e[0][date_end]=2026-10-21%2018%3A00%3A00&e[0][timezone]=America%2FDenver&e[0][title]=Bookmobile%20Stop%20at%20Pelican%20Farms%20Park&e[0][description]=Kestrel%20Dr%20-%20Windsor&e[0][location]=Bookmobile%20-%20",FAILED,""
"https://clearview.libnet.info/event/17042844","https://addtocalendar.com/atc/google?utz=0&uln=en-US@posix&vjs=1.5&e[0][date_start]=2026-10-21%2017%3A30%3A00&e[0][date_end]=2026-10-21%2018%3A00%3A00&e[0][timezone]=America%2FDenver&e[0][title]=Bookmobile%20Stop%20at%20Pelican%20Farms%20Park&e[0][description]=Kestrel%20Dr%20-%20Windsor&e[0][location]=Bookmobile%20-%20",FAILED,""
"https://clearview.libnet.info/event/17042844","https://addtocalendar.com/atc/outlook?utz=0&uln=en-US@posix&vjs=1.5&e[0][date_start]=2026-10-21%2017%3A30%3A00&e[0][date_end]=2026-10-21%2018%3A00%3A00&e[0][timezone]=America%2FDenver&e[0][title]=Bookmobile%20Stop%20at%20Pelican%20Farms%20Park&e[0][description]=Kestrel%20Dr%20-%20Windsor&e[0][location]=Bookmobile%20-%20",FAILED,""
"https://clearview.libnet.info/event/17042844","https://addtocalendar.com/atc/outlookonline?utz=0&uln=en-US@posix&vjs=1.5&e[0][date_start]=2026-10-21%2017%3A30%3A00&e[0][date_end]=2026-10-21%2018%3A00%3A00&e[0][timezone]=America%2FDenver&e[0][title]=Bookmobile%20Stop%20at%20Pelican%20Farms%20Park&e[0][description]=Kestrel%20Dr%20-%20Windsor&e[0][location]=Bookmobile%20-%20",FAILED,""
"https://clearview.libnet.info/event/17042844","https://addtocalendar.com/atc/yahoo?utz=0&uln=en-US@posix&vjs=1.5&e[0][date_start]=2026-10-21%2017%3A30%3A00&e[0][date_end]=2026-10-21%2018%3A00%3A00&e[0][timezone]=America%2FDenver&e[0][title]=Bookmobile%20Stop%20at%20Pelican%20Farms%20Park&e[0][description]=Kestrel%20Dr%20-%20Windsor&e[0][location]=Bookmobile%20-%20",FAILED,""
"https://clearview.libnet.info/event/17236567","https://addtocalendar.com/atc/ical?utz=0&uln=en-US@posix&vjs=1.5&e[0][date_start]=2026-10-22%2010%3A00%3A00&e[0][date_end]=2026-10-22%2011%3A30%3A00&e[0][timezone]=America%2FDenver&e[0][title]=Thursdays%20at%20the%20Library&e[0][description]=Join%20us%20on%20select%20Thursdays%20at%20the%20library%20for%20a%20morning%20of%20delightful%20fun!%20Come%20for%20some%20not-so-scary%20excitement%20with%20hands-on%2C%20monster-related%20crafts%20and%20activities!%20For%20ages%200-5.&e[0][location]=Windsor%20Library%20-%20Pikes%20Peak",FAILED,""
"https://clearview.libnet.info/event/17236567","https://addtocalendar.com/atc/google?utz=0&uln=en-US@posix&vjs=1.5&e[0][date_start]=2026-10-22%2010%3A00%3A00&e[0][date_end]=2026-10-22%2011%3A30%3A00&e[0][timezone]=America%2FDenver&e[0][title]=Thursdays%20at%20the%20Library&e[0][description]=Join%20us%20on%20select%20Thursdays%20at%20the%20library%20for%20a%20morning%20of%20delightful%20fun!%20Come%20for%20some%20not-so-scary%20excitement%20with%20hands-on%2C%20monster-related%20crafts%20and%20activities!%20For%20ages%200-5.&e[0][location]=Windsor%20Library%20-%20Pikes%20Peak",FAILED,""
"https://clearview.libnet.info/event/17236567","https://addtocalendar.com/atc/outlook?utz=0&uln=en-US@posix&vjs=1.5&e[0][date_start]=2026-10-22%2010%3A00%3A00&e[0][date_end]=2026-10-22%2011%3A30%3A00&e[0][timezone]=America%2FDenver&e[0][title]=Thursdays%20at%20the%20Library&e[0][description]=Join%20us%20on%20select%20Thursdays%20at%20the%20library%20for%20a%20morning%20of%20delightful%20fun!%20Come%20for%20some%20not-so-scary%20excitement%20with%20hands-on%2C%20monster-related%20crafts%20and%20activities!%20For%20ages%200-5.&e[0][location]=Windsor%20Library%20-%20Pikes%20Peak",FAILED,""
"https://clearview.libnet.info/event/17236567","https://addtocalendar.com/atc/outlookonline?utz=0&uln=en-US@posix&vjs=1.5&e[0][date_start]=2026-10-22%2010%3A00%3A00&e[0][date_end]=2026-10-22%2011%3A30%3A00&e[0][timezone]=America%2FDenver&e[0][title]=Thursdays%20at%20the%20Library&e[0][description]=Join%20us%20on%20select%20Thursdays%20at%20the%20library%20for%20a%20morning%20of%20delightful%20fun!%20Come%20for%20some%20not-so-scary%20excitement%20with%20hands-on%2C%20monster-related%20crafts%20and%20activities!%20For%20ages%200-5.&e[0][location]=Windsor%20Library%20-%20Pikes%20Peak",FAILED,""
"https://clearview.libnet.info/event/17236567","https://addtocalendar.com/atc/yahoo?utz=0&uln=en-US@posix&vjs=1.5&e[0][date_start]=2026-10-22%2010%3A00%3A00&e[0][date_end]=2026-10-22%2011%3A30%3A00&e[0][timezone]=America%2FDenver&e[0][title]=Thursdays%20at%20the%20Library&e[0][description]=Join%20us%20on%20select%20Thursdays%20at%20the%20library%20for%20a%20morning%20of%20delightful%20fun!%20Come%20for%20some%20not-so-scary%20excitement%20with%20hands-on%2C%20monster-related%20crafts%20and%20activities!%20For%20ages%200-5.&e[0][location]=Windsor%20Library%20-%20Pikes%20Peak",FAILED,""
"https://clearview.libnet.info/event/17561253","https://addtocalendar.com/atc/ical?utz=0&uln=en-US@posix&vjs=1.5&e[0][date_start]=2026-10-22%2010%3A00%3A00&e[0][date_end]=2026-10-22%2011%3A00%3A00&e[0][timezone]=America%2FDenver&e[0][title]=PAWS%20for%20Reading&e[0][description]=Dogs%20%2B%20Reading%20%3D%20Magic%0A&e[0][location]=Windsor%20Library%20-%20",FAILED,""
"https://clearview.libnet.info/event/17561253","https://addtocalendar.com/atc/google?utz=0&uln=en-US@posix&vjs=1.5&e[0][date_start]=2026-10-22%2010%3A00%3A00&e[0][date_end]=2026-10-22%2011%3A00%3A00&e[0][timezone]=America%2FDenver&e[0][title]=PAWS%20for%20Reading&e[0][description]=Dogs%20%2B%20Reading%20%3D%20Magic%0A&e[0][location]=Windsor%20Library%20-%20",FAILED,""
"https://clearview.libnet.info/event/17561253","https://addtocalendar.com/atc/outlook?utz=0&uln=en-US@posix&vjs=1.5&e[0][date_start]=2026-10-22%2010%3A00%3A00&e[0][date_end]=2026-10-22%2011%3A00%3A00&e[0][timezone]=America%2FDenver&e[0][title]=PAWS%20for%20Reading&e[0][description]=Dogs%20%2B%20Reading%20%3D%20Magic%0A&e[0][location]=Windsor%20Library%20-%20",FAILED,""
"https://clearview.libnet.info/event/17561253","https://addtocalendar.com/atc/outlookonline?utz=0&uln=en-US@posix&vjs=1.5&e[0][date_start]=2026-10-22%2010%3A00%3A00&e[0][date_end]=2026-10-22%2011%3A00%3A00&e[0][timezone]=America%2FDenver&e[0][title]=PAWS%20for%20Reading&e[0][description]=Dogs%20%2B%20Reading%20%3D%20Magic%0A&e[0][location]=Windsor%20Library%20-%20",FAILED,""
"https://clearview.libnet.info/event/17561253","https://addtocalendar.com/atc/yahoo?utz=0&uln=en-US@posix&vjs=1.5&e[0][date_start]=2026-10-22%2010%3A00%3A00&e[0][date_end]=2026-10-22%2011%3A00%3A00&e[0][timezone]=America%2FDenver&e[0][title]=PAWS%20for%20Reading&e[0][description]=Dogs%20%2B%20Reading%20%3D%20Magic%0A&e[0][location]=Windsor%20Library%20-%20",FAILED,""
"https://clearview.libnet.info/event/17042859","https://addtocalendar.com/atc/ical?utz=0&uln=en-US@posix&vjs=1.5&e[0][date_start]=2026-10-22%2014%3A30%3A00&e[0][date_end]=2026-10-22%2015%3A00%3A00&e[0][timezone]=America%2FDenver&e[0][title]=Bookmobile%20Stop%20at%20Hollister%20Lake%20Elementary%20&e[0][description]=550%20Sundance%20Dr%20-%20Windsor&e[0][location]=Bookmobile%20-%20",FAILED,""
"https://clearview.libnet.info/event/17042859","https://addtocalendar.com/atc/google?utz=0&uln=en-US@posix&vjs=1.5&e[0][date_start]=2026-10-22%2014%3A30%3A00&e[0][date_end]=2026-10-22%2015%3A00%3A00&e[0][timezone]=America%2FDenver&e[0][title]=Bookmobile%20Stop%20at%20Hollister%20Lake%20Elementary%20&e[0][description]=550%20Sundance%20Dr%20-%20Windsor&e[0][location]=Bookmobile%20-%20",FAILED,""
"https://clearview.libnet.info/event/17042859","https://addtocalendar.com/atc/outlook?utz=0&uln=en-US@posix&vjs=1.5&e[0][date_start]=2026-10-22%2014%3A30%3A00&e[0][date_end]=2026-10-22%2015%3A00%3A00&e[0][timezone]=America%2FDenver&e[0][title]=Bookmobile%20Stop%20at%20Hollister%20Lake%20Elementary%20&e[0][description]=550%20Sundance%20Dr%20-%20Windsor&e[0][location]=Bookmobile%20-%20",FAILED,""
"https://clearview.libnet.info/event/17042859","https://addtocalendar.com/atc/outlookonline?utz=0&uln=en-US@posix&vjs=1.5&e[0][date_start]=2026-10-22%2014%3A30%3A00&e[0][date_end]=2026-10-22%2015%3A00%3A00&e[0][timezone]=America%2FDenver&e[0][title]=Bookmobile%20Stop%20at%20Hollister%20Lake%20Elementary%20&e[0][description]=550%20Sundance%20Dr%20-%20Windsor&e[0][location]=Bookmobile%20-%20",FAILED,""
"https://clearview.libnet.info/event/17042859","https://addtocalendar.com/atc/yahoo?utz=0&uln=en-US@posix&vjs=1.5&e[0][date_start]=2026-10-22%2014%3A30%3A00&e[0][date_end]=2026-10-22%2015%3A00%3A00&e[0][timezone]=America%2FDenver&e[0][title]=Bookmobile%20Stop%20at%20Hollister%20Lake%20Elementary%20&e[0][description]=550%20Sundance%20Dr%20-%20Windsor&e[0][location]=Bookmobile%20-%20",FAILED,""
"https://clearview.libnet.info/event/17233532","https://addtocalendar.com/atc/ical?utz=0&uln=en-US@posix&vjs=1.5&e[0][date_start]=2026-10-22%2015%3A15%3A00&e[0][date_end]=2026-10-22%2016%3A15%3A00&e[0][timezone]=America%2FDenver&e[0][title]=Young%20Scientists%20&e[0][description]=Join%20us%20to%20explore%20and%20learn%20about%20the%20world%20around%20you!%20Put%20your%20sleuthing%20skills%20to%20work%20on%20finding%20hidden%20fingerprints!%20Open%20to%20elementary-aged%20children%20and%20tweens%20ages%209-12.&e[0][location]=Windsor%20Library%20-%20Pikes%20Peak",FAILED,""
"https://clearview.libnet.info/event/17233532","https://addtocalendar.com/atc/google?utz=0&uln=en-US@posix&vjs=1.5&e[0][date_start]=2026-10-22%2015%3A15%3A00&e[0][date_end]=2026-10-22%2016%3A15%3A00&e[0][timezone]=America%2FDenver&e[0][title]=Young%20Scientists%20&e[0][description]=Join%20us%20to%20explore%20and%20learn%20about%20the%20world%20around%20you!%20Put%20your%20sleuthing%20skills%20to%20work%20on%20finding%20hidden%20fingerprints!%20Open%20to%20elementary-aged%20children%20and%20tweens%20ages%209-12.&e[0][location]=Windsor%20Library%20-%20Pikes%20Peak",FAILED,""
"https://clearview.libnet.info/event/17233532","https://addtocalendar.com/atc/outlook?utz=0&uln=en-US@posix&vjs=1.5&e[0][date_start]=2026-10-22%2015%3A15%3A00&e[0][date_end]=2026-10-22%2016%3A15%3A00&e[0][timezone]=America%2FDenver&e[0][title]=Young%20Scientists%20&e[0][description]=Join%20us%20to%20explore%20and%20learn%20about%20the%20world%20around%20you!%20Put%20your%20sleuthing%20skills%20to%20work%20on%20finding%20hidden%20fingerprints!%20Open%20to%20elementary-aged%20children%20and%20tweens%20ages%209-12.&e[0][location]=Windsor%20Library%20-%20Pikes%20Peak",FAILED,""
"https://clearview.libnet.info/event/17233532","https://addtocalendar.com/atc/outlookonline?utz=0&uln=en-US@posix&vjs=1.5&e[0][date_start]=2026-10-22%2015%3A15%3A00&e[0][date_end]=2026-10-22%2016%3A15%3A00&e[0][timezone]=America%2FDenver&e[0][title]=Young%20Scientists%20&e[0][description]=Join%20us%20to%20explore%20and%20learn%20about%20the%20world%20around%20you!%20Put%20your%20sleuthing%20skills%20to%20work%20on%20finding%20hidden%20fingerprints!%20Open%20to%20elementary-aged%20children%20and%20tweens%20ages%209-12.&e[0][location]=Windsor%20Library%20-%20Pikes%20Peak",FAILED,""
"https://clearview.libnet.info/event/17233532","https://addtocalendar.com/atc/yahoo?utz=0&uln=en-US@posix&vjs=1.5&e[0][date_start]=2026-10-22%2015%3A15%3A00&e[0][date_end]=2026-10-22%2016%3A15%3A00&e[0][timezone]=America%2FDenver&e[0][title]=Young%20Scientists%20&e[0][description]=Join%20us%20to%20explore%20and%20learn%20about%20the%20world%20around%20you!%20Put%20your%20sleuthing%20skills%20to%20work%20on%20finding%20hidden%20fingerprints!%20Open%20to%20elementary-aged%20children%20and%20tweens%20ages%209-12.&e[0][location]=Windsor%20Library%20-%20Pikes%20Peak",FAILED,""
"https://clearview.libnet.info/event/17042886","https://addtocalendar.com/atc/ical?utz=0&uln=en-US@posix&vjs=1.5&e[0][date_start]=2026-10-22%2015%3A30%3A00&e[0][date_end]=2026-10-22%2016%3A00%3A00&e[0][timezone]=America%2FDenver&e[0][title]=Bookmobile%20Stop%20at%20Overlook%20Park%20&e[0][description]=650%20Audubon%20Blvd%20-%20Severance&e[0][location]=Bookmobile%20-%20",FAILED,""
"https://clearview.libnet.info/event/17042886","https://addtocalendar.com/atc/google?utz=0&uln=en-US@posix&vjs=1.5&e[0][date_start]=2026-10-22%2015%3A30%3A00&e[0][date_end]=2026-10-22%2016%3A00%3A00&e[0][timezone]=America%2FDenver&e[0][title]=Bookmobile%20Stop%20at%20Overlook%20Park%20&e[0][description]=650%20Audubon%20Blvd%20-%20Severance&e[0][location]=Bookmobile%20-%20",FAILED,""
"https://clearview.libnet.info/event/17042886","https://addtocalendar.com/atc/outlook?utz=0&uln=en-US@posix&vjs=1.5&e[0][date_start]=2026-10-22%2015%3A30%3A00&e[0][date_end]=2026-10-22%2016%3A00%3A00&e[0][timezone]=America%2FDenver&e[0][title]=Bookmobile%20Stop%20at%20Overlook%20Park%20&e[0][description]=650%20Audubon%20Blvd%20-%20Severance&e[0][location]=Bookmobile%20-%20",FAILED,""
"https://clearview.libnet.info/event/17042886","https://addtocalendar.com/atc/outlookonline?utz=0&uln=en-US@posix&vjs=1.5&e[0][date_start]=2026-10-22%2015%3A30%3A00&e[0][date_end]=2026-10-22%2016%3A00%3A00&e[0][timezone]=America%2FDenver&e[0][title]=Bookmobile%20Stop%20at%20Overlook%20Park%20&e[0][description]=650%20Audubon%20Blvd%20-%20Severance&e[0][location]=Bookmobile%20-%20",FAILED,""
"https://clearview.libnet.info/event/17042886","https://addtocalendar.com/atc/yahoo?utz=0&uln=en-US@posix&vjs=1.5&e[0][date_start]=2026-10-22%2015%3A30%3A00&e[0][date_end]=2026-10-22%2016%3A00%3A00&e[0][timezone]=America%2FDenver&e[0][title]=Bookmobile%20Stop%20at%20Overlook%20Park%20&e[0][description]=650%20Audubon%20Blvd%20-%20Severance&e[0][location]=Bookmobile%20-%20",FAILED,""
"https://clearview.libnet.info/event/17561264","https://addtocalendar.com/atc/ical?utz=0&uln=en-US@posix&vjs=1.5&e[0][date_start]=2026-10-22%2015%3A30%3A00&e[0][date_end]=2026-10-22%2016%3A30%3A00&e[0][timezone]=America%2FDenver&e[0][title]=PAWS%20for%20Reading&e[0][description]=Dogs%20%2B%20Reading%20%3D%20Magic%0A&e[0][location]=Windsor%20Library%20-%20",FAILED,""
"https://clearview.libnet.info/event/17561264","https://addtocalendar.com/atc/google?utz=0&uln=en-US@posix&vjs=1.5&e[0][date_start]=2026-10-22%2015%3A30%3A00&e[0][date_end]=2026-10-22%2016%3A30%3A00&e[0][timezone]=America%2FDenver&e[0][title]=PAWS%20for%20Reading&e[0][description]=Dogs%20%2B%20Reading%20%3D%20Magic%0A&e[0][location]=Windsor%20Library%20-%20",FAILED,""
"https://clearview.libnet.info/event/17561264","https://addtocalendar.com/atc/outlook?utz=0&uln=en-US@posix&vjs=1.5&e[0][date_start]=2026-10-22%2015%3A30%3A00&e[0][date_end]=2026-10-22%2016%3A30%3A00&e[0][timezone]=America%2FDenver&e[0][title]=PAWS%20for%20Reading&e[0][description]=Dogs%20%2B%20Reading%20%3D%20Magic%0A&e[0][location]=Windsor%20Library%20-%20",FAILED,""
"https://clearview.libnet.info/event/17561264","https://addtocalendar.com/atc/outlookonline?utz=0&uln=en-US@posix&vjs=1.5&e[0][date_start]=2026-10-22%2015%3A30%3A00&e[0][date_end]=2026-10-22%2016%3A30%3A00&e[0][timezone]=America%2FDenver&e[0][title]=PAWS%20for%20Reading&e[0][description]=Dogs%20%2B%20Reading%20%3D%20Magic%0A&e[0][location]=Windsor%20Library%20-%20",FAILED,""
"https://clearview.libnet.info/event/17561264","https://addtocalendar.com/atc/yahoo?utz=0&uln=en-US@posix&vjs=1.5&e[0][date_start]=2026-10-22%2015%3A30%3A00&e[0][date_end]=2026-10-22%2016%3A30%3A00&e[0][timezone]=America%2FDenver&e[0][title]=PAWS%20for%20Reading&e[0][description]=Dogs%20%2B%20Reading%20%3D%20Magic%0A&e[0][location]=Windsor%20Library%20-%20",FAILED,""
"https://clearview.libnet.info/event/17042892","https://addtocalendar.com/atc/ical?utz=0&uln=en-US@posix&vjs=1.5&e[0][date_start]=2026-10-22%2016%3A30%3A00&e[0][date_end]=2026-10-22%2017%3A00%3A00&e[0][timezone]=America%2FDenver&e[0][title]=Bookmobile%20Stop%20at%20Village%20East%20Park&e[0][description]=865%20Park%20Edge%20Cir%20-%20Windsor&e[0][location]=Bookmobile%20-%20",FAILED,""
"https://clearview.libnet.info/event/17042892","https://addtocalendar.com/atc/google?utz=0&uln=en-US@posix&vjs=1.5&e[0][date_start]=2026-10-22%2016%3A30%3A00&e[0][date_end]=2026-10-22%2017%3A00%3A00&e[0][timezone]=America%2FDenver&e[0][title]=Bookmobile%20Stop%20at%20Village%20East%20Park&e[0][description]=865%20Park%20Edge%20Cir%20-%20Windsor&e[0][location]=Bookmobile%20-%20",FAILED,""
"https://clearview.libnet.info/event/17042892","https://addtocalendar.com/atc/outlook?utz=0&uln=en-US@posix&vjs=1.5&e[0][date_start]=2026-10-22%2016%3A30%3A00&e[0][date_end]=2026-10-22%2017%3A00%3A00&e[0][timezone]=America%2FDenver&e[0][title]=Bookmobile%20Stop%20at%20Village%20East%20Park&e[0][description]=865%20Park%20Edge%20Cir%20-%20Windsor&e[0][location]=Bookmobile%20-%20",FAILED,""
"https://clearview.libnet.info/event/17042892","https://addtocalendar.com/atc/outlookonline?utz=0&uln=en-US@posix&vjs=1.5&e[0][date_start]=2026-10-22%2016%3A30%3A00&e[0][date_end]=2026-10-22%2017%3A00%3A00&e[0][timezone]=America%2FDenver&e[0][title]=Bookmobile%20Stop%20at%20Village%20East%20Park&e[0][description]=865%20Park%20Edge%20Cir%20-%20Windsor&e[0][location]=Bookmobile%20-%20",FAILED,""
"https://clearview.libnet.info/event/17042892","https://addtocalendar.com/atc/yahoo?utz=0&uln=en-US@posix&vjs=1.5&e[0][date_start]=2026-10-22%2016%3A30%3A00&e[0][date_end]=2026-10-22%2017%3A00%3A00&e[0][timezone]=America%2FDenver&e[0][title]=Bookmobile%20Stop%20at%20Village%20East%20Park&e[0][description]=865%20Park%20Edge%20Cir%20-%20Windsor&e[0][location]=Bookmobile%20-%20",FAILED,""
"https://clearview.libnet.info/event/17042916","https://addtocalendar.com/atc/ical?utz=0&uln=en-US@posix&vjs=1.5&e[0][date_start]=2026-10-22%2017%3A30%3A00&e[0][date_end]=2026-10-22%2018%3A00%3A00&e[0][timezone]=America%2FDenver&e[0][title]=Bookmobile%20Stop%20at%20Promontory%20Community%20Park%20&e[0][description]=W%2013th%20St%20-%20Greeley&e[0][location]=Bookmobile%20-%20",FAILED,""
"https://clearview.libnet.info/event/17042916","https://addtocalendar.com/atc/google?utz=0&uln=en-US@posix&vjs=1.5&e[0][date_start]=2026-10-22%2017%3A30%3A00&e[0][date_end]=2026-10-22%2018%3A00%3A00&e[0][timezone]=America%2FDenver&e[0][title]=Bookmobile%20Stop%20at%20Promontory%20Community%20Park%20&e[0][description]=W%2013th%20St%20-%20Greeley&e[0][location]=Bookmobile%20-%20",FAILED,""
"https://clearview.libnet.info/event/17042916","https://addtocalendar.com/atc/outlook?utz=0&uln=en-US@posix&vjs=1.5&e[0][date_start]=2026-10-22%2017%3A30%3A00&e[0][date_end]=2026-10-22%2018%3A00%3A00&e[0][timezone]=America%2FDenver&e[0][title]=Bookmobile%20Stop%20at%20Promontory%20Community%20Park%20&e[0][description]=W%2013th%20St%20-%20Greeley&e[0][location]=Bookmobile%20-%20",FAILED,""
"https://clearview.libnet.info/event/17042916","https://addtocalendar.com/atc/outlookonline?utz=0&uln=en-US@posix&vjs=1.5&e[0][date_start]=2026-10-22%2017%3A30%3A00&e[0][date_end]=2026-10-22%2018%3A00%3A00&e[0][timezone]=America%2FDenver&e[0][title]=Bookmobile%20Stop%20at%20Promontory%20Community%20Park%20&e[0][description]=W%2013th%20St%20-%20Greeley&e[0][location]=Bookmobile%20-%20",FAILED,""
"https://clearview.libnet.info/event/17042916","https://addtocalendar.com/atc/yahoo?utz=0&uln=en-US@posix&vjs=1.5&e[0][date_start]=2026-10-22%2017%3A30%3A00&e[0][date_end]=2026-10-22%2018%3A00%3A00&e[0][timezone]=America%2FDenver&e[0][title]=Bookmobile%20Stop%20at%20Promontory%20Community%20Park%20&e[0][description]=W%2013th%20St%20-%20Greeley&e[0][location]=Bookmobile%20-%20",FAILED,""
"https://clearview.libnet.info/event/17306096","https://addtocalendar.com/atc/ical?utz=0&uln=en-US@posix&vjs=1.5&e[0][date_start]=2026-10-22%2018%3A00%3A00&e[0][date_end]=2026-10-22%2019%3A00%3A00&e[0][timezone]=America%2FDenver&e[0][title]=Teen%20DIY&e[0][description]=Teens%2C%20welcome%20to%20our%20monthly%20crafting%20sessions%20where%20we%27ll%20explore%20various%20art%20techniques.%20This%20month%2C%20decorate%20a%20spooky%20planter%20(skeletons%20included!)%20%26amp%3B%20learn%20about%20your%20plant%20from%20a%20Master%20Gardener.&e[0][location]=Windsor%20Library%20-%20Castle%20Peak",FAILED,""
"https://clearview.libnet.info/event/17306096","https://addtocalendar.com/atc/google?utz=0&uln=en-US@posix&vjs=1.5&e[0][date_start]=2026-10-22%2018%3A00%3A00&e[0][date_end]=2026-10-22%2019%3A00%3A00&e[0][timezone]=America%2FDenver&e[0][title]=Teen%20DIY&e[0][description]=Teens%2C%20welcome%20to%20our%20monthly%20crafting%20sessions%20where%20we%27ll%20explore%20various%20art%20techniques.%20This%20month%2C%20decorate%20a%20spooky%20planter%20(skeletons%20included!)%20%26amp%3B%20learn%20about%20your%20plant%20from%20a%20Master%20Gardener.&e[0][location]=Windsor%20Library%20-%20Castle%20Peak",FAILED,""
"https://clearview.libnet.info/event/17306096","https://addtocalendar.com/atc/outlook?utz=0&uln=en-US@posix&vjs=1.5&e[0][date_start]=2026-10-22%2018%3A00%3A00&e[0][date_end]=2026-10-22%2019%3A00%3A00&e[0][timezone]=America%2FDenver&e[0][title]=Teen%20DIY&e[0][description]=Teens%2C%20welcome%20to%20our%20monthly%20crafting%20sessions%20where%20we%27ll%20explore%20various%20art%20techniques.%20This%20month%2C%20decorate%20a%20spooky%20planter%20(skeletons%20included!)%20%26amp%3B%20learn%20about%20your%20plant%20from%20a%20Master%20Gardener.&e[0][location]=Windsor%20Library%20-%20Castle%20Peak",FAILED,""
"https://clearview.libnet.info/event/17306096","https://addtocalendar.com/atc/outlookonline?utz=0&uln=en-US@posix&vjs=1.5&e[0][date_start]=2026-10-22%2018%3A00%3A00&e[0][date_end]=2026-10-22%2019%3A00%3A00&e[0][timezone]=America%2FDenver&e[0][title]=Teen%20DIY&e[0][description]=Teens%2C%20welcome%20to%20our%20monthly%20crafting%20sessions%20where%20we%27ll%20explore%20various%20art%20techniques.%20This%20month%2C%20decorate%20a%20spooky%20planter%20(skeletons%20included!)%20%26amp%3B%20learn%20about%20your%20plant%20from%20a%20Master%20Gardener.&e[0][location]=Windsor%20Library%20-%20Castle%20Peak",FAILED,""
"https://clearview.libnet.info/event/17306096","https://addtocalendar.com/atc/yahoo?utz=0&uln=en-US@posix&vjs=1.5&e[0][date_start]=2026-10-22%2018%3A00%3A00&e[0][date_end]=2026-10-22%2019%3A00%3A00&e[0][timezone]=America%2FDenver&e[0][title]=Teen%20DIY&e[0][description]=Teens%2C%20welcome%20to%20our%20monthly%20crafting%20sessions%20where%20we%27ll%20explore%20various%20art%20techniques.%20This%20month%2C%20decorate%20a%20spooky%20planter%20(skeletons%20included!)%20%26amp%3B%20learn%20about%20your%20plant%20from%20a%20Master%20Gardener.&e[0][location]=Windsor%20Library%20-%20Castle%20Peak",FAILED,""
"https://clearview.libnet.info/event/17274558","https://addtocalendar.com/atc/ical?utz=0&uln=en-US@posix&vjs=1.5&e[0][date_start]=2026-10-23%2009%3A00%3A00&e[0][date_end]=2026-10-23%2012%3A30%3A00&e[0][timezone]=America%2FDenver&e[0][title]=One-on-One%20Medicare%20Counseling%20&e[0][description]=Sign-up%20for%20individualized%20help%20during%20Medicare%20Open%20Enrollment%20to%20review%20your%20current%20prescription%20drug%20plan%20or%20Medicare%20Advantage%20plan%20and%20get%20help%20making%20decisions%20for%20the%20new%20year.%20%20&e[0][location]=Windsor%20Library%20-%20Geneva%20Peak%2C%20James%20Peak%2C%20Castle%20Peak",FAILED,""
"https://clearview.libnet.info/event/17274558","https://addtocalendar.com/atc/google?utz=0&uln=en-US@posix&vjs=1.5&e[0][date_start]=2026-10-23%2009%3A00%3A00&e[0][date_end]=2026-10-23%2012%3A30%3A00&e[0][timezone]=America%2FDenver&e[0][title]=One-on-One%20Medicare%20Counseling%20&e[0][description]=Sign-up%20for%20individualized%20help%20during%20Medicare%20Open%20Enrollment%20to%20review%20your%20current%20prescription%20drug%20plan%20or%20Medicare%20Advantage%20plan%20and%20get%20help%20making%20decisions%20for%20the%20new%20year.%20%20&e[0][location]=Windsor%20Library%20-%20Geneva%20Peak%2C%20James%20Peak%2C%20Castle%20Peak",FAILED,""
"https://clearview.libnet.info/event/17274558","https://addtocalendar.com/atc/outlook?utz=0&uln=en-US@posix&vjs=1.5&e[0][date_start]=2026-10-23%2009%3A00%3A00&e[0][date_end]=2026-10-23%2012%3A30%3A00&e[0][timezone]=America%2FDenver&e[0][title]=One-on-One%20Medicare%20Counseling%20&e[0][description]=Sign-up%20for%20individualized%20help%20during%20Medicare%20Open%20Enrollment%20to%20review%20your%20current%20prescription%20drug%20plan%20or%20Medicare%20Advantage%20plan%20and%20get%20help%20making%20decisions%20for%20the%20new%20year.%20%20&e[0][location]=Windsor%20Library%20-%20Geneva%20Peak%2C%20James%20Peak%2C%20Castle%20Peak",FAILED,""
"https://clearview.libnet.info/event/17274558","https://addtocalendar.com/atc/outlookonline?utz=0&uln=en-US@posix&vjs=1.5&e[0][date_start]=2026-10-23%2009%3A00%3A00&e[0][date_end]=2026-10-23%2012%3A30%3A00&e[0][timezone]=America%2FDenver&e[0][title]=One-on-One%20Medicare%20Counseling%20&e[0][description]=Sign-up%20for%20individualized%20help%20during%20Medicare%20Open%20Enrollment%20to%20review%20your%20current%20prescription%20drug%20plan%20or%20Medicare%20Advantage%20plan%20and%20get%20help%20making%20decisions%20for%20the%20new%20year.%20%20&e[0][location]=Windsor%20Library%20-%20Geneva%20Peak%2C%20James%20Peak%2C%20Castle%20Peak",FAILED,""
"https://clearview.libnet.info/event/17274558","https://addtocalendar.com/atc/yahoo?utz=0&uln=en-US@posix&vjs=1.5&e[0][date_start]=2026-10-23%2009%3A00%3A00&e[0][date_end]=2026-10-23%2012%3A30%3A00&e[0][timezone]=America%2FDenver&e[0][title]=One-on-One%20Medicare%20Counseling%20&e[0][description]=Sign-up%20for%20individualized%20help%20during%20Medicare%20Open%20Enrollment%20to%20review%20your%20current%20prescription%20drug%20plan%20or%20Medicare%20Advantage%20plan%20and%20get%20help%20making%20decisions%20for%20the%20new%20year.%20%20&e[0][location]=Windsor%20Library%20-%20Geneva%20Peak%2C%20James%20Peak%2C%20Castle%20Peak",FAILED,""
"https://clearview.libnet.info/event/17228902","https://addtocalendar.com/atc/ical?utz=0&uln=en-US@posix&vjs=1.5&e[0][date_start]=2026-10-23%2009%3A30%3A00&e[0][date_end]=2026-10-23%2010%3A00%3A00&e[0][timezone]=America%2FDenver&e[0][title]=Babies%20and%20Books&e[0][description]=Grow%20your%20reader%20as%20we%20enjoy%20books%2C%20rhymes%2C%20songs%2C%20sensory%20activities%2C%20and%20active%20movement%20during%20this%20lapsit%20storytime.%20For%20ages%20birth%20to%202%20years.%20Older%20siblings%20welcome.&e[0][location]=Windsor%20Library%20-%20Pikes%20Peak",FAILED,""
"https://clearview.libnet.info/event/17228902","https://addtocalendar.com/atc/google?utz=0&uln=en-US@posix&vjs=1.5&e[0][date_start]=2026-10-23%2009%3A30%3A00&e[0][date_end]=2026-10-23%2010%3A00%3A00&e[0][timezone]=America%2FDenver&e[0][title]=Babies%20and%20Books&e[0][description]=Grow%20your%20reader%20as%20we%20enjoy%20books%2C%20rhymes%2C%20songs%2C%20sensory%20activities%2C%20and%20active%20movement%20during%20this%20lapsit%20storytime.%20For%20ages%20birth%20to%202%20years.%20Older%20siblings%20welcome.&e[0][location]=Windsor%20Library%20-%20Pikes%20Peak",FAILED,""
"https://clearview.libnet.info/event/17228902","https://addtocalendar.com/atc/outlook?utz=0&uln=en-US@posix&vjs=1.5&e[0][date_start]=2026-10-23%2009%3A30%3A00&e[0][date_end]=2026-10-23%2010%3A00%3A00&e[0][timezone]=America%2FDenver&e[0][title]=Babies%20and%20Books&e[0][description]=Grow%20your%20reader%20as%20we%20enjoy%20books%2C%20rhymes%2C%20songs%2C%20sensory%20activities%2C%20and%20active%20movement%20during%20this%20lapsit%20storytime.%20For%20ages%20birth%20to%202%20years.%20Older%20siblings%20welcome.&e[0][location]=Windsor%20Library%20-%20Pikes%20Peak",FAILED,""
"https://clearview.libnet.info/event/17228902","https://addtocalendar.com/atc/outlookonline?utz=0&uln=en-US@posix&vjs=1.5&e[0][date_start]=2026-10-23%2009%3A30%3A00&e[0][date_end]=2026-10-23%2010%3A00%3A00&e[0][timezone]=America%2FDenver&e[0][title]=Babies%20and%20Books&e[0][description]=Grow%20your%20reader%20as%20we%20enjoy%20books%2C%20rhymes%2C%20songs%2C%20sensory%20activities%2C%20and%20active%20movement%20during%20this%20lapsit%20storytime.%20For%20ages%20birth%20to%202%20years.%20Older%20siblings%20welcome.&e[0][location]=Windsor%20Library%20-%20Pikes%20Peak",FAILED,""
"https://clearview.libnet.info/event/17228902","https://addtocalendar.com/atc/yahoo?utz=0&uln=en-US@posix&vjs=1.5&e[0][date_start]=2026-10-23%2009%3A30%3A00&e[0][date_end]=2026-10-23%2010%3A00%3A00&e[0][timezone]=America%2FDenver&e[0][title]=Babies%20and%20Books&e[0][description]=Grow%20your%20reader%20as%20we%20enjoy%20books%2C%20rhymes%2C%20songs%2C%20sensory%20activities%2C%20and%20active%20movement%20during%20this%20lapsit%20storytime.%20For%20ages%20birth%20to%202%20years.%20Older%20siblings%20welcome.&e[0][location]=Windsor%20Library%20-%20Pikes%20Peak",FAILED,""
"https://clearview.libnet.info/event/17229028","https://addtocalendar.com/atc/ical?utz=0&uln=en-US@posix&vjs=1.5&e[0][date_start]=2026-10-23%2010%3A00%3A00&e[0][date_end]=2026-10-23%2010%3A30%3A00&e[0][timezone]=America%2FDenver&e[0][title]=Stay%20and%20Play%20&e[0][description]=Babies%20and%20toddlers%20will%20enjoy%20open-ended%20playtime%20in%20a%20relaxed%20atmosphere%20that%20promotes%20growth%2C%20exploration%2C%20and%20learning.%20Intended%20for%20children%20ages%200%20to%202%20and%20their%20caregivers%20or%20families.&e[0][location]=Windsor%20Library%20-%20Pikes%20Peak",FAILED,""
"https://clearview.libnet.info/event/17229028","https://addtocalendar.com/atc/google?utz=0&uln=en-US@posix&vjs=1.5&e[0][date_start]=2026-10-23%2010%3A00%3A00&e[0][date_end]=2026-10-23%2010%3A30%3A00&e[0][timezone]=America%2FDenver&e[0][title]=Stay%20and%20Play%20&e[0][description]=Babies%20and%20toddlers%20will%20enjoy%20open-ended%20playtime%20in%20a%20relaxed%20atmosphere%20that%20promotes%20growth%2C%20exploration%2C%20and%20learning.%20Intended%20for%20children%20ages%200%20to%202%20and%20their%20caregivers%20or%20families.&e[0][location]=Windsor%20Library%20-%20Pikes%20Peak",FAILED,""
"https://clearview.libnet.info/event/17229028","https://addtocalendar.com/atc/outlook?utz=0&uln=en-US@posix&vjs=1.5&e[0][date_start]=2026-10-23%2010%3A00%3A00&e[0][date_end]=2026-10-23%2010%3A30%3A00&e[0][timezone]=America%2FDenver&e[0][title]=Stay%20and%20Play%20&e[0][description]=Babies%20and%20toddlers%20will%20enjoy%20open-ended%20playtime%20in%20a%20relaxed%20atmosphere%20that%20promotes%20growth%2C%20exploration%2C%20and%20learning.%20Intended%20for%20children%20ages%200%20to%202%20and%20their%20caregivers%20or%20families.&e[0][location]=Windsor%20Library%20-%20Pikes%20Peak",FAILED,""
"https://clearview.libnet.info/event/17229028","https://addtocalendar.com/atc/outlookonline?utz=0&uln=en-US@posix&vjs=1.5&e[0][date_start]=2026-10-23%2010%3A00%3A00&e[0][date_end]=2026-10-23%2010%3A30%3A00&e[0][timezone]=America%2FDenver&e[0][title]=Stay%20and%20Play%20&e[0][description]=Babies%20and%20toddlers%20will%20enjoy%20open-ended%20playtime%20in%20a%20relaxed%20atmosphere%20that%20promotes%20growth%2C%20exploration%2C%20and%20learning.%20Intended%20for%20children%20ages%200%20to%202%20and%20their%20caregivers%20or%20families.&e[0][location]=Windsor%20Library%20-%20Pikes%20Peak",FAILED,""
"https://clearview.libnet.info/event/17229028","https://addtocalendar.com/atc/yahoo?utz=0&uln=en-US@posix&vjs=1.5&e[0][date_start]=2026-10-23%2010%3A00%3A00&e[0][date_end]=2026-10-23%2010%3A30%3A00&e[0][timezone]=America%2FDenver&e[0][title]=Stay%20and%20Play%20&e[0][description]=Babies%20and%20toddlers%20will%20enjoy%20open-ended%20playtime%20in%20a%20relaxed%20atmosphere%20that%20promotes%20growth%2C%20exploration%2C%20and%20learning.%20Intended%20for%20children%20ages%200%20to%202%20and%20their%20caregivers%20or%20families.&e[0][location]=Windsor%20Library%20-%20Pikes%20Peak",FAILED,""
"https://clearview.libnet.info/event/17561243","https://addtocalendar.com/atc/ical?utz=0&uln=en-US@posix&vjs=1.5&e[0][date_start]=2026-10-23%2010%3A00%3A00&e[0][date_end]=2026-10-23%2011%3A00%3A00&e[0][timezone]=America%2FDenver&e[0][title]=PAWS%20for%20Reading&e[0][description]=Dogs%20%2B%20Reading%20%3D%20Magic%0A&e[0][location]=Windsor%20Library%20-%20",FAILED,""
"https://clearview.libnet.info/event/17561243","https://addtocalendar.com/atc/google?utz=0&uln=en-US@posix&vjs=1.5&e[0][date_start]=2026-10-23%2010%3A00%3A00&e[0][date_end]=2026-10-23%2011%3A00%3A00&e[0][timezone]=America%2FDenver&e[0][title]=PAWS%20for%20Reading&e[0][description]=Dogs%20%2B%20Reading%20%3D%20Magic%0A&e[0][location]=Windsor%20Library%20-%20",FAILED,""
"https://clearview.libnet.info/event/17561243","https://addtocalendar.com/atc/outlook?utz=0&uln=en-US@posix&vjs=1.5&e[0][date_start]=2026-10-23%2010%3A00%3A00&e[0][date_end]=2026-10-23%2011%3A00%3A00&e[0][timezone]=America%2FDenver&e[0][title]=PAWS%20for%20Reading&e[0][description]=Dogs%20%2B%20Reading%20%3D%20Magic%0A&e[0][location]=Windsor%20Library%20-%20",FAILED,""
"https://clearview.libnet.info/event/17561243","https://addtocalendar.com/atc/outlookonline?utz=0&uln=en-US@posix&vjs=1.5&e[0][date_start]=2026-10-23%2010%3A00%3A00&e[0][date_end]=2026-10-23%2011%3A00%3A00&e[0][timezone]=America%2FDenver&e[0][title]=PAWS%20for%20Reading&e[0][description]=Dogs%20%2B%20Reading%20%3D%20Magic%0A&e[0][location]=Windsor%20Library%20-%20",FAILED,""
"https://clearview.libnet.info/event/17561243","https://addtocalendar.com/atc/yahoo?utz=0&uln=en-US@posix&vjs=1.5&e[0][date_start]=2026-10-23%2010%3A00%3A00&e[0][date_end]=2026-10-23%2011%3A00%3A00&e[0][timezone]=America%2FDenver&e[0][title]=PAWS%20for%20Reading&e[0][description]=Dogs%20%2B%20Reading%20%3D%20Magic%0A&e[0][location]=Windsor%20Library%20-%20",FAILED,""
"https://clearview.libnet.info/event/17239664","https://addtocalendar.com/atc/ical?utz=0&uln=en-US@posix&vjs=1.5&e[0][date_start]=2026-10-23%2010%3A30%3A00&e[0][date_end]=2026-10-23%2011%3A15%3A00&e[0][timezone]=America%2FDenver&e[0][title]=Lil%27%20Bites%20&e[0][description]=A%20cooking%20class%2C%20perfect%20for%20little%20ones!%20In%20this%20session%2C%20we%20will%20make%20pumpkin%20pudding%2C%20a%20scrumptious%20seasonal%20snack!%20For%20ages%203-5.&e[0][location]=Severance%20Library%20-%20Cottonwood",FAILED,""
"https://clearview.libnet.info/event/17239664","https://addtocalendar.com/atc/google?utz=0&uln=en-US@posix&vjs=1.5&e[0][date_start]=2026-10-23%2010%3A30%3A00&e[0][date_end]=2026-10-23%2011%3A15%3A00&e[0][timezone]=America%2FDenver&e[0][title]=Lil%27%20Bites%20&e[0][description]=A%20cooking%20class%2C%20perfect%20for%20little%20ones!%20In%20this%20session%2C%20we%20will%20make%20pumpkin%20pudding%2C%20a%20scrumptious%20seasonal%20snack!%20For%20ages%203-5.&e[0][location]=Severance%20Library%20-%20Cottonwood",FAILED,""
"https://clearview.libnet.info/event/17239664","https://addtocalendar.com/atc/outlook?utz=0&uln=en-US@posix&vjs=1.5&e[0][date_start]=2026-10-23%2010%3A30%3A00&e[0][date_end]=2026-10-23%2011%3A15%3A00&e[0][timezone]=America%2FDenver&e[0][title]=Lil%27%20Bites%20&e[0][description]=A%20cooking%20class%2C%20perfect%20for%20little%20ones!%20In%20this%20session%2C%20we%20will%20make%20pumpkin%20pudding%2C%20a%20scrumptious%20seasonal%20snack!%20For%20ages%203-5.&e[0][location]=Severance%20Library%20-%20Cottonwood",FAILED,""
"https://clearview.libnet.info/event/17239664","https://addtocalendar.com/atc/outlookonline?utz=0&uln=en-US@posix&vjs=1.5&e[0][date_start]=2026-10-23%2010%3A30%3A00&e[0][date_end]=2026-10-23%2011%3A15%3A00&e[0][timezone]=America%2FDenver&e[0][title]=Lil%27%20Bites%20&e[0][description]=A%20cooking%20class%2C%20perfect%20for%20little%20ones!%20In%20this%20session%2C%20we%20will%20make%20pumpkin%20pudding%2C%20a%20scrumptious%20seasonal%20snack!%20For%20ages%203-5.&e[0][location]=Severance%20Library%20-%20Cottonwood",FAILED,""
"https://clearview.libnet.info/event/17239664","https://addtocalendar.com/atc/yahoo?utz=0&uln=en-US@posix&vjs=1.5&e[0][date_start]=2026-10-23%2010%3A30%3A00&e[0][date_end]=2026-10-23%2011%3A15%3A00&e[0][timezone]=America%2FDenver&e[0][title]=Lil%27%20Bites%20&e[0][description]=A%20cooking%20class%2C%20perfect%20for%20little%20ones!%20In%20this%20session%2C%20we%20will%20make%20pumpkin%20pudding%2C%20a%20scrumptious%20seasonal%20snack!%20For%20ages%203-5.&e[0][location]=Severance%20Library%20-%20Cottonwood",FAILED,""
"https://clearview.libnet.info/event/17042937","https://addtocalendar.com/atc/ical?utz=0&uln=en-US@posix&vjs=1.5&e[0][date_start]=2026-10-23%2014%3A30%3A00&e[0][date_end]=2026-10-23%2015%3A00%3A00&e[0][timezone]=America%2FDenver&e[0][title]=Bookmobile%20Stop%20at%20Range%20View%20Elementary%20&e[0][description]=700%20Ponderosa%20Dr%20-%20Severance&e[0][location]=Bookmobile%20-%20",FAILED,""
"https://clearview.libnet.info/event/17042937","https://addtocalendar.com/atc/google?utz=0&uln=en-US@posix&vjs=1.5&e[0][date_start]=2026-10-23%2014%3A30%3A00&e[0][date_end]=2026-10-23%2015%3A00%3A00&e[0][timezone]=America%2FDenver&e[0][title]=Bookmobile%20Stop%20at%20Range%20View%20Elementary%20&e[0][description]=700%20Ponderosa%20Dr%20-%20Severance&e[0][location]=Bookmobile%20-%20",FAILED,""
"https://clearview.libnet.info/event/17042937","https://addtocalendar.com/atc/outlook?utz=0&uln=en-US@posix&vjs=1.5&e[0][date_start]=2026-10-23%2014%3A30%3A00&e[0][date_end]=2026-10-23%2015%3A00%3A00&e[0][timezone]=America%2FDenver&e[0][title]=Bookmobile%20Stop%20at%20Range%20View%20Elementary%20&e[0][description]=700%20Ponderosa%20Dr%20-%20Severance&e[0][location]=Bookmobile%20-%20",FAILED,""
"https://clearview.libnet.info/event/17042937","https://addtocalendar.com/atc/outlookonline?utz=0&uln=en-US@posix&vjs=1.5&e[0][date_start]=2026-10-23%2014%3A30%3A00&e[0][date_end]=2026-10-23%2015%3A00%3A00&e[0][timezone]=America%2FDenver&e[0][title]=Bookmobile%20Stop%20at%20Range%20View%20Elementary%20&e[0][description]=700%20Ponderosa%20Dr%20-%20Severance&e[0][location]=Bookmobile%20-%20",FAILED,""
"https://clearview.libnet.info/event/17042937","https://addtocalendar.com/atc/yahoo?utz=0&uln=en-US@posix&vjs=1.5&e[0][date_start]=2026-10-23%2014%3A30%3A00&e[0][date_end]=2026-10-23%2015%3A00%3A00&e[0][timezone]=America%2FDenver&e[0][title]=Bookmobile%20Stop%20at%20Range%20View%20Elementary%20&e[0][description]=700%20Ponderosa%20Dr%20-%20Severance&e[0][location]=Bookmobile%20-%20",FAILED,""
"https://clearview.libnet.info/event/17227363","https://addtocalendar.com/atc/ical?utz=0&uln=en-US@posix&vjs=1.5&e[0][date_start]=2026-10-23%2017%3A00%3A00&e[0][date_end]=2026-10-23%2019%3A00%3A00&e[0][timezone]=America%2FDenver&e[0][title]=Teen%20Video%20Gaming&e[0][description]=Teens%2C%20you%E2%80%99re%20invited%20for%20after-hours%20video%20games%2C%20Virtual%20Reality%20(VR)%2C%20snacks%2C%20friends%2C%20and%E2%80%94most%20of%20all%E2%80%94a%20little%20good-natured%20competition.&e[0][location]=Severance%20Library%20-%20Teen%20Studio",FAILED,""
"https://clearview.libnet.info/event/17227363","https://addtocalendar.com/atc/google?utz=0&uln=en-US@posix&vjs=1.5&e[0][date_start]=2026-10-23%2017%3A00%3A00&e[0][date_end]=2026-10-23%2019%3A00%3A00&e[0][timezone]=America%2FDenver&e[0][title]=Teen%20Video%20Gaming&e[0][description]=Teens%2C%20you%E2%80%99re%20invited%20for%20after-hours%20video%20games%2C%20Virtual%20Reality%20(VR)%2C%20snacks%2C%20friends%2C%20and%E2%80%94most%20of%20all%E2%80%94a%20little%20good-natured%20competition.&e[0][location]=Severance%20Library%20-%20Teen%20Studio",FAILED,""
"https://clearview.libnet.info/event/17227363","https://addtocalendar.com/atc/outlook?utz=0&uln=en-US@posix&vjs=1.5&e[0][date_start]=2026-10-23%2017%3A00%3A00&e[0][date_end]=2026-10-23%2019%3A00%3A00&e[0][timezone]=America%2FDenver&e[0][title]=Teen%20Video%20Gaming&e[0][description]=Teens%2C%20you%E2%80%99re%20invited%20for%20after-hours%20video%20games%2C%20Virtual%20Reality%20(VR)%2C%20snacks%2C%20friends%2C%20and%E2%80%94most%20of%20all%E2%80%94a%20little%20good-natured%20competition.&e[0][location]=Severance%20Library%20-%20Teen%20Studio",FAILED,""
"https://clearview.libnet.info/event/17227363","https://addtocalendar.com/atc/outlookonline?utz=0&uln=en-US@posix&vjs=1.5&e[0][date_start]=2026-10-23%2017%3A00%3A00&e[0][date_end]=2026-10-23%2019%3A00%3A00&e[0][timezone]=America%2FDenver&e[0][title]=Teen%20Video%20Gaming&e[0][description]=Teens%2C%20you%E2%80%99re%20invited%20for%20after-hours%20video%20games%2C%20Virtual%20Reality%20(VR)%2C%20snacks%2C%20friends%2C%20and%E2%80%94most%20of%20all%E2%80%94a%20little%20good-natured%20competition.&e[0][location]=Severance%20Library%20-%20Teen%20Studio",FAILED,""
"https://clearview.libnet.info/event/17227363","https://addtocalendar.com/atc/yahoo?utz=0&uln=en-US@posix&vjs=1.5&e[0][date_start]=2026-10-23%2017%3A00%3A00&e[0][date_end]=2026-10-23%2019%3A00%3A00&e[0][timezone]=America%2FDenver&e[0][title]=Teen%20Video%20Gaming&e[0][description]=Teens%2C%20you%E2%80%99re%20invited%20for%20after-hours%20video%20games%2C%20Virtual%20Reality%20(VR)%2C%20snacks%2C%20friends%2C%20and%E2%80%94most%20of%20all%E2%80%94a%20little%20good-natured%20competition.&e[0][location]=Severance%20Library%20-%20Teen%20Studio",FAILED,""
"https://clearview.libnet.info/event/17228100","https://addtocalendar.com/atc/ical?utz=0&uln=en-US@posix&vjs=1.5&e[0][date_start]=2026-10-24%2012%3A00%3A00&e[0][date_end]=2026-10-24%2016%3A00%3A00&e[0][timezone]=America%2FDenver&e[0][title]=Teen%20Dungeons%20%26amp%3B%20Dragons&e[0][description]=Monthly%20campaigns%20will%20be%20led%20by%20our%20expert%20Dungeon%20Master.%20Teens%20will%20have%20the%20chance%20to%20work%20on%20their%20characters%2C%20learn%20the%20basics%20of%20Dungeons%20%26amp%3B%20Dragons%2C%20and%20role-play%20in%20a%20world%20where%20dragons%20rule.&e[0][location]=Windsor%20Library%20-%20Pikes%20Peak",FAILED,""
"https://clearview.libnet.info/event/17228100","https://addtocalendar.com/atc/google?utz=0&uln=en-US@posix&vjs=1.5&e[0][date_start]=2026-10-24%2012%3A00%3A00&e[0][date_end]=2026-10-24%2016%3A00%3A00&e[0][timezone]=America%2FDenver&e[0][title]=Teen%20Dungeons%20%26amp%3B%20Dragons&e[0][description]=Monthly%20campaigns%20will%20be%20led%20by%20our%20expert%20Dungeon%20Master.%20Teens%20will%20have%20the%20chance%20to%20work%20on%20their%20characters%2C%20learn%20the%20basics%20of%20Dungeons%20%26amp%3B%20Dragons%2C%20and%20role-play%20in%20a%20world%20where%20dragons%20rule.&e[0][location]=Windsor%20Library%20-%20Pikes%20Peak",FAILED,""
"https://clearview.libnet.info/event/17228100","https://addtocalendar.com/atc/outlook?utz=0&uln=en-US@posix&vjs=1.5&e[0][date_start]=2026-10-24%2012%3A00%3A00&e[0][date_end]=2026-10-24%2016%3A00%3A00&e[0][timezone]=America%2FDenver&e[0][title]=Teen%20Dungeons%20%26amp%3B%20Dragons&e[0][description]=Monthly%20campaigns%20will%20be%20led%20by%20our%20expert%20Dungeon%20Master.%20Teens%20will%20have%20the%20chance%20to%20work%20on%20their%20characters%2C%20learn%20the%20basics%20of%20Dungeons%20%26amp%3B%20Dragons%2C%20and%20role-play%20in%20a%20world%20where%20dragons%20rule.&e[0][location]=Windsor%20Library%20-%20Pikes%20Peak",FAILED,""
"https://clearview.libnet.info/event/17228100","https://addtocalendar.com/atc/outlookonline?utz=0&uln=en-US@posix&vjs=1.5&e[0][date_start]=2026-10-24%2012%3A00%3A00&e[0][date_end]=2026-10-24%2016%3A00%3A00&e[0][timezone]=America%2FDenver&e[0][title]=Teen%20Dungeons%20%26amp%3B%20Dragons&e[0][description]=Monthly%20campaigns%20will%20be%20led%20by%20our%20expert%20Dungeon%20Master.%20Teens%20will%20have%20the%20chance%20to%20work%20on%20their%20characters%2C%20learn%20the%20basics%20of%20Dungeons%20%26amp%3B%20Dragons%2C%20and%20role-play%20in%20a%20world%20where%20dragons%20rule.&e[0][location]=Windsor%20Library%20-%20Pikes%20Peak",FAILED,""
"https://clearview.libnet.info/event/17228100","https://addtocalendar.com/atc/yahoo?utz=0&uln=en-US@posix&vjs=1.5&e[0][date_start]=2026-10-24%2012%3A00%3A00&e[0][date_end]=2026-10-24%2016%3A00%3A00&e[0][timezone]=America%2FDenver&e[0][title]=Teen%20Dungeons%20%26amp%3B%20Dragons&e[0][description]=Monthly%20campaigns%20will%20be%20led%20by%20our%20expert%20Dungeon%20Master.%20Teens%20will%20have%20the%20chance%20to%20work%20on%20their%20characters%2C%20learn%20the%20basics%20of%20Dungeons%20%26amp%3B%20Dragons%2C%20and%20role-play%20in%20a%20world%20where%20dragons%20rule.&e[0][location]=Windsor%20Library%20-%20Pikes%20Peak",FAILED,""
"https://clearview.libnet.info/event/17248432","https://addtocalendar.com/atc/ical?utz=0&uln=en-US@posix&vjs=1.5&e[0][date_start]=2026-10-24%2019%3A00%3A00&e[0][date_end]=2026-10-24%2021%3A00%3A00&e[0][timezone]=America%2FDenver&e[0][title]=Teen%20Outdoor%20Horror%20Movie%3A%20Night%20Swim&e[0][description]=Teens%20(ages%2012-18)%2C%20join%20us%20under%20the%20stars%20for%20an%20epic%20horror%20movie%20experience!%20%20We%E2%80%99ll%20meet%20on%20the%20Severance%20Library%20patio%20and%20green%20space%20to%20watch%20the%20movie%2C%20Night%20Swim%20(rated%20PG-13).%20&e[0][location]=Severance%20Library%20-%20",FAILED,""
"https://clearview.libnet.info/event/17248432","https://addtocalendar.com/atc/google?utz=0&uln=en-US@posix&vjs=1.5&e[0][date_start]=2026-10-24%2019%3A00%3A00&e[0][date_end]=2026-10-24%2021%3A00%3A00&e[0][timezone]=America%2FDenver&e[0][title]=Teen%20Outdoor%20Horror%20Movie%3A%20Night%20Swim&e[0][description]=Teens%20(ages%2012-18)%2C%20join%20us%20under%20the%20stars%20for%20an%20epic%20horror%20movie%20experience!%20%20We%E2%80%99ll%20meet%20on%20the%20Severance%20Library%20patio%20and%20green%20space%20to%20watch%20the%20movie%2C%20Night%20Swim%20(rated%20PG-13).%20&e[0][location]=Severance%20Library%20-%20",FAILED,""
"https://clearview.libnet.info/event/17248432","https://addtocalendar.com/atc/outlook?utz=0&uln=en-US@posix&vjs=1.5&e[0][date_start]=2026-10-24%2019%3A00%3A00&e[0][date_end]=2026-10-24%2021%3A00%3A00&e[0][timezone]=America%2FDenver&e[0][title]=Teen%20Outdoor%20Horror%20Movie%3A%20Night%20Swim&e[0][description]=Teens%20(ages%2012-18)%2C%20join%20us%20under%20the%20stars%20for%20an%20epic%20horror%20movie%20experience!%20%20We%E2%80%99ll%20meet%20on%20the%20Severance%20Library%20patio%20and%20green%20space%20to%20watch%20the%20movie%2C%20Night%20Swim%20(rated%20PG-13).%20&e[0][location]=Severance%20Library%20-%20",FAILED,""
"https://clearview.libnet.info/event/17248432","https://addtocalendar.com/atc/outlookonline?utz=0&uln=en-US@posix&vjs=1.5&e[0][date_start]=2026-10-24%2019%3A00%3A00&e[0][date_end]=2026-10-24%2021%3A00%3A00&e[0][timezone]=America%2FDenver&e[0][title]=Teen%20Outdoor%20Horror%20Movie%3A%20Night%20Swim&e[0][description]=Teens%20(ages%2012-18)%2C%20join%20us%20under%20the%20stars%20for%20an%20epic%20horror%20movie%20experience!%20%20We%E2%80%99ll%20meet%20on%20the%20Severance%20Library%20patio%20and%20green%20space%20to%20watch%20the%20movie%2C%20Night%20Swim%20(rated%20PG-13).%20&e[0][location]=Severance%20Library%20-%20",FAILED,""
"https://clearview.libnet.info/event/17248432","https://addtocalendar.com/atc/yahoo?utz=0&uln=en-US@posix&vjs=1.5&e[0][date_start]=2026-10-24%2019%3A00%3A00&e[0][date_end]=2026-10-24%2021%3A00%3A00&e[0][timezone]=America%2FDenver&e[0][title]=Teen%20Outdoor%20Horror%20Movie%3A%20Night%20Swim&e[0][description]=Teens%20(ages%2012-18)%2C%20join%20us%20under%20the%20stars%20for%20an%20epic%20horror%20movie%20experience!%20%20We%E2%80%99ll%20meet%20on%20the%20Severance%20Library%20patio%20and%20green%20space%20to%20watch%20the%20movie%2C%20Night%20Swim%20(rated%20PG-13).%20&e[0][location]=Severance%20Library%20-%20",FAILED,""
"https://clearview.libnet.info/event/17227924","https://addtocalendar.com/atc/ical?utz=0&uln=en-US@posix&vjs=1.5&e[0][date_start]=2026-10-26%2010%3A00%3A00&e[0][date_end]=2026-10-26%2010%3A30%3A00&e[0][timezone]=America%2FDenver&e[0][title]=Read%2C%20Rhyme%2C%20and%20Romp&e[0][description]=Join%20us%20for%20an%20active%20storytime!%20We%20will%20read%20books%2C%20sing%2C%20and%20enjoy%20rhymes%20that%20encourage%20us%20all%20to%20get%20up%20and%20move!%20For%20ages%200-5.&e[0][location]=Severance%20Library%20-%20Cottonwood",FAILED,""
"https://clearview.libnet.info/event/17227924","https://addtocalendar.com/atc/google?utz=0&uln=en-US@posix&vjs=1.5&e[0][date_start]=2026-10-26%2010%3A00%3A00&e[0][date_end]=2026-10-26%2010%3A30%3A00&e[0][timezone]=America%2FDenver&e[0][title]=Read%2C%20Rhyme%2C%20and%20Romp&e[0][description]=Join%20us%20for%20an%20active%20storytime!%20We%20will%20read%20books%2C%20sing%2C%20and%20enjoy%20rhymes%20that%20encourage%20us%20all%20to%20get%20up%20and%20move!%20For%20ages%200-5.&e[0][location]=Severance%20Library%20-%20Cottonwood",FAILED,""
"https://clearview.libnet.info/event/17227924","https://addtocalendar.com/atc/outlook?utz=0&uln=en-US@posix&vjs=1.5&e[0][date_start]=2026-10-26%2010%3A00%3A00&e[0][date_end]=2026-10-26%2010%3A30%3A00&e[0][timezone]=America%2FDenver&e[0][title]=Read%2C%20Rhyme%2C%20and%20Romp&e[0][description]=Join%20us%20for%20an%20active%20storytime!%20We%20will%20read%20books%2C%20sing%2C%20and%20enjoy%20rhymes%20that%20encourage%20us%20all%20to%20get%20up%20and%20move!%20For%20ages%200-5.&e[0][location]=Severance%20Library%20-%20Cottonwood",FAILED,""
"https://clearview.libnet.info/event/17227924","https://addtocalendar.com/atc/outlookonline?utz=0&uln=en-US@posix&vjs=1.5&e[0][date_start]=2026-10-26%2010%3A00%3A00&e[0][date_end]=2026-10-26%2010%3A30%3A00&e[0][timezone]=America%2FDenver&e[0][title]=Read%2C%20Rhyme%2C%20and%20Romp&e[0][description]=Join%20us%20for%20an%20active%20storytime!%20We%20will%20read%20books%2C%20sing%2C%20and%20enjoy%20rhymes%20that%20encourage%20us%20all%20to%20get%20up%20and%20move!%20For%20ages%200-5.&e[0][location]=Severance%20Library%20-%20Cottonwood",FAILED,""
"https://clearview.libnet.info/event/17227924","https://addtocalendar.com/atc/yahoo?utz=0&uln=en-US@posix&vjs=1.5&e[0][date_start]=2026-10-26%2010%3A00%3A00&e[0][date_end]=2026-10-26%2010%3A30%3A00&e[0][timezone]=America%2FDenver&e[0][title]=Read%2C%20Rhyme%2C%20and%20Romp&e[0][description]=Join%20us%20for%20an%20active%20storytime!%20We%20will%20read%20books%2C%20sing%2C%20and%20enjoy%20rhymes%20that%20encourage%20us%20all%20to%20get%20up%20and%20move!%20For%20ages%200-5.&e[0][location]=Severance%20Library%20-%20Cottonwood",FAILED,""
"https://clearview.libnet.info/event/17274595","https://addtocalendar.com/atc/ical?utz=0&uln=en-US@posix&vjs=1.5&e[0][date_start]=2026-10-26%2010%3A00%3A00&e[0][date_end]=2026-10-26%2013%3A30%3A00&e[0][timezone]=America%2FDenver&e[0][title]=One-on-One%20Medicare%20Counseling%20&e[0][description]=Sign-up%20for%20individualized%20help%20during%20Medicare%20Open%20Enrollment%20to%20review%20your%20current%20prescription%20drug%20plan%20or%20Medicare%20Advantage%20plan%20and%20get%20help%20making%20decisions%20for%20the%20new%20year.%20%20&e[0][location]=Severance%20Library%20-%20Aspen%2C%20Pine",FAILED,""
"https://clearview.libnet.info/event/17274595","https://addtocalendar.com/atc/google?utz=0&uln=en-US@posix&vjs=1.5&e[0][date_start]=2026-10-26%2010%3A00%3A00&e[0][date_end]=2026-10-26%2013%3A30%3A00&e[0][timezone]=America%2FDenver&e[0][title]=One-on-One%20Medicare%20Counseling%20&e[0][description]=Sign-up%20for%20individualized%20help%20during%20Medicare%20Open%20Enrollment%20to%20review%20your%20current%20prescription%20drug%20plan%20or%20Medicare%20Advantage%20plan%20and%20get%20help%20making%20decisions%20for%20the%20new%20year.%20%20&e[0][location]=Severance%20Library%20-%20Aspen%2C%20Pine",FAILED,""
"https://clearview.libnet.info/event/17274595","https://addtocalendar.com/atc/outlook?utz=0&uln=en-US@posix&vjs=1.5&e[0][date_start]=2026-10-26%2010%3A00%3A00&e[0][date_end]=2026-10-26%2013%3A30%3A00&e[0][timezone]=America%2FDenver&e[0][title]=One-on-One%20Medicare%20Counseling%20&e[0][description]=Sign-up%20for%20individualized%20help%20during%20Medicare%20Open%20Enrollment%20to%20review%20your%20current%20prescription%20drug%20plan%20or%20Medicare%20Advantage%20plan%20and%20get%20help%20making%20decisions%20for%20the%20new%20year.%20%20&e[0][location]=Severance%20Library%20-%20Aspen%2C%20Pine",FAILED,""
"https://clearview.libnet.info/event/17274595","https://addtocalendar.com/atc/outlookonline?utz=0&uln=en-US@posix&vjs=1.5&e[0][date_start]=2026-10-26%2010%3A00%3A00&e[0][date_end]=2026-10-26%2013%3A30%3A00&e[0][timezone]=America%2FDenver&e[0][title]=One-on-One%20Medicare%20Counseling%20&e[0][description]=Sign-up%20for%20individualized%20help%20during%20Medicare%20Open%20Enrollment%20to%20review%20your%20current%20prescription%20drug%20plan%20or%20Medicare%20Advantage%20plan%20and%20get%20help%20making%20decisions%20for%20the%20new%20year.%20%20&e[0][location]=Severance%20Library%20-%20Aspen%2C%20Pine",FAILED,""
"https://clearview.libnet.info/event/17274595","https://addtocalendar.com/atc/yahoo?utz=0&uln=en-US@posix&vjs=1.5&e[0][date_start]=2026-10-26%2010%3A00%3A00&e[0][date_end]=2026-10-26%2013%3A30%3A00&e[0][timezone]=America%2FDenver&e[0][title]=One-on-One%20Medicare%20Counseling%20&e[0][description]=Sign-up%20for%20individualized%20help%20during%20Medicare%20Open%20Enrollment%20to%20review%20your%20current%20prescription%20drug%20plan%20or%20Medicare%20Advantage%20plan%20and%20get%20help%20making%20decisions%20for%20the%20new%20year.%20%20&e[0][location]=Severance%20Library%20-%20Aspen%2C%20Pine",FAILED,""
"https://clearview.libnet.info/event/17227964","https://addtocalendar.com/atc/ical?utz=0&uln=en-US@posix&vjs=1.5&e[0][date_start]=2026-10-26%2010%3A30%3A00&e[0][date_end]=2026-10-26%2011%3A00%3A00&e[0][timezone]=America%2FDenver&e[0][title]=Stay%20and%20Play&e[0][description]=Children%20will%20enjoy%20open-ended%20playtime%20in%20a%20relaxed%20atmosphere%20that%20promotes%20growth%2C%20exploration%2C%20and%20learning.%20Intended%20for%20children%20ages%200%20to%205%20and%20their%20caregivers%20or%20families.&e[0][location]=Severance%20Library%20-%20Cottonwood",FAILED,""
"https://clearview.libnet.info/event/17227964","https://addtocalendar.com/atc/google?utz=0&uln=en-US@posix&vjs=1.5&e[0][date_start]=2026-10-26%2010%3A30%3A00&e[0][date_end]=2026-10-26%2011%3A00%3A00&e[0][timezone]=America%2FDenver&e[0][title]=Stay%20and%20Play&e[0][description]=Children%20will%20enjoy%20open-ended%20playtime%20in%20a%20relaxed%20atmosphere%20that%20promotes%20growth%2C%20exploration%2C%20and%20learning.%20Intended%20for%20children%20ages%200%20to%205%20and%20their%20caregivers%20or%20families.&e[0][location]=Severance%20Library%20-%20Cottonwood",FAILED,""
"https://clearview.libnet.info/event/17227964","https://addtocalendar.com/atc/outlook?utz=0&uln=en-US@posix&vjs=1.5&e[0][date_start]=2026-10-26%2010%3A30%3A00&e[0][date_end]=2026-10-26%2011%3A00%3A00&e[0][timezone]=America%2FDenver&e[0][title]=Stay%20and%20Play&e[0][description]=Children%20will%20enjoy%20open-ended%20playtime%20in%20a%20relaxed%20atmosphere%20that%20promotes%20growth%2C%20exploration%2C%20and%20learning.%20Intended%20for%20children%20ages%200%20to%205%20and%20their%20caregivers%20or%20families.&e[0][location]=Severance%20Library%20-%20Cottonwood",FAILED,""
"https://clearview.libnet.info/event/17227964","https://addtocalendar.com/atc/outlookonline?utz=0&uln=en-US@posix&vjs=1.5&e[0][date_start]=2026-10-26%2010%3A30%3A00&e[0][date_end]=2026-10-26%2011%3A00%3A00&e[0][timezone]=America%2FDenver&e[0][title]=Stay%20and%20Play&e[0][description]=Children%20will%20enjoy%20open-ended%20playtime%20in%20a%20relaxed%20atmosphere%20that%20promotes%20growth%2C%20exploration%2C%20and%20learning.%20Intended%20for%20children%20ages%200%20to%205%20and%20their%20caregivers%20or%20families.&e[0][location]=Severance%20Library%20-%20Cottonwood",FAILED,""
"https://clearview.libnet.info/event/17227964","https://addtocalendar.com/atc/yahoo?utz=0&uln=en-US@posix&vjs=1.5&e[0][date_start]=2026-10-26%2010%3A30%3A00&e[0][date_end]=2026-10-26%2011%3A00%3A00&e[0][timezone]=America%2FDenver&e[0][title]=Stay%20and%20Play&e[0][description]=Children%20will%20enjoy%20open-ended%20playtime%20in%20a%20relaxed%20atmosphere%20that%20promotes%20growth%2C%20exploration%2C%20and%20learning.%20Intended%20for%20children%20ages%200%20to%205%20and%20their%20caregivers%20or%20families.&e[0][location]=Severance%20Library%20-%20Cottonwood",FAILED,""
"https://clearview.libnet.info/event/17240472","https://addtocalendar.com/atc/ical?utz=0&uln=en-US@posix&vjs=1.5&e[0][date_start]=2026-10-26%2013%3A00%3A00&e[0][date_end]=2026-10-26%2014%3A00%3A00&e[0][timezone]=America%2FDenver&e[0][title]=Clearview%20Homeschooler%27s%20Academy%20&e[0][description]=Join%20us%20for%20a%20monthly%20program%20that%20offers%20hands-on%20STEAM%20learning%20and%20activities.%20Journey%20back%20in%20time%20to%20discover%20what%20life%20was%20like%20in%201900.%20For%20children%20ages%205%2B&e[0][location]=Severance%20Library%20-%20Cottonwood",FAILED,""
"https://clearview.libnet.info/event/17240472","https://addtocalendar.com/atc/google?utz=0&uln=en-US@posix&vjs=1.5&e[0][date_start]=2026-10-26%2013%3A00%3A00&e[0][date_end]=2026-10-26%2014%3A00%3A00&e[0][timezone]=America%2FDenver&e[0][title]=Clearview%20Homeschooler%27s%20Academy%20&e[0][description]=Join%20us%20for%20a%20monthly%20program%20that%20offers%20hands-on%20STEAM%20learning%20and%20activities.%20Journey%20back%20in%20time%20to%20discover%20what%20life%20was%20like%20in%201900.%20For%20children%20ages%205%2B&e[0][location]=Severance%20Library%20-%20Cottonwood",FAILED,""
"https://clearview.libnet.info/event/17240472","https://addtocalendar.com/atc/outlook?utz=0&uln=en-US@posix&vjs=1.5&e[0][date_start]=2026-10-26%2013%3A00%3A00&e[0][date_end]=2026-10-26%2014%3A00%3A00&e[0][timezone]=America%2FDenver&e[0][title]=Clearview%20Homeschooler%27s%20Academy%20&e[0][description]=Join%20us%20for%20a%20monthly%20program%20that%20offers%20hands-on%20STEAM%20learning%20and%20activities.%20Journey%20back%20in%20time%20to%20discover%20what%20life%20was%20like%20in%201900.%20For%20children%20ages%205%2B&e[0][location]=Severance%20Library%20-%20Cottonwood",FAILED,""
"https://clearview.libnet.info/event/17240472","https://addtocalendar.com/atc/outlookonline?utz=0&uln=en-US@posix&vjs=1.5&e[0][date_start]=2026-10-26%2013%3A00%3A00&e[0][date_end]=2026-10-26%2014%3A00%3A00&e[0][timezone]=America%2FDenver&e[0][title]=Clearview%20Homeschooler%27s%20Academy%20&e[0][description]=Join%20us%20for%20a%20monthly%20program%20that%20offers%20hands-on%20STEAM%20learning%20and%20activities.%20Journey%20back%20in%20time%20to%20discover%20what%20life%20was%20like%20in%201900.%20For%20children%20ages%205%2B&e[0][location]=Severance%20Library%20-%20Cottonwood",FAILED,""
"https://clearview.libnet.info/event/17240472","https://addtocalendar.com/atc/yahoo?utz=0&uln=en-US@posix&vjs=1.5&e[0][date_start]=2026-10-26%2013%3A00%3A00&e[0][date_end]=2026-10-26%2014%3A00%3A00&e[0][timezone]=America%2FDenver&e[0][title]=Clearview%20Homeschooler%27s%20Academy%20&e[0][description]=Join%20us%20for%20a%20monthly%20program%20that%20offers%20hands-on%20STEAM%20learning%20and%20activities.%20Journey%20back%20in%20time%20to%20discover%20what%20life%20was%20like%20in%201900.%20For%20children%20ages%205%2B&e[0][location]=Severance%20Library%20-%20Cottonwood",FAILED,""
"https://clearview.libnet.info/event/17042667","https://addtocalendar.com/atc/ical?utz=0&uln=en-US@posix&vjs=1.5&e[0][date_start]=2026-10-26%2014%3A30%3A00&e[0][date_end]=2026-10-26%2015%3A00%3A00&e[0][timezone]=America%2FDenver&e[0][title]=Bookmobile%20Stop%20at%20Grandview%20Elementary%20&e[0][description]=1583%20Grand%20Ave%20-%20Windsor&e[0][location]=Bookmobile%20-%20",FAILED,""
"https://clearview.libnet.info/event/17042667","https://addtocalendar.com/atc/google?utz=0&uln=en-US@posix&vjs=1.5&e[0][date_start]=2026-10-26%2014%3A30%3A00&e[0][date_end]=2026-10-26%2015%3A00%3A00&e[0][timezone]=America%2FDenver&e[0][title]=Bookmobile%20Stop%20at%20Grandview%20Elementary%20&e[0][description]=1583%20Grand%20Ave%20-%20Windsor&e[0][location]=Bookmobile%20-%20",FAILED,""
"https://clearview.libnet.info/event/17042667","https://addtocalendar.com/atc/outlook?utz=0&uln=en-US@posix&vjs=1.5&e[0][date_start]=2026-10-26%2014%3A30%3A00&e[0][date_end]=2026-10-26%2015%3A00%3A00&e[0][timezone]=America%2FDenver&e[0][title]=Bookmobile%20Stop%20at%20Grandview%20Elementary%20&e[0][description]=1583%20Grand%20Ave%20-%20Windsor&e[0][location]=Bookmobile%20-%20",FAILED,""
"https://clearview.libnet.info/event/17042667","https://addtocalendar.com/atc/outlookonline?utz=0&uln=en-US@posix&vjs=1.5&e[0][date_start]=2026-10-26%2014%3A30%3A00&e[0][date_end]=2026-10-26%2015%3A00%3A00&e[0][timezone]=America%2FDenver&e[0][title]=Bookmobile%20Stop%20at%20Grandview%20Elementary%20&e[0][description]=1583%20Grand%20Ave%20-%20Windsor&e[0][location]=Bookmobile%20-%20",FAILED,""
"https://clearview.libnet.info/event/17042667","https://addtocalendar.com/atc/yahoo?utz=0&uln=en-US@posix&vjs=1.5&e[0][date_start]=2026-10-26%2014%3A30%3A00&e[0][date_end]=2026-10-26%2015%3A00%3A00&e[0][timezone]=America%2FDenver&e[0][title]=Bookmobile%20Stop%20at%20Grandview%20Elementary%20&e[0][description]=1583%20Grand%20Ave%20-%20Windsor&e[0][location]=Bookmobile%20-%20",FAILED,""
"https://clearview.libnet.info/event/17231624","https://addtocalendar.com/atc/ical?utz=0&uln=en-US@posix&vjs=1.5&e[0][date_start]=2026-10-26%2015%3A15%3A00&e[0][date_end]=2026-10-26%2016%3A15%3A00&e[0][timezone]=America%2FDenver&e[0][title]=Lego%20Engineers&e[0][description]=Get%20creative%20and%20innovate%20with%20Legos!%20Build%20a%20monster%20of%20your%20own%20design%2C%20or%20use%20our%20wacky%20prompts!%20Laser%20eyes%3F%20A%20snake%20leg%3F%20You%20decide!%20Open%20to%20elementary-aged%20children%2C%20as%20well%20as%20tweens%20ages%209-12.&e[0][location]=Windsor%20Library%20-%20Pikes%20Peak",FAILED,""
"https://clearview.libnet.info/event/17231624","https://addtocalendar.com/atc/google?utz=0&uln=en-US@posix&vjs=1.5&e[0][date_start]=2026-10-26%2015%3A15%3A00&e[0][date_end]=2026-10-26%2016%3A15%3A00&e[0][timezone]=America%2FDenver&e[0][title]=Lego%20Engineers&e[0][description]=Get%20creative%20and%20innovate%20with%20Legos!%20Build%20a%20monster%20of%20your%20own%20design%2C%20or%20use%20our%20wacky%20prompts!%20Laser%20eyes%3F%20A%20snake%20leg%3F%20You%20decide!%20Open%20to%20elementary-aged%20children%2C%20as%20well%20as%20tweens%20ages%209-12.&e[0][location]=Windsor%20Library%20-%20Pikes%20Peak",FAILED,""
"https://clearview.libnet.info/event/17231624","https://addtocalendar.com/atc/outlook?utz=0&uln=en-US@posix&vjs=1.5&e[0][date_start]=2026-10-26%2015%3A15%3A00&e[0][date_end]=2026-10-26%2016%3A15%3A00&e[0][timezone]=America%2FDenver&e[0][title]=Lego%20Engineers&e[0][description]=Get%20creative%20and%20innovate%20with%20Legos!%20Build%20a%20monster%20of%20your%20own%20design%2C%20or%20use%20our%20wacky%20prompts!%20Laser%20eyes%3F%20A%20snake%20leg%3F%20You%20decide!%20Open%20to%20elementary-aged%20children%2C%20as%20well%20as%20tweens%20ages%209-12.&e[0][location]=Windsor%20Library%20-%20Pikes%20Peak",FAILED,""
"https://clearview.libnet.info/event/17231624","https://addtocalendar.com/atc/outlookonline?utz=0&uln=en-US@posix&vjs=1.5&e[0][date_start]=2026-10-26%2015%3A15%3A00&e[0][date_end]=2026-10-26%2016%3A15%3A00&e[0][timezone]=America%2FDenver&e[0][title]=Lego%20Engineers&e[0][description]=Get%20creative%20and%20innovate%20with%20Legos!%20Build%20a%20monster%20of%20your%20own%20design%2C%20or%20use%20our%20wacky%20prompts!%20Laser%20eyes%3F%20A%20snake%20leg%3F%20You%20decide!%20Open%20to%20elementary-aged%20children%2C%20as%20well%20as%20tweens%20ages%209-12.&e[0][location]=Windsor%20Library%20-%20Pikes%20Peak",FAILED,""
"https://clearview.libnet.info/event/17231624","https://addtocalendar.com/atc/yahoo?utz=0&uln=en-US@posix&vjs=1.5&e[0][date_start]=2026-10-26%2015%3A15%3A00&e[0][date_end]=2026-10-26%2016%3A15%3A00&e[0][timezone]=America%2FDenver&e[0][title]=Lego%20Engineers&e[0][description]=Get%20creative%20and%20innovate%20with%20Legos!%20Build%20a%20monster%20of%20your%20own%20design%2C%20or%20use%20our%20wacky%20prompts!%20Laser%20eyes%3F%20A%20snake%20leg%3F%20You%20decide!%20Open%20to%20elementary-aged%20children%2C%20as%20well%20as%20tweens%20ages%209-12.&e[0][location]=Windsor%20Library%20-%20Pikes%20Peak",FAILED,""
"https://clearview.libnet.info/event/17042673","https://addtocalendar.com/atc/ical?utz=0&uln=en-US@posix&vjs=1.5&e[0][date_start]=2026-10-26%2015%3A30%3A00&e[0][date_end]=2026-10-26%2016%3A00%3A00&e[0][timezone]=America%2FDenver&e[0][title]=Bookmobile%20Stop%20at%20Northern%20Lights%20Park&e[0][description]=550%20Saratoga%20Wy%20-%20Windsor&e[0][location]=Bookmobile%20-%20",FAILED,""
"https://clearview.libnet.info/event/17042673","https://addtocalendar.com/atc/google?utz=0&uln=en-US@posix&vjs=1.5&e[0][date_start]=2026-10-26%2015%3A30%3A00&e[0][date_end]=2026-10-26%2016%3A00%3A00&e[0][timezone]=America%2FDenver&e[0][title]=Bookmobile%20Stop%20at%20Northern%20Lights%20Park&e[0][description]=550%20Saratoga%20Wy%20-%20Windsor&e[0][location]=Bookmobile%20-%20",FAILED,""
"https://clearview.libnet.info/event/17042673","https://addtocalendar.com/atc/outlook?utz=0&uln=en-US@posix&vjs=1.5&e[0][date_start]=2026-10-26%2015%3A30%3A00&e[0][date_end]=2026-10-26%2016%3A00%3A00&e[0][timezone]=America%2FDenver&e[0][title]=Bookmobile%20Stop%20at%20Northern%20Lights%20Park&e[0][description]=550%20Saratoga%20Wy%20-%20Windsor&e[0][location]=Bookmobile%20-%20",FAILED,""
"https://clearview.libnet.info/event/17042673","https://addtocalendar.com/atc/outlookonline?utz=0&uln=en-US@posix&vjs=1.5&e[0][date_start]=2026-10-26%2015%3A30%3A00&e[0][date_end]=2026-10-26%2016%3A00%3A00&e[0][timezone]=America%2FDenver&e[0][title]=Bookmobile%20Stop%20at%20Northern%20Lights%20Park&e[0][description]=550%20Saratoga%20Wy%20-%20Windsor&e[0][location]=Bookmobile%20-%20",FAILED,""
"https://clearview.libnet.info/event/17042673","https://addtocalendar.com/atc/yahoo?utz=0&uln=en-US@posix&vjs=1.5&e[0][date_start]=2026-10-26%2015%3A30%3A00&e[0][date_end]=2026-10-26%2016%3A00%3A00&e[0][timezone]=America%2FDenver&e[0][title]=Bookmobile%20Stop%20at%20Northern%20Lights%20Park&e[0][description]=550%20Saratoga%20Wy%20-%20Windsor&e[0][location]=Bookmobile%20-%20",FAILED,""
"https://clearview.libnet.info/event/17561277","https://addtocalendar.com/atc/ical?utz=0&uln=en-US@posix&vjs=1.5&e[0][date_start]=2026-10-26%2015%3A30%3A00&e[0][date_end]=2026-10-26%2016%3A30%3A00&e[0][timezone]=America%2FDenver&e[0][title]=PAWS%20for%20Reading&e[0][description]=Dogs%20%2B%20Reading%20%3D%20Magic%0A&e[0][location]=Windsor%20Library%20-%20",FAILED,""
"https://clearview.libnet.info/event/17561277","https://addtocalendar.com/atc/google?utz=0&uln=en-US@posix&vjs=1.5&e[0][date_start]=2026-10-26%2015%3A30%3A00&e[0][date_end]=2026-10-26%2016%3A30%3A00&e[0][timezone]=America%2FDenver&e[0][title]=PAWS%20for%20Reading&e[0][description]=Dogs%20%2B%20Reading%20%3D%20Magic%0A&e[0][location]=Windsor%20Library%20-%20",FAILED,""
"https://clearview.libnet.info/event/17561277","https://addtocalendar.com/atc/outlook?utz=0&uln=en-US@posix&vjs=1.5&e[0][date_start]=2026-10-26%2015%3A30%3A00&e[0][date_end]=2026-10-26%2016%3A30%3A00&e[0][timezone]=America%2FDenver&e[0][title]=PAWS%20for%20Reading&e[0][description]=Dogs%20%2B%20Reading%20%3D%20Magic%0A&e[0][location]=Windsor%20Library%20-%20",FAILED,""
"https://clearview.libnet.info/event/17561277","https://addtocalendar.com/atc/outlookonline?utz=0&uln=en-US@posix&vjs=1.5&e[0][date_start]=2026-10-26%2015%3A30%3A00&e[0][date_end]=2026-10-26%2016%3A30%3A00&e[0][timezone]=America%2FDenver&e[0][title]=PAWS%20for%20Reading&e[0][description]=Dogs%20%2B%20Reading%20%3D%20Magic%0A&e[0][location]=Windsor%20Library%20-%20",FAILED,""
"https://clearview.libnet.info/event/17561277","https://addtocalendar.com/atc/yahoo?utz=0&uln=en-US@posix&vjs=1.5&e[0][date_start]=2026-10-26%2015%3A30%3A00&e[0][date_end]=2026-10-26%2016%3A30%3A00&e[0][timezone]=America%2FDenver&e[0][title]=PAWS%20for%20Reading&e[0][description]=Dogs%20%2B%20Reading%20%3D%20Magic%0A&e[0][location]=Windsor%20Library%20-%20",FAILED,""
"https://clearview.libnet.info/event/17042687","https://addtocalendar.com/atc/ical?utz=0&uln=en-US@posix&vjs=1.5&e[0][date_start]=2026-10-26%2016%3A30%3A00&e[0][date_end]=2026-10-26%2017%3A00%3A00&e[0][timezone]=America%2FDenver&e[0][title]=Bookmobile%20Stop%20at%20Windshire%20Park&e[0][description]=1520%20Dartford%20Dr%20-%20Windsor&e[0][location]=Bookmobile%20-%20",FAILED,""
"https://clearview.libnet.info/event/17042687","https://addtocalendar.com/atc/google?utz=0&uln=en-US@posix&vjs=1.5&e[0][date_start]=2026-10-26%2016%3A30%3A00&e[0][date_end]=2026-10-26%2017%3A00%3A00&e[0][timezone]=America%2FDenver&e[0][title]=Bookmobile%20Stop%20at%20Windshire%20Park&e[0][description]=1520%20Dartford%20Dr%20-%20Windsor&e[0][location]=Bookmobile%20-%20",FAILED,""
"https://clearview.libnet.info/event/17042687","https://addtocalendar.com/atc/outlook?utz=0&uln=en-US@posix&vjs=1.5&e[0][date_start]=2026-10-26%2016%3A30%3A00&e[0][date_end]=2026-10-26%2017%3A00%3A00&e[0][timezone]=America%2FDenver&e[0][title]=Bookmobile%20Stop%20at%20Windshire%20Park&e[0][description]=1520%20Dartford%20Dr%20-%20Windsor&e[0][location]=Bookmobile%20-%20",FAILED,""
"https://clearview.libnet.info/event/17042687","https://addtocalendar.com/atc/outlookonline?utz=0&uln=en-US@posix&vjs=1.5&e[0][date_start]=2026-10-26%2016%3A30%3A00&e[0][date_end]=2026-10-26%2017%3A00%3A00&e[0][timezone]=America%2FDenver&e[0][title]=Bookmobile%20Stop%20at%20Windshire%20Park&e[0][description]=1520%20Dartford%20Dr%20-%20Windsor&e[0][location]=Bookmobile%20-%20",FAILED,""
"https://clearview.libnet.info/event/17042687","https://addtocalendar.com/atc/yahoo?utz=0&uln=en-US@posix&vjs=1.5&e[0][date_start]=2026-10-26%2016%3A30%3A00&e[0][date_end]=2026-10-26%2017%3A00%3A00&e[0][timezone]=America%2FDenver&e[0][title]=Bookmobile%20Stop%20at%20Windshire%20Park&e[0][description]=1520%20Dartford%20Dr%20-%20Windsor&e[0][location]=Bookmobile%20-%20",FAILED,""
"https://clearview.libnet.info/event/17042707","https://addtocalendar.com/atc/ical?utz=0&uln=en-US@posix&vjs=1.5&e[0][date_start]=2026-10-26%2017%3A30%3A00&e[0][date_end]=2026-10-26%2018%3A00%3A00&e[0][timezone]=America%2FDenver&e[0][title]=Bookmobile%20Stop%20at%20Covenant%20Park&e[0][description]=601%20Southwood%20Ln%20-%20Windsor&e[0][location]=Bookmobile%20-%20",FAILED,""
"https://clearview.libnet.info/event/17042707","https://addtocalendar.com/atc/google?utz=0&uln=en-US@posix&vjs=1.5&e[0][date_start]=2026-10-26%2017%3A30%3A00&e[0][date_end]=2026-10-26%2018%3A00%3A00&e[0][timezone]=America%2FDenver&e[0][title]=Bookmobile%20Stop%20at%20Covenant%20Park&e[0][description]=601%20Southwood%20Ln%20-%20Windsor&e[0][location]=Bookmobile%20-%20",FAILED,""
"https://clearview.libnet.info/event/17042707","https://addtocalendar.com/atc/outlook?utz=0&uln=en-US@posix&vjs=1.5&e[0][date_start]=2026-10-26%2017%3A30%3A00&e[0][date_end]=2026-10-26%2018%3A00%3A00&e[0][timezone]=America%2FDenver&e[0][title]=Bookmobile%20Stop%20at%20Covenant%20Park&e[0][description]=601%20Southwood%20Ln%20-%20Windsor&e[0][location]=Bookmobile%20-%20",FAILED,""
"https://clearview.libnet.info/event/17042707","https://addtocalendar.com/atc/outlookonline?utz=0&uln=en-US@posix&vjs=1.5&e[0][date_start]=2026-10-26%2017%3A30%3A00&e[0][date_end]=2026-10-26%2018%3A00%3A00&e[0][timezone]=America%2FDenver&e[0][title]=Bookmobile%20Stop%20at%20Covenant%20Park&e[0][description]=601%20Southwood%20Ln%20-%20Windsor&e[0][location]=Bookmobile%20-%20",FAILED,""
"https://clearview.libnet.info/event/17042707","https://addtocalendar.com/atc/yahoo?utz=0&uln=en-US@posix&vjs=1.5&e[0][date_start]=2026-10-26%2017%3A30%3A00&e[0][date_end]=2026-10-26%2018%3A00%3A00&e[0][timezone]=America%2FDenver&e[0][title]=Bookmobile%20Stop%20at%20Covenant%20Park&e[0][description]=601%20Southwood%20Ln%20-%20Windsor&e[0][location]=Bookmobile%20-%20",FAILED,""
"https://clearview.libnet.info/event/17228741","https://addtocalendar.com/atc/ical?utz=0&uln=en-US@posix&vjs=1.5&e[0][date_start]=2026-10-26%2018%3A00%3A00&e[0][date_end]=2026-10-26%2019%3A00%3A00&e[0][timezone]=America%2FDenver&e[0][title]=Teen%20Advisory%20Group&e[0][description]=Join%20the%20Clearview%20Library%20District%20Teen%20Advisory%20Group%20(TAG)!%20Help%20plan%20programs%20and%20special%20events%2C%20collaborate%20with%20other%20teens%2C%20and%20make%20your%20opinion%20count.%20Earn%20volunteer%20hours%20while%20having%20fun!&e[0][location]=Windsor%20Library%20-%20Teen%20Tower",FAILED,""
"https://clearview.libnet.info/event/17228741","https://addtocalendar.com/atc/google?utz=0&uln=en-US@posix&vjs=1.5&e[0][date_start]=2026-10-26%2018%3A00%3A00&e[0][date_end]=2026-10-26%2019%3A00%3A00&e[0][timezone]=America%2FDenver&e[0][title]=Teen%20Advisory%20Group&e[0][description]=Join%20the%20Clearview%20Library%20District%20Teen%20Advisory%20Group%20(TAG)!%20Help%20plan%20programs%20and%20special%20events%2C%20collaborate%20with%20other%20teens%2C%20and%20make%20your%20opinion%20count.%20Earn%20volunteer%20hours%20while%20having%20fun!&e[0][location]=Windsor%20Library%20-%20Teen%20Tower",FAILED,""
"https://clearview.libnet.info/event/17228741","https://addtocalendar.com/atc/outlook?utz=0&uln=en-US@posix&vjs=1.5&e[0][date_start]=2026-10-26%2018%3A00%3A00&e[0][date_end]=2026-10-26%2019%3A00%3A00&e[0][timezone]=America%2FDenver&e[0][title]=Teen%20Advisory%20Group&e[0][description]=Join%20the%20Clearview%20Library%20District%20Teen%20Advisory%20Group%20(TAG)!%20Help%20plan%20programs%20and%20special%20events%2C%20collaborate%20with%20other%20teens%2C%20and%20make%20your%20opinion%20count.%20Earn%20volunteer%20hours%20while%20having%20fun!&e[0][location]=Windsor%20Library%20-%20Teen%20Tower",FAILED,""
"https://clearview.libnet.info/event/17228741","https://addtocalendar.com/atc/outlookonline?utz=0&uln=en-US@posix&vjs=1.5&e[0][date_start]=2026-10-26%2018%3A00%3A00&e[0][date_end]=2026-10-26%2019%3A00%3A00&e[0][timezone]=America%2FDenver&e[0][title]=Teen%20Advisory%20Group&e[0][description]=Join%20the%20Clearview%20Library%20District%20Teen%20Advisory%20Group%20(TAG)!%20Help%20plan%20programs%20and%20special%20events%2C%20collaborate%20with%20other%20teens%2C%20and%20make%20your%20opinion%20count.%20Earn%20volunteer%20hours%20while%20having%20fun!&e[0][location]=Windsor%20Library%20-%20Teen%20Tower",FAILED,""
"https://clearview.libnet.info/event/17228741","https://addtocalendar.com/atc/yahoo?utz=0&uln=en-US@posix&vjs=1.5&e[0][date_start]=2026-10-26%2018%3A00%3A00&e[0][date_end]=2026-10-26%2019%3A00%3A00&e[0][timezone]=America%2FDenver&e[0][title]=Teen%20Advisory%20Group&e[0][description]=Join%20the%20Clearview%20Library%20District%20Teen%20Advisory%20Group%20(TAG)!%20Help%20plan%20programs%20and%20special%20events%2C%20collaborate%20with%20other%20teens%2C%20and%20make%20your%20opinion%20count.%20Earn%20volunteer%20hours%20while%20having%20fun!&e[0][location]=Windsor%20Library%20-%20Teen%20Tower",FAILED,""
"https://clearview.libnet.info/event/17228013","https://addtocalendar.com/atc/ical?utz=0&uln=en-US@posix&vjs=1.5&e[0][date_start]=2026-10-27%2010%3A00%3A00&e[0][date_end]=2026-10-27%2010%3A30%3A00&e[0][timezone]=America%2FDenver&e[0][title]=Read%2C%20Rhyme%2C%20and%20Romp&e[0][description]=Join%20us%20for%20an%20active%20storytime!%20We%20will%20read%20books%2C%20sing%2C%20and%20enjoy%20rhymes%20that%20encourage%20us%20all%20to%20get%20up%20and%20move!%20For%20ages%200-5.&e[0][location]=Windsor%20Library%20-%20Pikes%20Peak",FAILED,""
"https://clearview.libnet.info/event/17228013","https://addtocalendar.com/atc/google?utz=0&uln=en-US@posix&vjs=1.5&e[0][date_start]=2026-10-27%2010%3A00%3A00&e[0][date_end]=2026-10-27%2010%3A30%3A00&e[0][timezone]=America%2FDenver&e[0][title]=Read%2C%20Rhyme%2C%20and%20Romp&e[0][description]=Join%20us%20for%20an%20active%20storytime!%20We%20will%20read%20books%2C%20sing%2C%20and%20enjoy%20rhymes%20that%20encourage%20us%20all%20to%20get%20up%20and%20move!%20For%20ages%200-5.&e[0][location]=Windsor%20Library%20-%20Pikes%20Peak",FAILED,""
"https://clearview.libnet.info/event/17228013","https://addtocalendar.com/atc/outlook?utz=0&uln=en-US@posix&vjs=1.5&e[0][date_start]=2026-10-27%2010%3A00%3A00&e[0][date_end]=2026-10-27%2010%3A30%3A00&e[0][timezone]=America%2FDenver&e[0][title]=Read%2C%20Rhyme%2C%20and%20Romp&e[0][description]=Join%20us%20for%20an%20active%20storytime!%20We%20will%20read%20books%2C%20sing%2C%20and%20enjoy%20rhymes%20that%20encourage%20us%20all%20to%20get%20up%20and%20move!%20For%20ages%200-5.&e[0][location]=Windsor%20Library%20-%20Pikes%20Peak",FAILED,""
"https://clearview.libnet.info/event/17228013","https://addtocalendar.com/atc/outlookonline?utz=0&uln=en-US@posix&vjs=1.5&e[0][date_start]=2026-10-27%2010%3A00%3A00&e[0][date_end]=2026-10-27%2010%3A30%3A00&e[0][timezone]=America%2FDenver&e[0][title]=Read%2C%20Rhyme%2C%20and%20Romp&e[0][description]=Join%20us%20for%20an%20active%20storytime!%20We%20will%20read%20books%2C%20sing%2C%20and%20enjoy%20rhymes%20that%20encourage%20us%20all%20to%20get%20up%20and%20move!%20For%20ages%200-5.&e[0][location]=Windsor%20Library%20-%20Pikes%20Peak",FAILED,""
"https://clearview.libnet.info/event/17228013","https://addtocalendar.com/atc/yahoo?utz=0&uln=en-US@posix&vjs=1.5&e[0][date_start]=2026-10-27%2010%3A00%3A00&e[0][date_end]=2026-10-27%2010%3A30%3A00&e[0][timezone]=America%2FDenver&e[0][title]=Read%2C%20Rhyme%2C%20and%20Romp&e[0][description]=Join%20us%20for%20an%20active%20storytime!%20We%20will%20read%20books%2C%20sing%2C%20and%20enjoy%20rhymes%20that%20encourage%20us%20all%20to%20get%20up%20and%20move!%20For%20ages%200-5.&e[0][location]=Windsor%20Library%20-%20Pikes%20Peak",FAILED,""
"https://clearview.libnet.info/event/17042720","https://addtocalendar.com/atc/ical?utz=0&uln=en-US@posix&vjs=1.5&e[0][date_start]=2026-10-27%2010%3A30%3A00&e[0][date_end]=2026-10-27%2011%3A30%3A00&e[0][timezone]=America%2FDenver&e[0][title]=Bookmobile%20Stop%20at%20Mountain%20Shadows%20Community%20Park%20&e[0][description]=86th%20Ave%20-%20Greeley&e[0][location]=Bookmobile%20-%20",FAILED,""
"https://clearview.libnet.info/event/17042720","https://addtocalendar.com/atc/google?utz=0&uln=en-US@posix&vjs=1.5&e[0][date_start]=2026-10-27%2010%3A30%3A00&e[0][date_end]=2026-10-27%2011%3A30%3A00&e[0][timezone]=America%2FDenver&e[0][title]=Bookmobile%20Stop%20at%20Mountain%20Shadows%20Community%20Park%20&e[0][description]=86th%20Ave%20-%20Greeley&e[0][location]=Bookmobile%20-%20",FAILED,""
"https://clearview.libnet.info/event/17042720","https://addtocalendar.com/atc/outlook?utz=0&uln=en-US@posix&vjs=1.5&e[0][date_start]=2026-10-27%2010%3A30%3A00&e[0][date_end]=2026-10-27%2011%3A30%3A00&e[0][timezone]=America%2FDenver&e[0][title]=Bookmobile%20Stop%20at%20Mountain%20Shadows%20Community%20Park%20&e[0][description]=86th%20Ave%20-%20Greeley&e[0][location]=Bookmobile%20-%20",FAILED,""
"https://clearview.libnet.info/event/17042720","https://addtocalendar.com/atc/outlookonline?utz=0&uln=en-US@posix&vjs=1.5&e[0][date_start]=2026-10-27%2010%3A30%3A00&e[0][date_end]=2026-10-27%2011%3A30%3A00&e[0][timezone]=America%2FDenver&e[0][title]=Bookmobile%20Stop%20at%20Mountain%20Shadows%20Community%20Park%20&e[0][description]=86th%20Ave%20-%20Greeley&e[0][location]=Bookmobile%20-%20",FAILED,""
"https://clearview.libnet.info/event/17042720","https://addtocalendar.com/atc/yahoo?utz=0&uln=en-US@posix&vjs=1.5&e[0][date_start]=2026-10-27%2010%3A30%3A00&e[0][date_end]=2026-10-27%2011%3A30%3A00&e[0][timezone]=America%2FDenver&e[0][title]=Bookmobile%20Stop%20at%20Mountain%20Shadows%20Community%20Park%20&e[0][description]=86th%20Ave%20-%20Greeley&e[0][location]=Bookmobile%20-%20",FAILED,""
"https://clearview.libnet.info/event/17224013","https://addtocalendar.com/atc/ical?utz=0&uln=en-US@posix&vjs=1.5&e[0][date_start]=2026-10-27%2010%3A30%3A00&e[0][date_end]=2026-10-27%2011%3A00%3A00&e[0][timezone]=America%2FDenver&e[0][title]=Yoga%20Stories&e[0][description]=Join%20us%20for%20stories%2C%20yoga%20poses%2C%20and%20breathing%20exercises.%20Adults%20are%20encouraged%20to%20participate%20with%20their%20little(s)%20during%20poses%20and%20activities.%20For%20ages%203-5.%0A%0A&e[0][location]=Severance%20Library%20-%20Cottonwood",FAILED,""
"https://clearview.libnet.info/event/17224013","https://addtocalendar.com/atc/google?utz=0&uln=en-US@posix&vjs=1.5&e[0][date_start]=2026-10-27%2010%3A30%3A00&e[0][date_end]=2026-10-27%2011%3A00%3A00&e[0][timezone]=America%2FDenver&e[0][title]=Yoga%20Stories&e[0][description]=Join%20us%20for%20stories%2C%20yoga%20poses%2C%20and%20breathing%20exercises.%20Adults%20are%20encouraged%20to%20participate%20with%20their%20little(s)%20during%20poses%20and%20activities.%20For%20ages%203-5.%0A%0A&e[0][location]=Severance%20Library%20-%20Cottonwood",FAILED,""
"https://clearview.libnet.info/event/17224013","https://addtocalendar.com/atc/outlook?utz=0&uln=en-US@posix&vjs=1.5&e[0][date_start]=2026-10-27%2010%3A30%3A00&e[0][date_end]=2026-10-27%2011%3A00%3A00&e[0][timezone]=America%2FDenver&e[0][title]=Yoga%20Stories&e[0][description]=Join%20us%20for%20stories%2C%20yoga%20poses%2C%20and%20breathing%20exercises.%20Adults%20are%20encouraged%20to%20participate%20with%20their%20little(s)%20during%20poses%20and%20activities.%20For%20ages%203-5.%0A%0A&e[0][location]=Severance%20Library%20-%20Cottonwood",FAILED,""
"https://clearview.libnet.info/event/17224013","https://addtocalendar.com/atc/outlookonline?utz=0&uln=en-US@posix&vjs=1.5&e[0][date_start]=2026-10-27%2010%3A30%3A00&e[0][date_end]=2026-10-27%2011%3A00%3A00&e[0][timezone]=America%2FDenver&e[0][title]=Yoga%20Stories&e[0][description]=Join%20us%20for%20stories%2C%20yoga%20poses%2C%20and%20breathing%20exercises.%20Adults%20are%20encouraged%20to%20participate%20with%20their%20little(s)%20during%20poses%20and%20activities.%20For%20ages%203-5.%0A%0A&e[0][location]=Severance%20Library%20-%20Cottonwood",FAILED,""
"https://clearview.libnet.info/event/17224013","https://addtocalendar.com/atc/yahoo?utz=0&uln=en-US@posix&vjs=1.5&e[0][date_start]=2026-10-27%2010%3A30%3A00&e[0][date_end]=2026-10-27%2011%3A00%3A00&e[0][timezone]=America%2FDenver&e[0][title]=Yoga%20Stories&e[0][description]=Join%20us%20for%20stories%2C%20yoga%20poses%2C%20and%20breathing%20exercises.%20Adults%20are%20encouraged%20to%20participate%20with%20their%20little(s)%20during%20poses%20and%20activities.%20For%20ages%203-5.%0A%0A&e[0][location]=Severance%20Library%20-%20Cottonwood",FAILED,""
"https://clearview.libnet.info/event/17228044","https://addtocalendar.com/atc/ical?utz=0&uln=en-US@posix&vjs=1.5&e[0][date_start]=2026-10-27%2010%3A30%3A00&e[0][date_end]=2026-10-27%2011%3A00%3A00&e[0][timezone]=America%2FDenver&e[0][title]=Stay%20and%20Play%20&e[0][description]=Children%20will%20enjoy%20open-ended%20playtime%20in%20a%20relaxed%20atmosphere%20that%20promotes%20growth%2C%20exploration%2C%20and%20learning.%20Intended%20for%20children%20ages%200%20to%205%20and%20their%20caregivers%20or%20families.&e[0][location]=Windsor%20Library%20-%20Pikes%20Peak",FAILED,""
"https://clearview.libnet.info/event/17228044","https://addtocalendar.com/atc/google?utz=0&uln=en-US@posix&vjs=1.5&e[0][date_start]=2026-10-27%2010%3A30%3A00&e[0][date_end]=2026-10-27%2011%3A00%3A00&e[0][timezone]=America%2FDenver&e[0][title]=Stay%20and%20Play%20&e[0][description]=Children%20will%20enjoy%20open-ended%20playtime%20in%20a%20relaxed%20atmosphere%20that%20promotes%20growth%2C%20exploration%2C%20and%20learning.%20Intended%20for%20children%20ages%200%20to%205%20and%20their%20caregivers%20or%20families.&e[0][location]=Windsor%20Library%20-%20Pikes%20Peak",FAILED,""
"https://clearview.libnet.info/event/17228044","https://addtocalendar.com/atc/outlook?utz=0&uln=en-US@posix&vjs=1.5&e[0][date_start]=2026-10-27%2010%3A30%3A00&e[0][date_end]=2026-10-27%2011%3A00%3A00&e[0][timezone]=America%2FDenver&e[0][title]=Stay%20and%20Play%20&e[0][description]=Children%20will%20enjoy%20open-ended%20playtime%20in%20a%20relaxed%20atmosphere%20that%20promotes%20growth%2C%20exploration%2C%20and%20learning.%20Intended%20for%20children%20ages%200%20to%205%20and%20their%20caregivers%20or%20families.&e[0][location]=Windsor%20Library%20-%20Pikes%20Peak",FAILED,""
"https://clearview.libnet.info/event/17228044","https://addtocalendar.com/atc/outlookonline?utz=0&uln=en-US@posix&vjs=1.5&e[0][date_start]=2026-10-27%2010%3A30%3A00&e[0][date_end]=2026-10-27%2011%3A00%3A00&e[0][timezone]=America%2FDenver&e[0][title]=Stay%20and%20Play%20&e[0][description]=Children%20will%20enjoy%20open-ended%20playtime%20in%20a%20relaxed%20atmosphere%20that%20promotes%20growth%2C%20exploration%2C%20and%20learning.%20Intended%20for%20children%20ages%200%20to%205%20and%20their%20caregivers%20or%20families.&e[0][location]=Windsor%20Library%20-%20Pikes%20Peak",FAILED,""
"https://clearview.libnet.info/event/17228044","https://addtocalendar.com/atc/yahoo?utz=0&uln=en-US@posix&vjs=1.5&e[0][date_start]=2026-10-27%2010%3A30%3A00&e[0][date_end]=2026-10-27%2011%3A00%3A00&e[0][timezone]=America%2FDenver&e[0][title]=Stay%20and%20Play%20&e[0][description]=Children%20will%20enjoy%20open-ended%20playtime%20in%20a%20relaxed%20atmosphere%20that%20promotes%20growth%2C%20exploration%2C%20and%20learning.%20Intended%20for%20children%20ages%200%20to%205%20and%20their%20caregivers%20or%20families.&e[0][location]=Windsor%20Library%20-%20Pikes%20Peak",FAILED,""
"https://clearview.libnet.info/event/17042757","https://addtocalendar.com/atc/ical?utz=0&uln=en-US@posix&vjs=1.5&e[0][date_start]=2026-10-27%2014%3A30%3A00&e[0][date_end]=2026-10-27%2015%3A00%3A00&e[0][timezone]=America%2FDenver&e[0][title]=Bookmobile%20Stop%20at%20Orchard%20Hill%20Elementary%20&e[0][description]=2015%20Covered%20Bridge%20Pkwy%20-%20Windsor&e[0][location]=Bookmobile%20-%20",FAILED,""
"https://clearview.libnet.info/event/17042757","https://addtocalendar.com/atc/google?utz=0&uln=en-US@posix&vjs=1.5&e[0][date_start]=2026-10-27%2014%3A30%3A00&e[0][date_end]=2026-10-27%2015%3A00%3A00&e[0][timezone]=America%2FDenver&e[0][title]=Bookmobile%20Stop%20at%20Orchard%20Hill%20Elementary%20&e[0][description]=2015%20Covered%20Bridge%20Pkwy%20-%20Windsor&e[0][location]=Bookmobile%20-%20",FAILED,""
"https://clearview.libnet.info/event/17042757","https://addtocalendar.com/atc/outlook?utz=0&uln=en-US@posix&vjs=1.5&e[0][date_start]=2026-10-27%2014%3A30%3A00&e[0][date_end]=2026-10-27%2015%3A00%3A00&e[0][timezone]=America%2FDenver&e[0][title]=Bookmobile%20Stop%20at%20Orchard%20Hill%20Elementary%20&e[0][description]=2015%20Covered%20Bridge%20Pkwy%20-%20Windsor&e[0][location]=Bookmobile%20-%20",FAILED,""
"https://clearview.libnet.info/event/17042757","https://addtocalendar.com/atc/outlookonline?utz=0&uln=en-US@posix&vjs=1.5&e[0][date_start]=2026-10-27%2014%3A30%3A00&e[0][date_end]=2026-10-27%2015%3A00%3A00&e[0][timezone]=America%2FDenver&e[0][title]=Bookmobile%20Stop%20at%20Orchard%20Hill%20Elementary%20&e[0][description]=2015%20Covered%20Bridge%20Pkwy%20-%20Windsor&e[0][location]=Bookmobile%20-%20",FAILED,""
"https://clearview.libnet.info/event/17042757","https://addtocalendar.com/atc/yahoo?utz=0&uln=en-US@posix&vjs=1.5&e[0][date_start]=2026-10-27%2014%3A30%3A00&e[0][date_end]=2026-10-27%2015%3A00%3A00&e[0][timezone]=America%2FDenver&e[0][title]=Bookmobile%20Stop%20at%20Orchard%20Hill%20Elementary%20&e[0][description]=2015%20Covered%20Bridge%20Pkwy%20-%20Windsor&e[0][location]=Bookmobile%20-%20",FAILED,""
"https://clearview.libnet.info/event/17224217","https://addtocalendar.com/atc/ical?utz=0&uln=en-US@posix&vjs=1.5&e[0][date_start]=2026-10-27%2015%3A15%3A00&e[0][date_end]=2026-10-27%2016%3A15%3A00&e[0][timezone]=America%2FDenver&e[0][title]=Lego%20Explorers&e[0][description]=Lego%20Explorers%20offers%20Lego%20lovers%20the%20chance%20to%20free%20play%20with%20Legos.%20Build%20with%20our%20monthly%20theme%20or%20create%20from%20your%20own%20imagination.%20Open%20to%20elementary-aged%20children%2C%20as%20well%20as%20tweens%20ages%209-12.&e[0][location]=Severance%20Library%20-%20Cottonwood",FAILED,""
"https://clearview.libnet.info/event/17224217","https://addtocalendar.com/atc/google?utz=0&uln=en-US@posix&vjs=1.5&e[0][date_start]=2026-10-27%2015%3A15%3A00&e[0][date_end]=2026-10-27%2016%3A15%3A00&e[0][timezone]=America%2FDenver&e[0][title]=Lego%20Explorers&e[0][description]=Lego%20Explorers%20offers%20Lego%20lovers%20the%20chance%20to%20free%20play%20with%20Legos.%20Build%20with%20our%20monthly%20theme%20or%20create%20from%20your%20own%20imagination.%20Open%20to%20elementary-aged%20children%2C%20as%20well%20as%20tweens%20ages%209-12.&e[0][location]=Severance%20Library%20-%20Cottonwood",FAILED,""
"https://clearview.libnet.info/event/17224217","https://addtocalendar.com/atc/outlook?utz=0&uln=en-US@posix&vjs=1.5&e[0][date_start]=2026-10-27%2015%3A15%3A00&e[0][date_end]=2026-10-27%2016%3A15%3A00&e[0][timezone]=America%2FDenver&e[0][title]=Lego%20Explorers&e[0][description]=Lego%20Explorers%20offers%20Lego%20lovers%20the%20chance%20to%20free%20play%20with%20Legos.%20Build%20with%20our%20monthly%20theme%20or%20create%20from%20your%20own%20imagination.%20Open%20to%20elementary-aged%20children%2C%20as%20well%20as%20tweens%20ages%209-12.&e[0][location]=Severance%20Library%20-%20Cottonwood",FAILED,""
"https://clearview.libnet.info/event/17224217","https://addtocalendar.com/atc/outlookonline?utz=0&uln=en-US@posix&vjs=1.5&e[0][date_start]=2026-10-27%2015%3A15%3A00&e[0][date_end]=2026-10-27%2016%3A15%3A00&e[0][timezone]=America%2FDenver&e[0][title]=Lego%20Explorers&e[0][description]=Lego%20Explorers%20offers%20Lego%20lovers%20the%20chance%20to%20free%20play%20with%20Legos.%20Build%20with%20our%20monthly%20theme%20or%20create%20from%20your%20own%20imagination.%20Open%20to%20elementary-aged%20children%2C%20as%20well%20as%20tweens%20ages%209-12.&e[0][location]=Severance%20Library%20-%20Cottonwood",FAILED,""
"https://clearview.libnet.info/event/17224217","https://addtocalendar.com/atc/yahoo?utz=0&uln=en-US@posix&vjs=1.5&e[0][date_start]=2026-10-27%2015%3A15%3A00&e[0][date_end]=2026-10-27%2016%3A15%3A00&e[0][timezone]=America%2FDenver&e[0][title]=Lego%20Explorers&e[0][description]=Lego%20Explorers%20offers%20Lego%20lovers%20the%20chance%20to%20free%20play%20with%20Legos.%20Build%20with%20our%20monthly%20theme%20or%20create%20from%20your%20own%20imagination.%20Open%20to%20elementary-aged%20children%2C%20as%20well%20as%20tweens%20ages%209-12.&e[0][location]=Severance%20Library%20-%20Cottonwood",FAILED,""
"https://clearview.libnet.info/event/17239261","https://addtocalendar.com/atc/ical?utz=0&uln=en-US@posix&vjs=1.5&e[0][date_start]=2026-10-27%2015%3A15%3A00&e[0][date_end]=2026-10-27%2016%3A15%3A00&e[0][timezone]=America%2FDenver&e[0][title]=After-School%20Collective&e[0][description]=A%20place%20for%20elementary-aged%20children%2C%20and%20tweens%20ages%209-12%2C%20to%20explore%20and%20discover%20with%20their%20peers.%20%20Make%20Viking%20crafts%2C%20eat%20Viking%20bread%2C%20and%20design%20a%20Viking%20shield!&e[0][location]=Windsor%20Library%20-%20Pikes%20Peak",FAILED,""
"https://clearview.libnet.info/event/17239261","https://addtocalendar.com/atc/google?utz=0&uln=en-US@posix&vjs=1.5&e[0][date_start]=2026-10-27%2015%3A15%3A00&e[0][date_end]=2026-10-27%2016%3A15%3A00&e[0][timezone]=America%2FDenver&e[0][title]=After-School%20Collective&e[0][description]=A%20place%20for%20elementary-aged%20children%2C%20and%20tweens%20ages%209-12%2C%20to%20explore%20and%20discover%20with%20their%20peers.%20%20Make%20Viking%20crafts%2C%20eat%20Viking%20bread%2C%20and%20design%20a%20Viking%20shield!&e[0][location]=Windsor%20Library%20-%20Pikes%20Peak",FAILED,""
"https://clearview.libnet.info/event/17239261","https://addtocalendar.com/atc/outlook?utz=0&uln=en-US@posix&vjs=1.5&e[0][date_start]=2026-10-27%2015%3A15%3A00&e[0][date_end]=2026-10-27%2016%3A15%3A00&e[0][timezone]=America%2FDenver&e[0][title]=After-School%20Collective&e[0][description]=A%20place%20for%20elementary-aged%20children%2C%20and%20tweens%20ages%209-12%2C%20to%20explore%20and%20discover%20with%20their%20peers.%20%20Make%20Viking%20crafts%2C%20eat%20Viking%20bread%2C%20and%20design%20a%20Viking%20shield!&e[0][location]=Windsor%20Library%20-%20Pikes%20Peak",FAILED,""
"https://clearview.libnet.info/event/17239261","https://addtocalendar.com/atc/outlookonline?utz=0&uln=en-US@posix&vjs=1.5&e[0][date_start]=2026-10-27%2015%3A15%3A00&e[0][date_end]=2026-10-27%2016%3A15%3A00&e[0][timezone]=America%2FDenver&e[0][title]=After-School%20Collective&e[0][description]=A%20place%20for%20elementary-aged%20children%2C%20and%20tweens%20ages%209-12%2C%20to%20explore%20and%20discover%20with%20their%20peers.%20%20Make%20Viking%20crafts%2C%20eat%20Viking%20bread%2C%20and%20design%20a%20Viking%20shield!&e[0][location]=Windsor%20Library%20-%20Pikes%20Peak",FAILED,""
"https://clearview.libnet.info/event/17239261","https://addtocalendar.com/atc/yahoo?utz=0&uln=en-US@posix&vjs=1.5&e[0][date_start]=2026-10-27%2015%3A15%3A00&e[0][date_end]=2026-10-27%2016%3A15%3A00&e[0][timezone]=America%2FDenver&e[0][title]=After-School%20Collective&e[0][description]=A%20place%20for%20elementary-aged%20children%2C%20and%20tweens%20ages%209-12%2C%20to%20explore%20and%20discover%20with%20their%20peers.%20%20Make%20Viking%20crafts%2C%20eat%20Viking%20bread%2C%20and%20design%20a%20Viking%20shield!&e[0][location]=Windsor%20Library%20-%20Pikes%20Peak",FAILED,""
"https://clearview.libnet.info/event/17042771","https://addtocalendar.com/atc/ical?utz=0&uln=en-US@posix&vjs=1.5&e[0][date_start]=2026-10-27%2015%3A30%3A00&e[0][date_end]=2026-10-27%2016%3A00%3A00&e[0][timezone]=America%2FDenver&e[0][title]=Bookmobile%20Stop%20at%20Ravina%20Park&e[0][description]=Graceful%20St%20-%20Windsor&e[0][location]=Bookmobile%20-%20",FAILED,""
"https://clearview.libnet.info/event/17042771","https://addtocalendar.com/atc/google?utz=0&uln=en-US@posix&vjs=1.5&e[0][date_start]=2026-10-27%2015%3A30%3A00&e[0][date_end]=2026-10-27%2016%3A00%3A00&e[0][timezone]=America%2FDenver&e[0][title]=Bookmobile%20Stop%20at%20Ravina%20Park&e[0][description]=Graceful%20St%20-%20Windsor&e[0][location]=Bookmobile%20-%20",FAILED,""
"https://clearview.libnet.info/event/17042771","https://addtocalendar.com/atc/outlook?utz=0&uln=en-US@posix&vjs=1.5&e[0][date_start]=2026-10-27%2015%3A30%3A00&e[0][date_end]=2026-10-27%2016%3A00%3A00&e[0][timezone]=America%2FDenver&e[0][title]=Bookmobile%20Stop%20at%20Ravina%20Park&e[0][description]=Graceful%20St%20-%20Windsor&e[0][location]=Bookmobile%20-%20",FAILED,""
"https://clearview.libnet.info/event/17042771","https://addtocalendar.com/atc/outlookonline?utz=0&uln=en-US@posix&vjs=1.5&e[0][date_start]=2026-10-27%2015%3A30%3A00&e[0][date_end]=2026-10-27%2016%3A00%3A00&e[0][timezone]=America%2FDenver&e[0][title]=Bookmobile%20Stop%20at%20Ravina%20Park&e[0][description]=Graceful%20St%20-%20Windsor&e[0][location]=Bookmobile%20-%20",FAILED,""
"https://clearview.libnet.info/event/17042771","https://addtocalendar.com/atc/yahoo?utz=0&uln=en-US@posix&vjs=1.5&e[0][date_start]=2026-10-27%2015%3A30%3A00&e[0][date_end]=2026-10-27%2016%3A00%3A00&e[0][timezone]=America%2FDenver&e[0][title]=Bookmobile%20Stop%20at%20Ravina%20Park&e[0][description]=Graceful%20St%20-%20Windsor&e[0][location]=Bookmobile%20-%20",FAILED,""
"https://clearview.libnet.info/event/17042780","https://addtocalendar.com/atc/ical?utz=0&uln=en-US@posix&vjs=1.5&e[0][date_start]=2026-10-27%2016%3A30%3A00&e[0][date_end]=2026-10-27%2017%3A00%3A00&e[0][timezone]=America%2FDenver&e[0][title]=Bookmobile%20Stop%20at%20Greenspire&e[0][description]=635%20Moonglow%20Dr%20-%20Windsor&e[0][location]=Bookmobile%20-%20",FAILED,""
"https://clearview.libnet.info/event/17042780","https://addtocalendar.com/atc/google?utz=0&uln=en-US@posix&vjs=1.5&e[0][date_start]=2026-10-27%2016%3A30%3A00&e[0][date_end]=2026-10-27%2017%3A00%3A00&e[0][timezone]=America%2FDenver&e[0][title]=Bookmobile%20Stop%20at%20Greenspire&e[0][description]=635%20Moonglow%20Dr%20-%20Windsor&e[0][location]=Bookmobile%20-%20",FAILED,""
"https://clearview.libnet.info/event/17042780","https://addtocalendar.com/atc/outlook?utz=0&uln=en-US@posix&vjs=1.5&e[0][date_start]=2026-10-27%2016%3A30%3A00&e[0][date_end]=2026-10-27%2017%3A00%3A00&e[0][timezone]=America%2FDenver&e[0][title]=Bookmobile%20Stop%20at%20Greenspire&e[0][description]=635%20Moonglow%20Dr%20-%20Windsor&e[0][location]=Bookmobile%20-%20",FAILED,""
"https://clearview.libnet.info/event/17042780","https://addtocalendar.com/atc/outlookonline?utz=0&uln=en-US@posix&vjs=1.5&e[0][date_start]=2026-10-27%2016%3A30%3A00&e[0][date_end]=2026-10-27%2017%3A00%3A00&e[0][timezone]=America%2FDenver&e[0][title]=Bookmobile%20Stop%20at%20Greenspire&e[0][description]=635%20Moonglow%20Dr%20-%20Windsor&e[0][location]=Bookmobile%20-%20",FAILED,""
"https://clearview.libnet.info/event/17042780","https://addtocalendar.com/atc/yahoo?utz=0&uln=en-US@posix&vjs=1.5&e[0][date_start]=2026-10-27%2016%3A30%3A00&e[0][date_end]=2026-10-27%2017%3A00%3A00&e[0][timezone]=America%2FDenver&e[0][title]=Bookmobile%20Stop%20at%20Greenspire&e[0][description]=635%20Moonglow%20Dr%20-%20Windsor&e[0][location]=Bookmobile%20-%20",FAILED,""
"https://clearview.libnet.info/event/17233797","https://addtocalendar.com/atc/ical?utz=0&uln=en-US@posix&vjs=1.5&e[0][date_start]=2026-10-27%2016%3A30%3A00&e[0][date_end]=2026-10-27%2017%3A30%3A00&e[0][timezone]=America%2FDenver&e[0][title]=Not%20Your%20Boring%20Book%20Club&e[0][description]=This%20is%20no%20ordinary%20book%20club!%20Join%20us%20for%20a%204%20week%20session%2C%20where%20you%20will%20pick%20your%20book%20from%20our%20themed%20choices%20and%20participate%20in%20a%20variety%20of%20unique%20activities.%20%20For%20tweens%20ages%209-12.&e[0][location]=Windsor%20Library%20-%20Pikes%20Peak",FAILED,""
"https://clearview.libnet.info/event/17233797","https://addtocalendar.com/atc/google?utz=0&uln=en-US@posix&vjs=1.5&e[0][date_start]=2026-10-27%2016%3A30%3A00&e[0][date_end]=2026-10-27%2017%3A30%3A00&e[0][timezone]=America%2FDenver&e[0][title]=Not%20Your%20Boring%20Book%20Club&e[0][description]=This%20is%20no%20ordinary%20book%20club!%20Join%20us%20for%20a%204%20week%20session%2C%20where%20you%20will%20pick%20your%20book%20from%20our%20themed%20choices%20and%20participate%20in%20a%20variety%20of%20unique%20activities.%20%20For%20tweens%20ages%209-12.&e[0][location]=Windsor%20Library%20-%20Pikes%20Peak",FAILED,""
"https://clearview.libnet.info/event/17233797","https://addtocalendar.com/atc/outlook?utz=0&uln=en-US@posix&vjs=1.5&e[0][date_start]=2026-10-27%2016%3A30%3A00&e[0][date_end]=2026-10-27%2017%3A30%3A00&e[0][timezone]=America%2FDenver&e[0][title]=Not%20Your%20Boring%20Book%20Club&e[0][description]=This%20is%20no%20ordinary%20book%20club!%20Join%20us%20for%20a%204%20week%20session%2C%20where%20you%20will%20pick%20your%20book%20from%20our%20themed%20choices%20and%20participate%20in%20a%20variety%20of%20unique%20activities.%20%20For%20tweens%20ages%209-12.&e[0][location]=Windsor%20Library%20-%20Pikes%20Peak",FAILED,""
"https://clearview.libnet.info/event/17233797","https://addtocalendar.com/atc/outlookonline?utz=0&uln=en-US@posix&vjs=1.5&e[0][date_start]=2026-10-27%2016%3A30%3A00&e[0][date_end]=2026-10-27%2017%3A30%3A00&e[0][timezone]=America%2FDenver&e[0][title]=Not%20Your%20Boring%20Book%20Club&e[0][description]=This%20is%20no%20ordinary%20book%20club!%20Join%20us%20for%20a%204%20week%20session%2C%20where%20you%20will%20pick%20your%20book%20from%20our%20themed%20choices%20and%20participate%20in%20a%20variety%20of%20unique%20activities.%20%20For%20tweens%20ages%209-12.&e[0][location]=Windsor%20Library%20-%20Pikes%20Peak",FAILED,""
"https://clearview.libnet.info/event/17233797","https://addtocalendar.com/atc/yahoo?utz=0&uln=en-US@posix&vjs=1.5&e[0][date_start]=2026-10-27%2016%3A30%3A00&e[0][date_end]=2026-10-27%2017%3A30%3A00&e[0][timezone]=America%2FDenver&e[0][title]=Not%20Your%20Boring%20Book%20Club&e[0][description]=This%20is%20no%20ordinary%20book%20club!%20Join%20us%20for%20a%204%20week%20session%2C%20where%20you%20will%20pick%20your%20book%20from%20our%20themed%20choices%20and%20participate%20in%20a%20variety%20of%20unique%20activities.%20%20For%20tweens%20ages%209-12.&e[0][location]=Windsor%20Library%20-%20Pikes%20Peak",FAILED,""
"https://clearview.libnet.info/event/17042790","https://addtocalendar.com/atc/ical?utz=0&uln=en-US@posix&vjs=1.5&e[0][date_start]=2026-10-27%2017%3A30%3A00&e[0][date_end]=2026-10-27%2018%3A00%3A00&e[0][timezone]=America%2FDenver&e[0][title]=Bookmobile%20Stop%20at%20The%20Ridge%20Park%20&e[0][description]=5005%20Harmony%20Ridge%20Pkwy%20-%20Windsor&e[0][location]=Bookmobile%20-%20",FAILED,""
"https://clearview.libnet.info/event/17042790","https://addtocalendar.com/atc/google?utz=0&uln=en-US@posix&vjs=1.5&e[0][date_start]=2026-10-27%2017%3A30%3A00&e[0][date_end]=2026-10-27%2018%3A00%3A00&e[0][timezone]=America%2FDenver&e[0][title]=Bookmobile%20Stop%20at%20The%20Ridge%20Park%20&e[0][description]=5005%20Harmony%20Ridge%20Pkwy%20-%20Windsor&e[0][location]=Bookmobile%20-%20",FAILED,""
"https://clearview.libnet.info/event/17042790","https://addtocalendar.com/atc/outlook?utz=0&uln=en-US@posix&vjs=1.5&e[0][date_start]=2026-10-27%2017%3A30%3A00&e[0][date_end]=2026-10-27%2018%3A00%3A00&e[0][timezone]=America%2FDenver&e[0][title]=Bookmobile%20Stop%20at%20The%20Ridge%20Park%20&e[0][description]=5005%20Harmony%20Ridge%20Pkwy%20-%20Windsor&e[0][location]=Bookmobile%20-%20",FAILED,""
"https://clearview.libnet.info/event/17042790","https://addtocalendar.com/atc/outlookonline?utz=0&uln=en-US@posix&vjs=1.5&e[0][date_start]=2026-10-27%2017%3A30%3A00&e[0][date_end]=2026-10-27%2018%3A00%3A00&e[0][timezone]=America%2FDenver&e[0][title]=Bookmobile%20Stop%20at%20The%20Ridge%20Park%20&e[0][description]=5005%20Harmony%20Ridge%20Pkwy%20-%20Windsor&e[0][location]=Bookmobile%20-%20",FAILED,""
"https://clearview.libnet.info/event/17042790","https://addtocalendar.com/atc/yahoo?utz=0&uln=en-US@posix&vjs=1.5&e[0][date_start]=2026-10-27%2017%3A30%3A00&e[0][date_end]=2026-10-27%2018%3A00%3A00&e[0][timezone]=America%2FDenver&e[0][title]=Bookmobile%20Stop%20at%20The%20Ridge%20Park%20&e[0][description]=5005%20Harmony%20Ridge%20Pkwy%20-%20Windsor&e[0][location]=Bookmobile%20-%20",FAILED,""
"https://clearview.libnet.info/event/17277561","https://clearview.marmot.org/GroupedWork/a63a1ae0-dcf3-d530-0825-0f12e4403082/Home?searchId=276616588&recordIndex=1&page=1&searchSource=local",403,"Last Night at the Telegraph Club"
"https://clearview.libnet.info/event/17277561","https://addtocalendar.com/atc/ical?utz=0&uln=en-US@posix&vjs=1.5&e[0][date_start]=2026-10-27%2018%3A00%3A00&e[0][date_end]=2026-10-27%2019%3A00%3A00&e[0][timezone]=America%2FDenver&e[0][title]=Edgy%20Pages%20Book%20Club&e[0][description]=Fame%20is%20nice%2C%20but%20what%20about%20infamy%3F%20Edgy%20Pages%20is%20a%20club%20for%20exploring%20books%20that%20are%20the%20stuff%20of%20controversy%20and%20scandal%2C%20or%20inherently%20provocative.%20&e[0][location]=Windsor%20Library%20-%20Pikes%20Peak",FAILED,""
"https://clearview.libnet.info/event/17277561","https://addtocalendar.com/atc/google?utz=0&uln=en-US@posix&vjs=1.5&e[0][date_start]=2026-10-27%2018%3A00%3A00&e[0][date_end]=2026-10-27%2019%3A00%3A00&e[0][timezone]=America%2FDenver&e[0][title]=Edgy%20Pages%20Book%20Club&e[0][description]=Fame%20is%20nice%2C%20but%20what%20about%20infamy%3F%20Edgy%20Pages%20is%20a%20club%20for%20exploring%20books%20that%20are%20the%20stuff%20of%20controversy%20and%20scandal%2C%20or%20inherently%20provocative.%20&e[0][location]=Windsor%20Library%20-%20Pikes%20Peak",FAILED,""
"https://clearview.libnet.info/event/17277561","https://addtocalendar.com/atc/outlook?utz=0&uln=en-US@posix&vjs=1.5&e[0][date_start]=2026-10-27%2018%3A00%3A00&e[0][date_end]=2026-10-27%2019%3A00%3A00&e[0][timezone]=America%2FDenver&e[0][title]=Edgy%20Pages%20Book%20Club&e[0][description]=Fame%20is%20nice%2C%20but%20what%20about%20infamy%3F%20Edgy%20Pages%20is%20a%20club%20for%20exploring%20books%20that%20are%20the%20stuff%20of%20controversy%20and%20scandal%2C%20or%20inherently%20provocative.%20&e[0][location]=Windsor%20Library%20-%20Pikes%20Peak",FAILED,""
"https://clearview.libnet.info/event/17277561","https://addtocalendar.com/atc/outlookonline?utz=0&uln=en-US@posix&vjs=1.5&e[0][date_start]=2026-10-27%2018%3A00%3A00&e[0][date_end]=2026-10-27%2019%3A00%3A00&e[0][timezone]=America%2FDenver&e[0][title]=Edgy%20Pages%20Book%20Club&e[0][description]=Fame%20is%20nice%2C%20but%20what%20about%20infamy%3F%20Edgy%20Pages%20is%20a%20club%20for%20exploring%20books%20that%20are%20the%20stuff%20of%20controversy%20and%20scandal%2C%20or%20inherently%20provocative.%20&e[0][location]=Windsor%20Library%20-%20Pikes%20Peak",FAILED,""
"https://clearview.libnet.info/event/17277561","https://addtocalendar.com/atc/yahoo?utz=0&uln=en-US@posix&vjs=1.5&e[0][date_start]=2026-10-27%2018%3A00%3A00&e[0][date_end]=2026-10-27%2019%3A00%3A00&e[0][timezone]=America%2FDenver&e[0][title]=Edgy%20Pages%20Book%20Club&e[0][description]=Fame%20is%20nice%2C%20but%20what%20about%20infamy%3F%20Edgy%20Pages%20is%20a%20club%20for%20exploring%20books%20that%20are%20the%20stuff%20of%20controversy%20and%20scandal%2C%20or%20inherently%20provocative.%20&e[0][location]=Windsor%20Library%20-%20Pikes%20Peak",FAILED,""
"https://clearview.libnet.info/event/17227561","https://addtocalendar.com/atc/ical?utz=0&uln=en-US@posix&vjs=1.5&e[0][date_start]=2026-10-28%2010%3A00%3A00&e[0][date_end]=2026-10-28%2010%3A30%3A00&e[0][timezone]=America%2FDenver&e[0][title]=Babies%20and%20Books&e[0][description]=Grow%20your%20reader%20as%20we%20enjoy%20books%2C%20rhymes%2C%20songs%2C%20sensory%20activities%2C%20and%20active%20movement%20during%20this%20lapsit%20storytime.%20For%20ages%20birth%20to%202%20years.%20Older%20siblings%20welcome.&e[0][location]=Severance%20Library%20-%20Cottonwood",FAILED,""
"https://clearview.libnet.info/event/17227561","https://addtocalendar.com/atc/google?utz=0&uln=en-US@posix&vjs=1.5&e[0][date_start]=2026-10-28%2010%3A00%3A00&e[0][date_end]=2026-10-28%2010%3A30%3A00&e[0][timezone]=America%2FDenver&e[0][title]=Babies%20and%20Books&e[0][description]=Grow%20your%20reader%20as%20we%20enjoy%20books%2C%20rhymes%2C%20songs%2C%20sensory%20activities%2C%20and%20active%20movement%20during%20this%20lapsit%20storytime.%20For%20ages%20birth%20to%202%20years.%20Older%20siblings%20welcome.&e[0][location]=Severance%20Library%20-%20Cottonwood",FAILED,""
"https://clearview.libnet.info/event/17227561","https://addtocalendar.com/atc/outlook?utz=0&uln=en-US@posix&vjs=1.5&e[0][date_start]=2026-10-28%2010%3A00%3A00&e[0][date_end]=2026-10-28%2010%3A30%3A00&e[0][timezone]=America%2FDenver&e[0][title]=Babies%20and%20Books&e[0][description]=Grow%20your%20reader%20as%20we%20enjoy%20books%2C%20rhymes%2C%20songs%2C%20sensory%20activities%2C%20and%20active%20movement%20during%20this%20lapsit%20storytime.%20For%20ages%20birth%20to%202%20years.%20Older%20siblings%20welcome.&e[0][location]=Severance%20Library%20-%20Cottonwood",FAILED,""
"https://clearview.libnet.info/event/17227561","https://addtocalendar.com/atc/outlookonline?utz=0&uln=en-US@posix&vjs=1.5&e[0][date_start]=2026-10-28%2010%3A00%3A00&e[0][date_end]=2026-10-28%2010%3A30%3A00&e[0][timezone]=America%2FDenver&e[0][title]=Babies%20and%20Books&e[0][description]=Grow%20your%20reader%20as%20we%20enjoy%20books%2C%20rhymes%2C%20songs%2C%20sensory%20activities%2C%20and%20active%20movement%20during%20this%20lapsit%20storytime.%20For%20ages%20birth%20to%202%20years.%20Older%20siblings%20welcome.&e[0][location]=Severance%20Library%20-%20Cottonwood",FAILED,""
"https://clearview.libnet.info/event/17227561","https://addtocalendar.com/atc/yahoo?utz=0&uln=en-US@posix&vjs=1.5&e[0][date_start]=2026-10-28%2010%3A00%3A00&e[0][date_end]=2026-10-28%2010%3A30%3A00&e[0][timezone]=America%2FDenver&e[0][title]=Babies%20and%20Books&e[0][description]=Grow%20your%20reader%20as%20we%20enjoy%20books%2C%20rhymes%2C%20songs%2C%20sensory%20activities%2C%20and%20active%20movement%20during%20this%20lapsit%20storytime.%20For%20ages%20birth%20to%202%20years.%20Older%20siblings%20welcome.&e[0][location]=Severance%20Library%20-%20Cottonwood",FAILED,""
"https://clearview.libnet.info/event/17230539","https://addtocalendar.com/atc/ical?utz=0&uln=en-US@posix&vjs=1.5&e[0][date_start]=2026-10-28%2010%3A00%3A00&e[0][date_end]=2026-10-28%2010%3A45%3A00&e[0][timezone]=America%2FDenver&e[0][title]=Adaptive%20Storytime%20with%20ASL&e[0][description]=Join%20us%20for%20a%20sensory-friendly%20storytime%2C%20incorporating%20basic%20ASL%20and%20designed%20for%20children%20of%20all%20abilities%2C%20needs%2C%20and%20learning%20styles.%20For%20ages%200-5.%20Older%20children%20and%20siblings%20are%20welcome.&e[0][location]=Windsor%20Library%20-%20Pikes%20Peak",FAILED,""
"https://clearview.libnet.info/event/17230539","https://addtocalendar.com/atc/google?utz=0&uln=en-US@posix&vjs=1.5&e[0][date_start]=2026-10-28%2010%3A00%3A00&e[0][date_end]=2026-10-28%2010%3A45%3A00&e[0][timezone]=America%2FDenver&e[0][title]=Adaptive%20Storytime%20with%20ASL&e[0][description]=Join%20us%20for%20a%20sensory-friendly%20storytime%2C%20incorporating%20basic%20ASL%20and%20designed%20for%20children%20of%20all%20abilities%2C%20needs%2C%20and%20learning%20styles.%20For%20ages%200-5.%20Older%20children%20and%20siblings%20are%20welcome.&e[0][location]=Windsor%20Library%20-%20Pikes%20Peak",FAILED,""
"https://clearview.libnet.info/event/17230539","https://addtocalendar.com/atc/outlook?utz=0&uln=en-US@posix&vjs=1.5&e[0][date_start]=2026-10-28%2010%3A00%3A00&e[0][date_end]=2026-10-28%2010%3A45%3A00&e[0][timezone]=America%2FDenver&e[0][title]=Adaptive%20Storytime%20with%20ASL&e[0][description]=Join%20us%20for%20a%20sensory-friendly%20storytime%2C%20incorporating%20basic%20ASL%20and%20designed%20for%20children%20of%20all%20abilities%2C%20needs%2C%20and%20learning%20styles.%20For%20ages%200-5.%20Older%20children%20and%20siblings%20are%20welcome.&e[0][location]=Windsor%20Library%20-%20Pikes%20Peak",FAILED,""
"https://clearview.libnet.info/event/17230539","https://addtocalendar.com/atc/outlookonline?utz=0&uln=en-US@posix&vjs=1.5&e[0][date_start]=2026-10-28%2010%3A00%3A00&e[0][date_end]=2026-10-28%2010%3A45%3A00&e[0][timezone]=America%2FDenver&e[0][title]=Adaptive%20Storytime%20with%20ASL&e[0][description]=Join%20us%20for%20a%20sensory-friendly%20storytime%2C%20incorporating%20basic%20ASL%20and%20designed%20for%20children%20of%20all%20abilities%2C%20needs%2C%20and%20learning%20styles.%20For%20ages%200-5.%20Older%20children%20and%20siblings%20are%20welcome.&e[0][location]=Windsor%20Library%20-%20Pikes%20Peak",FAILED,""
"https://clearview.libnet.info/event/17230539","https://addtocalendar.com/atc/yahoo?utz=0&uln=en-US@posix&vjs=1.5&e[0][date_start]=2026-10-28%2010%3A00%3A00&e[0][date_end]=2026-10-28%2010%3A45%3A00&e[0][timezone]=America%2FDenver&e[0][title]=Adaptive%20Storytime%20with%20ASL&e[0][description]=Join%20us%20for%20a%20sensory-friendly%20storytime%2C%20incorporating%20basic%20ASL%20and%20designed%20for%20children%20of%20all%20abilities%2C%20needs%2C%20and%20learning%20styles.%20For%20ages%200-5.%20Older%20children%20and%20siblings%20are%20welcome.&e[0][location]=Windsor%20Library%20-%20Pikes%20Peak",FAILED,""
"https://clearview.libnet.info/event/17227651","https://addtocalendar.com/atc/ical?utz=0&uln=en-US@posix&vjs=1.5&e[0][date_start]=2026-10-28%2010%3A30%3A00&e[0][date_end]=2026-10-28%2011%3A00%3A00&e[0][timezone]=America%2FDenver&e[0][title]=Stay%20and%20Play&e[0][description]=Babies%20and%20toddlers%20will%20enjoy%20open-ended%20playtime%20in%20a%20relaxed%20atmosphere%20that%20promotes%20growth%2C%20exploration%2C%20and%20learning.%20Intended%20for%20children%20ages%200%20to%202%20and%20their%20caregivers%20or%20families.&e[0][location]=Severance%20Library%20-%20Cottonwood",FAILED,""
"https://clearview.libnet.info/event/17227651","https://addtocalendar.com/atc/google?utz=0&uln=en-US@posix&vjs=1.5&e[0][date_start]=2026-10-28%2010%3A30%3A00&e[0][date_end]=2026-10-28%2011%3A00%3A00&e[0][timezone]=America%2FDenver&e[0][title]=Stay%20and%20Play&e[0][description]=Babies%20and%20toddlers%20will%20enjoy%20open-ended%20playtime%20in%20a%20relaxed%20atmosphere%20that%20promotes%20growth%2C%20exploration%2C%20and%20learning.%20Intended%20for%20children%20ages%200%20to%202%20and%20their%20caregivers%20or%20families.&e[0][location]=Severance%20Library%20-%20Cottonwood",FAILED,""
"https://clearview.libnet.info/event/17227651","https://addtocalendar.com/atc/outlook?utz=0&uln=en-US@posix&vjs=1.5&e[0][date_start]=2026-10-28%2010%3A30%3A00&e[0][date_end]=2026-10-28%2011%3A00%3A00&e[0][timezone]=America%2FDenver&e[0][title]=Stay%20and%20Play&e[0][description]=Babies%20and%20toddlers%20will%20enjoy%20open-ended%20playtime%20in%20a%20relaxed%20atmosphere%20that%20promotes%20growth%2C%20exploration%2C%20and%20learning.%20Intended%20for%20children%20ages%200%20to%202%20and%20their%20caregivers%20or%20families.&e[0][location]=Severance%20Library%20-%20Cottonwood",FAILED,""
"https://clearview.libnet.info/event/17227651","https://addtocalendar.com/atc/outlookonline?utz=0&uln=en-US@posix&vjs=1.5&e[0][date_start]=2026-10-28%2010%3A30%3A00&e[0][date_end]=2026-10-28%2011%3A00%3A00&e[0][timezone]=America%2FDenver&e[0][title]=Stay%20and%20Play&e[0][description]=Babies%20and%20toddlers%20will%20enjoy%20open-ended%20playtime%20in%20a%20relaxed%20atmosphere%20that%20promotes%20growth%2C%20exploration%2C%20and%20learning.%20Intended%20for%20children%20ages%200%20to%202%20and%20their%20caregivers%20or%20families.&e[0][location]=Severance%20Library%20-%20Cottonwood",FAILED,""
"https://clearview.libnet.info/event/17227651","https://addtocalendar.com/atc/yahoo?utz=0&uln=en-US@posix&vjs=1.5&e[0][date_start]=2026-10-28%2010%3A30%3A00&e[0][date_end]=2026-10-28%2011%3A00%3A00&e[0][timezone]=America%2FDenver&e[0][title]=Stay%20and%20Play&e[0][description]=Babies%20and%20toddlers%20will%20enjoy%20open-ended%20playtime%20in%20a%20relaxed%20atmosphere%20that%20promotes%20growth%2C%20exploration%2C%20and%20learning.%20Intended%20for%20children%20ages%200%20to%202%20and%20their%20caregivers%20or%20families.&e[0][location]=Severance%20Library%20-%20Cottonwood",FAILED,""
"https://clearview.libnet.info/event/17042796","https://addtocalendar.com/atc/ical?utz=0&uln=en-US@posix&vjs=1.5&e[0][date_start]=2026-10-28%2014%3A30%3A00&e[0][date_end]=2026-10-28%2015%3A00%3A00&e[0][timezone]=America%2FDenver&e[0][title]=Bookmobile%20Stop%20at%20Poudre%20Heights%20Park%20&e[0][description]=1670%20Green%20River%20Dr%20-%20Windsor&e[0][location]=Bookmobile%20-%20",FAILED,""
"https://clearview.libnet.info/event/17042796","https://addtocalendar.com/atc/google?utz=0&uln=en-US@posix&vjs=1.5&e[0][date_start]=2026-10-28%2014%3A30%3A00&e[0][date_end]=2026-10-28%2015%3A00%3A00&e[0][timezone]=America%2FDenver&e[0][title]=Bookmobile%20Stop%20at%20Poudre%20Heights%20Park%20&e[0][description]=1670%20Green%20River%20Dr%20-%20Windsor&e[0][location]=Bookmobile%20-%20",FAILED,""
"https://clearview.libnet.info/event/17042796","https://addtocalendar.com/atc/outlook?utz=0&uln=en-US@posix&vjs=1.5&e[0][date_start]=2026-10-28%2014%3A30%3A00&e[0][date_end]=2026-10-28%2015%3A00%3A00&e[0][timezone]=America%2FDenver&e[0][title]=Bookmobile%20Stop%20at%20Poudre%20Heights%20Park%20&e[0][description]=1670%20Green%20River%20Dr%20-%20Windsor&e[0][location]=Bookmobile%20-%20",FAILED,""
"https://clearview.libnet.info/event/17042796","https://addtocalendar.com/atc/outlookonline?utz=0&uln=en-US@posix&vjs=1.5&e[0][date_start]=2026-10-28%2014%3A30%3A00&e[0][date_end]=2026-10-28%2015%3A00%3A00&e[0][timezone]=America%2FDenver&e[0][title]=Bookmobile%20Stop%20at%20Poudre%20Heights%20Park%20&e[0][description]=1670%20Green%20River%20Dr%20-%20Windsor&e[0][location]=Bookmobile%20-%20",FAILED,""
"https://clearview.libnet.info/event/17042796","https://addtocalendar.com/atc/yahoo?utz=0&uln=en-US@posix&vjs=1.5&e[0][date_start]=2026-10-28%2014%3A30%3A00&e[0][date_end]=2026-10-28%2015%3A00%3A00&e[0][timezone]=America%2FDenver&e[0][title]=Bookmobile%20Stop%20at%20Poudre%20Heights%20Park%20&e[0][description]=1670%20Green%20River%20Dr%20-%20Windsor&e[0][location]=Bookmobile%20-%20",FAILED,""
"https://clearview.libnet.info/event/17042816","https://addtocalendar.com/atc/ical?utz=0&uln=en-US@posix&vjs=1.5&e[0][date_start]=2026-10-28%2015%3A30%3A00&e[0][date_end]=2026-10-28%2016%3A00%3A00&e[0][timezone]=America%2FDenver&e[0][title]=Bookmobile%20Stop%20at%20Founders%20Green%20Park&e[0][description]=1201%20Grand%20Ave%20-%20Windsor%20&e[0][location]=Bookmobile%20-%20",FAILED,""
"https://clearview.libnet.info/event/17042816","https://addtocalendar.com/atc/google?utz=0&uln=en-US@posix&vjs=1.5&e[0][date_start]=2026-10-28%2015%3A30%3A00&e[0][date_end]=2026-10-28%2016%3A00%3A00&e[0][timezone]=America%2FDenver&e[0][title]=Bookmobile%20Stop%20at%20Founders%20Green%20Park&e[0][description]=1201%20Grand%20Ave%20-%20Windsor%20&e[0][location]=Bookmobile%20-%20",FAILED,""
"https://clearview.libnet.info/event/17042816","https://addtocalendar.com/atc/outlook?utz=0&uln=en-US@posix&vjs=1.5&e[0][date_start]=2026-10-28%2015%3A30%3A00&e[0][date_end]=2026-10-28%2016%3A00%3A00&e[0][timezone]=America%2FDenver&e[0][title]=Bookmobile%20Stop%20at%20Founders%20Green%20Park&e[0][description]=1201%20Grand%20Ave%20-%20Windsor%20&e[0][location]=Bookmobile%20-%20",FAILED,""
"https://clearview.libnet.info/event/17042816","https://addtocalendar.com/atc/outlookonline?utz=0&uln=en-US@posix&vjs=1.5&e[0][date_start]=2026-10-28%2015%3A30%3A00&e[0][date_end]=2026-10-28%2016%3A00%3A00&e[0][timezone]=America%2FDenver&e[0][title]=Bookmobile%20Stop%20at%20Founders%20Green%20Park&e[0][description]=1201%20Grand%20Ave%20-%20Windsor%20&e[0][location]=Bookmobile%20-%20",FAILED,""
"https://clearview.libnet.info/event/17042816","https://addtocalendar.com/atc/yahoo?utz=0&uln=en-US@posix&vjs=1.5&e[0][date_start]=2026-10-28%2015%3A30%3A00&e[0][date_end]=2026-10-28%2016%3A00%3A00&e[0][timezone]=America%2FDenver&e[0][title]=Bookmobile%20Stop%20at%20Founders%20Green%20Park&e[0][description]=1201%20Grand%20Ave%20-%20Windsor%20&e[0][location]=Bookmobile%20-%20",FAILED,""
"https://clearview.libnet.info/event/17042835","https://addtocalendar.com/atc/ical?utz=0&uln=en-US@posix&vjs=1.5&e[0][date_start]=2026-10-28%2016%3A30%3A00&e[0][date_end]=2026-10-28%2017%3A00%3A00&e[0][timezone]=America%2FDenver&e[0][title]=Bookmobile%20Stop%20at%20Cherry%20Park%20at%20RainDance%20&e[0][description]=Heirloom%20Dr%20-%20Windsor&e[0][location]=Bookmobile%20-%20",FAILED,""
"https://clearview.libnet.info/event/17042835","https://addtocalendar.com/atc/google?utz=0&uln=en-US@posix&vjs=1.5&e[0][date_start]=2026-10-28%2016%3A30%3A00&e[0][date_end]=2026-10-28%2017%3A00%3A00&e[0][timezone]=America%2FDenver&e[0][title]=Bookmobile%20Stop%20at%20Cherry%20Park%20at%20RainDance%20&e[0][description]=Heirloom%20Dr%20-%20Windsor&e[0][location]=Bookmobile%20-%20",FAILED,""
"https://clearview.libnet.info/event/17042835","https://addtocalendar.com/atc/outlook?utz=0&uln=en-US@posix&vjs=1.5&e[0][date_start]=2026-10-28%2016%3A30%3A00&e[0][date_end]=2026-10-28%2017%3A00%3A00&e[0][timezone]=America%2FDenver&e[0][title]=Bookmobile%20Stop%20at%20Cherry%20Park%20at%20RainDance%20&e[0][description]=Heirloom%20Dr%20-%20Windsor&e[0][location]=Bookmobile%20-%20",FAILED,""
"https://clearview.libnet.info/event/17042835","https://addtocalendar.com/atc/outlookonline?utz=0&uln=en-US@posix&vjs=1.5&e[0][date_start]=2026-10-28%2016%3A30%3A00&e[0][date_end]=2026-10-28%2017%3A00%3A00&e[0][timezone]=America%2FDenver&e[0][title]=Bookmobile%20Stop%20at%20Cherry%20Park%20at%20RainDance%20&e[0][description]=Heirloom%20Dr%20-%20Windsor&e[0][location]=Bookmobile%20-%20",FAILED,""
"https://clearview.libnet.info/event/17042835","https://addtocalendar.com/atc/yahoo?utz=0&uln=en-US@posix&vjs=1.5&e[0][date_start]=2026-10-28%2016%3A30%3A00&e[0][date_end]=2026-10-28%2017%3A00%3A00&e[0][timezone]=America%2FDenver&e[0][title]=Bookmobile%20Stop%20at%20Cherry%20Park%20at%20RainDance%20&e[0][description]=Heirloom%20Dr%20-%20Windsor&e[0][location]=Bookmobile%20-%20",FAILED,""
"https://clearview.libnet.info/event/17223940","https://addtocalendar.com/atc/ical?utz=0&uln=en-US@posix&vjs=1.5&e[0][date_start]=2026-10-28%2016%3A30%3A00&e[0][date_end]=2026-10-28%2017%3A30%3A00&e[0][timezone]=America%2FDenver&e[0][title]=Chess%20Club&e[0][description]=Join%20our%20Chess%20Club%20for%20youth%20ages%206-18!%20Develop%20strategic%20thinking%20skills%2C%20engage%20in%20friendly%20chess%20matches%2C%20and%20make%20new%20friends.%20All%20skill%20levels%20welcome!&e[0][location]=Severance%20Library%20-%20Cottonwood",FAILED,""
"https://clearview.libnet.info/event/17223940","https://addtocalendar.com/atc/google?utz=0&uln=en-US@posix&vjs=1.5&e[0][date_start]=2026-10-28%2016%3A30%3A00&e[0][date_end]=2026-10-28%2017%3A30%3A00&e[0][timezone]=America%2FDenver&e[0][title]=Chess%20Club&e[0][description]=Join%20our%20Chess%20Club%20for%20youth%20ages%206-18!%20Develop%20strategic%20thinking%20skills%2C%20engage%20in%20friendly%20chess%20matches%2C%20and%20make%20new%20friends.%20All%20skill%20levels%20welcome!&e[0][location]=Severance%20Library%20-%20Cottonwood",FAILED,""
"https://clearview.libnet.info/event/17223940","https://addtocalendar.com/atc/outlook?utz=0&uln=en-US@posix&vjs=1.5&e[0][date_start]=2026-10-28%2016%3A30%3A00&e[0][date_end]=2026-10-28%2017%3A30%3A00&e[0][timezone]=America%2FDenver&e[0][title]=Chess%20Club&e[0][description]=Join%20our%20Chess%20Club%20for%20youth%20ages%206-18!%20Develop%20strategic%20thinking%20skills%2C%20engage%20in%20friendly%20chess%20matches%2C%20and%20make%20new%20friends.%20All%20skill%20levels%20welcome!&e[0][location]=Severance%20Library%20-%20Cottonwood",FAILED,""
"https://clearview.libnet.info/event/17223940","https://addtocalendar.com/atc/outlookonline?utz=0&uln=en-US@posix&vjs=1.5&e[0][date_start]=2026-10-28%2016%3A30%3A00&e[0][date_end]=2026-10-28%2017%3A30%3A00&e[0][timezone]=America%2FDenver&e[0][title]=Chess%20Club&e[0][description]=Join%20our%20Chess%20Club%20for%20youth%20ages%206-18!%20Develop%20strategic%20thinking%20skills%2C%20engage%20in%20friendly%20chess%20matches%2C%20and%20make%20new%20friends.%20All%20skill%20levels%20welcome!&e[0][location]=Severance%20Library%20-%20Cottonwood",FAILED,""
"https://clearview.libnet.info/event/17223940","https://addtocalendar.com/atc/yahoo?utz=0&uln=en-US@posix&vjs=1.5&e[0][date_start]=2026-10-28%2016%3A30%3A00&e[0][date_end]=2026-10-28%2017%3A30%3A00&e[0][timezone]=America%2FDenver&e[0][title]=Chess%20Club&e[0][description]=Join%20our%20Chess%20Club%20for%20youth%20ages%206-18!%20Develop%20strategic%20thinking%20skills%2C%20engage%20in%20friendly%20chess%20matches%2C%20and%20make%20new%20friends.%20All%20skill%20levels%20welcome!&e[0][location]=Severance%20Library%20-%20Cottonwood",FAILED,""
"https://clearview.libnet.info/event/17237638","https://addtocalendar.com/atc/ical?utz=0&uln=en-US@posix&vjs=1.5&e[0][date_start]=2026-10-28%2016%3A30%3A00&e[0][date_end]=2026-10-28%2017%3A30%3A00&e[0][timezone]=America%2FDenver&e[0][title]=We%20Dream%20in%20Steam&e[0][description]=Tweens%2C%20join%20us%20to%20learn%20more%20about%20STEAM!%20This%20month%2C%20learn%20about%20sheep%2C%20wool%20production%2C%20and%20all%20the%20incredible%20properties%20of%20wool.%20Then%20we%E2%80%99ll%20dye%20the%20wool%20ourselves!%20For%20tweens%20ages%209-12.&e[0][location]=Windsor%20Library%20-%20Pikes%20Peak",FAILED,""
"https://clearview.libnet.info/event/17237638","https://addtocalendar.com/atc/google?utz=0&uln=en-US@posix&vjs=1.5&e[0][date_start]=2026-10-28%2016%3A30%3A00&e[0][date_end]=2026-10-28%2017%3A30%3A00&e[0][timezone]=America%2FDenver&e[0][title]=We%20Dream%20in%20Steam&e[0][description]=Tweens%2C%20join%20us%20to%20learn%20more%20about%20STEAM!%20This%20month%2C%20learn%20about%20sheep%2C%20wool%20production%2C%20and%20all%20the%20incredible%20properties%20of%20wool.%20Then%20we%E2%80%99ll%20dye%20the%20wool%20ourselves!%20For%20tweens%20ages%209-12.&e[0][location]=Windsor%20Library%20-%20Pikes%20Peak",FAILED,""
"https://clearview.libnet.info/event/17237638","https://addtocalendar.com/atc/outlook?utz=0&uln=en-US@posix&vjs=1.5&e[0][date_start]=2026-10-28%2016%3A30%3A00&e[0][date_end]=2026-10-28%2017%3A30%3A00&e[0][timezone]=America%2FDenver&e[0][title]=We%20Dream%20in%20Steam&e[0][description]=Tweens%2C%20join%20us%20to%20learn%20more%20about%20STEAM!%20This%20month%2C%20learn%20about%20sheep%2C%20wool%20production%2C%20and%20all%20the%20incredible%20properties%20of%20wool.%20Then%20we%E2%80%99ll%20dye%20the%20wool%20ourselves!%20For%20tweens%20ages%209-12.&e[0][location]=Windsor%20Library%20-%20Pikes%20Peak",FAILED,""
"https://clearview.libnet.info/event/17237638","https://addtocalendar.com/atc/outlookonline?utz=0&uln=en-US@posix&vjs=1.5&e[0][date_start]=2026-10-28%2016%3A30%3A00&e[0][date_end]=2026-10-28%2017%3A30%3A00&e[0][timezone]=America%2FDenver&e[0][title]=We%20Dream%20in%20Steam&e[0][description]=Tweens%2C%20join%20us%20to%20learn%20more%20about%20STEAM!%20This%20month%2C%20learn%20about%20sheep%2C%20wool%20production%2C%20and%20all%20the%20incredible%20properties%20of%20wool.%20Then%20we%E2%80%99ll%20dye%20the%20wool%20ourselves!%20For%20tweens%20ages%209-12.&e[0][location]=Windsor%20Library%20-%20Pikes%20Peak",FAILED,""
"https://clearview.libnet.info/event/17237638","https://addtocalendar.com/atc/yahoo?utz=0&uln=en-US@posix&vjs=1.5&e[0][date_start]=2026-10-28%2016%3A30%3A00&e[0][date_end]=2026-10-28%2017%3A30%3A00&e[0][timezone]=America%2FDenver&e[0][title]=We%20Dream%20in%20Steam&e[0][description]=Tweens%2C%20join%20us%20to%20learn%20more%20about%20STEAM!%20This%20month%2C%20learn%20about%20sheep%2C%20wool%20production%2C%20and%20all%20the%20incredible%20properties%20of%20wool.%20Then%20we%E2%80%99ll%20dye%20the%20wool%20ourselves!%20For%20tweens%20ages%209-12.&e[0][location]=Windsor%20Library%20-%20Pikes%20Peak",FAILED,""
"https://clearview.libnet.info/event/17042845","https://addtocalendar.com/atc/ical?utz=0&uln=en-US@posix&vjs=1.5&e[0][date_start]=2026-10-28%2017%3A30%3A00&e[0][date_end]=2026-10-28%2018%3A00%3A00&e[0][timezone]=America%2FDenver&e[0][title]=Bookmobile%20Stop%20at%20Pelican%20Farms%20Park&e[0][description]=Kestrel%20Dr%20-%20Windsor&e[0][location]=Bookmobile%20-%20",FAILED,""
"https://clearview.libnet.info/event/17042845","https://addtocalendar.com/atc/google?utz=0&uln=en-US@posix&vjs=1.5&e[0][date_start]=2026-10-28%2017%3A30%3A00&e[0][date_end]=2026-10-28%2018%3A00%3A00&e[0][timezone]=America%2FDenver&e[0][title]=Bookmobile%20Stop%20at%20Pelican%20Farms%20Park&e[0][description]=Kestrel%20Dr%20-%20Windsor&e[0][location]=Bookmobile%20-%20",FAILED,""
"https://clearview.libnet.info/event/17042845","https://addtocalendar.com/atc/outlook?utz=0&uln=en-US@posix&vjs=1.5&e[0][date_start]=2026-10-28%2017%3A30%3A00&e[0][date_end]=2026-10-28%2018%3A00%3A00&e[0][timezone]=America%2FDenver&e[0][title]=Bookmobile%20Stop%20at%20Pelican%20Farms%20Park&e[0][description]=Kestrel%20Dr%20-%20Windsor&e[0][location]=Bookmobile%20-%20",FAILED,""
"https://clearview.libnet.info/event/17042845","https://addtocalendar.com/atc/outlookonline?utz=0&uln=en-US@posix&vjs=1.5&e[0][date_start]=2026-10-28%2017%3A30%3A00&e[0][date_end]=2026-10-28%2018%3A00%3A00&e[0][timezone]=America%2FDenver&e[0][title]=Bookmobile%20Stop%20at%20Pelican%20Farms%20Park&e[0][description]=Kestrel%20Dr%20-%20Windsor&e[0][location]=Bookmobile%20-%20",FAILED,""
"https://clearview.libnet.info/event/17042845","https://addtocalendar.com/atc/yahoo?utz=0&uln=en-US@posix&vjs=1.5&e[0][date_start]=2026-10-28%2017%3A30%3A00&e[0][date_end]=2026-10-28%2018%3A00%3A00&e[0][timezone]=America%2FDenver&e[0][title]=Bookmobile%20Stop%20at%20Pelican%20Farms%20Park&e[0][description]=Kestrel%20Dr%20-%20Windsor&e[0][location]=Bookmobile%20-%20",FAILED,""
"https://clearview.libnet.info/event/17240996","https://addtocalendar.com/atc/ical?utz=0&uln=en-US@posix&vjs=1.5&e[0][date_start]=2026-10-28%2019%3A00%3A00&e[0][date_end]=2026-10-28%2020%3A00%3A00&e[0][timezone]=America%2FDenver&e[0][title]=Common%20Ground&e[0][description]=Teens%2C%20looking%20for%20a%20fun%20%26amp%3B%20welcoming%20space%20to%20meet%20new%20friends%20and%20catch%20up%20with%20familiar%20faces%3F%20Join%20our%20after-hours%20ghost%20hunt!%20We%E2%80%99ll%20share%20local%20spirit%20sightings%2C%20and%20then%20search%20the%20library.%20&e[0][location]=Windsor%20Library%20-%20Pikes%20Peak",FAILED,""
"https://clearview.libnet.info/event/17240996","https://addtocalendar.com/atc/google?utz=0&uln=en-US@posix&vjs=1.5&e[0][date_start]=2026-10-28%2019%3A00%3A00&e[0][date_end]=2026-10-28%2020%3A00%3A00&e[0][timezone]=America%2FDenver&e[0][title]=Common%20Ground&e[0][description]=Teens%2C%20looking%20for%20a%20fun%20%26amp%3B%20welcoming%20space%20to%20meet%20new%20friends%20and%20catch%20up%20with%20familiar%20faces%3F%20Join%20our%20after-hours%20ghost%20hunt!%20We%E2%80%99ll%20share%20local%20spirit%20sightings%2C%20and%20then%20search%20the%20library.%20&e[0][location]=Windsor%20Library%20-%20Pikes%20Peak",FAILED,""
"https://clearview.libnet.info/event/17240996","https://addtocalendar.com/atc/outlook?utz=0&uln=en-US@posix&vjs=1.5&e[0][date_start]=2026-10-28%2019%3A00%3A00&e[0][date_end]=2026-10-28%2020%3A00%3A00&e[0][timezone]=America%2FDenver&e[0][title]=Common%20Ground&e[0][description]=Teens%2C%20looking%20for%20a%20fun%20%26amp%3B%20welcoming%20space%20to%20meet%20new%20friends%20and%20catch%20up%20with%20familiar%20faces%3F%20Join%20our%20after-hours%20ghost%20hunt!%20We%E2%80%99ll%20share%20local%20spirit%20sightings%2C%20and%20then%20search%20the%20library.%20&e[0][location]=Windsor%20Library%20-%20Pikes%20Peak",FAILED,""
"https://clearview.libnet.info/event/17240996","https://addtocalendar.com/atc/outlookonline?utz=0&uln=en-US@posix&vjs=1.5&e[0][date_start]=2026-10-28%2019%3A00%3A00&e[0][date_end]=2026-10-28%2020%3A00%3A00&e[0][timezone]=America%2FDenver&e[0][title]=Common%20Ground&e[0][description]=Teens%2C%20looking%20for%20a%20fun%20%26amp%3B%20welcoming%20space%20to%20meet%20new%20friends%20and%20catch%20up%20with%20familiar%20faces%3F%20Join%20our%20after-hours%20ghost%20hunt!%20We%E2%80%99ll%20share%20local%20spirit%20sightings%2C%20and%20then%20search%20the%20library.%20&e[0][location]=Windsor%20Library%20-%20Pikes%20Peak",FAILED,""
"https://clearview.libnet.info/event/17240996","https://addtocalendar.com/atc/yahoo?utz=0&uln=en-US@posix&vjs=1.5&e[0][date_start]=2026-10-28%2019%3A00%3A00&e[0][date_end]=2026-10-28%2020%3A00%3A00&e[0][timezone]=America%2FDenver&e[0][title]=Common%20Ground&e[0][description]=Teens%2C%20looking%20for%20a%20fun%20%26amp%3B%20welcoming%20space%20to%20meet%20new%20friends%20and%20catch%20up%20with%20familiar%20faces%3F%20Join%20our%20after-hours%20ghost%20hunt!%20We%E2%80%99ll%20share%20local%20spirit%20sightings%2C%20and%20then%20search%20the%20library.%20&e[0][location]=Windsor%20Library%20-%20Pikes%20Peak",FAILED,""
"https://clearview.libnet.info/event/17561254","https://addtocalendar.com/atc/ical?utz=0&uln=en-US@posix&vjs=1.5&e[0][date_start]=2026-10-29%2010%3A00%3A00&e[0][date_end]=2026-10-29%2011%3A00%3A00&e[0][timezone]=America%2FDenver&e[0][title]=PAWS%20for%20Reading&e[0][description]=Dogs%20%2B%20Reading%20%3D%20Magic%0A&e[0][location]=Windsor%20Library%20-%20",FAILED,""
"https://clearview.libnet.info/event/17561254","https://addtocalendar.com/atc/google?utz=0&uln=en-US@posix&vjs=1.5&e[0][date_start]=2026-10-29%2010%3A00%3A00&e[0][date_end]=2026-10-29%2011%3A00%3A00&e[0][timezone]=America%2FDenver&e[0][title]=PAWS%20for%20Reading&e[0][description]=Dogs%20%2B%20Reading%20%3D%20Magic%0A&e[0][location]=Windsor%20Library%20-%20",FAILED,""
"https://clearview.libnet.info/event/17561254","https://addtocalendar.com/atc/outlook?utz=0&uln=en-US@posix&vjs=1.5&e[0][date_start]=2026-10-29%2010%3A00%3A00&e[0][date_end]=2026-10-29%2011%3A00%3A00&e[0][timezone]=America%2FDenver&e[0][title]=PAWS%20for%20Reading&e[0][description]=Dogs%20%2B%20Reading%20%3D%20Magic%0A&e[0][location]=Windsor%20Library%20-%20",FAILED,""
"https://clearview.libnet.info/event/17561254","https://addtocalendar.com/atc/outlookonline?utz=0&uln=en-US@posix&vjs=1.5&e[0][date_start]=2026-10-29%2010%3A00%3A00&e[0][date_end]=2026-10-29%2011%3A00%3A00&e[0][timezone]=America%2FDenver&e[0][title]=PAWS%20for%20Reading&e[0][description]=Dogs%20%2B%20Reading%20%3D%20Magic%0A&e[0][location]=Windsor%20Library%20-%20",FAILED,""
"https://clearview.libnet.info/event/17561254","https://addtocalendar.com/atc/yahoo?utz=0&uln=en-US@posix&vjs=1.5&e[0][date_start]=2026-10-29%2010%3A00%3A00&e[0][date_end]=2026-10-29%2011%3A00%3A00&e[0][timezone]=America%2FDenver&e[0][title]=PAWS%20for%20Reading&e[0][description]=Dogs%20%2B%20Reading%20%3D%20Magic%0A&e[0][location]=Windsor%20Library%20-%20",FAILED,""
"https://clearview.libnet.info/event/17042860","https://addtocalendar.com/atc/ical?utz=0&uln=en-US@posix&vjs=1.5&e[0][date_start]=2026-10-29%2014%3A30%3A00&e[0][date_end]=2026-10-29%2015%3A00%3A00&e[0][timezone]=America%2FDenver&e[0][title]=Bookmobile%20Stop%20at%20Hollister%20Lake%20Elementary%20&e[0][description]=550%20Sundance%20Dr%20-%20Windsor&e[0][location]=Bookmobile%20-%20",FAILED,""
"https://clearview.libnet.info/event/17042860","https://addtocalendar.com/atc/google?utz=0&uln=en-US@posix&vjs=1.5&e[0][date_start]=2026-10-29%2014%3A30%3A00&e[0][date_end]=2026-10-29%2015%3A00%3A00&e[0][timezone]=America%2FDenver&e[0][title]=Bookmobile%20Stop%20at%20Hollister%20Lake%20Elementary%20&e[0][description]=550%20Sundance%20Dr%20-%20Windsor&e[0][location]=Bookmobile%20-%20",FAILED,""
"https://clearview.libnet.info/event/17042860","https://addtocalendar.com/atc/outlook?utz=0&uln=en-US@posix&vjs=1.5&e[0][date_start]=2026-10-29%2014%3A30%3A00&e[0][date_end]=2026-10-29%2015%3A00%3A00&e[0][timezone]=America%2FDenver&e[0][title]=Bookmobile%20Stop%20at%20Hollister%20Lake%20Elementary%20&e[0][description]=550%20Sundance%20Dr%20-%20Windsor&e[0][location]=Bookmobile%20-%20",FAILED,""
"https://clearview.libnet.info/event/17042860","https://addtocalendar.com/atc/outlookonline?utz=0&uln=en-US@posix&vjs=1.5&e[0][date_start]=2026-10-29%2014%3A30%3A00&e[0][date_end]=2026-10-29%2015%3A00%3A00&e[0][timezone]=America%2FDenver&e[0][title]=Bookmobile%20Stop%20at%20Hollister%20Lake%20Elementary%20&e[0][description]=550%20Sundance%20Dr%20-%20Windsor&e[0][location]=Bookmobile%20-%20",FAILED,""
"https://clearview.libnet.info/event/17042860","https://addtocalendar.com/atc/yahoo?utz=0&uln=en-US@posix&vjs=1.5&e[0][date_start]=2026-10-29%2014%3A30%3A00&e[0][date_end]=2026-10-29%2015%3A00%3A00&e[0][timezone]=America%2FDenver&e[0][title]=Bookmobile%20Stop%20at%20Hollister%20Lake%20Elementary%20&e[0][description]=550%20Sundance%20Dr%20-%20Windsor&e[0][location]=Bookmobile%20-%20",FAILED,""
"https://clearview.libnet.info/event/17042887","https://addtocalendar.com/atc/ical?utz=0&uln=en-US@posix&vjs=1.5&e[0][date_start]=2026-10-29%2015%3A30%3A00&e[0][date_end]=2026-10-29%2016%3A00%3A00&e[0][timezone]=America%2FDenver&e[0][title]=Bookmobile%20Stop%20at%20Overlook%20Park%20&e[0][description]=650%20Audubon%20Blvd%20-%20Severance&e[0][location]=Bookmobile%20-%20",FAILED,""
"https://clearview.libnet.info/event/17042887","https://addtocalendar.com/atc/google?utz=0&uln=en-US@posix&vjs=1.5&e[0][date_start]=2026-10-29%2015%3A30%3A00&e[0][date_end]=2026-10-29%2016%3A00%3A00&e[0][timezone]=America%2FDenver&e[0][title]=Bookmobile%20Stop%20at%20Overlook%20Park%20&e[0][description]=650%20Audubon%20Blvd%20-%20Severance&e[0][location]=Bookmobile%20-%20",FAILED,""
"https://clearview.libnet.info/event/17042887","https://addtocalendar.com/atc/outlook?utz=0&uln=en-US@posix&vjs=1.5&e[0][date_start]=2026-10-29%2015%3A30%3A00&e[0][date_end]=2026-10-29%2016%3A00%3A00&e[0][timezone]=America%2FDenver&e[0][title]=Bookmobile%20Stop%20at%20Overlook%20Park%20&e[0][description]=650%20Audubon%20Blvd%20-%20Severance&e[0][location]=Bookmobile%20-%20",FAILED,""
"https://clearview.libnet.info/event/17042887","https://addtocalendar.com/atc/outlookonline?utz=0&uln=en-US@posix&vjs=1.5&e[0][date_start]=2026-10-29%2015%3A30%3A00&e[0][date_end]=2026-10-29%2016%3A00%3A00&e[0][timezone]=America%2FDenver&e[0][title]=Bookmobile%20Stop%20at%20Overlook%20Park%20&e[0][description]=650%20Audubon%20Blvd%20-%20Severance&e[0][location]=Bookmobile%20-%20",FAILED,""
"https://clearview.libnet.info/event/17042887","https://addtocalendar.com/atc/yahoo?utz=0&uln=en-US@posix&vjs=1.5&e[0][date_start]=2026-10-29%2015%3A30%3A00&e[0][date_end]=2026-10-29%2016%3A00%3A00&e[0][timezone]=America%2FDenver&e[0][title]=Bookmobile%20Stop%20at%20Overlook%20Park%20&e[0][description]=650%20Audubon%20Blvd%20-%20Severance&e[0][location]=Bookmobile%20-%20",FAILED,""
"https://clearview.libnet.info/event/17042893","https://addtocalendar.com/atc/ical?utz=0&uln=en-US@posix&vjs=1.5&e[0][date_start]=2026-10-29%2016%3A30%3A00&e[0][date_end]=2026-10-29%2017%3A00%3A00&e[0][timezone]=America%2FDenver&e[0][title]=Bookmobile%20Stop%20at%20Village%20East%20Park&e[0][description]=865%20Park%20Edge%20Cir%20-%20Windsor&e[0][location]=Bookmobile%20-%20",FAILED,""
"https://clearview.libnet.info/event/17042893","https://addtocalendar.com/atc/google?utz=0&uln=en-US@posix&vjs=1.5&e[0][date_start]=2026-10-29%2016%3A30%3A00&e[0][date_end]=2026-10-29%2017%3A00%3A00&e[0][timezone]=America%2FDenver&e[0][title]=Bookmobile%20Stop%20at%20Village%20East%20Park&e[0][description]=865%20Park%20Edge%20Cir%20-%20Windsor&e[0][location]=Bookmobile%20-%20",FAILED,""
"https://clearview.libnet.info/event/17042893","https://addtocalendar.com/atc/outlook?utz=0&uln=en-US@posix&vjs=1.5&e[0][date_start]=2026-10-29%2016%3A30%3A00&e[0][date_end]=2026-10-29%2017%3A00%3A00&e[0][timezone]=America%2FDenver&e[0][title]=Bookmobile%20Stop%20at%20Village%20East%20Park&e[0][description]=865%20Park%20Edge%20Cir%20-%20Windsor&e[0][location]=Bookmobile%20-%20",FAILED,""
"https://clearview.libnet.info/event/17042893","https://addtocalendar.com/atc/outlookonline?utz=0&uln=en-US@posix&vjs=1.5&e[0][date_start]=2026-10-29%2016%3A30%3A00&e[0][date_end]=2026-10-29%2017%3A00%3A00&e[0][timezone]=America%2FDenver&e[0][title]=Bookmobile%20Stop%20at%20Village%20East%20Park&e[0][description]=865%20Park%20Edge%20Cir%20-%20Windsor&e[0][location]=Bookmobile%20-%20",FAILED,""
"https://clearview.libnet.info/event/17042893","https://addtocalendar.com/atc/yahoo?utz=0&uln=en-US@posix&vjs=1.5&e[0][date_start]=2026-10-29%2016%3A30%3A00&e[0][date_end]=2026-10-29%2017%3A00%3A00&e[0][timezone]=America%2FDenver&e[0][title]=Bookmobile%20Stop%20at%20Village%20East%20Park&e[0][description]=865%20Park%20Edge%20Cir%20-%20Windsor&e[0][location]=Bookmobile%20-%20",FAILED,""
"https://clearview.libnet.info/event/15289819","https://addtocalendar.com/atc/ical?utz=0&uln=en-US@posix&vjs=1.5&e[0][date_start]=2026-10-29%2017%3A30%3A00&e[0][date_end]=2026-10-29%2019%3A00%3A00&e[0][timezone]=America%2FDenver&e[0][title]=Library%20Board%20Meeting&e[0][description]=The%20library%20board%20normally%20meets%20the%20last%20Thursday%20of%20every%20month%20at%205%3A30%20p.m.%26nbsp%3B&e[0][location]=Severance%20Library%20-%20Cottonwood",FAILED,""
"https://clearview.libnet.info/event/15289819","https://addtocalendar.com/atc/google?utz=0&uln=en-US@posix&vjs=1.5&e[0][date_start]=2026-10-29%2017%3A30%3A00&e[0][date_end]=2026-10-29%2019%3A00%3A00&e[0][timezone]=America%2FDenver&e[0][title]=Library%20Board%20Meeting&e[0][description]=The%20library%20board%20normally%20meets%20the%20last%20Thursday%20of%20every%20month%20at%205%3A30%20p.m.%26nbsp%3B&e[0][location]=Severance%20Library%20-%20Cottonwood",FAILED,""
"https://clearview.libnet.info/event/15289819","https://addtocalendar.com/atc/outlook?utz=0&uln=en-US@posix&vjs=1.5&e[0][date_start]=2026-10-29%2017%3A30%3A00&e[0][date_end]=2026-10-29%2019%3A00%3A00&e[0][timezone]=America%2FDenver&e[0][title]=Library%20Board%20Meeting&e[0][description]=The%20library%20board%20normally%20meets%20the%20last%20Thursday%20of%20every%20month%20at%205%3A30%20p.m.%26nbsp%3B&e[0][location]=Severance%20Library%20-%20Cottonwood",FAILED,""
"https://clearview.libnet.info/event/15289819","https://addtocalendar.com/atc/outlookonline?utz=0&uln=en-US@posix&vjs=1.5&e[0][date_start]=2026-10-29%2017%3A30%3A00&e[0][date_end]=2026-10-29%2019%3A00%3A00&e[0][timezone]=America%2FDenver&e[0][title]=Library%20Board%20Meeting&e[0][description]=The%20library%20board%20normally%20meets%20the%20last%20Thursday%20of%20every%20month%20at%205%3A30%20p.m.%26nbsp%3B&e[0][location]=Severance%20Library%20-%20Cottonwood",FAILED,""
"https://clearview.libnet.info/event/15289819","https://addtocalendar.com/atc/yahoo?utz=0&uln=en-US@posix&vjs=1.5&e[0][date_start]=2026-10-29%2017%3A30%3A00&e[0][date_end]=2026-10-29%2019%3A00%3A00&e[0][timezone]=America%2FDenver&e[0][title]=Library%20Board%20Meeting&e[0][description]=The%20library%20board%20normally%20meets%20the%20last%20Thursday%20of%20every%20month%20at%205%3A30%20p.m.%26nbsp%3B&e[0][location]=Severance%20Library%20-%20Cottonwood",FAILED,""
"https://clearview.libnet.info/event/17042917","https://addtocalendar.com/atc/ical?utz=0&uln=en-US@posix&vjs=1.5&e[0][date_start]=2026-10-29%2017%3A30%3A00&e[0][date_end]=2026-10-29%2018%3A00%3A00&e[0][timezone]=America%2FDenver&e[0][title]=Bookmobile%20Stop%20at%20Promontory%20Community%20Park%20&e[0][description]=W%2013th%20St%20-%20Greeley&e[0][location]=Bookmobile%20-%20",FAILED,""
"https://clearview.libnet.info/event/17042917","https://addtocalendar.com/atc/google?utz=0&uln=en-US@posix&vjs=1.5&e[0][date_start]=2026-10-29%2017%3A30%3A00&e[0][date_end]=2026-10-29%2018%3A00%3A00&e[0][timezone]=America%2FDenver&e[0][title]=Bookmobile%20Stop%20at%20Promontory%20Community%20Park%20&e[0][description]=W%2013th%20St%20-%20Greeley&e[0][location]=Bookmobile%20-%20",FAILED,""
"https://clearview.libnet.info/event/17042917","https://addtocalendar.com/atc/outlook?utz=0&uln=en-US@posix&vjs=1.5&e[0][date_start]=2026-10-29%2017%3A30%3A00&e[0][date_end]=2026-10-29%2018%3A00%3A00&e[0][timezone]=America%2FDenver&e[0][title]=Bookmobile%20Stop%20at%20Promontory%20Community%20Park%20&e[0][description]=W%2013th%20St%20-%20Greeley&e[0][location]=Bookmobile%20-%20",FAILED,""
"https://clearview.libnet.info/event/17042917","https://addtocalendar.com/atc/outlookonline?utz=0&uln=en-US@posix&vjs=1.5&e[0][date_start]=2026-10-29%2017%3A30%3A00&e[0][date_end]=2026-10-29%2018%3A00%3A00&e[0][timezone]=America%2FDenver&e[0][title]=Bookmobile%20Stop%20at%20Promontory%20Community%20Park%20&e[0][description]=W%2013th%20St%20-%20Greeley&e[0][location]=Bookmobile%20-%20",FAILED,""
"https://clearview.libnet.info/event/17042917","https://addtocalendar.com/atc/yahoo?utz=0&uln=en-US@posix&vjs=1.5&e[0][date_start]=2026-10-29%2017%3A30%3A00&e[0][date_end]=2026-10-29%2018%3A00%3A00&e[0][timezone]=America%2FDenver&e[0][title]=Bookmobile%20Stop%20at%20Promontory%20Community%20Park%20&e[0][description]=W%2013th%20St%20-%20Greeley&e[0][location]=Bookmobile%20-%20",FAILED,""
"https://clearview.libnet.info/event/17228903","https://addtocalendar.com/atc/ical?utz=0&uln=en-US@posix&vjs=1.5&e[0][date_start]=2026-10-30%2009%3A30%3A00&e[0][date_end]=2026-10-30%2010%3A00%3A00&e[0][timezone]=America%2FDenver&e[0][title]=Babies%20and%20Books&e[0][description]=Grow%20your%20reader%20as%20we%20enjoy%20books%2C%20rhymes%2C%20songs%2C%20sensory%20activities%2C%20and%20active%20movement%20during%20this%20lapsit%20storytime.%20For%20ages%20birth%20to%202%20years.%20Older%20siblings%20welcome.&e[0][location]=Windsor%20Library%20-%20Pikes%20Peak",FAILED,""
"https://clearview.libnet.info/event/17228903","https://addtocalendar.com/atc/google?utz=0&uln=en-US@posix&vjs=1.5&e[0][date_start]=2026-10-30%2009%3A30%3A00&e[0][date_end]=2026-10-30%2010%3A00%3A00&e[0][timezone]=America%2FDenver&e[0][title]=Babies%20and%20Books&e[0][description]=Grow%20your%20reader%20as%20we%20enjoy%20books%2C%20rhymes%2C%20songs%2C%20sensory%20activities%2C%20and%20active%20movement%20during%20this%20lapsit%20storytime.%20For%20ages%20birth%20to%202%20years.%20Older%20siblings%20welcome.&e[0][location]=Windsor%20Library%20-%20Pikes%20Peak",FAILED,""
"https://clearview.libnet.info/event/17228903","https://addtocalendar.com/atc/outlook?utz=0&uln=en-US@posix&vjs=1.5&e[0][date_start]=2026-10-30%2009%3A30%3A00&e[0][date_end]=2026-10-30%2010%3A00%3A00&e[0][timezone]=America%2FDenver&e[0][title]=Babies%20and%20Books&e[0][description]=Grow%20your%20reader%20as%20we%20enjoy%20books%2C%20rhymes%2C%20songs%2C%20sensory%20activities%2C%20and%20active%20movement%20during%20this%20lapsit%20storytime.%20For%20ages%20birth%20to%202%20years.%20Older%20siblings%20welcome.&e[0][location]=Windsor%20Library%20-%20Pikes%20Peak",FAILED,""
"https://clearview.libnet.info/event/17228903","https://addtocalendar.com/atc/outlookonline?utz=0&uln=en-US@posix&vjs=1.5&e[0][date_start]=2026-10-30%2009%3A30%3A00&e[0][date_end]=2026-10-30%2010%3A00%3A00&e[0][timezone]=America%2FDenver&e[0][title]=Babies%20and%20Books&e[0][description]=Grow%20your%20reader%20as%20we%20enjoy%20books%2C%20rhymes%2C%20songs%2C%20sensory%20activities%2C%20and%20active%20movement%20during%20this%20lapsit%20storytime.%20For%20ages%20birth%20to%202%20years.%20Older%20siblings%20welcome.&e[0][location]=Windsor%20Library%20-%20Pikes%20Peak",FAILED,""
"https://clearview.libnet.info/event/17228903","https://addtocalendar.com/atc/yahoo?utz=0&uln=en-US@posix&vjs=1.5&e[0][date_start]=2026-10-30%2009%3A30%3A00&e[0][date_end]=2026-10-30%2010%3A00%3A00&e[0][timezone]=America%2FDenver&e[0][title]=Babies%20and%20Books&e[0][description]=Grow%20your%20reader%20as%20we%20enjoy%20books%2C%20rhymes%2C%20songs%2C%20sensory%20activities%2C%20and%20active%20movement%20during%20this%20lapsit%20storytime.%20For%20ages%20birth%20to%202%20years.%20Older%20siblings%20welcome.&e[0][location]=Windsor%20Library%20-%20Pikes%20Peak",FAILED,""
"https://clearview.libnet.info/event/17229029","https://addtocalendar.com/atc/ical?utz=0&uln=en-US@posix&vjs=1.5&e[0][date_start]=2026-10-30%2010%3A00%3A00&e[0][date_end]=2026-10-30%2010%3A30%3A00&e[0][timezone]=America%2FDenver&e[0][title]=Stay%20and%20Play%20&e[0][description]=Babies%20and%20toddlers%20will%20enjoy%20open-ended%20playtime%20in%20a%20relaxed%20atmosphere%20that%20promotes%20growth%2C%20exploration%2C%20and%20learning.%20Intended%20for%20children%20ages%200%20to%202%20and%20their%20caregivers%20or%20families.&e[0][location]=Windsor%20Library%20-%20Pikes%20Peak",FAILED,""
"https://clearview.libnet.info/event/17229029","https://addtocalendar.com/atc/google?utz=0&uln=en-US@posix&vjs=1.5&e[0][date_start]=2026-10-30%2010%3A00%3A00&e[0][date_end]=2026-10-30%2010%3A30%3A00&e[0][timezone]=America%2FDenver&e[0][title]=Stay%20and%20Play%20&e[0][description]=Babies%20and%20toddlers%20will%20enjoy%20open-ended%20playtime%20in%20a%20relaxed%20atmosphere%20that%20promotes%20growth%2C%20exploration%2C%20and%20learning.%20Intended%20for%20children%20ages%200%20to%202%20and%20their%20caregivers%20or%20families.&e[0][location]=Windsor%20Library%20-%20Pikes%20Peak",FAILED,""
"https://clearview.libnet.info/event/17229029","https://addtocalendar.com/atc/outlook?utz=0&uln=en-US@posix&vjs=1.5&e[0][date_start]=2026-10-30%2010%3A00%3A00&e[0][date_end]=2026-10-30%2010%3A30%3A00&e[0][timezone]=America%2FDenver&e[0][title]=Stay%20and%20Play%20&e[0][description]=Babies%20and%20toddlers%20will%20enjoy%20open-ended%20playtime%20in%20a%20relaxed%20atmosphere%20that%20promotes%20growth%2C%20exploration%2C%20and%20learning.%20Intended%20for%20children%20ages%200%20to%202%20and%20their%20caregivers%20or%20families.&e[0][location]=Windsor%20Library%20-%20Pikes%20Peak",FAILED,""
"https://clearview.libnet.info/event/17229029","https://addtocalendar.com/atc/outlookonline?utz=0&uln=en-US@posix&vjs=1.5&e[0][date_start]=2026-10-30%2010%3A00%3A00&e[0][date_end]=2026-10-30%2010%3A30%3A00&e[0][timezone]=America%2FDenver&e[0][title]=Stay%20and%20Play%20&e[0][description]=Babies%20and%20toddlers%20will%20enjoy%20open-ended%20playtime%20in%20a%20relaxed%20atmosphere%20that%20promotes%20growth%2C%20exploration%2C%20and%20learning.%20Intended%20for%20children%20ages%200%20to%202%20and%20their%20caregivers%20or%20families.&e[0][location]=Windsor%20Library%20-%20Pikes%20Peak",FAILED,""
"https://clearview.libnet.info/event/17229029","https://addtocalendar.com/atc/yahoo?utz=0&uln=en-US@posix&vjs=1.5&e[0][date_start]=2026-10-30%2010%3A00%3A00&e[0][date_end]=2026-10-30%2010%3A30%3A00&e[0][timezone]=America%2FDenver&e[0][title]=Stay%20and%20Play%20&e[0][description]=Babies%20and%20toddlers%20will%20enjoy%20open-ended%20playtime%20in%20a%20relaxed%20atmosphere%20that%20promotes%20growth%2C%20exploration%2C%20and%20learning.%20Intended%20for%20children%20ages%200%20to%202%20and%20their%20caregivers%20or%20families.&e[0][location]=Windsor%20Library%20-%20Pikes%20Peak",FAILED,""
"https://clearview.libnet.info/event/17561244","https://addtocalendar.com/atc/ical?utz=0&uln=en-US@posix&vjs=1.5&e[0][date_start]=2026-10-30%2010%3A00%3A00&e[0][date_end]=2026-10-30%2011%3A00%3A00&e[0][timezone]=America%2FDenver&e[0][title]=PAWS%20for%20Reading&e[0][description]=Dogs%20%2B%20Reading%20%3D%20Magic%0A&e[0][location]=Windsor%20Library%20-%20",FAILED,""
"https://clearview.libnet.info/event/17561244","https://addtocalendar.com/atc/google?utz=0&uln=en-US@posix&vjs=1.5&e[0][date_start]=2026-10-30%2010%3A00%3A00&e[0][date_end]=2026-10-30%2011%3A00%3A00&e[0][timezone]=America%2FDenver&e[0][title]=PAWS%20for%20Reading&e[0][description]=Dogs%20%2B%20Reading%20%3D%20Magic%0A&e[0][location]=Windsor%20Library%20-%20",FAILED,""
"https://clearview.libnet.info/event/17561244","https://addtocalendar.com/atc/outlook?utz=0&uln=en-US@posix&vjs=1.5&e[0][date_start]=2026-10-30%2010%3A00%3A00&e[0][date_end]=2026-10-30%2011%3A00%3A00&e[0][timezone]=America%2FDenver&e[0][title]=PAWS%20for%20Reading&e[0][description]=Dogs%20%2B%20Reading%20%3D%20Magic%0A&e[0][location]=Windsor%20Library%20-%20",FAILED,""
"https://clearview.libnet.info/event/17561244","https://addtocalendar.com/atc/outlookonline?utz=0&uln=en-US@posix&vjs=1.5&e[0][date_start]=2026-10-30%2010%3A00%3A00&e[0][date_end]=2026-10-30%2011%3A00%3A00&e[0][timezone]=America%2FDenver&e[0][title]=PAWS%20for%20Reading&e[0][description]=Dogs%20%2B%20Reading%20%3D%20Magic%0A&e[0][location]=Windsor%20Library%20-%20",FAILED,""
"https://clearview.libnet.info/event/17561244","https://addtocalendar.com/atc/yahoo?utz=0&uln=en-US@posix&vjs=1.5&e[0][date_start]=2026-10-30%2010%3A00%3A00&e[0][date_end]=2026-10-30%2011%3A00%3A00&e[0][timezone]=America%2FDenver&e[0][title]=PAWS%20for%20Reading&e[0][description]=Dogs%20%2B%20Reading%20%3D%20Magic%0A&e[0][location]=Windsor%20Library%20-%20",FAILED,""
"https://clearview.libnet.info/event/17042938","https://addtocalendar.com/atc/ical?utz=0&uln=en-US@posix&vjs=1.5&e[0][date_start]=2026-10-30%2014%3A30%3A00&e[0][date_end]=2026-10-30%2015%3A00%3A00&e[0][timezone]=America%2FDenver&e[0][title]=Bookmobile%20Stop%20at%20Range%20View%20Elementary%20&e[0][description]=700%20Ponderosa%20Dr%20-%20Severance&e[0][location]=Bookmobile%20-%20",FAILED,""
"https://clearview.libnet.info/event/17042938","https://addtocalendar.com/atc/google?utz=0&uln=en-US@posix&vjs=1.5&e[0][date_start]=2026-10-30%2014%3A30%3A00&e[0][date_end]=2026-10-30%2015%3A00%3A00&e[0][timezone]=America%2FDenver&e[0][title]=Bookmobile%20Stop%20at%20Range%20View%20Elementary%20&e[0][description]=700%20Ponderosa%20Dr%20-%20Severance&e[0][location]=Bookmobile%20-%20",FAILED,""
"https://clearview.libnet.info/event/17042938","https://addtocalendar.com/atc/outlook?utz=0&uln=en-US@posix&vjs=1.5&e[0][date_start]=2026-10-30%2014%3A30%3A00&e[0][date_end]=2026-10-30%2015%3A00%3A00&e[0][timezone]=America%2FDenver&e[0][title]=Bookmobile%20Stop%20at%20Range%20View%20Elementary%20&e[0][description]=700%20Ponderosa%20Dr%20-%20Severance&e[0][location]=Bookmobile%20-%20",FAILED,""
"https://clearview.libnet.info/event/17042938","https://addtocalendar.com/atc/outlookonline?utz=0&uln=en-US@posix&vjs=1.5&e[0][date_start]=2026-10-30%2014%3A30%3A00&e[0][date_end]=2026-10-30%2015%3A00%3A00&e[0][timezone]=America%2FDenver&e[0][title]=Bookmobile%20Stop%20at%20Range%20View%20Elementary%20&e[0][description]=700%20Ponderosa%20Dr%20-%20Severance&e[0][location]=Bookmobile%20-%20",FAILED,""
"https://clearview.libnet.info/event/17042938","https://addtocalendar.com/atc/yahoo?utz=0&uln=en-US@posix&vjs=1.5&e[0][date_start]=2026-10-30%2014%3A30%3A00&e[0][date_end]=2026-10-30%2015%3A00%3A00&e[0][timezone]=America%2FDenver&e[0][title]=Bookmobile%20Stop%20at%20Range%20View%20Elementary%20&e[0][description]=700%20Ponderosa%20Dr%20-%20Severance&e[0][location]=Bookmobile%20-%20",FAILED,""
"https://clearview.libnet.info/event/17451115","https://addtocalendar.com/atc/ical?utz=0&uln=en-US@posix&vjs=1.5&e[0][date_start]=2026-11-01%2000%3A00%3A00&e[0][date_end]=2026-11-01%2023%3A59%3A00&e[0][timezone]=America%2FDenver&e[0][title]=Family%20Art%20Challenge&e[0][description]=Family%20Art%20Challenge%20is%20for%20families%20to%20connect%20over%20creativity%20and%20a%20shared%20project.%20This%20month%2C%20try%20your%20hand%20at%20foil%20embossing%20to%20create%20seasonal%20decor!%20&e[0][location]=Windsor%20Library%20-%20",FAILED,""
"https://clearview.libnet.info/event/17451115","https://addtocalendar.com/atc/google?utz=0&uln=en-US@posix&vjs=1.5&e[0][date_start]=2026-11-01%2000%3A00%3A00&e[0][date_end]=2026-11-01%2023%3A59%3A00&e[0][timezone]=America%2FDenver&e[0][title]=Family%20Art%20Challenge&e[0][description]=Family%20Art%20Challenge%20is%20for%20families%20to%20connect%20over%20creativity%20and%20a%20shared%20project.%20This%20month%2C%20try%20your%20hand%20at%20foil%20embossing%20to%20create%20seasonal%20decor!%20&e[0][location]=Windsor%20Library%20-%20",FAILED,""
"https://clearview.libnet.info/event/17451115","https://addtocalendar.com/atc/outlook?utz=0&uln=en-US@posix&vjs=1.5&e[0][date_start]=2026-11-01%2000%3A00%3A00&e[0][date_end]=2026-11-01%2023%3A59%3A00&e[0][timezone]=America%2FDenver&e[0][title]=Family%20Art%20Challenge&e[0][description]=Family%20Art%20Challenge%20is%20for%20families%20to%20connect%20over%20creativity%20and%20a%20shared%20project.%20This%20month%2C%20try%20your%20hand%20at%20foil%20embossing%20to%20create%20seasonal%20decor!%20&e[0][location]=Windsor%20Library%20-%20",FAILED,""
"https://clearview.libnet.info/event/17451115","https://addtocalendar.com/atc/outlookonline?utz=0&uln=en-US@posix&vjs=1.5&e[0][date_start]=2026-11-01%2000%3A00%3A00&e[0][date_end]=2026-11-01%2023%3A59%3A00&e[0][timezone]=America%2FDenver&e[0][title]=Family%20Art%20Challenge&e[0][description]=Family%20Art%20Challenge%20is%20for%20families%20to%20connect%20over%20creativity%20and%20a%20shared%20project.%20This%20month%2C%20try%20your%20hand%20at%20foil%20embossing%20to%20create%20seasonal%20decor!%20&e[0][location]=Windsor%20Library%20-%20",FAILED,""
"https://clearview.libnet.info/event/17451115","https://addtocalendar.com/atc/yahoo?utz=0&uln=en-US@posix&vjs=1.5&e[0][date_start]=2026-11-01%2000%3A00%3A00&e[0][date_end]=2026-11-01%2023%3A59%3A00&e[0][timezone]=America%2FDenver&e[0][title]=Family%20Art%20Challenge&e[0][description]=Family%20Art%20Challenge%20is%20for%20families%20to%20connect%20over%20creativity%20and%20a%20shared%20project.%20This%20month%2C%20try%20your%20hand%20at%20foil%20embossing%20to%20create%20seasonal%20decor!%20&e[0][location]=Windsor%20Library%20-%20",FAILED,""
"https://clearview.libnet.info/event/17429169","https://addtocalendar.com/atc/ical?utz=0&uln=en-US@posix&vjs=1.5&e[0][date_start]=2026-11-02%2010%3A00%3A00&e[0][date_end]=2026-11-02%2010%3A30%3A00&e[0][timezone]=America%2FDenver&e[0][title]=Messy%20Monster%20Monday&e[0][description]=Come%20to%20the%20library%20for%20some%20fun%20(and%20did%20we%20say%20MESSY!)%20process%20art%3B%20open-ended%20art%20experiences%20where%20your%20child%20is%20the%20creator%20of%20whatever%20they%20want%20to%20make!%20This%20program%20is%20for%20children%20ages%202-5.&e[0][location]=Windsor%20Library%20-%20Pikes%20Peak",FAILED,""
"https://clearview.libnet.info/event/17429169","https://addtocalendar.com/atc/google?utz=0&uln=en-US@posix&vjs=1.5&e[0][date_start]=2026-11-02%2010%3A00%3A00&e[0][date_end]=2026-11-02%2010%3A30%3A00&e[0][timezone]=America%2FDenver&e[0][title]=Messy%20Monster%20Monday&e[0][description]=Come%20to%20the%20library%20for%20some%20fun%20(and%20did%20we%20say%20MESSY!)%20process%20art%3B%20open-ended%20art%20experiences%20where%20your%20child%20is%20the%20creator%20of%20whatever%20they%20want%20to%20make!%20This%20program%20is%20for%20children%20ages%202-5.&e[0][location]=Windsor%20Library%20-%20Pikes%20Peak",FAILED,""
"https://clearview.libnet.info/event/17429169","https://addtocalendar.com/atc/outlook?utz=0&uln=en-US@posix&vjs=1.5&e[0][date_start]=2026-11-02%2010%3A00%3A00&e[0][date_end]=2026-11-02%2010%3A30%3A00&e[0][timezone]=America%2FDenver&e[0][title]=Messy%20Monster%20Monday&e[0][description]=Come%20to%20the%20library%20for%20some%20fun%20(and%20did%20we%20say%20MESSY!)%20process%20art%3B%20open-ended%20art%20experiences%20where%20your%20child%20is%20the%20creator%20of%20whatever%20they%20want%20to%20make!%20This%20program%20is%20for%20children%20ages%202-5.&e[0][location]=Windsor%20Library%20-%20Pikes%20Peak",FAILED,""
"https://clearview.libnet.info/event/17429169","https://addtocalendar.com/atc/outlookonline?utz=0&uln=en-US@posix&vjs=1.5&e[0][date_start]=2026-11-02%2010%3A00%3A00&e[0][date_end]=2026-11-02%2010%3A30%3A00&e[0][timezone]=America%2FDenver&e[0][title]=Messy%20Monster%20Monday&e[0][description]=Come%20to%20the%20library%20for%20some%20fun%20(and%20did%20we%20say%20MESSY!)%20process%20art%3B%20open-ended%20art%20experiences%20where%20your%20child%20is%20the%20creator%20of%20whatever%20they%20want%20to%20make!%20This%20program%20is%20for%20children%20ages%202-5.&e[0][location]=Windsor%20Library%20-%20Pikes%20Peak",FAILED,""
"https://clearview.libnet.info/event/17429169","https://addtocalendar.com/atc/yahoo?utz=0&uln=en-US@posix&vjs=1.5&e[0][date_start]=2026-11-02%2010%3A00%3A00&e[0][date_end]=2026-11-02%2010%3A30%3A00&e[0][timezone]=America%2FDenver&e[0][title]=Messy%20Monster%20Monday&e[0][description]=Come%20to%20the%20library%20for%20some%20fun%20(and%20did%20we%20say%20MESSY!)%20process%20art%3B%20open-ended%20art%20experiences%20where%20your%20child%20is%20the%20creator%20of%20whatever%20they%20want%20to%20make!%20This%20program%20is%20for%20children%20ages%202-5.&e[0][location]=Windsor%20Library%20-%20Pikes%20Peak",FAILED,""
"https://clearview.libnet.info/event/17429758","https://addtocalendar.com/atc/ical?utz=0&uln=en-US@posix&vjs=1.5&e[0][date_start]=2026-11-02%2010%3A00%3A00&e[0][date_end]=2026-11-02%2010%3A30%3A00&e[0][timezone]=America%2FDenver&e[0][title]=Read%2C%20Rhyme%2C%20and%20Romp&e[0][description]=Join%20us%20for%20an%20active%20storytime!%20We%20will%20read%20books%2C%20sing%2C%20and%20enjoy%20rhymes%20that%20encourage%20us%20all%20to%20get%20up%20and%20move!%20For%20ages%200-5.&e[0][location]=Severance%20Library%20-%20Cottonwood",FAILED,""
"https://clearview.libnet.info/event/17429758","https://addtocalendar.com/atc/google?utz=0&uln=en-US@posix&vjs=1.5&e[0][date_start]=2026-11-02%2010%3A00%3A00&e[0][date_end]=2026-11-02%2010%3A30%3A00&e[0][timezone]=America%2FDenver&e[0][title]=Read%2C%20Rhyme%2C%20and%20Romp&e[0][description]=Join%20us%20for%20an%20active%20storytime!%20We%20will%20read%20books%2C%20sing%2C%20and%20enjoy%20rhymes%20that%20encourage%20us%20all%20to%20get%20up%20and%20move!%20For%20ages%200-5.&e[0][location]=Severance%20Library%20-%20Cottonwood",FAILED,""
"https://clearview.libnet.info/event/17429758","https://addtocalendar.com/atc/outlook?utz=0&uln=en-US@posix&vjs=1.5&e[0][date_start]=2026-11-02%2010%3A00%3A00&e[0][date_end]=2026-11-02%2010%3A30%3A00&e[0][timezone]=America%2FDenver&e[0][title]=Read%2C%20Rhyme%2C%20and%20Romp&e[0][description]=Join%20us%20for%20an%20active%20storytime!%20We%20will%20read%20books%2C%20sing%2C%20and%20enjoy%20rhymes%20that%20encourage%20us%20all%20to%20get%20up%20and%20move!%20For%20ages%200-5.&e[0][location]=Severance%20Library%20-%20Cottonwood",FAILED,""
"https://clearview.libnet.info/event/17429758","https://addtocalendar.com/atc/outlookonline?utz=0&uln=en-US@posix&vjs=1.5&e[0][date_start]=2026-11-02%2010%3A00%3A00&e[0][date_end]=2026-11-02%2010%3A30%3A00&e[0][timezone]=America%2FDenver&e[0][title]=Read%2C%20Rhyme%2C%20and%20Romp&e[0][description]=Join%20us%20for%20an%20active%20storytime!%20We%20will%20read%20books%2C%20sing%2C%20and%20enjoy%20rhymes%20that%20encourage%20us%20all%20to%20get%20up%20and%20move!%20For%20ages%200-5.&e[0][location]=Severance%20Library%20-%20Cottonwood",FAILED,""
"https://clearview.libnet.info/event/17429758","https://addtocalendar.com/atc/yahoo?utz=0&uln=en-US@posix&vjs=1.5&e[0][date_start]=2026-11-02%2010%3A00%3A00&e[0][date_end]=2026-11-02%2010%3A30%3A00&e[0][timezone]=America%2FDenver&e[0][title]=Read%2C%20Rhyme%2C%20and%20Romp&e[0][description]=Join%20us%20for%20an%20active%20storytime!%20We%20will%20read%20books%2C%20sing%2C%20and%20enjoy%20rhymes%20that%20encourage%20us%20all%20to%20get%20up%20and%20move!%20For%20ages%200-5.&e[0][location]=Severance%20Library%20-%20Cottonwood",FAILED,""
"https://clearview.libnet.info/event/17429773","https://addtocalendar.com/atc/ical?utz=0&uln=en-US@posix&vjs=1.5&e[0][date_start]=2026-11-02%2010%3A30%3A00&e[0][date_end]=2026-11-02%2011%3A00%3A00&e[0][timezone]=America%2FDenver&e[0][title]=Stay%20and%20Play%20&e[0][description]=Children%20will%20enjoy%20open-ended%20playtime%20in%20a%20relaxed%20atmosphere%20that%20promotes%20growth%2C%20exploration%2C%20and%20learning.%20Intended%20for%20children%20ages%200%20to%205%20and%20their%20caregivers%20or%20families.&e[0][location]=Severance%20Library%20-%20Cottonwood",FAILED,""
"https://clearview.libnet.info/event/17429773","https://addtocalendar.com/atc/google?utz=0&uln=en-US@posix&vjs=1.5&e[0][date_start]=2026-11-02%2010%3A30%3A00&e[0][date_end]=2026-11-02%2011%3A00%3A00&e[0][timezone]=America%2FDenver&e[0][title]=Stay%20and%20Play%20&e[0][description]=Children%20will%20enjoy%20open-ended%20playtime%20in%20a%20relaxed%20atmosphere%20that%20promotes%20growth%2C%20exploration%2C%20and%20learning.%20Intended%20for%20children%20ages%200%20to%205%20and%20their%20caregivers%20or%20families.&e[0][location]=Severance%20Library%20-%20Cottonwood",FAILED,""
"https://clearview.libnet.info/event/17429773","https://addtocalendar.com/atc/outlook?utz=0&uln=en-US@posix&vjs=1.5&e[0][date_start]=2026-11-02%2010%3A30%3A00&e[0][date_end]=2026-11-02%2011%3A00%3A00&e[0][timezone]=America%2FDenver&e[0][title]=Stay%20and%20Play%20&e[0][description]=Children%20will%20enjoy%20open-ended%20playtime%20in%20a%20relaxed%20atmosphere%20that%20promotes%20growth%2C%20exploration%2C%20and%20learning.%20Intended%20for%20children%20ages%200%20to%205%20and%20their%20caregivers%20or%20families.&e[0][location]=Severance%20Library%20-%20Cottonwood",FAILED,""
"https://clearview.libnet.info/event/17429773","https://addtocalendar.com/atc/outlookonline?utz=0&uln=en-US@posix&vjs=1.5&e[0][date_start]=2026-11-02%2010%3A30%3A00&e[0][date_end]=2026-11-02%2011%3A00%3A00&e[0][timezone]=America%2FDenver&e[0][title]=Stay%20and%20Play%20&e[0][description]=Children%20will%20enjoy%20open-ended%20playtime%20in%20a%20relaxed%20atmosphere%20that%20promotes%20growth%2C%20exploration%2C%20and%20learning.%20Intended%20for%20children%20ages%200%20to%205%20and%20their%20caregivers%20or%20families.&e[0][location]=Severance%20Library%20-%20Cottonwood",FAILED,""
"https://clearview.libnet.info/event/17429773","https://addtocalendar.com/atc/yahoo?utz=0&uln=en-US@posix&vjs=1.5&e[0][date_start]=2026-11-02%2010%3A30%3A00&e[0][date_end]=2026-11-02%2011%3A00%3A00&e[0][timezone]=America%2FDenver&e[0][title]=Stay%20and%20Play%20&e[0][description]=Children%20will%20enjoy%20open-ended%20playtime%20in%20a%20relaxed%20atmosphere%20that%20promotes%20growth%2C%20exploration%2C%20and%20learning.%20Intended%20for%20children%20ages%200%20to%205%20and%20their%20caregivers%20or%20families.&e[0][location]=Severance%20Library%20-%20Cottonwood",FAILED,""
"https://clearview.libnet.info/event/17286484","https://addtocalendar.com/atc/ical?utz=0&uln=en-US@posix&vjs=1.5&e[0][date_start]=2026-11-02%2014%3A30%3A00&e[0][date_end]=2026-11-02%2015%3A00%3A00&e[0][timezone]=America%2FDenver&e[0][title]=Bookmobile%20Stop%20at%20Grandview%20Elementary%20&e[0][description]=1583%20Grand%20Ave%20-%20Windsor&e[0][location]=Bookmobile%20-%20",FAILED,""
"https://clearview.libnet.info/event/17286484","https://addtocalendar.com/atc/google?utz=0&uln=en-US@posix&vjs=1.5&e[0][date_start]=2026-11-02%2014%3A30%3A00&e[0][date_end]=2026-11-02%2015%3A00%3A00&e[0][timezone]=America%2FDenver&e[0][title]=Bookmobile%20Stop%20at%20Grandview%20Elementary%20&e[0][description]=1583%20Grand%20Ave%20-%20Windsor&e[0][location]=Bookmobile%20-%20",FAILED,""
"https://clearview.libnet.info/event/17286484","https://addtocalendar.com/atc/outlook?utz=0&uln=en-US@posix&vjs=1.5&e[0][date_start]=2026-11-02%2014%3A30%3A00&e[0][date_end]=2026-11-02%2015%3A00%3A00&e[0][timezone]=America%2FDenver&e[0][title]=Bookmobile%20Stop%20at%20Grandview%20Elementary%20&e[0][description]=1583%20Grand%20Ave%20-%20Windsor&e[0][location]=Bookmobile%20-%20",FAILED,""
"https://clearview.libnet.info/event/17286484","https://addtocalendar.com/atc/outlookonline?utz=0&uln=en-US@posix&vjs=1.5&e[0][date_start]=2026-11-02%2014%3A30%3A00&e[0][date_end]=2026-11-02%2015%3A00%3A00&e[0][timezone]=America%2FDenver&e[0][title]=Bookmobile%20Stop%20at%20Grandview%20Elementary%20&e[0][description]=1583%20Grand%20Ave%20-%20Windsor&e[0][location]=Bookmobile%20-%20",FAILED,""
"https://clearview.libnet.info/event/17286484","https://addtocalendar.com/atc/yahoo?utz=0&uln=en-US@posix&vjs=1.5&e[0][date_start]=2026-11-02%2014%3A30%3A00&e[0][date_end]=2026-11-02%2015%3A00%3A00&e[0][timezone]=America%2FDenver&e[0][title]=Bookmobile%20Stop%20at%20Grandview%20Elementary%20&e[0][description]=1583%20Grand%20Ave%20-%20Windsor&e[0][location]=Bookmobile%20-%20",FAILED,""
"https://clearview.libnet.info/event/17446719","https://addtocalendar.com/atc/ical?utz=0&uln=en-US@posix&vjs=1.5&e[0][date_start]=2026-11-02%2015%3A15%3A00&e[0][date_end]=2026-11-02%2016%3A15%3A00&e[0][timezone]=America%2FDenver&e[0][title]=Lego%20Engineers&e[0][description]=Get%20creative%20and%20innovate%20with%20Legos!%20This%20session%2C%20get%20sneaky%20and%20build%20something%20with%20a%20trap%20door%20or%20secret%20passageway!%20Open%20to%20elementary-aged%20children%2C%20as%20well%20as%20tweens%20ages%209-12.&e[0][location]=Windsor%20Library%20-%20Pikes%20Peak",FAILED,""
"https://clearview.libnet.info/event/17446719","https://addtocalendar.com/atc/google?utz=0&uln=en-US@posix&vjs=1.5&e[0][date_start]=2026-11-02%2015%3A15%3A00&e[0][date_end]=2026-11-02%2016%3A15%3A00&e[0][timezone]=America%2FDenver&e[0][title]=Lego%20Engineers&e[0][description]=Get%20creative%20and%20innovate%20with%20Legos!%20This%20session%2C%20get%20sneaky%20and%20build%20something%20with%20a%20trap%20door%20or%20secret%20passageway!%20Open%20to%20elementary-aged%20children%2C%20as%20well%20as%20tweens%20ages%209-12.&e[0][location]=Windsor%20Library%20-%20Pikes%20Peak",FAILED,""
"https://clearview.libnet.info/event/17446719","https://addtocalendar.com/atc/outlook?utz=0&uln=en-US@posix&vjs=1.5&e[0][date_start]=2026-11-02%2015%3A15%3A00&e[0][date_end]=2026-11-02%2016%3A15%3A00&e[0][timezone]=America%2FDenver&e[0][title]=Lego%20Engineers&e[0][description]=Get%20creative%20and%20innovate%20with%20Legos!%20This%20session%2C%20get%20sneaky%20and%20build%20something%20with%20a%20trap%20door%20or%20secret%20passageway!%20Open%20to%20elementary-aged%20children%2C%20as%20well%20as%20tweens%20ages%209-12.&e[0][location]=Windsor%20Library%20-%20Pikes%20Peak",FAILED,""
"https://clearview.libnet.info/event/17446719","https://addtocalendar.com/atc/outlookonline?utz=0&uln=en-US@posix&vjs=1.5&e[0][date_start]=2026-11-02%2015%3A15%3A00&e[0][date_end]=2026-11-02%2016%3A15%3A00&e[0][timezone]=America%2FDenver&e[0][title]=Lego%20Engineers&e[0][description]=Get%20creative%20and%20innovate%20with%20Legos!%20This%20session%2C%20get%20sneaky%20and%20build%20something%20with%20a%20trap%20door%20or%20secret%20passageway!%20Open%20to%20elementary-aged%20children%2C%20as%20well%20as%20tweens%20ages%209-12.&e[0][location]=Windsor%20Library%20-%20Pikes%20Peak",FAILED,""
"https://clearview.libnet.info/event/17446719","https://addtocalendar.com/atc/yahoo?utz=0&uln=en-US@posix&vjs=1.5&e[0][date_start]=2026-11-02%2015%3A15%3A00&e[0][date_end]=2026-11-02%2016%3A15%3A00&e[0][timezone]=America%2FDenver&e[0][title]=Lego%20Engineers&e[0][description]=Get%20creative%20and%20innovate%20with%20Legos!%20This%20session%2C%20get%20sneaky%20and%20build%20something%20with%20a%20trap%20door%20or%20secret%20passageway!%20Open%20to%20elementary-aged%20children%2C%20as%20well%20as%20tweens%20ages%209-12.&e[0][location]=Windsor%20Library%20-%20Pikes%20Peak",FAILED,""
"https://clearview.libnet.info/event/17286539","https://addtocalendar.com/atc/ical?utz=0&uln=en-US@posix&vjs=1.5&e[0][date_start]=2026-11-02%2015%3A30%3A00&e[0][date_end]=2026-11-02%2016%3A00%3A00&e[0][timezone]=America%2FDenver&e[0][title]=Bookmobile%20Stop%20at%20Northern%20Lights%20Park&e[0][description]=550%20Saratoga%20Wy%20-%20Windsor&e[0][location]=Bookmobile%20-%20",FAILED,""
"https://clearview.libnet.info/event/17286539","https://addtocalendar.com/atc/google?utz=0&uln=en-US@posix&vjs=1.5&e[0][date_start]=2026-11-02%2015%3A30%3A00&e[0][date_end]=2026-11-02%2016%3A00%3A00&e[0][timezone]=America%2FDenver&e[0][title]=Bookmobile%20Stop%20at%20Northern%20Lights%20Park&e[0][description]=550%20Saratoga%20Wy%20-%20Windsor&e[0][location]=Bookmobile%20-%20",FAILED,""
"https://clearview.libnet.info/event/17286539","https://addtocalendar.com/atc/outlook?utz=0&uln=en-US@posix&vjs=1.5&e[0][date_start]=2026-11-02%2015%3A30%3A00&e[0][date_end]=2026-11-02%2016%3A00%3A00&e[0][timezone]=America%2FDenver&e[0][title]=Bookmobile%20Stop%20at%20Northern%20Lights%20Park&e[0][description]=550%20Saratoga%20Wy%20-%20Windsor&e[0][location]=Bookmobile%20-%20",FAILED,""
"https://clearview.libnet.info/event/17286539","https://addtocalendar.com/atc/outlookonline?utz=0&uln=en-US@posix&vjs=1.5&e[0][date_start]=2026-11-02%2015%3A30%3A00&e[0][date_end]=2026-11-02%2016%3A00%3A00&e[0][timezone]=America%2FDenver&e[0][title]=Bookmobile%20Stop%20at%20Northern%20Lights%20Park&e[0][description]=550%20Saratoga%20Wy%20-%20Windsor&e[0][location]=Bookmobile%20-%20",FAILED,""
"https://clearview.libnet.info/event/17286539","https://addtocalendar.com/atc/yahoo?utz=0&uln=en-US@posix&vjs=1.5&e[0][date_start]=2026-11-02%2015%3A30%3A00&e[0][date_end]=2026-11-02%2016%3A00%3A00&e[0][timezone]=America%2FDenver&e[0][title]=Bookmobile%20Stop%20at%20Northern%20Lights%20Park&e[0][description]=550%20Saratoga%20Wy%20-%20Windsor&e[0][location]=Bookmobile%20-%20",FAILED,""
"https://clearview.libnet.info/event/17286586","https://addtocalendar.com/atc/ical?utz=0&uln=en-US@posix&vjs=1.5&e[0][date_start]=2026-11-02%2016%3A30%3A00&e[0][date_end]=2026-11-02%2017%3A00%3A00&e[0][timezone]=America%2FDenver&e[0][title]=Bookmobile%20Stop%20at%20Windshire%20Park&e[0][description]=1520%20Dartford%20Dr%20-%20Windsor&e[0][location]=Bookmobile%20-%20",FAILED,""
"https://clearview.libnet.info/event/17286586","https://addtocalendar.com/atc/google?utz=0&uln=en-US@posix&vjs=1.5&e[0][date_start]=2026-11-02%2016%3A30%3A00&e[0][date_end]=2026-11-02%2017%3A00%3A00&e[0][timezone]=America%2FDenver&e[0][title]=Bookmobile%20Stop%20at%20Windshire%20Park&e[0][description]=1520%20Dartford%20Dr%20-%20Windsor&e[0][location]=Bookmobile%20-%20",FAILED,""
"https://clearview.libnet.info/event/17286586","https://addtocalendar.com/atc/outlook?utz=0&uln=en-US@posix&vjs=1.5&e[0][date_start]=2026-11-02%2016%3A30%3A00&e[0][date_end]=2026-11-02%2017%3A00%3A00&e[0][timezone]=America%2FDenver&e[0][title]=Bookmobile%20Stop%20at%20Windshire%20Park&e[0][description]=1520%20Dartford%20Dr%20-%20Windsor&e[0][location]=Bookmobile%20-%20",FAILED,""
"https://clearview.libnet.info/event/17286586","https://addtocalendar.com/atc/outlookonline?utz=0&uln=en-US@posix&vjs=1.5&e[0][date_start]=2026-11-02%2016%3A30%3A00&e[0][date_end]=2026-11-02%2017%3A00%3A00&e[0][timezone]=America%2FDenver&e[0][title]=Bookmobile%20Stop%20at%20Windshire%20Park&e[0][description]=1520%20Dartford%20Dr%20-%20Windsor&e[0][location]=Bookmobile%20-%20",FAILED,""
"https://clearview.libnet.info/event/17286586","https://addtocalendar.com/atc/yahoo?utz=0&uln=en-US@posix&vjs=1.5&e[0][date_start]=2026-11-02%2016%3A30%3A00&e[0][date_end]=2026-11-02%2017%3A00%3A00&e[0][timezone]=America%2FDenver&e[0][title]=Bookmobile%20Stop%20at%20Windshire%20Park&e[0][description]=1520%20Dartford%20Dr%20-%20Windsor&e[0][location]=Bookmobile%20-%20",FAILED,""
"https://clearview.libnet.info/event/17449973","https://addtocalendar.com/atc/ical?utz=0&uln=en-US@posix&vjs=1.5&e[0][date_start]=2026-11-02%2016%3A30%3A00&e[0][date_end]=2026-11-02%2018%3A00%3A00&e[0][timezone]=America%2FDenver&e[0][title]=Teens%20Cook&e[0][description]=Teens%2C%20join%20us%20once%20a%20month%20to%20make%20and%20eat%20(or%20drink)%20different%20foods!%20This%20month%2C%20welcome%20pumpkin%20spice%20season%20by%20teaming%20up%20to%20bake%20and%20frost%20delicious%20spice%20cookies.&e[0][location]=Windsor%20Library%20-%20Pikes%20Peak",FAILED,""
"https://clearview.libnet.info/event/17449973","https://addtocalendar.com/atc/google?utz=0&uln=en-US@posix&vjs=1.5&e[0][date_start]=2026-11-02%2016%3A30%3A00&e[0][date_end]=2026-11-02%2018%3A00%3A00&e[0][timezone]=America%2FDenver&e[0][title]=Teens%20Cook&e[0][description]=Teens%2C%20join%20us%20once%20a%20month%20to%20make%20and%20eat%20(or%20drink)%20different%20foods!%20This%20month%2C%20welcome%20pumpkin%20spice%20season%20by%20teaming%20up%20to%20bake%20and%20frost%20delicious%20spice%20cookies.&e[0][location]=Windsor%20Library%20-%20Pikes%20Peak",FAILED,""
"https://clearview.libnet.info/event/17449973","https://addtocalendar.com/atc/outlook?utz=0&uln=en-US@posix&vjs=1.5&e[0][date_start]=2026-11-02%2016%3A30%3A00&e[0][date_end]=2026-11-02%2018%3A00%3A00&e[0][timezone]=America%2FDenver&e[0][title]=Teens%20Cook&e[0][description]=Teens%2C%20join%20us%20once%20a%20month%20to%20make%20and%20eat%20(or%20drink)%20different%20foods!%20This%20month%2C%20welcome%20pumpkin%20spice%20season%20by%20teaming%20up%20to%20bake%20and%20frost%20delicious%20spice%20cookies.&e[0][location]=Windsor%20Library%20-%20Pikes%20Peak",FAILED,""
"https://clearview.libnet.info/event/17449973","https://addtocalendar.com/atc/outlookonline?utz=0&uln=en-US@posix&vjs=1.5&e[0][date_start]=2026-11-02%2016%3A30%3A00&e[0][date_end]=2026-11-02%2018%3A00%3A00&e[0][timezone]=America%2FDenver&e[0][title]=Teens%20Cook&e[0][description]=Teens%2C%20join%20us%20once%20a%20month%20to%20make%20and%20eat%20(or%20drink)%20different%20foods!%20This%20month%2C%20welcome%20pumpkin%20spice%20season%20by%20teaming%20up%20to%20bake%20and%20frost%20delicious%20spice%20cookies.&e[0][location]=Windsor%20Library%20-%20Pikes%20Peak",FAILED,""
"https://clearview.libnet.info/event/17449973","https://addtocalendar.com/atc/yahoo?utz=0&uln=en-US@posix&vjs=1.5&e[0][date_start]=2026-11-02%2016%3A30%3A00&e[0][date_end]=2026-11-02%2018%3A00%3A00&e[0][timezone]=America%2FDenver&e[0][title]=Teens%20Cook&e[0][description]=Teens%2C%20join%20us%20once%20a%20month%20to%20make%20and%20eat%20(or%20drink)%20different%20foods!%20This%20month%2C%20welcome%20pumpkin%20spice%20season%20by%20teaming%20up%20to%20bake%20and%20frost%20delicious%20spice%20cookies.&e[0][location]=Windsor%20Library%20-%20Pikes%20Peak",FAILED,""
"https://clearview.libnet.info/event/17286604","https://addtocalendar.com/atc/ical?utz=0&uln=en-US@posix&vjs=1.5&e[0][date_start]=2026-11-02%2017%3A30%3A00&e[0][date_end]=2026-11-02%2018%3A00%3A00&e[0][timezone]=America%2FDenver&e[0][title]=Bookmobile%20Stop%20at%20Covenant%20Park&e[0][description]=601%20Southwood%20Ln%20-%20Windsor&e[0][location]=Bookmobile%20-%20",FAILED,""
"https://clearview.libnet.info/event/17286604","https://addtocalendar.com/atc/google?utz=0&uln=en-US@posix&vjs=1.5&e[0][date_start]=2026-11-02%2017%3A30%3A00&e[0][date_end]=2026-11-02%2018%3A00%3A00&e[0][timezone]=America%2FDenver&e[0][title]=Bookmobile%20Stop%20at%20Covenant%20Park&e[0][description]=601%20Southwood%20Ln%20-%20Windsor&e[0][location]=Bookmobile%20-%20",FAILED,""
"https://clearview.libnet.info/event/17286604","https://addtocalendar.com/atc/outlook?utz=0&uln=en-US@posix&vjs=1.5&e[0][date_start]=2026-11-02%2017%3A30%3A00&e[0][date_end]=2026-11-02%2018%3A00%3A00&e[0][timezone]=America%2FDenver&e[0][title]=Bookmobile%20Stop%20at%20Covenant%20Park&e[0][description]=601%20Southwood%20Ln%20-%20Windsor&e[0][location]=Bookmobile%20-%20",FAILED,""
"https://clearview.libnet.info/event/17286604","https://addtocalendar.com/atc/outlookonline?utz=0&uln=en-US@posix&vjs=1.5&e[0][date_start]=2026-11-02%2017%3A30%3A00&e[0][date_end]=2026-11-02%2018%3A00%3A00&e[0][timezone]=America%2FDenver&e[0][title]=Bookmobile%20Stop%20at%20Covenant%20Park&e[0][description]=601%20Southwood%20Ln%20-%20Windsor&e[0][location]=Bookmobile%20-%20",FAILED,""
"https://clearview.libnet.info/event/17286604","https://addtocalendar.com/atc/yahoo?utz=0&uln=en-US@posix&vjs=1.5&e[0][date_start]=2026-11-02%2017%3A30%3A00&e[0][date_end]=2026-11-02%2018%3A00%3A00&e[0][timezone]=America%2FDenver&e[0][title]=Bookmobile%20Stop%20at%20Covenant%20Park&e[0][description]=601%20Southwood%20Ln%20-%20Windsor&e[0][location]=Bookmobile%20-%20",FAILED,""
"https://clearview.libnet.info/event/17430181","https://addtocalendar.com/atc/ical?utz=0&uln=en-US@posix&vjs=1.5&e[0][date_start]=2026-11-03%2010%3A00%3A00&e[0][date_end]=2026-11-03%2010%3A30%3A00&e[0][timezone]=America%2FDenver&e[0][title]=Read%2C%20Rhyme%2C%20and%20Romp&e[0][description]=Join%20us%20for%20an%20active%20storytime!%20We%20will%20read%20books%2C%20sing%2C%20and%20enjoy%20rhymes%20that%20encourage%20us%20all%20to%20get%20up%20and%20move!%20For%20ages%200-5.&e[0][location]=Windsor%20Library%20-%20Pikes%20Peak",FAILED,""
"https://clearview.libnet.info/event/17430181","https://addtocalendar.com/atc/google?utz=0&uln=en-US@posix&vjs=1.5&e[0][date_start]=2026-11-03%2010%3A00%3A00&e[0][date_end]=2026-11-03%2010%3A30%3A00&e[0][timezone]=America%2FDenver&e[0][title]=Read%2C%20Rhyme%2C%20and%20Romp&e[0][description]=Join%20us%20for%20an%20active%20storytime!%20We%20will%20read%20books%2C%20sing%2C%20and%20enjoy%20rhymes%20that%20encourage%20us%20all%20to%20get%20up%20and%20move!%20For%20ages%200-5.&e[0][location]=Windsor%20Library%20-%20Pikes%20Peak",FAILED,""
"https://clearview.libnet.info/event/17430181","https://addtocalendar.com/atc/outlook?utz=0&uln=en-US@posix&vjs=1.5&e[0][date_start]=2026-11-03%2010%3A00%3A00&e[0][date_end]=2026-11-03%2010%3A30%3A00&e[0][timezone]=America%2FDenver&e[0][title]=Read%2C%20Rhyme%2C%20and%20Romp&e[0][description]=Join%20us%20for%20an%20active%20storytime!%20We%20will%20read%20books%2C%20sing%2C%20and%20enjoy%20rhymes%20that%20encourage%20us%20all%20to%20get%20up%20and%20move!%20For%20ages%200-5.&e[0][location]=Windsor%20Library%20-%20Pikes%20Peak",FAILED,""
"https://clearview.libnet.info/event/17430181","https://addtocalendar.com/atc/outlookonline?utz=0&uln=en-US@posix&vjs=1.5&e[0][date_start]=2026-11-03%2010%3A00%3A00&e[0][date_end]=2026-11-03%2010%3A30%3A00&e[0][timezone]=America%2FDenver&e[0][title]=Read%2C%20Rhyme%2C%20and%20Romp&e[0][description]=Join%20us%20for%20an%20active%20storytime!%20We%20will%20read%20books%2C%20sing%2C%20and%20enjoy%20rhymes%20that%20encourage%20us%20all%20to%20get%20up%20and%20move!%20For%20ages%200-5.&e[0][location]=Windsor%20Library%20-%20Pikes%20Peak",FAILED,""
"https://clearview.libnet.info/event/17430181","https://addtocalendar.com/atc/yahoo?utz=0&uln=en-US@posix&vjs=1.5&e[0][date_start]=2026-11-03%2010%3A00%3A00&e[0][date_end]=2026-11-03%2010%3A30%3A00&e[0][timezone]=America%2FDenver&e[0][title]=Read%2C%20Rhyme%2C%20and%20Romp&e[0][description]=Join%20us%20for%20an%20active%20storytime!%20We%20will%20read%20books%2C%20sing%2C%20and%20enjoy%20rhymes%20that%20encourage%20us%20all%20to%20get%20up%20and%20move!%20For%20ages%200-5.&e[0][location]=Windsor%20Library%20-%20Pikes%20Peak",FAILED,""
"https://clearview.libnet.info/event/17286614","https://addtocalendar.com/atc/ical?utz=0&uln=en-US@posix&vjs=1.5&e[0][date_start]=2026-11-03%2010%3A30%3A00&e[0][date_end]=2026-11-03%2011%3A30%3A00&e[0][timezone]=America%2FDenver&e[0][title]=Bookmobile%20Stop%20at%20Mountain%20Shadows%20Community%20Park%20&e[0][description]=86th%20Ave%20-%20Greeley&e[0][location]=Bookmobile%20-%20",FAILED,""
"https://clearview.libnet.info/event/17286614","https://addtocalendar.com/atc/google?utz=0&uln=en-US@posix&vjs=1.5&e[0][date_start]=2026-11-03%2010%3A30%3A00&e[0][date_end]=2026-11-03%2011%3A30%3A00&e[0][timezone]=America%2FDenver&e[0][title]=Bookmobile%20Stop%20at%20Mountain%20Shadows%20Community%20Park%20&e[0][description]=86th%20Ave%20-%20Greeley&e[0][location]=Bookmobile%20-%20",FAILED,""
"https://clearview.libnet.info/event/17286614","https://addtocalendar.com/atc/outlook?utz=0&uln=en-US@posix&vjs=1.5&e[0][date_start]=2026-11-03%2010%3A30%3A00&e[0][date_end]=2026-11-03%2011%3A30%3A00&e[0][timezone]=America%2FDenver&e[0][title]=Bookmobile%20Stop%20at%20Mountain%20Shadows%20Community%20Park%20&e[0][description]=86th%20Ave%20-%20Greeley&e[0][location]=Bookmobile%20-%20",FAILED,""
"https://clearview.libnet.info/event/17286614","https://addtocalendar.com/atc/outlookonline?utz=0&uln=en-US@posix&vjs=1.5&e[0][date_start]=2026-11-03%2010%3A30%3A00&e[0][date_end]=2026-11-03%2011%3A30%3A00&e[0][timezone]=America%2FDenver&e[0][title]=Bookmobile%20Stop%20at%20Mountain%20Shadows%20Community%20Park%20&e[0][description]=86th%20Ave%20-%20Greeley&e[0][location]=Bookmobile%20-%20",FAILED,""
"https://clearview.libnet.info/event/17286614","https://addtocalendar.com/atc/yahoo?utz=0&uln=en-US@posix&vjs=1.5&e[0][date_start]=2026-11-03%2010%3A30%3A00&e[0][date_end]=2026-11-03%2011%3A30%3A00&e[0][timezone]=America%2FDenver&e[0][title]=Bookmobile%20Stop%20at%20Mountain%20Shadows%20Community%20Park%20&e[0][description]=86th%20Ave%20-%20Greeley&e[0][location]=Bookmobile%20-%20",FAILED,""
"https://clearview.libnet.info/event/17429335","https://addtocalendar.com/atc/ical?utz=0&uln=en-US@posix&vjs=1.5&e[0][date_start]=2026-11-03%2010%3A30%3A00&e[0][date_end]=2026-11-03%2011%3A15%3A00&e[0][timezone]=America%2FDenver&e[0][title]=Once%20Upon%20a%20Story&e[0][description]=During%20this%20engaging%20storytime%2C%20children%20will%20hear%20beloved%20books%20followed%20by%20activity%20stations%20inspired%20by%20each%20tale.%20Ignite%20imaginations%20through%20creative%20play%2C%20music%2C%20%26amp%3B%20simple%20crafts.%20For%20ages%203-5.&e[0][location]=Severance%20Library%20-%20Cottonwood",FAILED,""
"https://clearview.libnet.info/event/17429335","https://addtocalendar.com/atc/google?utz=0&uln=en-US@posix&vjs=1.5&e[0][date_start]=2026-11-03%2010%3A30%3A00&e[0][date_end]=2026-11-03%2011%3A15%3A00&e[0][timezone]=America%2FDenver&e[0][title]=Once%20Upon%20a%20Story&e[0][description]=During%20this%20engaging%20storytime%2C%20children%20will%20hear%20beloved%20books%20followed%20by%20activity%20stations%20inspired%20by%20each%20tale.%20Ignite%20imaginations%20through%20creative%20play%2C%20music%2C%20%26amp%3B%20simple%20crafts.%20For%20ages%203-5.&e[0][location]=Severance%20Library%20-%20Cottonwood",FAILED,""
"https://clearview.libnet.info/event/17429335","https://addtocalendar.com/atc/outlook?utz=0&uln=en-US@posix&vjs=1.5&e[0][date_start]=2026-11-03%2010%3A30%3A00&e[0][date_end]=2026-11-03%2011%3A15%3A00&e[0][timezone]=America%2FDenver&e[0][title]=Once%20Upon%20a%20Story&e[0][description]=During%20this%20engaging%20storytime%2C%20children%20will%20hear%20beloved%20books%20followed%20by%20activity%20stations%20inspired%20by%20each%20tale.%20Ignite%20imaginations%20through%20creative%20play%2C%20music%2C%20%26amp%3B%20simple%20crafts.%20For%20ages%203-5.&e[0][location]=Severance%20Library%20-%20Cottonwood",FAILED,""
"https://clearview.libnet.info/event/17429335","https://addtocalendar.com/atc/outlookonline?utz=0&uln=en-US@posix&vjs=1.5&e[0][date_start]=2026-11-03%2010%3A30%3A00&e[0][date_end]=2026-11-03%2011%3A15%3A00&e[0][timezone]=America%2FDenver&e[0][title]=Once%20Upon%20a%20Story&e[0][description]=During%20this%20engaging%20storytime%2C%20children%20will%20hear%20beloved%20books%20followed%20by%20activity%20stations%20inspired%20by%20each%20tale.%20Ignite%20imaginations%20through%20creative%20play%2C%20music%2C%20%26amp%3B%20simple%20crafts.%20For%20ages%203-5.&e[0][location]=Severance%20Library%20-%20Cottonwood",FAILED,""
"https://clearview.libnet.info/event/17429335","https://addtocalendar.com/atc/yahoo?utz=0&uln=en-US@posix&vjs=1.5&e[0][date_start]=2026-11-03%2010%3A30%3A00&e[0][date_end]=2026-11-03%2011%3A15%3A00&e[0][timezone]=America%2FDenver&e[0][title]=Once%20Upon%20a%20Story&e[0][description]=During%20this%20engaging%20storytime%2C%20children%20will%20hear%20beloved%20books%20followed%20by%20activity%20stations%20inspired%20by%20each%20tale.%20Ignite%20imaginations%20through%20creative%20play%2C%20music%2C%20%26amp%3B%20simple%20crafts.%20For%20ages%203-5.&e[0][location]=Severance%20Library%20-%20Cottonwood",FAILED,""
"https://clearview.libnet.info/event/17430210","https://addtocalendar.com/atc/ical?utz=0&uln=en-US@posix&vjs=1.5&e[0][date_start]=2026-11-03%2010%3A30%3A00&e[0][date_end]=2026-11-03%2011%3A00%3A00&e[0][timezone]=America%2FDenver&e[0][title]=Stay%20and%20Play%20&e[0][description]=Children%20will%20enjoy%20open-ended%20playtime%20in%20a%20relaxed%20atmosphere%20that%20promotes%20growth%2C%20exploration%2C%20and%20learning.%20Intended%20for%20children%20ages%200%20to%205%20and%20their%20caregivers%20or%20families.&e[0][location]=Windsor%20Library%20-%20Pikes%20Peak",FAILED,""
"https://clearview.libnet.info/event/17430210","https://addtocalendar.com/atc/google?utz=0&uln=en-US@posix&vjs=1.5&e[0][date_start]=2026-11-03%2010%3A30%3A00&e[0][date_end]=2026-11-03%2011%3A00%3A00&e[0][timezone]=America%2FDenver&e[0][title]=Stay%20and%20Play%20&e[0][description]=Children%20will%20enjoy%20open-ended%20playtime%20in%20a%20relaxed%20atmosphere%20that%20promotes%20growth%2C%20exploration%2C%20and%20learning.%20Intended%20for%20children%20ages%200%20to%205%20and%20their%20caregivers%20or%20families.&e[0][location]=Windsor%20Library%20-%20Pikes%20Peak",FAILED,""
"https://clearview.libnet.info/event/17430210","https://addtocalendar.com/atc/outlook?utz=0&uln=en-US@posix&vjs=1.5&e[0][date_start]=2026-11-03%2010%3A30%3A00&e[0][date_end]=2026-11-03%2011%3A00%3A00&e[0][timezone]=America%2FDenver&e[0][title]=Stay%20and%20Play%20&e[0][description]=Children%20will%20enjoy%20open-ended%20playtime%20in%20a%20relaxed%20atmosphere%20that%20promotes%20growth%2C%20exploration%2C%20and%20learning.%20Intended%20for%20children%20ages%200%20to%205%20and%20their%20caregivers%20or%20families.&e[0][location]=Windsor%20Library%20-%20Pikes%20Peak",FAILED,""
"https://clearview.libnet.info/event/17430210","https://addtocalendar.com/atc/outlookonline?utz=0&uln=en-US@posix&vjs=1.5&e[0][date_start]=2026-11-03%2010%3A30%3A00&e[0][date_end]=2026-11-03%2011%3A00%3A00&e[0][timezone]=America%2FDenver&e[0][title]=Stay%20and%20Play%20&e[0][description]=Children%20will%20enjoy%20open-ended%20playtime%20in%20a%20relaxed%20atmosphere%20that%20promotes%20growth%2C%20exploration%2C%20and%20learning.%20Intended%20for%20children%20ages%200%20to%205%20and%20their%20caregivers%20or%20families.&e[0][location]=Windsor%20Library%20-%20Pikes%20Peak",FAILED,""
"https://clearview.libnet.info/event/17430210","https://addtocalendar.com/atc/yahoo?utz=0&uln=en-US@posix&vjs=1.5&e[0][date_start]=2026-11-03%2010%3A30%3A00&e[0][date_end]=2026-11-03%2011%3A00%3A00&e[0][timezone]=America%2FDenver&e[0][title]=Stay%20and%20Play%20&e[0][description]=Children%20will%20enjoy%20open-ended%20playtime%20in%20a%20relaxed%20atmosphere%20that%20promotes%20growth%2C%20exploration%2C%20and%20learning.%20Intended%20for%20children%20ages%200%20to%205%20and%20their%20caregivers%20or%20families.&e[0][location]=Windsor%20Library%20-%20Pikes%20Peak",FAILED,""
"https://clearview.libnet.info/event/17286660","https://addtocalendar.com/atc/ical?utz=0&uln=en-US@posix&vjs=1.5&e[0][date_start]=2026-11-03%2014%3A30%3A00&e[0][date_end]=2026-11-03%2015%3A30%3A00&e[0][timezone]=America%2FDenver&e[0][title]=Bookmobile%20Stop%20at%20Orchard%20Hill%20Elementary%20&e[0][description]=2015%20Covered%20Bridge%20Pkwy%20-%20Windsor&e[0][location]=Bookmobile%20-%20",FAILED,""
"https://clearview.libnet.info/event/17286660","https://addtocalendar.com/atc/google?utz=0&uln=en-US@posix&vjs=1.5&e[0][date_start]=2026-11-03%2014%3A30%3A00&e[0][date_end]=2026-11-03%2015%3A30%3A00&e[0][timezone]=America%2FDenver&e[0][title]=Bookmobile%20Stop%20at%20Orchard%20Hill%20Elementary%20&e[0][description]=2015%20Covered%20Bridge%20Pkwy%20-%20Windsor&e[0][location]=Bookmobile%20-%20",FAILED,""
"https://clearview.libnet.info/event/17286660","https://addtocalendar.com/atc/outlook?utz=0&uln=en-US@posix&vjs=1.5&e[0][date_start]=2026-11-03%2014%3A30%3A00&e[0][date_end]=2026-11-03%2015%3A30%3A00&e[0][timezone]=America%2FDenver&e[0][title]=Bookmobile%20Stop%20at%20Orchard%20Hill%20Elementary%20&e[0][description]=2015%20Covered%20Bridge%20Pkwy%20-%20Windsor&e[0][location]=Bookmobile%20-%20",FAILED,""
"https://clearview.libnet.info/event/17286660","https://addtocalendar.com/atc/outlookonline?utz=0&uln=en-US@posix&vjs=1.5&e[0][date_start]=2026-11-03%2014%3A30%3A00&e[0][date_end]=2026-11-03%2015%3A30%3A00&e[0][timezone]=America%2FDenver&e[0][title]=Bookmobile%20Stop%20at%20Orchard%20Hill%20Elementary%20&e[0][description]=2015%20Covered%20Bridge%20Pkwy%20-%20Windsor&e[0][location]=Bookmobile%20-%20",FAILED,""
"https://clearview.libnet.info/event/17286660","https://addtocalendar.com/atc/yahoo?utz=0&uln=en-US@posix&vjs=1.5&e[0][date_start]=2026-11-03%2014%3A30%3A00&e[0][date_end]=2026-11-03%2015%3A30%3A00&e[0][timezone]=America%2FDenver&e[0][title]=Bookmobile%20Stop%20at%20Orchard%20Hill%20Elementary%20&e[0][description]=2015%20Covered%20Bridge%20Pkwy%20-%20Windsor&e[0][location]=Bookmobile%20-%20",FAILED,""
"https://clearview.libnet.info/event/17426931","https://addtocalendar.com/atc/ical?utz=0&uln=en-US@posix&vjs=1.5&e[0][date_start]=2026-11-03%2015%3A15%3A00&e[0][date_end]=2026-11-03%2016%3A15%3A00&e[0][timezone]=America%2FDenver&e[0][title]=Lego%20Explorers&e[0][description]=Lego%20Explorers%20offers%20Lego%20lovers%20the%20chance%20to%20free%20play%20with%20Legos.%20Build%20with%20our%20monthly%20theme%20or%20create%20from%20your%20own%20imagination.%20Open%20to%20elementary-aged%20children%2C%20as%20well%20as%20tweens%20ages%209-12.&e[0][location]=Severance%20Library%20-%20Cottonwood",FAILED,""
"https://clearview.libnet.info/event/17426931","https://addtocalendar.com/atc/google?utz=0&uln=en-US@posix&vjs=1.5&e[0][date_start]=2026-11-03%2015%3A15%3A00&e[0][date_end]=2026-11-03%2016%3A15%3A00&e[0][timezone]=America%2FDenver&e[0][title]=Lego%20Explorers&e[0][description]=Lego%20Explorers%20offers%20Lego%20lovers%20the%20chance%20to%20free%20play%20with%20Legos.%20Build%20with%20our%20monthly%20theme%20or%20create%20from%20your%20own%20imagination.%20Open%20to%20elementary-aged%20children%2C%20as%20well%20as%20tweens%20ages%209-12.&e[0][location]=Severance%20Library%20-%20Cottonwood",FAILED,""
"https://clearview.libnet.info/event/17426931","https://addtocalendar.com/atc/outlook?utz=0&uln=en-US@posix&vjs=1.5&e[0][date_start]=2026-11-03%2015%3A15%3A00&e[0][date_end]=2026-11-03%2016%3A15%3A00&e[0][timezone]=America%2FDenver&e[0][title]=Lego%20Explorers&e[0][description]=Lego%20Explorers%20offers%20Lego%20lovers%20the%20chance%20to%20free%20play%20with%20Legos.%20Build%20with%20our%20monthly%20theme%20or%20create%20from%20your%20own%20imagination.%20Open%20to%20elementary-aged%20children%2C%20as%20well%20as%20tweens%20ages%209-12.&e[0][location]=Severance%20Library%20-%20Cottonwood",FAILED,""
"https://clearview.libnet.info/event/17426931","https://addtocalendar.com/atc/outlookonline?utz=0&uln=en-US@posix&vjs=1.5&e[0][date_start]=2026-11-03%2015%3A15%3A00&e[0][date_end]=2026-11-03%2016%3A15%3A00&e[0][timezone]=America%2FDenver&e[0][title]=Lego%20Explorers&e[0][description]=Lego%20Explorers%20offers%20Lego%20lovers%20the%20chance%20to%20free%20play%20with%20Legos.%20Build%20with%20our%20monthly%20theme%20or%20create%20from%20your%20own%20imagination.%20Open%20to%20elementary-aged%20children%2C%20as%20well%20as%20tweens%20ages%209-12.&e[0][location]=Severance%20Library%20-%20Cottonwood",FAILED,""
"https://clearview.libnet.info/event/17426931","https://addtocalendar.com/atc/yahoo?utz=0&uln=en-US@posix&vjs=1.5&e[0][date_start]=2026-11-03%2015%3A15%3A00&e[0][date_end]=2026-11-03%2016%3A15%3A00&e[0][timezone]=America%2FDenver&e[0][title]=Lego%20Explorers&e[0][description]=Lego%20Explorers%20offers%20Lego%20lovers%20the%20chance%20to%20free%20play%20with%20Legos.%20Build%20with%20our%20monthly%20theme%20or%20create%20from%20your%20own%20imagination.%20Open%20to%20elementary-aged%20children%2C%20as%20well%20as%20tweens%20ages%209-12.&e[0][location]=Severance%20Library%20-%20Cottonwood",FAILED,""
"https://clearview.libnet.info/event/17286666","https://addtocalendar.com/atc/ical?utz=0&uln=en-US@posix&vjs=1.5&e[0][date_start]=2026-11-03%2015%3A30%3A00&e[0][date_end]=2026-11-03%2016%3A00%3A00&e[0][timezone]=America%2FDenver&e[0][title]=Bookmobile%20Stop%20at%20Ravina%20Park&e[0][description]=Graceful%20St%20-%20Windsor&e[0][location]=Bookmobile%20-%20",FAILED,""
"https://clearview.libnet.info/event/17286666","https://addtocalendar.com/atc/google?utz=0&uln=en-US@posix&vjs=1.5&e[0][date_start]=2026-11-03%2015%3A30%3A00&e[0][date_end]=2026-11-03%2016%3A00%3A00&e[0][timezone]=America%2FDenver&e[0][title]=Bookmobile%20Stop%20at%20Ravina%20Park&e[0][description]=Graceful%20St%20-%20Windsor&e[0][location]=Bookmobile%20-%20",FAILED,""
"https://clearview.libnet.info/event/17286666","https://addtocalendar.com/atc/outlook?utz=0&uln=en-US@posix&vjs=1.5&e[0][date_start]=2026-11-03%2015%3A30%3A00&e[0][date_end]=2026-11-03%2016%3A00%3A00&e[0][timezone]=America%2FDenver&e[0][title]=Bookmobile%20Stop%20at%20Ravina%20Park&e[0][description]=Graceful%20St%20-%20Windsor&e[0][location]=Bookmobile%20-%20",FAILED,""
"https://clearview.libnet.info/event/17286666","https://addtocalendar.com/atc/outlookonline?utz=0&uln=en-US@posix&vjs=1.5&e[0][date_start]=2026-11-03%2015%3A30%3A00&e[0][date_end]=2026-11-03%2016%3A00%3A00&e[0][timezone]=America%2FDenver&e[0][title]=Bookmobile%20Stop%20at%20Ravina%20Park&e[0][description]=Graceful%20St%20-%20Windsor&e[0][location]=Bookmobile%20-%20",FAILED,""
"https://clearview.libnet.info/event/17286666","https://addtocalendar.com/atc/yahoo?utz=0&uln=en-US@posix&vjs=1.5&e[0][date_start]=2026-11-03%2015%3A30%3A00&e[0][date_end]=2026-11-03%2016%3A00%3A00&e[0][timezone]=America%2FDenver&e[0][title]=Bookmobile%20Stop%20at%20Ravina%20Park&e[0][description]=Graceful%20St%20-%20Windsor&e[0][location]=Bookmobile%20-%20",FAILED,""
"https://clearview.libnet.info/event/17286674","https://addtocalendar.com/atc/ical?utz=0&uln=en-US@posix&vjs=1.5&e[0][date_start]=2026-11-03%2016%3A30%3A00&e[0][date_end]=2026-11-03%2017%3A00%3A00&e[0][timezone]=America%2FDenver&e[0][title]=Bookmobile%20Stop%20at%20Greenspire&e[0][description]=635%20Moonglow%20Dr%20-%20Windsor&e[0][location]=Bookmobile%20-%20",FAILED,""
"https://clearview.libnet.info/event/17286674","https://addtocalendar.com/atc/google?utz=0&uln=en-US@posix&vjs=1.5&e[0][date_start]=2026-11-03%2016%3A30%3A00&e[0][date_end]=2026-11-03%2017%3A00%3A00&e[0][timezone]=America%2FDenver&e[0][title]=Bookmobile%20Stop%20at%20Greenspire&e[0][description]=635%20Moonglow%20Dr%20-%20Windsor&e[0][location]=Bookmobile%20-%20",FAILED,""
"https://clearview.libnet.info/event/17286674","https://addtocalendar.com/atc/outlook?utz=0&uln=en-US@posix&vjs=1.5&e[0][date_start]=2026-11-03%2016%3A30%3A00&e[0][date_end]=2026-11-03%2017%3A00%3A00&e[0][timezone]=America%2FDenver&e[0][title]=Bookmobile%20Stop%20at%20Greenspire&e[0][description]=635%20Moonglow%20Dr%20-%20Windsor&e[0][location]=Bookmobile%20-%20",FAILED,""
"https://clearview.libnet.info/event/17286674","https://addtocalendar.com/atc/outlookonline?utz=0&uln=en-US@posix&vjs=1.5&e[0][date_start]=2026-11-03%2016%3A30%3A00&e[0][date_end]=2026-11-03%2017%3A00%3A00&e[0][timezone]=America%2FDenver&e[0][title]=Bookmobile%20Stop%20at%20Greenspire&e[0][description]=635%20Moonglow%20Dr%20-%20Windsor&e[0][location]=Bookmobile%20-%20",FAILED,""
"https://clearview.libnet.info/event/17286674","https://addtocalendar.com/atc/yahoo?utz=0&uln=en-US@posix&vjs=1.5&e[0][date_start]=2026-11-03%2016%3A30%3A00&e[0][date_end]=2026-11-03%2017%3A00%3A00&e[0][timezone]=America%2FDenver&e[0][title]=Bookmobile%20Stop%20at%20Greenspire&e[0][description]=635%20Moonglow%20Dr%20-%20Windsor&e[0][location]=Bookmobile%20-%20",FAILED,""
"https://clearview.libnet.info/event/17286679","https://addtocalendar.com/atc/ical?utz=0&uln=en-US@posix&vjs=1.5&e[0][date_start]=2026-11-03%2017%3A30%3A00&e[0][date_end]=2026-11-03%2018%3A00%3A00&e[0][timezone]=America%2FDenver&e[0][title]=Bookmobile%20Stop%20at%20The%20Ridge%20Park%20&e[0][description]=5005%20Harmony%20Ridge%20Pkwy%20-%20Windsor&e[0][location]=Bookmobile%20-%20",FAILED,""
"https://clearview.libnet.info/event/17286679","https://addtocalendar.com/atc/google?utz=0&uln=en-US@posix&vjs=1.5&e[0][date_start]=2026-11-03%2017%3A30%3A00&e[0][date_end]=2026-11-03%2018%3A00%3A00&e[0][timezone]=America%2FDenver&e[0][title]=Bookmobile%20Stop%20at%20The%20Ridge%20Park%20&e[0][description]=5005%20Harmony%20Ridge%20Pkwy%20-%20Windsor&e[0][location]=Bookmobile%20-%20",FAILED,""
"https://clearview.libnet.info/event/17286679","https://addtocalendar.com/atc/outlook?utz=0&uln=en-US@posix&vjs=1.5&e[0][date_start]=2026-11-03%2017%3A30%3A00&e[0][date_end]=2026-11-03%2018%3A00%3A00&e[0][timezone]=America%2FDenver&e[0][title]=Bookmobile%20Stop%20at%20The%20Ridge%20Park%20&e[0][description]=5005%20Harmony%20Ridge%20Pkwy%20-%20Windsor&e[0][location]=Bookmobile%20-%20",FAILED,""
"https://clearview.libnet.info/event/17286679","https://addtocalendar.com/atc/outlookonline?utz=0&uln=en-US@posix&vjs=1.5&e[0][date_start]=2026-11-03%2017%3A30%3A00&e[0][date_end]=2026-11-03%2018%3A00%3A00&e[0][timezone]=America%2FDenver&e[0][title]=Bookmobile%20Stop%20at%20The%20Ridge%20Park%20&e[0][description]=5005%20Harmony%20Ridge%20Pkwy%20-%20Windsor&e[0][location]=Bookmobile%20-%20",FAILED,""
"https://clearview.libnet.info/event/17286679","https://addtocalendar.com/atc/yahoo?utz=0&uln=en-US@posix&vjs=1.5&e[0][date_start]=2026-11-03%2017%3A30%3A00&e[0][date_end]=2026-11-03%2018%3A00%3A00&e[0][timezone]=America%2FDenver&e[0][title]=Bookmobile%20Stop%20at%20The%20Ridge%20Park%20&e[0][description]=5005%20Harmony%20Ridge%20Pkwy%20-%20Windsor&e[0][location]=Bookmobile%20-%20",FAILED,""
"https://clearview.libnet.info/event/17394000","https://addtocalendar.com/atc/ical?utz=0&uln=en-US@posix&vjs=1.5&e[0][date_start]=2026-11-03%2017%3A30%3A00&e[0][date_end]=2026-11-03%2019%3A30%3A00&e[0][timezone]=America%2FDenver&e[0][title]=Pub%20Trivia%20Night&e[0][description]=Join%20us%20for%20Pub%20Trivia%20on%20the%20first%20Tuesday%20of%20every%20month%2C%20with%20prizes%20awarded%20to%20the%20top%20three%20highest%20scoring%20teams!&e[0][location]=Peculier%20Ales%20-%20301%20Main%20St%2C%20Windsor%2C%20CO%2080550",FAILED,""
"https://clearview.libnet.info/event/17394000","https://addtocalendar.com/atc/google?utz=0&uln=en-US@posix&vjs=1.5&e[0][date_start]=2026-11-03%2017%3A30%3A00&e[0][date_end]=2026-11-03%2019%3A30%3A00&e[0][timezone]=America%2FDenver&e[0][title]=Pub%20Trivia%20Night&e[0][description]=Join%20us%20for%20Pub%20Trivia%20on%20the%20first%20Tuesday%20of%20every%20month%2C%20with%20prizes%20awarded%20to%20the%20top%20three%20highest%20scoring%20teams!&e[0][location]=Peculier%20Ales%20-%20301%20Main%20St%2C%20Windsor%2C%20CO%2080550",FAILED,""
"https://clearview.libnet.info/event/17394000","https://addtocalendar.com/atc/outlook?utz=0&uln=en-US@posix&vjs=1.5&e[0][date_start]=2026-11-03%2017%3A30%3A00&e[0][date_end]=2026-11-03%2019%3A30%3A00&e[0][timezone]=America%2FDenver&e[0][title]=Pub%20Trivia%20Night&e[0][description]=Join%20us%20for%20Pub%20Trivia%20on%20the%20first%20Tuesday%20of%20every%20month%2C%20with%20prizes%20awarded%20to%20the%20top%20three%20highest%20scoring%20teams!&e[0][location]=Peculier%20Ales%20-%20301%20Main%20St%2C%20Windsor%2C%20CO%2080550",FAILED,""
"https://clearview.libnet.info/event/17394000","https://addtocalendar.com/atc/outlookonline?utz=0&uln=en-US@posix&vjs=1.5&e[0][date_start]=2026-11-03%2017%3A30%3A00&e[0][date_end]=2026-11-03%2019%3A30%3A00&e[0][timezone]=America%2FDenver&e[0][title]=Pub%20Trivia%20Night&e[0][description]=Join%20us%20for%20Pub%20Trivia%20on%20the%20first%20Tuesday%20of%20every%20month%2C%20with%20prizes%20awarded%20to%20the%20top%20three%20highest%20scoring%20teams!&e[0][location]=Peculier%20Ales%20-%20301%20Main%20St%2C%20Windsor%2C%20CO%2080550",FAILED,""
"https://clearview.libnet.info/event/17394000","https://addtocalendar.com/atc/yahoo?utz=0&uln=en-US@posix&vjs=1.5&e[0][date_start]=2026-11-03%2017%3A30%3A00&e[0][date_end]=2026-11-03%2019%3A30%3A00&e[0][timezone]=America%2FDenver&e[0][title]=Pub%20Trivia%20Night&e[0][description]=Join%20us%20for%20Pub%20Trivia%20on%20the%20first%20Tuesday%20of%20every%20month%2C%20with%20prizes%20awarded%20to%20the%20top%20three%20highest%20scoring%20teams!&e[0][location]=Peculier%20Ales%20-%20301%20Main%20St%2C%20Windsor%2C%20CO%2080550",FAILED,""
"https://clearview.libnet.info/event/17448947","https://addtocalendar.com/atc/ical?utz=0&uln=en-US@posix&vjs=1.5&e[0][date_start]=2026-11-03%2018%3A00%3A00&e[0][date_end]=2026-11-03%2019%3A00%3A00&e[0][timezone]=America%2FDenver&e[0][title]=Teen%20DIY&e[0][description]=Teens%2C%20welcome%20to%20our%20monthly%20crafting%20sessions%20where%20we%27ll%20explore%20various%20art%20techniques.%20This%20month%2C%20learn%20the%20art%20of%20glazing%20your%20own%20custom%20mug%20from%20Amanda%2C%20owner%20of%20Chill%20Potz.%20&e[0][location]=Chill%20Potz-%201215%20Main%20Street%2C%20%20Unit%20H%2C%20Windsor%2C%20CO%20-%20",FAILED,""
"https://clearview.libnet.info/event/17448947","https://addtocalendar.com/atc/google?utz=0&uln=en-US@posix&vjs=1.5&e[0][date_start]=2026-11-03%2018%3A00%3A00&e[0][date_end]=2026-11-03%2019%3A00%3A00&e[0][timezone]=America%2FDenver&e[0][title]=Teen%20DIY&e[0][description]=Teens%2C%20welcome%20to%20our%20monthly%20crafting%20sessions%20where%20we%27ll%20explore%20various%20art%20techniques.%20This%20month%2C%20learn%20the%20art%20of%20glazing%20your%20own%20custom%20mug%20from%20Amanda%2C%20owner%20of%20Chill%20Potz.%20&e[0][location]=Chill%20Potz-%201215%20Main%20Street%2C%20%20Unit%20H%2C%20Windsor%2C%20CO%20-%20",FAILED,""
"https://clearview.libnet.info/event/17448947","https://addtocalendar.com/atc/outlook?utz=0&uln=en-US@posix&vjs=1.5&e[0][date_start]=2026-11-03%2018%3A00%3A00&e[0][date_end]=2026-11-03%2019%3A00%3A00&e[0][timezone]=America%2FDenver&e[0][title]=Teen%20DIY&e[0][description]=Teens%2C%20welcome%20to%20our%20monthly%20crafting%20sessions%20where%20we%27ll%20explore%20various%20art%20techniques.%20This%20month%2C%20learn%20the%20art%20of%20glazing%20your%20own%20custom%20mug%20from%20Amanda%2C%20owner%20of%20Chill%20Potz.%20&e[0][location]=Chill%20Potz-%201215%20Main%20Street%2C%20%20Unit%20H%2C%20Windsor%2C%20CO%20-%20",FAILED,""
"https://clearview.libnet.info/event/17448947","https://addtocalendar.com/atc/outlookonline?utz=0&uln=en-US@posix&vjs=1.5&e[0][date_start]=2026-11-03%2018%3A00%3A00&e[0][date_end]=2026-11-03%2019%3A00%3A00&e[0][timezone]=America%2FDenver&e[0][title]=Teen%20DIY&e[0][description]=Teens%2C%20welcome%20to%20our%20monthly%20crafting%20sessions%20where%20we%27ll%20explore%20various%20art%20techniques.%20This%20month%2C%20learn%20the%20art%20of%20glazing%20your%20own%20custom%20mug%20from%20Amanda%2C%20owner%20of%20Chill%20Potz.%20&e[0][location]=Chill%20Potz-%201215%20Main%20Street%2C%20%20Unit%20H%2C%20Windsor%2C%20CO%20-%20",FAILED,""
"https://clearview.libnet.info/event/17448947","https://addtocalendar.com/atc/yahoo?utz=0&uln=en-US@posix&vjs=1.5&e[0][date_start]=2026-11-03%2018%3A00%3A00&e[0][date_end]=2026-11-03%2019%3A00%3A00&e[0][timezone]=America%2FDenver&e[0][title]=Teen%20DIY&e[0][description]=Teens%2C%20welcome%20to%20our%20monthly%20crafting%20sessions%20where%20we%27ll%20explore%20various%20art%20techniques.%20This%20month%2C%20learn%20the%20art%20of%20glazing%20your%20own%20custom%20mug%20from%20Amanda%2C%20owner%20of%20Chill%20Potz.%20&e[0][location]=Chill%20Potz-%201215%20Main%20Street%2C%20%20Unit%20H%2C%20Windsor%2C%20CO%20-%20",FAILED,""
"https://clearview.libnet.info/event/17430394","https://addtocalendar.com/atc/ical?utz=0&uln=en-US@posix&vjs=1.5&e[0][date_start]=2026-11-04%2010%3A00%3A00&e[0][date_end]=2026-11-04%2010%3A30%3A00&e[0][timezone]=America%2FDenver&e[0][title]=Lil%27%20STEAM&e[0][description]=Join%20us%20to%20read%20a%20story%20and%20then%20explore%20Science%2C%20Technology%2C%20Engineering%2C%20Art%2C%20and%20Math%20with%20a%20monthly%20theme%20from%20the%20story%20with%20a%20related%20activity.%20For%20ages%203-5.&e[0][location]=Windsor%20Library%20-%20Pikes%20Peak",FAILED,""
"https://clearview.libnet.info/event/17430394","https://addtocalendar.com/atc/google?utz=0&uln=en-US@posix&vjs=1.5&e[0][date_start]=2026-11-04%2010%3A00%3A00&e[0][date_end]=2026-11-04%2010%3A30%3A00&e[0][timezone]=America%2FDenver&e[0][title]=Lil%27%20STEAM&e[0][description]=Join%20us%20to%20read%20a%20story%20and%20then%20explore%20Science%2C%20Technology%2C%20Engineering%2C%20Art%2C%20and%20Math%20with%20a%20monthly%20theme%20from%20the%20story%20with%20a%20related%20activity.%20For%20ages%203-5.&e[0][location]=Windsor%20Library%20-%20Pikes%20Peak",FAILED,""
"https://clearview.libnet.info/event/17430394","https://addtocalendar.com/atc/outlook?utz=0&uln=en-US@posix&vjs=1.5&e[0][date_start]=2026-11-04%2010%3A00%3A00&e[0][date_end]=2026-11-04%2010%3A30%3A00&e[0][timezone]=America%2FDenver&e[0][title]=Lil%27%20STEAM&e[0][description]=Join%20us%20to%20read%20a%20story%20and%20then%20explore%20Science%2C%20Technology%2C%20Engineering%2C%20Art%2C%20and%20Math%20with%20a%20monthly%20theme%20from%20the%20story%20with%20a%20related%20activity.%20For%20ages%203-5.&e[0][location]=Windsor%20Library%20-%20Pikes%20Peak",FAILED,""
"https://clearview.libnet.info/event/17430394","https://addtocalendar.com/atc/outlookonline?utz=0&uln=en-US@posix&vjs=1.5&e[0][date_start]=2026-11-04%2010%3A00%3A00&e[0][date_end]=2026-11-04%2010%3A30%3A00&e[0][timezone]=America%2FDenver&e[0][title]=Lil%27%20STEAM&e[0][description]=Join%20us%20to%20read%20a%20story%20and%20then%20explore%20Science%2C%20Technology%2C%20Engineering%2C%20Art%2C%20and%20Math%20with%20a%20monthly%20theme%20from%20the%20story%20with%20a%20related%20activity.%20For%20ages%203-5.&e[0][location]=Windsor%20Library%20-%20Pikes%20Peak",FAILED,""
"https://clearview.libnet.info/event/17430394","https://addtocalendar.com/atc/yahoo?utz=0&uln=en-US@posix&vjs=1.5&e[0][date_start]=2026-11-04%2010%3A00%3A00&e[0][date_end]=2026-11-04%2010%3A30%3A00&e[0][timezone]=America%2FDenver&e[0][title]=Lil%27%20STEAM&e[0][description]=Join%20us%20to%20read%20a%20story%20and%20then%20explore%20Science%2C%20Technology%2C%20Engineering%2C%20Art%2C%20and%20Math%20with%20a%20monthly%20theme%20from%20the%20story%20with%20a%20related%20activity.%20For%20ages%203-5.&e[0][location]=Windsor%20Library%20-%20Pikes%20Peak",FAILED,""
"https://clearview.libnet.info/event/17430459","https://addtocalendar.com/atc/ical?utz=0&uln=en-US@posix&vjs=1.5&e[0][date_start]=2026-11-04%2010%3A00%3A00&e[0][date_end]=2026-11-04%2010%3A30%3A00&e[0][timezone]=America%2FDenver&e[0][title]=Babies%20and%20Books&e[0][description]=Grow%20your%20reader%20as%20we%20enjoy%20books%2C%20rhymes%2C%20songs%2C%20sensory%20activities%2C%20and%20active%20movement%20during%20this%20lapsit%20storytime.%20For%20ages%20birth%20to%202%20years.%20Older%20siblings%20welcome.&e[0][location]=Severance%20Library%20-%20Cottonwood",FAILED,""
"https://clearview.libnet.info/event/17430459","https://addtocalendar.com/atc/google?utz=0&uln=en-US@posix&vjs=1.5&e[0][date_start]=2026-11-04%2010%3A00%3A00&e[0][date_end]=2026-11-04%2010%3A30%3A00&e[0][timezone]=America%2FDenver&e[0][title]=Babies%20and%20Books&e[0][description]=Grow%20your%20reader%20as%20we%20enjoy%20books%2C%20rhymes%2C%20songs%2C%20sensory%20activities%2C%20and%20active%20movement%20during%20this%20lapsit%20storytime.%20For%20ages%20birth%20to%202%20years.%20Older%20siblings%20welcome.&e[0][location]=Severance%20Library%20-%20Cottonwood",FAILED,""
"https://clearview.libnet.info/event/17430459","https://addtocalendar.com/atc/outlook?utz=0&uln=en-US@posix&vjs=1.5&e[0][date_start]=2026-11-04%2010%3A00%3A00&e[0][date_end]=2026-11-04%2010%3A30%3A00&e[0][timezone]=America%2FDenver&e[0][title]=Babies%20and%20Books&e[0][description]=Grow%20your%20reader%20as%20we%20enjoy%20books%2C%20rhymes%2C%20songs%2C%20sensory%20activities%2C%20and%20active%20movement%20during%20this%20lapsit%20storytime.%20For%20ages%20birth%20to%202%20years.%20Older%20siblings%20welcome.&e[0][location]=Severance%20Library%20-%20Cottonwood",FAILED,""
"https://clearview.libnet.info/event/17430459","https://addtocalendar.com/atc/outlookonline?utz=0&uln=en-US@posix&vjs=1.5&e[0][date_start]=2026-11-04%2010%3A00%3A00&e[0][date_end]=2026-11-04%2010%3A30%3A00&e[0][timezone]=America%2FDenver&e[0][title]=Babies%20and%20Books&e[0][description]=Grow%20your%20reader%20as%20we%20enjoy%20books%2C%20rhymes%2C%20songs%2C%20sensory%20activities%2C%20and%20active%20movement%20during%20this%20lapsit%20storytime.%20For%20ages%20birth%20to%202%20years.%20Older%20siblings%20welcome.&e[0][location]=Severance%20Library%20-%20Cottonwood",FAILED,""
"https://clearview.libnet.info/event/17430459","https://addtocalendar.com/atc/yahoo?utz=0&uln=en-US@posix&vjs=1.5&e[0][date_start]=2026-11-04%2010%3A00%3A00&e[0][date_end]=2026-11-04%2010%3A30%3A00&e[0][timezone]=America%2FDenver&e[0][title]=Babies%20and%20Books&e[0][description]=Grow%20your%20reader%20as%20we%20enjoy%20books%2C%20rhymes%2C%20songs%2C%20sensory%20activities%2C%20and%20active%20movement%20during%20this%20lapsit%20storytime.%20For%20ages%20birth%20to%202%20years.%20Older%20siblings%20welcome.&e[0][location]=Severance%20Library%20-%20Cottonwood",FAILED,""
"https://clearview.libnet.info/event/17452414","https://clearview.marmot.org/GroupedWork/9140c43a-0702-f93c-5b20-ed4cac0c9ac1/Home?searchId=298725453&recordIndex=1&page=1&searchSource=local",403,"Theo of Golden"
"https://clearview.libnet.info/event/17452414","https://addtocalendar.com/atc/ical?utz=0&uln=en-US@posix&vjs=1.5&e[0][date_start]=2026-11-04%2010%3A00%3A00&e[0][date_end]=2026-11-04%2011%3A00%3A00&e[0][timezone]=America%2FDenver&e[0][title]=Hit%20List%20Reading%20Club&e[0][description]=Looking%20for%20a%20book%20you%20just%20can%E2%80%99t%20put%20down%3F%20So%20are%20we!%20Join%20us%20each%20month%20as%20we%20read%20titles%20-%20both%20new%20and%20old%20-%20from%20various%20bestseller%E2%80%99s%20lists.&e[0][location]=Windsor%20Library%20-%20Longs%20Peak",FAILED,""
"https://clearview.libnet.info/event/17452414","https://addtocalendar.com/atc/google?utz=0&uln=en-US@posix&vjs=1.5&e[0][date_start]=2026-11-04%2010%3A00%3A00&e[0][date_end]=2026-11-04%2011%3A00%3A00&e[0][timezone]=America%2FDenver&e[0][title]=Hit%20List%20Reading%20Club&e[0][description]=Looking%20for%20a%20book%20you%20just%20can%E2%80%99t%20put%20down%3F%20So%20are%20we!%20Join%20us%20each%20month%20as%20we%20read%20titles%20-%20both%20new%20and%20old%20-%20from%20various%20bestseller%E2%80%99s%20lists.&e[0][location]=Windsor%20Library%20-%20Longs%20Peak",FAILED,""
"https://clearview.libnet.info/event/17452414","https://addtocalendar.com/atc/outlook?utz=0&uln=en-US@posix&vjs=1.5&e[0][date_start]=2026-11-04%2010%3A00%3A00&e[0][date_end]=2026-11-04%2011%3A00%3A00&e[0][timezone]=America%2FDenver&e[0][title]=Hit%20List%20Reading%20Club&e[0][description]=Looking%20for%20a%20book%20you%20just%20can%E2%80%99t%20put%20down%3F%20So%20are%20we!%20Join%20us%20each%20month%20as%20we%20read%20titles%20-%20both%20new%20and%20old%20-%20from%20various%20bestseller%E2%80%99s%20lists.&e[0][location]=Windsor%20Library%20-%20Longs%20Peak",FAILED,""
"https://clearview.libnet.info/event/17452414","https://addtocalendar.com/atc/outlookonline?utz=0&uln=en-US@posix&vjs=1.5&e[0][date_start]=2026-11-04%2010%3A00%3A00&e[0][date_end]=2026-11-04%2011%3A00%3A00&e[0][timezone]=America%2FDenver&e[0][title]=Hit%20List%20Reading%20Club&e[0][description]=Looking%20for%20a%20book%20you%20just%20can%E2%80%99t%20put%20down%3F%20So%20are%20we!%20Join%20us%20each%20month%20as%20we%20read%20titles%20-%20both%20new%20and%20old%20-%20from%20various%20bestseller%E2%80%99s%20lists.&e[0][location]=Windsor%20Library%20-%20Longs%20Peak",FAILED,""
"https://clearview.libnet.info/event/17452414","https://addtocalendar.com/atc/yahoo?utz=0&uln=en-US@posix&vjs=1.5&e[0][date_start]=2026-11-04%2010%3A00%3A00&e[0][date_end]=2026-11-04%2011%3A00%3A00&e[0][timezone]=America%2FDenver&e[0][title]=Hit%20List%20Reading%20Club&e[0][description]=Looking%20for%20a%20book%20you%20just%20can%E2%80%99t%20put%20down%3F%20So%20are%20we!%20Join%20us%20each%20month%20as%20we%20read%20titles%20-%20both%20new%20and%20old%20-%20from%20various%20bestseller%E2%80%99s%20lists.&e[0][location]=Windsor%20Library%20-%20Longs%20Peak",FAILED,""
"https://clearview.libnet.info/event/17430515","https://addtocalendar.com/atc/ical?utz=0&uln=en-US@posix&vjs=1.5&e[0][date_start]=2026-11-04%2010%3A30%3A00&e[0][date_end]=2026-11-04%2011%3A00%3A00&e[0][timezone]=America%2FDenver&e[0][title]=Stay%20and%20Play%20&e[0][description]=Babies%20and%20toddlers%20will%20enjoy%20open-ended%20playtime%20in%20a%20relaxed%20atmosphere%20that%20promotes%20growth%2C%20exploration%2C%20and%20learning.%20Intended%20for%20children%20ages%200%20to%202%20and%20their%20caregivers%20or%20families.&e[0][location]=Severance%20Library%20-%20Cottonwood",FAILED,""
"https://clearview.libnet.info/event/17430515","https://addtocalendar.com/atc/google?utz=0&uln=en-US@posix&vjs=1.5&e[0][date_start]=2026-11-04%2010%3A30%3A00&e[0][date_end]=2026-11-04%2011%3A00%3A00&e[0][timezone]=America%2FDenver&e[0][title]=Stay%20and%20Play%20&e[0][description]=Babies%20and%20toddlers%20will%20enjoy%20open-ended%20playtime%20in%20a%20relaxed%20atmosphere%20that%20promotes%20growth%2C%20exploration%2C%20and%20learning.%20Intended%20for%20children%20ages%200%20to%202%20and%20their%20caregivers%20or%20families.&e[0][location]=Severance%20Library%20-%20Cottonwood",FAILED,""
"https://clearview.libnet.info/event/17430515","https://addtocalendar.com/atc/outlook?utz=0&uln=en-US@posix&vjs=1.5&e[0][date_start]=2026-11-04%2010%3A30%3A00&e[0][date_end]=2026-11-04%2011%3A00%3A00&e[0][timezone]=America%2FDenver&e[0][title]=Stay%20and%20Play%20&e[0][description]=Babies%20and%20toddlers%20will%20enjoy%20open-ended%20playtime%20in%20a%20relaxed%20atmosphere%20that%20promotes%20growth%2C%20exploration%2C%20and%20learning.%20Intended%20for%20children%20ages%200%20to%202%20and%20their%20caregivers%20or%20families.&e[0][location]=Severance%20Library%20-%20Cottonwood",FAILED,""
"https://clearview.libnet.info/event/17430515","https://addtocalendar.com/atc/outlookonline?utz=0&uln=en-US@posix&vjs=1.5&e[0][date_start]=2026-11-04%2010%3A30%3A00&e[0][date_end]=2026-11-04%2011%3A00%3A00&e[0][timezone]=America%2FDenver&e[0][title]=Stay%20and%20Play%20&e[0][description]=Babies%20and%20toddlers%20will%20enjoy%20open-ended%20playtime%20in%20a%20relaxed%20atmosphere%20that%20promotes%20growth%2C%20exploration%2C%20and%20learning.%20Intended%20for%20children%20ages%200%20to%202%20and%20their%20caregivers%20or%20families.&e[0][location]=Severance%20Library%20-%20Cottonwood",FAILED,""
"https://clearview.libnet.info/event/17430515","https://addtocalendar.com/atc/yahoo?utz=0&uln=en-US@posix&vjs=1.5&e[0][date_start]=2026-11-04%2010%3A30%3A00&e[0][date_end]=2026-11-04%2011%3A00%3A00&e[0][timezone]=America%2FDenver&e[0][title]=Stay%20and%20Play%20&e[0][description]=Babies%20and%20toddlers%20will%20enjoy%20open-ended%20playtime%20in%20a%20relaxed%20atmosphere%20that%20promotes%20growth%2C%20exploration%2C%20and%20learning.%20Intended%20for%20children%20ages%200%20to%202%20and%20their%20caregivers%20or%20families.&e[0][location]=Severance%20Library%20-%20Cottonwood",FAILED,""
"https://clearview.libnet.info/event/17286694","https://addtocalendar.com/atc/ical?utz=0&uln=en-US@posix&vjs=1.5&e[0][date_start]=2026-11-04%2014%3A30%3A00&e[0][date_end]=2026-11-04%2015%3A00%3A00&e[0][timezone]=America%2FDenver&e[0][title]=Bookmobile%20Stop%20at%20Poudre%20Heights%20Park%20&e[0][description]=1670%20Green%20River%20Dr%20-%20Windsor&e[0][location]=Bookmobile%20-%20",FAILED,""
"https://clearview.libnet.info/event/17286694","https://addtocalendar.com/atc/google?utz=0&uln=en-US@posix&vjs=1.5&e[0][date_start]=2026-11-04%2014%3A30%3A00&e[0][date_end]=2026-11-04%2015%3A00%3A00&e[0][timezone]=America%2FDenver&e[0][title]=Bookmobile%20Stop%20at%20Poudre%20Heights%20Park%20&e[0][description]=1670%20Green%20River%20Dr%20-%20Windsor&e[0][location]=Bookmobile%20-%20",FAILED,""
"https://clearview.libnet.info/event/17286694","https://addtocalendar.com/atc/outlook?utz=0&uln=en-US@posix&vjs=1.5&e[0][date_start]=2026-11-04%2014%3A30%3A00&e[0][date_end]=2026-11-04%2015%3A00%3A00&e[0][timezone]=America%2FDenver&e[0][title]=Bookmobile%20Stop%20at%20Poudre%20Heights%20Park%20&e[0][description]=1670%20Green%20River%20Dr%20-%20Windsor&e[0][location]=Bookmobile%20-%20",FAILED,""
"https://clearview.libnet.info/event/17286694","https://addtocalendar.com/atc/outlookonline?utz=0&uln=en-US@posix&vjs=1.5&e[0][date_start]=2026-11-04%2014%3A30%3A00&e[0][date_end]=2026-11-04%2015%3A00%3A00&e[0][timezone]=America%2FDenver&e[0][title]=Bookmobile%20Stop%20at%20Poudre%20Heights%20Park%20&e[0][description]=1670%20Green%20River%20Dr%20-%20Windsor&e[0][location]=Bookmobile%20-%20",FAILED,""
"https://clearview.libnet.info/event/17286694","https://addtocalendar.com/atc/yahoo?utz=0&uln=en-US@posix&vjs=1.5&e[0][date_start]=2026-11-04%2014%3A30%3A00&e[0][date_end]=2026-11-04%2015%3A00%3A00&e[0][timezone]=America%2FDenver&e[0][title]=Bookmobile%20Stop%20at%20Poudre%20Heights%20Park%20&e[0][description]=1670%20Green%20River%20Dr%20-%20Windsor&e[0][location]=Bookmobile%20-%20",FAILED,""
"https://clearview.libnet.info/event/17446890","https://addtocalendar.com/atc/ical?utz=0&uln=en-US@posix&vjs=1.5&e[0][date_start]=2026-11-04%2015%3A15%3A00&e[0][date_end]=2026-11-04%2016%3A15%3A00&e[0][timezone]=America%2FDenver&e[0][title]=Kids%20in%20the%20Kitchen&e[0][description]=Young%20chefs%20will%20learn%20to%20make%20new%20foods%20that%20can%20also%20be%20made%20at%20home.%20This%20month%2C%20try%20a%20taste%20of%20some%20traditional%20Native%20American%20foods!%20Open%20to%20elementary-aged%20children%2C%20as%20well%20as%20tweens%20ages%209-12&e[0][location]=Severance%20Library%20-%20Cottonwood",FAILED,""
"https://clearview.libnet.info/event/17446890","https://addtocalendar.com/atc/google?utz=0&uln=en-US@posix&vjs=1.5&e[0][date_start]=2026-11-04%2015%3A15%3A00&e[0][date_end]=2026-11-04%2016%3A15%3A00&e[0][timezone]=America%2FDenver&e[0][title]=Kids%20in%20the%20Kitchen&e[0][description]=Young%20chefs%20will%20learn%20to%20make%20new%20foods%20that%20can%20also%20be%20made%20at%20home.%20This%20month%2C%20try%20a%20taste%20of%20some%20traditional%20Native%20American%20foods!%20Open%20to%20elementary-aged%20children%2C%20as%20well%20as%20tweens%20ages%209-12&e[0][location]=Severance%20Library%20-%20Cottonwood",FAILED,""
"https://clearview.libnet.info/event/17446890","https://addtocalendar.com/atc/outlook?utz=0&uln=en-US@posix&vjs=1.5&e[0][date_start]=2026-11-04%2015%3A15%3A00&e[0][date_end]=2026-11-04%2016%3A15%3A00&e[0][timezone]=America%2FDenver&e[0][title]=Kids%20in%20the%20Kitchen&e[0][description]=Young%20chefs%20will%20learn%20to%20make%20new%20foods%20that%20can%20also%20be%20made%20at%20home.%20This%20month%2C%20try%20a%20taste%20of%20some%20traditional%20Native%20American%20foods!%20Open%20to%20elementary-aged%20children%2C%20as%20well%20as%20tweens%20ages%209-12&e[0][location]=Severance%20Library%20-%20Cottonwood",FAILED,""
"https://clearview.libnet.info/event/17446890","https://addtocalendar.com/atc/outlookonline?utz=0&uln=en-US@posix&vjs=1.5&e[0][date_start]=2026-11-04%2015%3A15%3A00&e[0][date_end]=2026-11-04%2016%3A15%3A00&e[0][timezone]=America%2FDenver&e[0][title]=Kids%20in%20the%20Kitchen&e[0][description]=Young%20chefs%20will%20learn%20to%20make%20new%20foods%20that%20can%20also%20be%20made%20at%20home.%20This%20month%2C%20try%20a%20taste%20of%20some%20traditional%20Native%20American%20foods!%20Open%20to%20elementary-aged%20children%2C%20as%20well%20as%20tweens%20ages%209-12&e[0][location]=Severance%20Library%20-%20Cottonwood",FAILED,""
"https://clearview.libnet.info/event/17446890","https://addtocalendar.com/atc/yahoo?utz=0&uln=en-US@posix&vjs=1.5&e[0][date_start]=2026-11-04%2015%3A15%3A00&e[0][date_end]=2026-11-04%2016%3A15%3A00&e[0][timezone]=America%2FDenver&e[0][title]=Kids%20in%20the%20Kitchen&e[0][description]=Young%20chefs%20will%20learn%20to%20make%20new%20foods%20that%20can%20also%20be%20made%20at%20home.%20This%20month%2C%20try%20a%20taste%20of%20some%20traditional%20Native%20American%20foods!%20Open%20to%20elementary-aged%20children%2C%20as%20well%20as%20tweens%20ages%209-12&e[0][location]=Severance%20Library%20-%20Cottonwood",FAILED,""
"https://clearview.libnet.info/event/17286699","https://addtocalendar.com/atc/ical?utz=0&uln=en-US@posix&vjs=1.5&e[0][date_start]=2026-11-04%2015%3A30%3A00&e[0][date_end]=2026-11-04%2016%3A00%3A00&e[0][timezone]=America%2FDenver&e[0][title]=Bookmobile%20Stop%20at%20Founders%20Green%20Park&e[0][description]=1201%20Grand%20Ave%20-%20Windsor%20&e[0][location]=Bookmobile%20-%20",FAILED,""
"https://clearview.libnet.info/event/17286699","https://addtocalendar.com/atc/google?utz=0&uln=en-US@posix&vjs=1.5&e[0][date_start]=2026-11-04%2015%3A30%3A00&e[0][date_end]=2026-11-04%2016%3A00%3A00&e[0][timezone]=America%2FDenver&e[0][title]=Bookmobile%20Stop%20at%20Founders%20Green%20Park&e[0][description]=1201%20Grand%20Ave%20-%20Windsor%20&e[0][location]=Bookmobile%20-%20",FAILED,""
"https://clearview.libnet.info/event/17286699","https://addtocalendar.com/atc/outlook?utz=0&uln=en-US@posix&vjs=1.5&e[0][date_start]=2026-11-04%2015%3A30%3A00&e[0][date_end]=2026-11-04%2016%3A00%3A00&e[0][timezone]=America%2FDenver&e[0][title]=Bookmobile%20Stop%20at%20Founders%20Green%20Park&e[0][description]=1201%20Grand%20Ave%20-%20Windsor%20&e[0][location]=Bookmobile%20-%20",FAILED,""
"https://clearview.libnet.info/event/17286699","https://addtocalendar.com/atc/outlookonline?utz=0&uln=en-US@posix&vjs=1.5&e[0][date_start]=2026-11-04%2015%3A30%3A00&e[0][date_end]=2026-11-04%2016%3A00%3A00&e[0][timezone]=America%2FDenver&e[0][title]=Bookmobile%20Stop%20at%20Founders%20Green%20Park&e[0][description]=1201%20Grand%20Ave%20-%20Windsor%20&e[0][location]=Bookmobile%20-%20",FAILED,""
"https://clearview.libnet.info/event/17286699","https://addtocalendar.com/atc/yahoo?utz=0&uln=en-US@posix&vjs=1.5&e[0][date_start]=2026-11-04%2015%3A30%3A00&e[0][date_end]=2026-11-04%2016%3A00%3A00&e[0][timezone]=America%2FDenver&e[0][title]=Bookmobile%20Stop%20at%20Founders%20Green%20Park&e[0][description]=1201%20Grand%20Ave%20-%20Windsor%20&e[0][location]=Bookmobile%20-%20",FAILED,""
"https://clearview.libnet.info/event/17286703","https://addtocalendar.com/atc/ical?utz=0&uln=en-US@posix&vjs=1.5&e[0][date_start]=2026-11-04%2016%3A30%3A00&e[0][date_end]=2026-11-04%2017%3A00%3A00&e[0][timezone]=America%2FDenver&e[0][title]=Bookmobile%20Stop%20at%20Cherry%20Park%20at%20RainDance%20&e[0][description]=Heirloom%20Dr%20-%20Windsor&e[0][location]=Bookmobile%20-%20",FAILED,""
"https://clearview.libnet.info/event/17286703","https://addtocalendar.com/atc/google?utz=0&uln=en-US@posix&vjs=1.5&e[0][date_start]=2026-11-04%2016%3A30%3A00&e[0][date_end]=2026-11-04%2017%3A00%3A00&e[0][timezone]=America%2FDenver&e[0][title]=Bookmobile%20Stop%20at%20Cherry%20Park%20at%20RainDance%20&e[0][description]=Heirloom%20Dr%20-%20Windsor&e[0][location]=Bookmobile%20-%20",FAILED,""
"https://clearview.libnet.info/event/17286703","https://addtocalendar.com/atc/outlook?utz=0&uln=en-US@posix&vjs=1.5&e[0][date_start]=2026-11-04%2016%3A30%3A00&e[0][date_end]=2026-11-04%2017%3A00%3A00&e[0][timezone]=America%2FDenver&e[0][title]=Bookmobile%20Stop%20at%20Cherry%20Park%20at%20RainDance%20&e[0][description]=Heirloom%20Dr%20-%20Windsor&e[0][location]=Bookmobile%20-%20",FAILED,""
"https://clearview.libnet.info/event/17286703","https://addtocalendar.com/atc/outlookonline?utz=0&uln=en-US@posix&vjs=1.5&e[0][date_start]=2026-11-04%2016%3A30%3A00&e[0][date_end]=2026-11-04%2017%3A00%3A00&e[0][timezone]=America%2FDenver&e[0][title]=Bookmobile%20Stop%20at%20Cherry%20Park%20at%20RainDance%20&e[0][description]=Heirloom%20Dr%20-%20Windsor&e[0][location]=Bookmobile%20-%20",FAILED,""
"https://clearview.libnet.info/event/17286703","https://addtocalendar.com/atc/yahoo?utz=0&uln=en-US@posix&vjs=1.5&e[0][date_start]=2026-11-04%2016%3A30%3A00&e[0][date_end]=2026-11-04%2017%3A00%3A00&e[0][timezone]=America%2FDenver&e[0][title]=Bookmobile%20Stop%20at%20Cherry%20Park%20at%20RainDance%20&e[0][description]=Heirloom%20Dr%20-%20Windsor&e[0][location]=Bookmobile%20-%20",FAILED,""
"https://clearview.libnet.info/event/17428031","https://addtocalendar.com/atc/ical?utz=0&uln=en-US@posix&vjs=1.5&e[0][date_start]=2026-11-04%2016%3A30%3A00&e[0][date_end]=2026-11-04%2017%3A30%3A00&e[0][timezone]=America%2FDenver&e[0][title]=Family%20Bingo&e[0][description]=Join%20us%20on%20the%20first%20Wednesday%20of%20the%20month%20for%20Family%20Bingo%20fun%2C%20with%20prizes%20and%20light%20refreshments.%20Whatever%20your%20family%20looks%20like%2C%20we%20welcome%20you!&e[0][location]=Severance%20Library%20-%20Cottonwood",FAILED,""
"https://clearview.libnet.info/event/17428031","https://addtocalendar.com/atc/google?utz=0&uln=en-US@posix&vjs=1.5&e[0][date_start]=2026-11-04%2016%3A30%3A00&e[0][date_end]=2026-11-04%2017%3A30%3A00&e[0][timezone]=America%2FDenver&e[0][title]=Family%20Bingo&e[0][description]=Join%20us%20on%20the%20first%20Wednesday%20of%20the%20month%20for%20Family%20Bingo%20fun%2C%20with%20prizes%20and%20light%20refreshments.%20Whatever%20your%20family%20looks%20like%2C%20we%20welcome%20you!&e[0][location]=Severance%20Library%20-%20Cottonwood",FAILED,""
"https://clearview.libnet.info/event/17428031","https://addtocalendar.com/atc/outlook?utz=0&uln=en-US@posix&vjs=1.5&e[0][date_start]=2026-11-04%2016%3A30%3A00&e[0][date_end]=2026-11-04%2017%3A30%3A00&e[0][timezone]=America%2FDenver&e[0][title]=Family%20Bingo&e[0][description]=Join%20us%20on%20the%20first%20Wednesday%20of%20the%20month%20for%20Family%20Bingo%20fun%2C%20with%20prizes%20and%20light%20refreshments.%20Whatever%20your%20family%20looks%20like%2C%20we%20welcome%20you!&e[0][location]=Severance%20Library%20-%20Cottonwood",FAILED,""
"https://clearview.libnet.info/event/17428031","https://addtocalendar.com/atc/outlookonline?utz=0&uln=en-US@posix&vjs=1.5&e[0][date_start]=2026-11-04%2016%3A30%3A00&e[0][date_end]=2026-11-04%2017%3A30%3A00&e[0][timezone]=America%2FDenver&e[0][title]=Family%20Bingo&e[0][description]=Join%20us%20on%20the%20first%20Wednesday%20of%20the%20month%20for%20Family%20Bingo%20fun%2C%20with%20prizes%20and%20light%20refreshments.%20Whatever%20your%20family%20looks%20like%2C%20we%20welcome%20you!&e[0][location]=Severance%20Library%20-%20Cottonwood",FAILED,""
"https://clearview.libnet.info/event/17428031","https://addtocalendar.com/atc/yahoo?utz=0&uln=en-US@posix&vjs=1.5&e[0][date_start]=2026-11-04%2016%3A30%3A00&e[0][date_end]=2026-11-04%2017%3A30%3A00&e[0][timezone]=America%2FDenver&e[0][title]=Family%20Bingo&e[0][description]=Join%20us%20on%20the%20first%20Wednesday%20of%20the%20month%20for%20Family%20Bingo%20fun%2C%20with%20prizes%20and%20light%20refreshments.%20Whatever%20your%20family%20looks%20like%2C%20we%20welcome%20you!&e[0][location]=Severance%20Library%20-%20Cottonwood",FAILED,""
"https://clearview.libnet.info/event/17286711","https://addtocalendar.com/atc/ical?utz=0&uln=en-US@posix&vjs=1.5&e[0][date_start]=2026-11-04%2017%3A30%3A00&e[0][date_end]=2026-11-04%2018%3A00%3A00&e[0][timezone]=America%2FDenver&e[0][title]=Bookmobile%20Stop%20at%20Pelican%20Farms%20Park&e[0][description]=Kestrel%20Dr%20-%20Windsor&e[0][location]=Bookmobile%20-%20",FAILED,""
"https://clearview.libnet.info/event/17286711","https://addtocalendar.com/atc/google?utz=0&uln=en-US@posix&vjs=1.5&e[0][date_start]=2026-11-04%2017%3A30%3A00&e[0][date_end]=2026-11-04%2018%3A00%3A00&e[0][timezone]=America%2FDenver&e[0][title]=Bookmobile%20Stop%20at%20Pelican%20Farms%20Park&e[0][description]=Kestrel%20Dr%20-%20Windsor&e[0][location]=Bookmobile%20-%20",FAILED,""
"https://clearview.libnet.info/event/17286711","https://addtocalendar.com/atc/outlook?utz=0&uln=en-US@posix&vjs=1.5&e[0][date_start]=2026-11-04%2017%3A30%3A00&e[0][date_end]=2026-11-04%2018%3A00%3A00&e[0][timezone]=America%2FDenver&e[0][title]=Bookmobile%20Stop%20at%20Pelican%20Farms%20Park&e[0][description]=Kestrel%20Dr%20-%20Windsor&e[0][location]=Bookmobile%20-%20",FAILED,""
"https://clearview.libnet.info/event/17286711","https://addtocalendar.com/atc/outlookonline?utz=0&uln=en-US@posix&vjs=1.5&e[0][date_start]=2026-11-04%2017%3A30%3A00&e[0][date_end]=2026-11-04%2018%3A00%3A00&e[0][timezone]=America%2FDenver&e[0][title]=Bookmobile%20Stop%20at%20Pelican%20Farms%20Park&e[0][description]=Kestrel%20Dr%20-%20Windsor&e[0][location]=Bookmobile%20-%20",FAILED,""
"https://clearview.libnet.info/event/17286711","https://addtocalendar.com/atc/yahoo?utz=0&uln=en-US@posix&vjs=1.5&e[0][date_start]=2026-11-04%2017%3A30%3A00&e[0][date_end]=2026-11-04%2018%3A00%3A00&e[0][timezone]=America%2FDenver&e[0][title]=Bookmobile%20Stop%20at%20Pelican%20Farms%20Park&e[0][description]=Kestrel%20Dr%20-%20Windsor&e[0][location]=Bookmobile%20-%20",FAILED,""
"https://clearview.libnet.info/event/17457616","https://addtocalendar.com/atc/ical?utz=0&uln=en-US@posix&vjs=1.5&e[0][date_start]=2026-11-05%2010%3A00%3A00&e[0][date_end]=2026-11-05%2011%3A30%3A00&e[0][timezone]=America%2FDenver&e[0][title]=Thursdays%20at%20the%20Library&e[0][description]=%20Join%20us%20on%20select%20Thursdays%20at%20the%20library%20for%20a%20morning%20of%20delightful%20fun.%20A%20relaxed%20paced%20adventure%2C%20perfect%20for%20sloth%20curious%20kids%20who%20want%20to%20learn%2C%20play%2C%20and%20create!%20For%20ages%202-5.%0A&e[0][location]=Severance%20Library%20-%20Cottonwood",FAILED,""
"https://clearview.libnet.info/event/17457616","https://addtocalendar.com/atc/google?utz=0&uln=en-US@posix&vjs=1.5&e[0][date_start]=2026-11-05%2010%3A00%3A00&e[0][date_end]=2026-11-05%2011%3A30%3A00&e[0][timezone]=America%2FDenver&e[0][title]=Thursdays%20at%20the%20Library&e[0][description]=%20Join%20us%20on%20select%20Thursdays%20at%20the%20library%20for%20a%20morning%20of%20delightful%20fun.%20A%20relaxed%20paced%20adventure%2C%20perfect%20for%20sloth%20curious%20kids%20who%20want%20to%20learn%2C%20play%2C%20and%20create!%20For%20ages%202-5.%0A&e[0][location]=Severance%20Library%20-%20Cottonwood",FAILED,""
"https://clearview.libnet.info/event/17457616","https://addtocalendar.com/atc/outlook?utz=0&uln=en-US@posix&vjs=1.5&e[0][date_start]=2026-11-05%2010%3A00%3A00&e[0][date_end]=2026-11-05%2011%3A30%3A00&e[0][timezone]=America%2FDenver&e[0][title]=Thursdays%20at%20the%20Library&e[0][description]=%20Join%20us%20on%20select%20Thursdays%20at%20the%20library%20for%20a%20morning%20of%20delightful%20fun.%20A%20relaxed%20paced%20adventure%2C%20perfect%20for%20sloth%20curious%20kids%20who%20want%20to%20learn%2C%20play%2C%20and%20create!%20For%20ages%202-5.%0A&e[0][location]=Severance%20Library%20-%20Cottonwood",FAILED,""
"https://clearview.libnet.info/event/17457616","https://addtocalendar.com/atc/outlookonline?utz=0&uln=en-US@posix&vjs=1.5&e[0][date_start]=2026-11-05%2010%3A00%3A00&e[0][date_end]=2026-11-05%2011%3A30%3A00&e[0][timezone]=America%2FDenver&e[0][title]=Thursdays%20at%20the%20Library&e[0][description]=%20Join%20us%20on%20select%20Thursdays%20at%20the%20library%20for%20a%20morning%20of%20delightful%20fun.%20A%20relaxed%20paced%20adventure%2C%20perfect%20for%20sloth%20curious%20kids%20who%20want%20to%20learn%2C%20play%2C%20and%20create!%20For%20ages%202-5.%0A&e[0][location]=Severance%20Library%20-%20Cottonwood",FAILED,""
"https://clearview.libnet.info/event/17457616","https://addtocalendar.com/atc/yahoo?utz=0&uln=en-US@posix&vjs=1.5&e[0][date_start]=2026-11-05%2010%3A00%3A00&e[0][date_end]=2026-11-05%2011%3A30%3A00&e[0][timezone]=America%2FDenver&e[0][title]=Thursdays%20at%20the%20Library&e[0][description]=%20Join%20us%20on%20select%20Thursdays%20at%20the%20library%20for%20a%20morning%20of%20delightful%20fun.%20A%20relaxed%20paced%20adventure%2C%20perfect%20for%20sloth%20curious%20kids%20who%20want%20to%20learn%2C%20play%2C%20and%20create!%20For%20ages%202-5.%0A&e[0][location]=Severance%20Library%20-%20Cottonwood",FAILED,""
"https://clearview.libnet.info/event/17286715","https://addtocalendar.com/atc/ical?utz=0&uln=en-US@posix&vjs=1.5&e[0][date_start]=2026-11-05%2014%3A30%3A00&e[0][date_end]=2026-11-05%2015%3A00%3A00&e[0][timezone]=America%2FDenver&e[0][title]=Bookmobile%20Stop%20at%20Hollister%20Lake%20Elementary%20&e[0][description]=550%20Sundance%20Dr%20-%20Windsor&e[0][location]=Bookmobile%20-%20",FAILED,""
"https://clearview.libnet.info/event/17286715","https://addtocalendar.com/atc/google?utz=0&uln=en-US@posix&vjs=1.5&e[0][date_start]=2026-11-05%2014%3A30%3A00&e[0][date_end]=2026-11-05%2015%3A00%3A00&e[0][timezone]=America%2FDenver&e[0][title]=Bookmobile%20Stop%20at%20Hollister%20Lake%20Elementary%20&e[0][description]=550%20Sundance%20Dr%20-%20Windsor&e[0][location]=Bookmobile%20-%20",FAILED,""
"https://clearview.libnet.info/event/17286715","https://addtocalendar.com/atc/outlook?utz=0&uln=en-US@posix&vjs=1.5&e[0][date_start]=2026-11-05%2014%3A30%3A00&e[0][date_end]=2026-11-05%2015%3A00%3A00&e[0][timezone]=America%2FDenver&e[0][title]=Bookmobile%20Stop%20at%20Hollister%20Lake%20Elementary%20&e[0][description]=550%20Sundance%20Dr%20-%20Windsor&e[0][location]=Bookmobile%20-%20",FAILED,""
"https://clearview.libnet.info/event/17286715","https://addtocalendar.com/atc/outlookonline?utz=0&uln=en-US@posix&vjs=1.5&e[0][date_start]=2026-11-05%2014%3A30%3A00&e[0][date_end]=2026-11-05%2015%3A00%3A00&e[0][timezone]=America%2FDenver&e[0][title]=Bookmobile%20Stop%20at%20Hollister%20Lake%20Elementary%20&e[0][description]=550%20Sundance%20Dr%20-%20Windsor&e[0][location]=Bookmobile%20-%20",FAILED,""
"https://clearview.libnet.info/event/17286715","https://addtocalendar.com/atc/yahoo?utz=0&uln=en-US@posix&vjs=1.5&e[0][date_start]=2026-11-05%2014%3A30%3A00&e[0][date_end]=2026-11-05%2015%3A00%3A00&e[0][timezone]=America%2FDenver&e[0][title]=Bookmobile%20Stop%20at%20Hollister%20Lake%20Elementary%20&e[0][description]=550%20Sundance%20Dr%20-%20Windsor&e[0][location]=Bookmobile%20-%20",FAILED,""
"https://clearview.libnet.info/event/17450490","https://addtocalendar.com/atc/ical?utz=0&uln=en-US@posix&vjs=1.5&e[0][date_start]=2026-11-05%2015%3A15%3A00&e[0][date_end]=2026-11-05%2016%3A15%3A00&e[0][timezone]=America%2FDenver&e[0][title]=Young%20Scientists&e[0][description]=Join%20us%20to%20explore%20and%20learn%20about%20the%20world%20around%20you!%20Strawberry%20biology%3A%20See%20real%20DNA%20strands%20using%20simple%20household%20items!%20Open%20to%20elementary-aged%20children%20and%20tweens%20ages%209-12.&e[0][location]=Windsor%20Library%20-%20Pikes%20Peak",FAILED,""
"https://clearview.libnet.info/event/17450490","https://addtocalendar.com/atc/google?utz=0&uln=en-US@posix&vjs=1.5&e[0][date_start]=2026-11-05%2015%3A15%3A00&e[0][date_end]=2026-11-05%2016%3A15%3A00&e[0][timezone]=America%2FDenver&e[0][title]=Young%20Scientists&e[0][description]=Join%20us%20to%20explore%20and%20learn%20about%20the%20world%20around%20you!%20Strawberry%20biology%3A%20See%20real%20DNA%20strands%20using%20simple%20household%20items!%20Open%20to%20elementary-aged%20children%20and%20tweens%20ages%209-12.&e[0][location]=Windsor%20Library%20-%20Pikes%20Peak",FAILED,""
"https://clearview.libnet.info/event/17450490","https://addtocalendar.com/atc/outlook?utz=0&uln=en-US@posix&vjs=1.5&e[0][date_start]=2026-11-05%2015%3A15%3A00&e[0][date_end]=2026-11-05%2016%3A15%3A00&e[0][timezone]=America%2FDenver&e[0][title]=Young%20Scientists&e[0][description]=Join%20us%20to%20explore%20and%20learn%20about%20the%20world%20around%20you!%20Strawberry%20biology%3A%20See%20real%20DNA%20strands%20using%20simple%20household%20items!%20Open%20to%20elementary-aged%20children%20and%20tweens%20ages%209-12.&e[0][location]=Windsor%20Library%20-%20Pikes%20Peak",FAILED,""
"https://clearview.libnet.info/event/17450490","https://addtocalendar.com/atc/outlookonline?utz=0&uln=en-US@posix&vjs=1.5&e[0][date_start]=2026-11-05%2015%3A15%3A00&e[0][date_end]=2026-11-05%2016%3A15%3A00&e[0][timezone]=America%2FDenver&e[0][title]=Young%20Scientists&e[0][description]=Join%20us%20to%20explore%20and%20learn%20about%20the%20world%20around%20you!%20Strawberry%20biology%3A%20See%20real%20DNA%20strands%20using%20simple%20household%20items!%20Open%20to%20elementary-aged%20children%20and%20tweens%20ages%209-12.&e[0][location]=Windsor%20Library%20-%20Pikes%20Peak",FAILED,""
"https://clearview.libnet.info/event/17450490","https://addtocalendar.com/atc/yahoo?utz=0&uln=en-US@posix&vjs=1.5&e[0][date_start]=2026-11-05%2015%3A15%3A00&e[0][date_end]=2026-11-05%2016%3A15%3A00&e[0][timezone]=America%2FDenver&e[0][title]=Young%20Scientists&e[0][description]=Join%20us%20to%20explore%20and%20learn%20about%20the%20world%20around%20you!%20Strawberry%20biology%3A%20See%20real%20DNA%20strands%20using%20simple%20household%20items!%20Open%20to%20elementary-aged%20children%20and%20tweens%20ages%209-12.&e[0][location]=Windsor%20Library%20-%20Pikes%20Peak",FAILED,""
"https://clearview.libnet.info/event/17286728","https://addtocalendar.com/atc/ical?utz=0&uln=en-US@posix&vjs=1.5&e[0][date_start]=2026-11-05%2015%3A30%3A00&e[0][date_end]=2026-11-05%2016%3A00%3A00&e[0][timezone]=America%2FDenver&e[0][title]=Bookmobile%20Stop%20at%20Overlook%20Park%20&e[0][description]=650%20Audubon%20Blvd%20-%20Severance&e[0][location]=Bookmobile%20-%20",FAILED,""
"https://clearview.libnet.info/event/17286728","https://addtocalendar.com/atc/google?utz=0&uln=en-US@posix&vjs=1.5&e[0][date_start]=2026-11-05%2015%3A30%3A00&e[0][date_end]=2026-11-05%2016%3A00%3A00&e[0][timezone]=America%2FDenver&e[0][title]=Bookmobile%20Stop%20at%20Overlook%20Park%20&e[0][description]=650%20Audubon%20Blvd%20-%20Severance&e[0][location]=Bookmobile%20-%20",FAILED,""
"https://clearview.libnet.info/event/17286728","https://addtocalendar.com/atc/outlook?utz=0&uln=en-US@posix&vjs=1.5&e[0][date_start]=2026-11-05%2015%3A30%3A00&e[0][date_end]=2026-11-05%2016%3A00%3A00&e[0][timezone]=America%2FDenver&e[0][title]=Bookmobile%20Stop%20at%20Overlook%20Park%20&e[0][description]=650%20Audubon%20Blvd%20-%20Severance&e[0][location]=Bookmobile%20-%20",FAILED,""
"https://clearview.libnet.info/event/17286728","https://addtocalendar.com/atc/outlookonline?utz=0&uln=en-US@posix&vjs=1.5&e[0][date_start]=2026-11-05%2015%3A30%3A00&e[0][date_end]=2026-11-05%2016%3A00%3A00&e[0][timezone]=America%2FDenver&e[0][title]=Bookmobile%20Stop%20at%20Overlook%20Park%20&e[0][description]=650%20Audubon%20Blvd%20-%20Severance&e[0][location]=Bookmobile%20-%20",FAILED,""
"https://clearview.libnet.info/event/17286728","https://addtocalendar.com/atc/yahoo?utz=0&uln=en-US@posix&vjs=1.5&e[0][date_start]=2026-11-05%2015%3A30%3A00&e[0][date_end]=2026-11-05%2016%3A00%3A00&e[0][timezone]=America%2FDenver&e[0][title]=Bookmobile%20Stop%20at%20Overlook%20Park%20&e[0][description]=650%20Audubon%20Blvd%20-%20Severance&e[0][location]=Bookmobile%20-%20",FAILED,""
"https://clearview.libnet.info/event/17286746","https://addtocalendar.com/atc/ical?utz=0&uln=en-US@posix&vjs=1.5&e[0][date_start]=2026-11-05%2016%3A30%3A00&e[0][date_end]=2026-11-05%2017%3A00%3A00&e[0][timezone]=America%2FDenver&e[0][title]=Bookmobile%20Stop%20at%20Village%20East%20Park&e[0][description]=865%20Park%20Edge%20Cir%20-%20Windsor&e[0][location]=Bookmobile%20-%20",FAILED,""
"https://clearview.libnet.info/event/17286746","https://addtocalendar.com/atc/google?utz=0&uln=en-US@posix&vjs=1.5&e[0][date_start]=2026-11-05%2016%3A30%3A00&e[0][date_end]=2026-11-05%2017%3A00%3A00&e[0][timezone]=America%2FDenver&e[0][title]=Bookmobile%20Stop%20at%20Village%20East%20Park&e[0][description]=865%20Park%20Edge%20Cir%20-%20Windsor&e[0][location]=Bookmobile%20-%20",FAILED,""
"https://clearview.libnet.info/event/17286746","https://addtocalendar.com/atc/outlook?utz=0&uln=en-US@posix&vjs=1.5&e[0][date_start]=2026-11-05%2016%3A30%3A00&e[0][date_end]=2026-11-05%2017%3A00%3A00&e[0][timezone]=America%2FDenver&e[0][title]=Bookmobile%20Stop%20at%20Village%20East%20Park&e[0][description]=865%20Park%20Edge%20Cir%20-%20Windsor&e[0][location]=Bookmobile%20-%20",FAILED,""
"https://clearview.libnet.info/event/17286746","https://addtocalendar.com/atc/outlookonline?utz=0&uln=en-US@posix&vjs=1.5&e[0][date_start]=2026-11-05%2016%3A30%3A00&e[0][date_end]=2026-11-05%2017%3A00%3A00&e[0][timezone]=America%2FDenver&e[0][title]=Bookmobile%20Stop%20at%20Village%20East%20Park&e[0][description]=865%20Park%20Edge%20Cir%20-%20Windsor&e[0][location]=Bookmobile%20-%20",FAILED,""
"https://clearview.libnet.info/event/17286746","https://addtocalendar.com/atc/yahoo?utz=0&uln=en-US@posix&vjs=1.5&e[0][date_start]=2026-11-05%2016%3A30%3A00&e[0][date_end]=2026-11-05%2017%3A00%3A00&e[0][timezone]=America%2FDenver&e[0][title]=Bookmobile%20Stop%20at%20Village%20East%20Park&e[0][description]=865%20Park%20Edge%20Cir%20-%20Windsor&e[0][location]=Bookmobile%20-%20",FAILED,""
"https://clearview.libnet.info/event/17448051","https://addtocalendar.com/atc/ical?utz=0&uln=en-US@posix&vjs=1.5&e[0][date_start]=2026-11-05%2016%3A30%3A00&e[0][date_end]=2026-11-05%2017%3A30%3A00&e[0][timezone]=America%2FDenver&e[0][title]=The%20Scene&e[0][description]=This%20month%2C%20we%E2%80%99ll%20be%20making%20braided%20denim%20toys%20for%20dogs%20at%20NOCO%20Humane.%20Let%E2%80%99s%20make%20some%20puppies%20happy%20for%20the%20holidays!%20Tween%20Time%20is%20now%20The%20Scene.%20For%20kids%20ages%209-12.&e[0][location]=Severance%20Library%20-%20Cottonwood",FAILED,""
"https://clearview.libnet.info/event/17448051","https://addtocalendar.com/atc/google?utz=0&uln=en-US@posix&vjs=1.5&e[0][date_start]=2026-11-05%2016%3A30%3A00&e[0][date_end]=2026-11-05%2017%3A30%3A00&e[0][timezone]=America%2FDenver&e[0][title]=The%20Scene&e[0][description]=This%20month%2C%20we%E2%80%99ll%20be%20making%20braided%20denim%20toys%20for%20dogs%20at%20NOCO%20Humane.%20Let%E2%80%99s%20make%20some%20puppies%20happy%20for%20the%20holidays!%20Tween%20Time%20is%20now%20The%20Scene.%20For%20kids%20ages%209-12.&e[0][location]=Severance%20Library%20-%20Cottonwood",FAILED,""
"https://clearview.libnet.info/event/17448051","https://addtocalendar.com/atc/outlook?utz=0&uln=en-US@posix&vjs=1.5&e[0][date_start]=2026-11-05%2016%3A30%3A00&e[0][date_end]=2026-11-05%2017%3A30%3A00&e[0][timezone]=America%2FDenver&e[0][title]=The%20Scene&e[0][description]=This%20month%2C%20we%E2%80%99ll%20be%20making%20braided%20denim%20toys%20for%20dogs%20at%20NOCO%20Humane.%20Let%E2%80%99s%20make%20some%20puppies%20happy%20for%20the%20holidays!%20Tween%20Time%20is%20now%20The%20Scene.%20For%20kids%20ages%209-12.&e[0][location]=Severance%20Library%20-%20Cottonwood",FAILED,""
"https://clearview.libnet.info/event/17448051","https://addtocalendar.com/atc/outlookonline?utz=0&uln=en-US@posix&vjs=1.5&e[0][date_start]=2026-11-05%2016%3A30%3A00&e[0][date_end]=2026-11-05%2017%3A30%3A00&e[0][timezone]=America%2FDenver&e[0][title]=The%20Scene&e[0][description]=This%20month%2C%20we%E2%80%99ll%20be%20making%20braided%20denim%20toys%20for%20dogs%20at%20NOCO%20Humane.%20Let%E2%80%99s%20make%20some%20puppies%20happy%20for%20the%20holidays!%20Tween%20Time%20is%20now%20The%20Scene.%20For%20kids%20ages%209-12.&e[0][location]=Severance%20Library%20-%20Cottonwood",FAILED,""
"https://clearview.libnet.info/event/17448051","https://addtocalendar.com/atc/yahoo?utz=0&uln=en-US@posix&vjs=1.5&e[0][date_start]=2026-11-05%2016%3A30%3A00&e[0][date_end]=2026-11-05%2017%3A30%3A00&e[0][timezone]=America%2FDenver&e[0][title]=The%20Scene&e[0][description]=This%20month%2C%20we%E2%80%99ll%20be%20making%20braided%20denim%20toys%20for%20dogs%20at%20NOCO%20Humane.%20Let%E2%80%99s%20make%20some%20puppies%20happy%20for%20the%20holidays!%20Tween%20Time%20is%20now%20The%20Scene.%20For%20kids%20ages%209-12.&e[0][location]=Severance%20Library%20-%20Cottonwood",FAILED,""
"https://clearview.libnet.info/event/17286751","https://addtocalendar.com/atc/ical?utz=0&uln=en-US@posix&vjs=1.5&e[0][date_start]=2026-11-05%2017%3A30%3A00&e[0][date_end]=2026-11-05%2018%3A00%3A00&e[0][timezone]=America%2FDenver&e[0][title]=Bookmobile%20Stop%20at%20Promontory%20Community%20Park%20&e[0][description]=W%2013th%20St%20-%20Greeley&e[0][location]=Bookmobile%20-%20",FAILED,""
"https://clearview.libnet.info/event/17286751","https://addtocalendar.com/atc/google?utz=0&uln=en-US@posix&vjs=1.5&e[0][date_start]=2026-11-05%2017%3A30%3A00&e[0][date_end]=2026-11-05%2018%3A00%3A00&e[0][timezone]=America%2FDenver&e[0][title]=Bookmobile%20Stop%20at%20Promontory%20Community%20Park%20&e[0][description]=W%2013th%20St%20-%20Greeley&e[0][location]=Bookmobile%20-%20",FAILED,""
"https://clearview.libnet.info/event/17286751","https://addtocalendar.com/atc/outlook?utz=0&uln=en-US@posix&vjs=1.5&e[0][date_start]=2026-11-05%2017%3A30%3A00&e[0][date_end]=2026-11-05%2018%3A00%3A00&e[0][timezone]=America%2FDenver&e[0][title]=Bookmobile%20Stop%20at%20Promontory%20Community%20Park%20&e[0][description]=W%2013th%20St%20-%20Greeley&e[0][location]=Bookmobile%20-%20",FAILED,""
"https://clearview.libnet.info/event/17286751","https://addtocalendar.com/atc/outlookonline?utz=0&uln=en-US@posix&vjs=1.5&e[0][date_start]=2026-11-05%2017%3A30%3A00&e[0][date_end]=2026-11-05%2018%3A00%3A00&e[0][timezone]=America%2FDenver&e[0][title]=Bookmobile%20Stop%20at%20Promontory%20Community%20Park%20&e[0][description]=W%2013th%20St%20-%20Greeley&e[0][location]=Bookmobile%20-%20",FAILED,""
"https://clearview.libnet.info/event/17286751","https://addtocalendar.com/atc/yahoo?utz=0&uln=en-US@posix&vjs=1.5&e[0][date_start]=2026-11-05%2017%3A30%3A00&e[0][date_end]=2026-11-05%2018%3A00%3A00&e[0][timezone]=America%2FDenver&e[0][title]=Bookmobile%20Stop%20at%20Promontory%20Community%20Park%20&e[0][description]=W%2013th%20St%20-%20Greeley&e[0][location]=Bookmobile%20-%20",FAILED,""
"https://clearview.libnet.info/event/17428751","https://addtocalendar.com/atc/ical?utz=0&uln=en-US@posix&vjs=1.5&e[0][date_start]=2026-11-06%2009%3A30%3A00&e[0][date_end]=2026-11-06%2010%3A00%3A00&e[0][timezone]=America%2FDenver&e[0][title]=Babies%20and%20Books&e[0][description]=Grow%20your%20reader%20as%20we%20enjoy%20books%2C%20rhymes%2C%20songs%2C%20sensory%20activities%2C%20and%20active%20movement%20during%20this%20lapsit%20storytime.%20For%20ages%20birth%20to%202%20years.%20Older%20siblings%20welcome.&e[0][location]=Windsor%20Library%20-%20Pikes%20Peak",FAILED,""
"https://clearview.libnet.info/event/17428751","https://addtocalendar.com/atc/google?utz=0&uln=en-US@posix&vjs=1.5&e[0][date_start]=2026-11-06%2009%3A30%3A00&e[0][date_end]=2026-11-06%2010%3A00%3A00&e[0][timezone]=America%2FDenver&e[0][title]=Babies%20and%20Books&e[0][description]=Grow%20your%20reader%20as%20we%20enjoy%20books%2C%20rhymes%2C%20songs%2C%20sensory%20activities%2C%20and%20active%20movement%20during%20this%20lapsit%20storytime.%20For%20ages%20birth%20to%202%20years.%20Older%20siblings%20welcome.&e[0][location]=Windsor%20Library%20-%20Pikes%20Peak",FAILED,""
"https://clearview.libnet.info/event/17428751","https://addtocalendar.com/atc/outlook?utz=0&uln=en-US@posix&vjs=1.5&e[0][date_start]=2026-11-06%2009%3A30%3A00&e[0][date_end]=2026-11-06%2010%3A00%3A00&e[0][timezone]=America%2FDenver&e[0][title]=Babies%20and%20Books&e[0][description]=Grow%20your%20reader%20as%20we%20enjoy%20books%2C%20rhymes%2C%20songs%2C%20sensory%20activities%2C%20and%20active%20movement%20during%20this%20lapsit%20storytime.%20For%20ages%20birth%20to%202%20years.%20Older%20siblings%20welcome.&e[0][location]=Windsor%20Library%20-%20Pikes%20Peak",FAILED,""
"https://clearview.libnet.info/event/17428751","https://addtocalendar.com/atc/outlookonline?utz=0&uln=en-US@posix&vjs=1.5&e[0][date_start]=2026-11-06%2009%3A30%3A00&e[0][date_end]=2026-11-06%2010%3A00%3A00&e[0][timezone]=America%2FDenver&e[0][title]=Babies%20and%20Books&e[0][description]=Grow%20your%20reader%20as%20we%20enjoy%20books%2C%20rhymes%2C%20songs%2C%20sensory%20activities%2C%20and%20active%20movement%20during%20this%20lapsit%20storytime.%20For%20ages%20birth%20to%202%20years.%20Older%20siblings%20welcome.&e[0][location]=Windsor%20Library%20-%20Pikes%20Peak",FAILED,""
"https://clearview.libnet.info/event/17428751","https://addtocalendar.com/atc/yahoo?utz=0&uln=en-US@posix&vjs=1.5&e[0][date_start]=2026-11-06%2009%3A30%3A00&e[0][date_end]=2026-11-06%2010%3A00%3A00&e[0][timezone]=America%2FDenver&e[0][title]=Babies%20and%20Books&e[0][description]=Grow%20your%20reader%20as%20we%20enjoy%20books%2C%20rhymes%2C%20songs%2C%20sensory%20activities%2C%20and%20active%20movement%20during%20this%20lapsit%20storytime.%20For%20ages%20birth%20to%202%20years.%20Older%20siblings%20welcome.&e[0][location]=Windsor%20Library%20-%20Pikes%20Peak",FAILED,""
"https://clearview.libnet.info/event/17428801","https://addtocalendar.com/atc/ical?utz=0&uln=en-US@posix&vjs=1.5&e[0][date_start]=2026-11-06%2010%3A00%3A00&e[0][date_end]=2026-11-06%2010%3A30%3A00&e[0][timezone]=America%2FDenver&e[0][title]=Stay%20and%20Play&e[0][description]=Babies%20and%20toddlers%20will%20enjoy%20open-ended%20playtime%20in%20a%20relaxed%20atmosphere%20that%20promotes%20growth%2C%20exploration%2C%20and%20learning.%20Intended%20for%20children%20ages%200%20to%202%20and%20their%20caregivers%20or%20families.&e[0][location]=Windsor%20Library%20-%20Pikes%20Peak",FAILED,""
"https://clearview.libnet.info/event/17428801","https://addtocalendar.com/atc/google?utz=0&uln=en-US@posix&vjs=1.5&e[0][date_start]=2026-11-06%2010%3A00%3A00&e[0][date_end]=2026-11-06%2010%3A30%3A00&e[0][timezone]=America%2FDenver&e[0][title]=Stay%20and%20Play&e[0][description]=Babies%20and%20toddlers%20will%20enjoy%20open-ended%20playtime%20in%20a%20relaxed%20atmosphere%20that%20promotes%20growth%2C%20exploration%2C%20and%20learning.%20Intended%20for%20children%20ages%200%20to%202%20and%20their%20caregivers%20or%20families.&e[0][location]=Windsor%20Library%20-%20Pikes%20Peak",FAILED,""
"https://clearview.libnet.info/event/17428801","https://addtocalendar.com/atc/outlook?utz=0&uln=en-US@posix&vjs=1.5&e[0][date_start]=2026-11-06%2010%3A00%3A00&e[0][date_end]=2026-11-06%2010%3A30%3A00&e[0][timezone]=America%2FDenver&e[0][title]=Stay%20and%20Play&e[0][description]=Babies%20and%20toddlers%20will%20enjoy%20open-ended%20playtime%20in%20a%20relaxed%20atmosphere%20that%20promotes%20growth%2C%20exploration%2C%20and%20learning.%20Intended%20for%20children%20ages%200%20to%202%20and%20their%20caregivers%20or%20families.&e[0][location]=Windsor%20Library%20-%20Pikes%20Peak",FAILED,""
"https://clearview.libnet.info/event/17428801","https://addtocalendar.com/atc/outlookonline?utz=0&uln=en-US@posix&vjs=1.5&e[0][date_start]=2026-11-06%2010%3A00%3A00&e[0][date_end]=2026-11-06%2010%3A30%3A00&e[0][timezone]=America%2FDenver&e[0][title]=Stay%20and%20Play&e[0][description]=Babies%20and%20toddlers%20will%20enjoy%20open-ended%20playtime%20in%20a%20relaxed%20atmosphere%20that%20promotes%20growth%2C%20exploration%2C%20and%20learning.%20Intended%20for%20children%20ages%200%20to%202%20and%20their%20caregivers%20or%20families.&e[0][location]=Windsor%20Library%20-%20Pikes%20Peak",FAILED,""
"https://clearview.libnet.info/event/17428801","https://addtocalendar.com/atc/yahoo?utz=0&uln=en-US@posix&vjs=1.5&e[0][date_start]=2026-11-06%2010%3A00%3A00&e[0][date_end]=2026-11-06%2010%3A30%3A00&e[0][timezone]=America%2FDenver&e[0][title]=Stay%20and%20Play&e[0][description]=Babies%20and%20toddlers%20will%20enjoy%20open-ended%20playtime%20in%20a%20relaxed%20atmosphere%20that%20promotes%20growth%2C%20exploration%2C%20and%20learning.%20Intended%20for%20children%20ages%200%20to%202%20and%20their%20caregivers%20or%20families.&e[0][location]=Windsor%20Library%20-%20Pikes%20Peak",FAILED,""
"https://clearview.libnet.info/event/17286756","https://addtocalendar.com/atc/ical?utz=0&uln=en-US@posix&vjs=1.5&e[0][date_start]=2026-11-06%2014%3A30%3A00&e[0][date_end]=2026-11-06%2015%3A00%3A00&e[0][timezone]=America%2FDenver&e[0][title]=Bookmobile%20Stop%20at%20Range%20View%20Elementary%20&e[0][description]=700%20Ponderosa%20Dr%20-%20Severance&e[0][location]=Bookmobile%20-%20",FAILED,""
"https://clearview.libnet.info/event/17286756","https://addtocalendar.com/atc/google?utz=0&uln=en-US@posix&vjs=1.5&e[0][date_start]=2026-11-06%2014%3A30%3A00&e[0][date_end]=2026-11-06%2015%3A00%3A00&e[0][timezone]=America%2FDenver&e[0][title]=Bookmobile%20Stop%20at%20Range%20View%20Elementary%20&e[0][description]=700%20Ponderosa%20Dr%20-%20Severance&e[0][location]=Bookmobile%20-%20",FAILED,""
"https://clearview.libnet.info/event/17286756","https://addtocalendar.com/atc/outlook?utz=0&uln=en-US@posix&vjs=1.5&e[0][date_start]=2026-11-06%2014%3A30%3A00&e[0][date_end]=2026-11-06%2015%3A00%3A00&e[0][timezone]=America%2FDenver&e[0][title]=Bookmobile%20Stop%20at%20Range%20View%20Elementary%20&e[0][description]=700%20Ponderosa%20Dr%20-%20Severance&e[0][location]=Bookmobile%20-%20",FAILED,""
"https://clearview.libnet.info/event/17286756","https://addtocalendar.com/atc/outlookonline?utz=0&uln=en-US@posix&vjs=1.5&e[0][date_start]=2026-11-06%2014%3A30%3A00&e[0][date_end]=2026-11-06%2015%3A00%3A00&e[0][timezone]=America%2FDenver&e[0][title]=Bookmobile%20Stop%20at%20Range%20View%20Elementary%20&e[0][description]=700%20Ponderosa%20Dr%20-%20Severance&e[0][location]=Bookmobile%20-%20",FAILED,""
"https://clearview.libnet.info/event/17286756","https://addtocalendar.com/atc/yahoo?utz=0&uln=en-US@posix&vjs=1.5&e[0][date_start]=2026-11-06%2014%3A30%3A00&e[0][date_end]=2026-11-06%2015%3A00%3A00&e[0][timezone]=America%2FDenver&e[0][title]=Bookmobile%20Stop%20at%20Range%20View%20Elementary%20&e[0][description]=700%20Ponderosa%20Dr%20-%20Severance&e[0][location]=Bookmobile%20-%20",FAILED,""
"https://clearview.libnet.info/event/17394140","https://addtocalendar.com/atc/ical?utz=0&uln=en-US@posix&vjs=1.5&e[0][date_start]=2026-11-07%2012%3A00%3A00&e[0][date_end]=2026-11-07%2016%3A00%3A00&e[0][timezone]=America%2FDenver&e[0][title]=Dungeons%20%26amp%3B%20Dragons%20for%20Adults&e[0][description]=Step%20into%20a%20world%20of%20magic%2C%20mystery%2C%20and%20adventure%20with%20Dungeons%20%26amp%3B%20Dragons%20for%20Adults!&e[0][location]=Windsor%20Library%20-%20James%20Peak",FAILED,""
"https://clearview.libnet.info/event/17394140","https://addtocalendar.com/atc/google?utz=0&uln=en-US@posix&vjs=1.5&e[0][date_start]=2026-11-07%2012%3A00%3A00&e[0][date_end]=2026-11-07%2016%3A00%3A00&e[0][timezone]=America%2FDenver&e[0][title]=Dungeons%20%26amp%3B%20Dragons%20for%20Adults&e[0][description]=Step%20into%20a%20world%20of%20magic%2C%20mystery%2C%20and%20adventure%20with%20Dungeons%20%26amp%3B%20Dragons%20for%20Adults!&e[0][location]=Windsor%20Library%20-%20James%20Peak",FAILED,""
"https://clearview.libnet.info/event/17394140","https://addtocalendar.com/atc/outlook?utz=0&uln=en-US@posix&vjs=1.5&e[0][date_start]=2026-11-07%2012%3A00%3A00&e[0][date_end]=2026-11-07%2016%3A00%3A00&e[0][timezone]=America%2FDenver&e[0][title]=Dungeons%20%26amp%3B%20Dragons%20for%20Adults&e[0][description]=Step%20into%20a%20world%20of%20magic%2C%20mystery%2C%20and%20adventure%20with%20Dungeons%20%26amp%3B%20Dragons%20for%20Adults!&e[0][location]=Windsor%20Library%20-%20James%20Peak",FAILED,""
"https://clearview.libnet.info/event/17394140","https://addtocalendar.com/atc/outlookonline?utz=0&uln=en-US@posix&vjs=1.5&e[0][date_start]=2026-11-07%2012%3A00%3A00&e[0][date_end]=2026-11-07%2016%3A00%3A00&e[0][timezone]=America%2FDenver&e[0][title]=Dungeons%20%26amp%3B%20Dragons%20for%20Adults&e[0][description]=Step%20into%20a%20world%20of%20magic%2C%20mystery%2C%20and%20adventure%20with%20Dungeons%20%26amp%3B%20Dragons%20for%20Adults!&e[0][location]=Windsor%20Library%20-%20James%20Peak",FAILED,""
"https://clearview.libnet.info/event/17394140","https://addtocalendar.com/atc/yahoo?utz=0&uln=en-US@posix&vjs=1.5&e[0][date_start]=2026-11-07%2012%3A00%3A00&e[0][date_end]=2026-11-07%2016%3A00%3A00&e[0][timezone]=America%2FDenver&e[0][title]=Dungeons%20%26amp%3B%20Dragons%20for%20Adults&e[0][description]=Step%20into%20a%20world%20of%20magic%2C%20mystery%2C%20and%20adventure%20with%20Dungeons%20%26amp%3B%20Dragons%20for%20Adults!&e[0][location]=Windsor%20Library%20-%20James%20Peak",FAILED,""
"https://clearview.libnet.info/event/17428364","https://addtocalendar.com/atc/ical?utz=0&uln=en-US@posix&vjs=1.5&e[0][date_start]=2026-11-07%2012%3A00%3A00&e[0][date_end]=2026-11-07%2016%3A00%3A00&e[0][timezone]=America%2FDenver&e[0][title]=Teen%20Dungeons%20%26amp%3B%20Dragons&e[0][description]=Monthly%20campaigns%20will%20be%20led%20by%20our%20expert%20Dungeon%20Master.%20Teens%20will%20have%20the%20chance%20to%20work%20on%20their%20characters%2C%20learn%20the%20basics%20of%20Dungeons%20%26amp%3B%20Dragons%2C%20and%20role-play%20in%20a%20world%20where%20dragons%20rule.&e[0][location]=Windsor%20Library%20-%20Pikes%20Peak",FAILED,""
"https://clearview.libnet.info/event/17428364","https://addtocalendar.com/atc/google?utz=0&uln=en-US@posix&vjs=1.5&e[0][date_start]=2026-11-07%2012%3A00%3A00&e[0][date_end]=2026-11-07%2016%3A00%3A00&e[0][timezone]=America%2FDenver&e[0][title]=Teen%20Dungeons%20%26amp%3B%20Dragons&e[0][description]=Monthly%20campaigns%20will%20be%20led%20by%20our%20expert%20Dungeon%20Master.%20Teens%20will%20have%20the%20chance%20to%20work%20on%20their%20characters%2C%20learn%20the%20basics%20of%20Dungeons%20%26amp%3B%20Dragons%2C%20and%20role-play%20in%20a%20world%20where%20dragons%20rule.&e[0][location]=Windsor%20Library%20-%20Pikes%20Peak",FAILED,""
"https://clearview.libnet.info/event/17428364","https://addtocalendar.com/atc/outlook?utz=0&uln=en-US@posix&vjs=1.5&e[0][date_start]=2026-11-07%2012%3A00%3A00&e[0][date_end]=2026-11-07%2016%3A00%3A00&e[0][timezone]=America%2FDenver&e[0][title]=Teen%20Dungeons%20%26amp%3B%20Dragons&e[0][description]=Monthly%20campaigns%20will%20be%20led%20by%20our%20expert%20Dungeon%20Master.%20Teens%20will%20have%20the%20chance%20to%20work%20on%20their%20characters%2C%20learn%20the%20basics%20of%20Dungeons%20%26amp%3B%20Dragons%2C%20and%20role-play%20in%20a%20world%20where%20dragons%20rule.&e[0][location]=Windsor%20Library%20-%20Pikes%20Peak",FAILED,""
"https://clearview.libnet.info/event/17428364","https://addtocalendar.com/atc/outlookonline?utz=0&uln=en-US@posix&vjs=1.5&e[0][date_start]=2026-11-07%2012%3A00%3A00&e[0][date_end]=2026-11-07%2016%3A00%3A00&e[0][timezone]=America%2FDenver&e[0][title]=Teen%20Dungeons%20%26amp%3B%20Dragons&e[0][description]=Monthly%20campaigns%20will%20be%20led%20by%20our%20expert%20Dungeon%20Master.%20Teens%20will%20have%20the%20chance%20to%20work%20on%20their%20characters%2C%20learn%20the%20basics%20of%20Dungeons%20%26amp%3B%20Dragons%2C%20and%20role-play%20in%20a%20world%20where%20dragons%20rule.&e[0][location]=Windsor%20Library%20-%20Pikes%20Peak",FAILED,""
"https://clearview.libnet.info/event/17428364","https://addtocalendar.com/atc/yahoo?utz=0&uln=en-US@posix&vjs=1.5&e[0][date_start]=2026-11-07%2012%3A00%3A00&e[0][date_end]=2026-11-07%2016%3A00%3A00&e[0][timezone]=America%2FDenver&e[0][title]=Teen%20Dungeons%20%26amp%3B%20Dragons&e[0][description]=Monthly%20campaigns%20will%20be%20led%20by%20our%20expert%20Dungeon%20Master.%20Teens%20will%20have%20the%20chance%20to%20work%20on%20their%20characters%2C%20learn%20the%20basics%20of%20Dungeons%20%26amp%3B%20Dragons%2C%20and%20role-play%20in%20a%20world%20where%20dragons%20rule.&e[0][location]=Windsor%20Library%20-%20Pikes%20Peak",FAILED,""
"https://clearview.libnet.info/event/17429759","https://addtocalendar.com/atc/ical?utz=0&uln=en-US@posix&vjs=1.5&e[0][date_start]=2026-11-09%2010%3A00%3A00&e[0][date_end]=2026-11-09%2010%3A30%3A00&e[0][timezone]=America%2FDenver&e[0][title]=Read%2C%20Rhyme%2C%20and%20Romp&e[0][description]=Join%20us%20for%20an%20active%20storytime!%20We%20will%20read%20books%2C%20sing%2C%20and%20enjoy%20rhymes%20that%20encourage%20us%20all%20to%20get%20up%20and%20move!%20For%20ages%200-5.&e[0][location]=Severance%20Library%20-%20Cottonwood",FAILED,""
"https://clearview.libnet.info/event/17429759","https://addtocalendar.com/atc/google?utz=0&uln=en-US@posix&vjs=1.5&e[0][date_start]=2026-11-09%2010%3A00%3A00&e[0][date_end]=2026-11-09%2010%3A30%3A00&e[0][timezone]=America%2FDenver&e[0][title]=Read%2C%20Rhyme%2C%20and%20Romp&e[0][description]=Join%20us%20for%20an%20active%20storytime!%20We%20will%20read%20books%2C%20sing%2C%20and%20enjoy%20rhymes%20that%20encourage%20us%20all%20to%20get%20up%20and%20move!%20For%20ages%200-5.&e[0][location]=Severance%20Library%20-%20Cottonwood",FAILED,""
"https://clearview.libnet.info/event/17429759","https://addtocalendar.com/atc/outlook?utz=0&uln=en-US@posix&vjs=1.5&e[0][date_start]=2026-11-09%2010%3A00%3A00&e[0][date_end]=2026-11-09%2010%3A30%3A00&e[0][timezone]=America%2FDenver&e[0][title]=Read%2C%20Rhyme%2C%20and%20Romp&e[0][description]=Join%20us%20for%20an%20active%20storytime!%20We%20will%20read%20books%2C%20sing%2C%20and%20enjoy%20rhymes%20that%20encourage%20us%20all%20to%20get%20up%20and%20move!%20For%20ages%200-5.&e[0][location]=Severance%20Library%20-%20Cottonwood",FAILED,""
"https://clearview.libnet.info/event/17429759","https://addtocalendar.com/atc/outlookonline?utz=0&uln=en-US@posix&vjs=1.5&e[0][date_start]=2026-11-09%2010%3A00%3A00&e[0][date_end]=2026-11-09%2010%3A30%3A00&e[0][timezone]=America%2FDenver&e[0][title]=Read%2C%20Rhyme%2C%20and%20Romp&e[0][description]=Join%20us%20for%20an%20active%20storytime!%20We%20will%20read%20books%2C%20sing%2C%20and%20enjoy%20rhymes%20that%20encourage%20us%20all%20to%20get%20up%20and%20move!%20For%20ages%200-5.&e[0][location]=Severance%20Library%20-%20Cottonwood",FAILED,""
"https://clearview.libnet.info/event/17429759","https://addtocalendar.com/atc/yahoo?utz=0&uln=en-US@posix&vjs=1.5&e[0][date_start]=2026-11-09%2010%3A00%3A00&e[0][date_end]=2026-11-09%2010%3A30%3A00&e[0][timezone]=America%2FDenver&e[0][title]=Read%2C%20Rhyme%2C%20and%20Romp&e[0][description]=Join%20us%20for%20an%20active%20storytime!%20We%20will%20read%20books%2C%20sing%2C%20and%20enjoy%20rhymes%20that%20encourage%20us%20all%20to%20get%20up%20and%20move!%20For%20ages%200-5.&e[0][location]=Severance%20Library%20-%20Cottonwood",FAILED,""
"https://clearview.libnet.info/event/17429775","https://addtocalendar.com/atc/ical?utz=0&uln=en-US@posix&vjs=1.5&e[0][date_start]=2026-11-09%2010%3A30%3A00&e[0][date_end]=2026-11-09%2011%3A00%3A00&e[0][timezone]=America%2FDenver&e[0][title]=Stay%20and%20Play%20&e[0][description]=Children%20will%20enjoy%20open-ended%20playtime%20in%20a%20relaxed%20atmosphere%20that%20promotes%20growth%2C%20exploration%2C%20and%20learning.%20Intended%20for%20children%20ages%200%20to%205%20and%20their%20caregivers%20or%20families.&e[0][location]=Severance%20Library%20-%20Cottonwood",FAILED,""
"https://clearview.libnet.info/event/17429775","https://addtocalendar.com/atc/google?utz=0&uln=en-US@posix&vjs=1.5&e[0][date_start]=2026-11-09%2010%3A30%3A00&e[0][date_end]=2026-11-09%2011%3A00%3A00&e[0][timezone]=America%2FDenver&e[0][title]=Stay%20and%20Play%20&e[0][description]=Children%20will%20enjoy%20open-ended%20playtime%20in%20a%20relaxed%20atmosphere%20that%20promotes%20growth%2C%20exploration%2C%20and%20learning.%20Intended%20for%20children%20ages%200%20to%205%20and%20their%20caregivers%20or%20families.&e[0][location]=Severance%20Library%20-%20Cottonwood",FAILED,""
"https://clearview.libnet.info/event/17429775","https://addtocalendar.com/atc/outlook?utz=0&uln=en-US@posix&vjs=1.5&e[0][date_start]=2026-11-09%2010%3A30%3A00&e[0][date_end]=2026-11-09%2011%3A00%3A00&e[0][timezone]=America%2FDenver&e[0][title]=Stay%20and%20Play%20&e[0][description]=Children%20will%20enjoy%20open-ended%20playtime%20in%20a%20relaxed%20atmosphere%20that%20promotes%20growth%2C%20exploration%2C%20and%20learning.%20Intended%20for%20children%20ages%200%20to%205%20and%20their%20caregivers%20or%20families.&e[0][location]=Severance%20Library%20-%20Cottonwood",FAILED,""
"https://clearview.libnet.info/event/17429775","https://addtocalendar.com/atc/outlookonline?utz=0&uln=en-US@posix&vjs=1.5&e[0][date_start]=2026-11-09%2010%3A30%3A00&e[0][date_end]=2026-11-09%2011%3A00%3A00&e[0][timezone]=America%2FDenver&e[0][title]=Stay%20and%20Play%20&e[0][description]=Children%20will%20enjoy%20open-ended%20playtime%20in%20a%20relaxed%20atmosphere%20that%20promotes%20growth%2C%20exploration%2C%20and%20learning.%20Intended%20for%20children%20ages%200%20to%205%20and%20their%20caregivers%20or%20families.&e[0][location]=Severance%20Library%20-%20Cottonwood",FAILED,""
"https://clearview.libnet.info/event/17429775","https://addtocalendar.com/atc/yahoo?utz=0&uln=en-US@posix&vjs=1.5&e[0][date_start]=2026-11-09%2010%3A30%3A00&e[0][date_end]=2026-11-09%2011%3A00%3A00&e[0][timezone]=America%2FDenver&e[0][title]=Stay%20and%20Play%20&e[0][description]=Children%20will%20enjoy%20open-ended%20playtime%20in%20a%20relaxed%20atmosphere%20that%20promotes%20growth%2C%20exploration%2C%20and%20learning.%20Intended%20for%20children%20ages%200%20to%205%20and%20their%20caregivers%20or%20families.&e[0][location]=Severance%20Library%20-%20Cottonwood",FAILED,""
"https://clearview.libnet.info/event/17286485","https://addtocalendar.com/atc/ical?utz=0&uln=en-US@posix&vjs=1.5&e[0][date_start]=2026-11-09%2014%3A30%3A00&e[0][date_end]=2026-11-09%2015%3A00%3A00&e[0][timezone]=America%2FDenver&e[0][title]=Bookmobile%20Stop%20at%20Grandview%20Elementary%20&e[0][description]=1583%20Grand%20Ave%20-%20Windsor&e[0][location]=Bookmobile%20-%20",FAILED,""
"https://clearview.libnet.info/event/17286485","https://addtocalendar.com/atc/google?utz=0&uln=en-US@posix&vjs=1.5&e[0][date_start]=2026-11-09%2014%3A30%3A00&e[0][date_end]=2026-11-09%2015%3A00%3A00&e[0][timezone]=America%2FDenver&e[0][title]=Bookmobile%20Stop%20at%20Grandview%20Elementary%20&e[0][description]=1583%20Grand%20Ave%20-%20Windsor&e[0][location]=Bookmobile%20-%20",FAILED,""
"https://clearview.libnet.info/event/17286485","https://addtocalendar.com/atc/outlook?utz=0&uln=en-US@posix&vjs=1.5&e[0][date_start]=2026-11-09%2014%3A30%3A00&e[0][date_end]=2026-11-09%2015%3A00%3A00&e[0][timezone]=America%2FDenver&e[0][title]=Bookmobile%20Stop%20at%20Grandview%20Elementary%20&e[0][description]=1583%20Grand%20Ave%20-%20Windsor&e[0][location]=Bookmobile%20-%20",FAILED,""
"https://clearview.libnet.info/event/17286485","https://addtocalendar.com/atc/outlookonline?utz=0&uln=en-US@posix&vjs=1.5&e[0][date_start]=2026-11-09%2014%3A30%3A00&e[0][date_end]=2026-11-09%2015%3A00%3A00&e[0][timezone]=America%2FDenver&e[0][title]=Bookmobile%20Stop%20at%20Grandview%20Elementary%20&e[0][description]=1583%20Grand%20Ave%20-%20Windsor&e[0][location]=Bookmobile%20-%20",FAILED,""
"https://clearview.libnet.info/event/17286485","https://addtocalendar.com/atc/yahoo?utz=0&uln=en-US@posix&vjs=1.5&e[0][date_start]=2026-11-09%2014%3A30%3A00&e[0][date_end]=2026-11-09%2015%3A00%3A00&e[0][timezone]=America%2FDenver&e[0][title]=Bookmobile%20Stop%20at%20Grandview%20Elementary%20&e[0][description]=1583%20Grand%20Ave%20-%20Windsor&e[0][location]=Bookmobile%20-%20",FAILED,""
"https://clearview.libnet.info/event/17446718","https://addtocalendar.com/atc/ical?utz=0&uln=en-US@posix&vjs=1.5&e[0][date_start]=2026-11-09%2015%3A15%3A00&e[0][date_end]=2026-11-09%2016%3A15%3A00&e[0][timezone]=America%2FDenver&e[0][title]=Lego%20Engineers%20&e[0][description]=Get%20creative%20and%20innovate%20with%20Legos!%20This%20session%2C%20get%20sneaky%20and%20build%20something%20with%20a%20trap%20door%20or%20secret%20passageway!%20Open%20to%20elementary-aged%20children%2C%20as%20well%20as%20tweens%20ages%209-12.&e[0][location]=Windsor%20Library%20-%20Pikes%20Peak",FAILED,""
"https://clearview.libnet.info/event/17446718","https://addtocalendar.com/atc/google?utz=0&uln=en-US@posix&vjs=1.5&e[0][date_start]=2026-11-09%2015%3A15%3A00&e[0][date_end]=2026-11-09%2016%3A15%3A00&e[0][timezone]=America%2FDenver&e[0][title]=Lego%20Engineers%20&e[0][description]=Get%20creative%20and%20innovate%20with%20Legos!%20This%20session%2C%20get%20sneaky%20and%20build%20something%20with%20a%20trap%20door%20or%20secret%20passageway!%20Open%20to%20elementary-aged%20children%2C%20as%20well%20as%20tweens%20ages%209-12.&e[0][location]=Windsor%20Library%20-%20Pikes%20Peak",FAILED,""
"https://clearview.libnet.info/event/17446718","https://addtocalendar.com/atc/outlook?utz=0&uln=en-US@posix&vjs=1.5&e[0][date_start]=2026-11-09%2015%3A15%3A00&e[0][date_end]=2026-11-09%2016%3A15%3A00&e[0][timezone]=America%2FDenver&e[0][title]=Lego%20Engineers%20&e[0][description]=Get%20creative%20and%20innovate%20with%20Legos!%20This%20session%2C%20get%20sneaky%20and%20build%20something%20with%20a%20trap%20door%20or%20secret%20passageway!%20Open%20to%20elementary-aged%20children%2C%20as%20well%20as%20tweens%20ages%209-12.&e[0][location]=Windsor%20Library%20-%20Pikes%20Peak",FAILED,""
"https://clearview.libnet.info/event/17446718","https://addtocalendar.com/atc/outlookonline?utz=0&uln=en-US@posix&vjs=1.5&e[0][date_start]=2026-11-09%2015%3A15%3A00&e[0][date_end]=2026-11-09%2016%3A15%3A00&e[0][timezone]=America%2FDenver&e[0][title]=Lego%20Engineers%20&e[0][description]=Get%20creative%20and%20innovate%20with%20Legos!%20This%20session%2C%20get%20sneaky%20and%20build%20something%20with%20a%20trap%20door%20or%20secret%20passageway!%20Open%20to%20elementary-aged%20children%2C%20as%20well%20as%20tweens%20ages%209-12.&e[0][location]=Windsor%20Library%20-%20Pikes%20Peak",FAILED,""
"https://clearview.libnet.info/event/17446718","https://addtocalendar.com/atc/yahoo?utz=0&uln=en-US@posix&vjs=1.5&e[0][date_start]=2026-11-09%2015%3A15%3A00&e[0][date_end]=2026-11-09%2016%3A15%3A00&e[0][timezone]=America%2FDenver&e[0][title]=Lego%20Engineers%20&e[0][description]=Get%20creative%20and%20innovate%20with%20Legos!%20This%20session%2C%20get%20sneaky%20and%20build%20something%20with%20a%20trap%20door%20or%20secret%20passageway!%20Open%20to%20elementary-aged%20children%2C%20as%20well%20as%20tweens%20ages%209-12.&e[0][location]=Windsor%20Library%20-%20Pikes%20Peak",FAILED,""
"https://clearview.libnet.info/event/17286540","https://addtocalendar.com/atc/ical?utz=0&uln=en-US@posix&vjs=1.5&e[0][date_start]=2026-11-09%2015%3A30%3A00&e[0][date_end]=2026-11-09%2016%3A00%3A00&e[0][timezone]=America%2FDenver&e[0][title]=Bookmobile%20Stop%20at%20Northern%20Lights%20Park&e[0][description]=550%20Saratoga%20Wy%20-%20Windsor&e[0][location]=Bookmobile%20-%20",FAILED,""
"https://clearview.libnet.info/event/17286540","https://addtocalendar.com/atc/google?utz=0&uln=en-US@posix&vjs=1.5&e[0][date_start]=2026-11-09%2015%3A30%3A00&e[0][date_end]=2026-11-09%2016%3A00%3A00&e[0][timezone]=America%2FDenver&e[0][title]=Bookmobile%20Stop%20at%20Northern%20Lights%20Park&e[0][description]=550%20Saratoga%20Wy%20-%20Windsor&e[0][location]=Bookmobile%20-%20",FAILED,""
"https://clearview.libnet.info/event/17286540","https://addtocalendar.com/atc/outlook?utz=0&uln=en-US@posix&vjs=1.5&e[0][date_start]=2026-11-09%2015%3A30%3A00&e[0][date_end]=2026-11-09%2016%3A00%3A00&e[0][timezone]=America%2FDenver&e[0][title]=Bookmobile%20Stop%20at%20Northern%20Lights%20Park&e[0][description]=550%20Saratoga%20Wy%20-%20Windsor&e[0][location]=Bookmobile%20-%20",FAILED,""
"https://clearview.libnet.info/event/17286540","https://addtocalendar.com/atc/outlookonline?utz=0&uln=en-US@posix&vjs=1.5&e[0][date_start]=2026-11-09%2015%3A30%3A00&e[0][date_end]=2026-11-09%2016%3A00%3A00&e[0][timezone]=America%2FDenver&e[0][title]=Bookmobile%20Stop%20at%20Northern%20Lights%20Park&e[0][description]=550%20Saratoga%20Wy%20-%20Windsor&e[0][location]=Bookmobile%20-%20",FAILED,""
"https://clearview.libnet.info/event/17286540","https://addtocalendar.com/atc/yahoo?utz=0&uln=en-US@posix&vjs=1.5&e[0][date_start]=2026-11-09%2015%3A30%3A00&e[0][date_end]=2026-11-09%2016%3A00%3A00&e[0][timezone]=America%2FDenver&e[0][title]=Bookmobile%20Stop%20at%20Northern%20Lights%20Park&e[0][description]=550%20Saratoga%20Wy%20-%20Windsor&e[0][location]=Bookmobile%20-%20",FAILED,""
"https://clearview.libnet.info/event/17286587","https://addtocalendar.com/atc/ical?utz=0&uln=en-US@posix&vjs=1.5&e[0][date_start]=2026-11-09%2016%3A30%3A00&e[0][date_end]=2026-11-09%2017%3A00%3A00&e[0][timezone]=America%2FDenver&e[0][title]=Bookmobile%20Stop%20at%20Windshire%20Park&e[0][description]=1520%20Dartford%20Dr%20-%20Windsor&e[0][location]=Bookmobile%20-%20",FAILED,""
"https://clearview.libnet.info/event/17286587","https://addtocalendar.com/atc/google?utz=0&uln=en-US@posix&vjs=1.5&e[0][date_start]=2026-11-09%2016%3A30%3A00&e[0][date_end]=2026-11-09%2017%3A00%3A00&e[0][timezone]=America%2FDenver&e[0][title]=Bookmobile%20Stop%20at%20Windshire%20Park&e[0][description]=1520%20Dartford%20Dr%20-%20Windsor&e[0][location]=Bookmobile%20-%20",FAILED,""
"https://clearview.libnet.info/event/17286587","https://addtocalendar.com/atc/outlook?utz=0&uln=en-US@posix&vjs=1.5&e[0][date_start]=2026-11-09%2016%3A30%3A00&e[0][date_end]=2026-11-09%2017%3A00%3A00&e[0][timezone]=America%2FDenver&e[0][title]=Bookmobile%20Stop%20at%20Windshire%20Park&e[0][description]=1520%20Dartford%20Dr%20-%20Windsor&e[0][location]=Bookmobile%20-%20",FAILED,""
"https://clearview.libnet.info/event/17286587","https://addtocalendar.com/atc/outlookonline?utz=0&uln=en-US@posix&vjs=1.5&e[0][date_start]=2026-11-09%2016%3A30%3A00&e[0][date_end]=2026-11-09%2017%3A00%3A00&e[0][timezone]=America%2FDenver&e[0][title]=Bookmobile%20Stop%20at%20Windshire%20Park&e[0][description]=1520%20Dartford%20Dr%20-%20Windsor&e[0][location]=Bookmobile%20-%20",FAILED,""
"https://clearview.libnet.info/event/17286587","https://addtocalendar.com/atc/yahoo?utz=0&uln=en-US@posix&vjs=1.5&e[0][date_start]=2026-11-09%2016%3A30%3A00&e[0][date_end]=2026-11-09%2017%3A00%3A00&e[0][timezone]=America%2FDenver&e[0][title]=Bookmobile%20Stop%20at%20Windshire%20Park&e[0][description]=1520%20Dartford%20Dr%20-%20Windsor&e[0][location]=Bookmobile%20-%20",FAILED,""
"https://clearview.libnet.info/event/17286605","https://addtocalendar.com/atc/ical?utz=0&uln=en-US@posix&vjs=1.5&e[0][date_start]=2026-11-09%2017%3A30%3A00&e[0][date_end]=2026-11-09%2018%3A00%3A00&e[0][timezone]=America%2FDenver&e[0][title]=Bookmobile%20Stop%20at%20Covenant%20Park&e[0][description]=601%20Southwood%20Ln%20-%20Windsor&e[0][location]=Bookmobile%20-%20",FAILED,""
"https://clearview.libnet.info/event/17286605","https://addtocalendar.com/atc/google?utz=0&uln=en-US@posix&vjs=1.5&e[0][date_start]=2026-11-09%2017%3A30%3A00&e[0][date_end]=2026-11-09%2018%3A00%3A00&e[0][timezone]=America%2FDenver&e[0][title]=Bookmobile%20Stop%20at%20Covenant%20Park&e[0][description]=601%20Southwood%20Ln%20-%20Windsor&e[0][location]=Bookmobile%20-%20",FAILED,""
"https://clearview.libnet.info/event/17286605","https://addtocalendar.com/atc/outlook?utz=0&uln=en-US@posix&vjs=1.5&e[0][date_start]=2026-11-09%2017%3A30%3A00&e[0][date_end]=2026-11-09%2018%3A00%3A00&e[0][timezone]=America%2FDenver&e[0][title]=Bookmobile%20Stop%20at%20Covenant%20Park&e[0][description]=601%20Southwood%20Ln%20-%20Windsor&e[0][location]=Bookmobile%20-%20",FAILED,""
"https://clearview.libnet.info/event/17286605","https://addtocalendar.com/atc/outlookonline?utz=0&uln=en-US@posix&vjs=1.5&e[0][date_start]=2026-11-09%2017%3A30%3A00&e[0][date_end]=2026-11-09%2018%3A00%3A00&e[0][timezone]=America%2FDenver&e[0][title]=Bookmobile%20Stop%20at%20Covenant%20Park&e[0][description]=601%20Southwood%20Ln%20-%20Windsor&e[0][location]=Bookmobile%20-%20",FAILED,""
"https://clearview.libnet.info/event/17286605","https://addtocalendar.com/atc/yahoo?utz=0&uln=en-US@posix&vjs=1.5&e[0][date_start]=2026-11-09%2017%3A30%3A00&e[0][date_end]=2026-11-09%2018%3A00%3A00&e[0][timezone]=America%2FDenver&e[0][title]=Bookmobile%20Stop%20at%20Covenant%20Park&e[0][description]=601%20Southwood%20Ln%20-%20Windsor&e[0][location]=Bookmobile%20-%20",FAILED,""
"https://clearview.libnet.info/event/17470049","https://addtocalendar.com/atc/ical?utz=0&uln=en-US@posix&vjs=1.5&e[0][date_start]=2026-11-09%2017%3A30%3A00&e[0][date_end]=2026-11-09%2019%3A00%3A00&e[0][timezone]=America%2FDenver&e[0][title]=Hungry%20Birds&e[0][description]=%20Join%20retired%20Colorado%20State%20Forest%20Service%20entomologist%20and%20Colorado%20Birds%20columnist%2C%20David%20Leatherman%2C%20for%20a%20look%20at%20what%20birds%20eat%20and%20how%20their%20diets%20benefit%20our%20landscapes.&e[0][location]=Windsor%20Library%20-%20Pikes%20Peak",FAILED,""
"https://clearview.libnet.info/event/17470049","https://addtocalendar.com/atc/google?utz=0&uln=en-US@posix&vjs=1.5&e[0][date_start]=2026-11-09%2017%3A30%3A00&e[0][date_end]=2026-11-09%2019%3A00%3A00&e[0][timezone]=America%2FDenver&e[0][title]=Hungry%20Birds&e[0][description]=%20Join%20retired%20Colorado%20State%20Forest%20Service%20entomologist%20and%20Colorado%20Birds%20columnist%2C%20David%20Leatherman%2C%20for%20a%20look%20at%20what%20birds%20eat%20and%20how%20their%20diets%20benefit%20our%20landscapes.&e[0][location]=Windsor%20Library%20-%20Pikes%20Peak",FAILED,""
"https://clearview.libnet.info/event/17470049","https://addtocalendar.com/atc/outlook?utz=0&uln=en-US@posix&vjs=1.5&e[0][date_start]=2026-11-09%2017%3A30%3A00&e[0][date_end]=2026-11-09%2019%3A00%3A00&e[0][timezone]=America%2FDenver&e[0][title]=Hungry%20Birds&e[0][description]=%20Join%20retired%20Colorado%20State%20Forest%20Service%20entomologist%20and%20Colorado%20Birds%20columnist%2C%20David%20Leatherman%2C%20for%20a%20look%20at%20what%20birds%20eat%20and%20how%20their%20diets%20benefit%20our%20landscapes.&e[0][location]=Windsor%20Library%20-%20Pikes%20Peak",FAILED,""
"https://clearview.libnet.info/event/17470049","https://addtocalendar.com/atc/outlookonline?utz=0&uln=en-US@posix&vjs=1.5&e[0][date_start]=2026-11-09%2017%3A30%3A00&e[0][date_end]=2026-11-09%2019%3A00%3A00&e[0][timezone]=America%2FDenver&e[0][title]=Hungry%20Birds&e[0][description]=%20Join%20retired%20Colorado%20State%20Forest%20Service%20entomologist%20and%20Colorado%20Birds%20columnist%2C%20David%20Leatherman%2C%20for%20a%20look%20at%20what%20birds%20eat%20and%20how%20their%20diets%20benefit%20our%20landscapes.&e[0][location]=Windsor%20Library%20-%20Pikes%20Peak",FAILED,""
"https://clearview.libnet.info/event/17470049","https://addtocalendar.com/atc/yahoo?utz=0&uln=en-US@posix&vjs=1.5&e[0][date_start]=2026-11-09%2017%3A30%3A00&e[0][date_end]=2026-11-09%2019%3A00%3A00&e[0][timezone]=America%2FDenver&e[0][title]=Hungry%20Birds&e[0][description]=%20Join%20retired%20Colorado%20State%20Forest%20Service%20entomologist%20and%20Colorado%20Birds%20columnist%2C%20David%20Leatherman%2C%20for%20a%20look%20at%20what%20birds%20eat%20and%20how%20their%20diets%20benefit%20our%20landscapes.&e[0][location]=Windsor%20Library%20-%20Pikes%20Peak",FAILED,""
"https://clearview.libnet.info/event/17430182","https://addtocalendar.com/atc/ical?utz=0&uln=en-US@posix&vjs=1.5&e[0][date_start]=2026-11-10%2010%3A00%3A00&e[0][date_end]=2026-11-10%2010%3A30%3A00&e[0][timezone]=America%2FDenver&e[0][title]=Read%2C%20Rhyme%2C%20and%20Romp&e[0][description]=Join%20us%20for%20an%20active%20storytime!%20We%20will%20read%20books%2C%20sing%2C%20and%20enjoy%20rhymes%20that%20encourage%20us%20all%20to%20get%20up%20and%20move!%20For%20ages%200-5.&e[0][location]=Windsor%20Library%20-%20Pikes%20Peak",FAILED,""
"https://clearview.libnet.info/event/17430182","https://addtocalendar.com/atc/google?utz=0&uln=en-US@posix&vjs=1.5&e[0][date_start]=2026-11-10%2010%3A00%3A00&e[0][date_end]=2026-11-10%2010%3A30%3A00&e[0][timezone]=America%2FDenver&e[0][title]=Read%2C%20Rhyme%2C%20and%20Romp&e[0][description]=Join%20us%20for%20an%20active%20storytime!%20We%20will%20read%20books%2C%20sing%2C%20and%20enjoy%20rhymes%20that%20encourage%20us%20all%20to%20get%20up%20and%20move!%20For%20ages%200-5.&e[0][location]=Windsor%20Library%20-%20Pikes%20Peak",FAILED,""
"https://clearview.libnet.info/event/17430182","https://addtocalendar.com/atc/outlook?utz=0&uln=en-US@posix&vjs=1.5&e[0][date_start]=2026-11-10%2010%3A00%3A00&e[0][date_end]=2026-11-10%2010%3A30%3A00&e[0][timezone]=America%2FDenver&e[0][title]=Read%2C%20Rhyme%2C%20and%20Romp&e[0][description]=Join%20us%20for%20an%20active%20storytime!%20We%20will%20read%20books%2C%20sing%2C%20and%20enjoy%20rhymes%20that%20encourage%20us%20all%20to%20get%20up%20and%20move!%20For%20ages%200-5.&e[0][location]=Windsor%20Library%20-%20Pikes%20Peak",FAILED,""
"https://clearview.libnet.info/event/17430182","https://addtocalendar.com/atc/outlookonline?utz=0&uln=en-US@posix&vjs=1.5&e[0][date_start]=2026-11-10%2010%3A00%3A00&e[0][date_end]=2026-11-10%2010%3A30%3A00&e[0][timezone]=America%2FDenver&e[0][title]=Read%2C%20Rhyme%2C%20and%20Romp&e[0][description]=Join%20us%20for%20an%20active%20storytime!%20We%20will%20read%20books%2C%20sing%2C%20and%20enjoy%20rhymes%20that%20encourage%20us%20all%20to%20get%20up%20and%20move!%20For%20ages%200-5.&e[0][location]=Windsor%20Library%20-%20Pikes%20Peak",FAILED,""
"https://clearview.libnet.info/event/17430182","https://addtocalendar.com/atc/yahoo?utz=0&uln=en-US@posix&vjs=1.5&e[0][date_start]=2026-11-10%2010%3A00%3A00&e[0][date_end]=2026-11-10%2010%3A30%3A00&e[0][timezone]=America%2FDenver&e[0][title]=Read%2C%20Rhyme%2C%20and%20Romp&e[0][description]=Join%20us%20for%20an%20active%20storytime!%20We%20will%20read%20books%2C%20sing%2C%20and%20enjoy%20rhymes%20that%20encourage%20us%20all%20to%20get%20up%20and%20move!%20For%20ages%200-5.&e[0][location]=Windsor%20Library%20-%20Pikes%20Peak",FAILED,""
"https://clearview.libnet.info/event/17286615","https://addtocalendar.com/atc/ical?utz=0&uln=en-US@posix&vjs=1.5&e[0][date_start]=2026-11-10%2010%3A30%3A00&e[0][date_end]=2026-11-10%2011%3A30%3A00&e[0][timezone]=America%2FDenver&e[0][title]=Bookmobile%20Stop%20at%20Mountain%20Shadows%20Community%20Park%20&e[0][description]=86th%20Ave%20-%20Greeley&e[0][location]=Bookmobile%20-%20",FAILED,""
"https://clearview.libnet.info/event/17286615","https://addtocalendar.com/atc/google?utz=0&uln=en-US@posix&vjs=1.5&e[0][date_start]=2026-11-10%2010%3A30%3A00&e[0][date_end]=2026-11-10%2011%3A30%3A00&e[0][timezone]=America%2FDenver&e[0][title]=Bookmobile%20Stop%20at%20Mountain%20Shadows%20Community%20Park%20&e[0][description]=86th%20Ave%20-%20Greeley&e[0][location]=Bookmobile%20-%20",FAILED,""
"https://clearview.libnet.info/event/17286615","https://addtocalendar.com/atc/outlook?utz=0&uln=en-US@posix&vjs=1.5&e[0][date_start]=2026-11-10%2010%3A30%3A00&e[0][date_end]=2026-11-10%2011%3A30%3A00&e[0][timezone]=America%2FDenver&e[0][title]=Bookmobile%20Stop%20at%20Mountain%20Shadows%20Community%20Park%20&e[0][description]=86th%20Ave%20-%20Greeley&e[0][location]=Bookmobile%20-%20",FAILED,""
"https://clearview.libnet.info/event/17286615","https://addtocalendar.com/atc/outlookonline?utz=0&uln=en-US@posix&vjs=1.5&e[0][date_start]=2026-11-10%2010%3A30%3A00&e[0][date_end]=2026-11-10%2011%3A30%3A00&e[0][timezone]=America%2FDenver&e[0][title]=Bookmobile%20Stop%20at%20Mountain%20Shadows%20Community%20Park%20&e[0][description]=86th%20Ave%20-%20Greeley&e[0][location]=Bookmobile%20-%20",FAILED,""
"https://clearview.libnet.info/event/17286615","https://addtocalendar.com/atc/yahoo?utz=0&uln=en-US@posix&vjs=1.5&e[0][date_start]=2026-11-10%2010%3A30%3A00&e[0][date_end]=2026-11-10%2011%3A30%3A00&e[0][timezone]=America%2FDenver&e[0][title]=Bookmobile%20Stop%20at%20Mountain%20Shadows%20Community%20Park%20&e[0][description]=86th%20Ave%20-%20Greeley&e[0][location]=Bookmobile%20-%20",FAILED,""
"https://clearview.libnet.info/event/17427057","https://addtocalendar.com/atc/ical?utz=0&uln=en-US@posix&vjs=1.5&e[0][date_start]=2026-11-10%2010%3A30%3A00&e[0][date_end]=2026-11-10%2011%3A00%3A00&e[0][timezone]=America%2FDenver&e[0][title]=Yoga%20Stories&e[0][description]=Join%20us%20for%20stories%2C%20yoga%20poses%2C%20and%20breathing%20exercises.%20Adults%20are%20encouraged%20to%20participate%20with%20their%20little(s)%20during%20poses%20and%20activities.%20For%20ages%203-5.%0A%0A&e[0][location]=Severance%20Library%20-%20Cottonwood",FAILED,""
"https://clearview.libnet.info/event/17427057","https://addtocalendar.com/atc/google?utz=0&uln=en-US@posix&vjs=1.5&e[0][date_start]=2026-11-10%2010%3A30%3A00&e[0][date_end]=2026-11-10%2011%3A00%3A00&e[0][timezone]=America%2FDenver&e[0][title]=Yoga%20Stories&e[0][description]=Join%20us%20for%20stories%2C%20yoga%20poses%2C%20and%20breathing%20exercises.%20Adults%20are%20encouraged%20to%20participate%20with%20their%20little(s)%20during%20poses%20and%20activities.%20For%20ages%203-5.%0A%0A&e[0][location]=Severance%20Library%20-%20Cottonwood",FAILED,""
"https://clearview.libnet.info/event/17427057","https://addtocalendar.com/atc/outlook?utz=0&uln=en-US@posix&vjs=1.5&e[0][date_start]=2026-11-10%2010%3A30%3A00&e[0][date_end]=2026-11-10%2011%3A00%3A00&e[0][timezone]=America%2FDenver&e[0][title]=Yoga%20Stories&e[0][description]=Join%20us%20for%20stories%2C%20yoga%20poses%2C%20and%20breathing%20exercises.%20Adults%20are%20encouraged%20to%20participate%20with%20their%20little(s)%20during%20poses%20and%20activities.%20For%20ages%203-5.%0A%0A&e[0][location]=Severance%20Library%20-%20Cottonwood",FAILED,""
"https://clearview.libnet.info/event/17427057","https://addtocalendar.com/atc/outlookonline?utz=0&uln=en-US@posix&vjs=1.5&e[0][date_start]=2026-11-10%2010%3A30%3A00&e[0][date_end]=2026-11-10%2011%3A00%3A00&e[0][timezone]=America%2FDenver&e[0][title]=Yoga%20Stories&e[0][description]=Join%20us%20for%20stories%2C%20yoga%20poses%2C%20and%20breathing%20exercises.%20Adults%20are%20encouraged%20to%20participate%20with%20their%20little(s)%20during%20poses%20and%20activities.%20For%20ages%203-5.%0A%0A&e[0][location]=Severance%20Library%20-%20Cottonwood",FAILED,""
"https://clearview.libnet.info/event/17427057","https://addtocalendar.com/atc/yahoo?utz=0&uln=en-US@posix&vjs=1.5&e[0][date_start]=2026-11-10%2010%3A30%3A00&e[0][date_end]=2026-11-10%2011%3A00%3A00&e[0][timezone]=America%2FDenver&e[0][title]=Yoga%20Stories&e[0][description]=Join%20us%20for%20stories%2C%20yoga%20poses%2C%20and%20breathing%20exercises.%20Adults%20are%20encouraged%20to%20participate%20with%20their%20little(s)%20during%20poses%20and%20activities.%20For%20ages%203-5.%0A%0A&e[0][location]=Severance%20Library%20-%20Cottonwood",FAILED,""
"https://clearview.libnet.info/event/17430212","https://addtocalendar.com/atc/ical?utz=0&uln=en-US@posix&vjs=1.5&e[0][date_start]=2026-11-10%2010%3A30%3A00&e[0][date_end]=2026-11-10%2011%3A00%3A00&e[0][timezone]=America%2FDenver&e[0][title]=Stay%20and%20Play%20&e[0][description]=Children%20will%20enjoy%20open-ended%20playtime%20in%20a%20relaxed%20atmosphere%20that%20promotes%20growth%2C%20exploration%2C%20and%20learning.%20Intended%20for%20children%20ages%200%20to%205%20and%20their%20caregivers%20or%20families.&e[0][location]=Windsor%20Library%20-%20Pikes%20Peak",FAILED,""
"https://clearview.libnet.info/event/17430212","https://addtocalendar.com/atc/google?utz=0&uln=en-US@posix&vjs=1.5&e[0][date_start]=2026-11-10%2010%3A30%3A00&e[0][date_end]=2026-11-10%2011%3A00%3A00&e[0][timezone]=America%2FDenver&e[0][title]=Stay%20and%20Play%20&e[0][description]=Children%20will%20enjoy%20open-ended%20playtime%20in%20a%20relaxed%20atmosphere%20that%20promotes%20growth%2C%20exploration%2C%20and%20learning.%20Intended%20for%20children%20ages%200%20to%205%20and%20their%20caregivers%20or%20families.&e[0][location]=Windsor%20Library%20-%20Pikes%20Peak",FAILED,""
"https://clearview.libnet.info/event/17430212","https://addtocalendar.com/atc/outlook?utz=0&uln=en-US@posix&vjs=1.5&e[0][date_start]=2026-11-10%2010%3A30%3A00&e[0][date_end]=2026-11-10%2011%3A00%3A00&e[0][timezone]=America%2FDenver&e[0][title]=Stay%20and%20Play%20&e[0][description]=Children%20will%20enjoy%20open-ended%20playtime%20in%20a%20relaxed%20atmosphere%20that%20promotes%20growth%2C%20exploration%2C%20and%20learning.%20Intended%20for%20children%20ages%200%20to%205%20and%20their%20caregivers%20or%20families.&e[0][location]=Windsor%20Library%20-%20Pikes%20Peak",FAILED,""
"https://clearview.libnet.info/event/17430212","https://addtocalendar.com/atc/outlookonline?utz=0&uln=en-US@posix&vjs=1.5&e[0][date_start]=2026-11-10%2010%3A30%3A00&e[0][date_end]=2026-11-10%2011%3A00%3A00&e[0][timezone]=America%2FDenver&e[0][title]=Stay%20and%20Play%20&e[0][description]=Children%20will%20enjoy%20open-ended%20playtime%20in%20a%20relaxed%20atmosphere%20that%20promotes%20growth%2C%20exploration%2C%20and%20learning.%20Intended%20for%20children%20ages%200%20to%205%20and%20their%20caregivers%20or%20families.&e[0][location]=Windsor%20Library%20-%20Pikes%20Peak",FAILED,""
"https://clearview.libnet.info/event/17430212","https://addtocalendar.com/atc/yahoo?utz=0&uln=en-US@posix&vjs=1.5&e[0][date_start]=2026-11-10%2010%3A30%3A00&e[0][date_end]=2026-11-10%2011%3A00%3A00&e[0][timezone]=America%2FDenver&e[0][title]=Stay%20and%20Play%20&e[0][description]=Children%20will%20enjoy%20open-ended%20playtime%20in%20a%20relaxed%20atmosphere%20that%20promotes%20growth%2C%20exploration%2C%20and%20learning.%20Intended%20for%20children%20ages%200%20to%205%20and%20their%20caregivers%20or%20families.&e[0][location]=Windsor%20Library%20-%20Pikes%20Peak",FAILED,""
"https://clearview.libnet.info/event/17286661","https://addtocalendar.com/atc/ical?utz=0&uln=en-US@posix&vjs=1.5&e[0][date_start]=2026-11-10%2014%3A30%3A00&e[0][date_end]=2026-11-10%2015%3A30%3A00&e[0][timezone]=America%2FDenver&e[0][title]=Bookmobile%20Stop%20at%20Orchard%20Hill%20Elementary%20&e[0][description]=2015%20Covered%20Bridge%20Pkwy%20-%20Windsor&e[0][location]=Bookmobile%20-%20",FAILED,""
"https://clearview.libnet.info/event/17286661","https://addtocalendar.com/atc/google?utz=0&uln=en-US@posix&vjs=1.5&e[0][date_start]=2026-11-10%2014%3A30%3A00&e[0][date_end]=2026-11-10%2015%3A30%3A00&e[0][timezone]=America%2FDenver&e[0][title]=Bookmobile%20Stop%20at%20Orchard%20Hill%20Elementary%20&e[0][description]=2015%20Covered%20Bridge%20Pkwy%20-%20Windsor&e[0][location]=Bookmobile%20-%20",FAILED,""
"https://clearview.libnet.info/event/17286661","https://addtocalendar.com/atc/outlook?utz=0&uln=en-US@posix&vjs=1.5&e[0][date_start]=2026-11-10%2014%3A30%3A00&e[0][date_end]=2026-11-10%2015%3A30%3A00&e[0][timezone]=America%2FDenver&e[0][title]=Bookmobile%20Stop%20at%20Orchard%20Hill%20Elementary%20&e[0][description]=2015%20Covered%20Bridge%20Pkwy%20-%20Windsor&e[0][location]=Bookmobile%20-%20",FAILED,""
"https://clearview.libnet.info/event/17286661","https://addtocalendar.com/atc/outlookonline?utz=0&uln=en-US@posix&vjs=1.5&e[0][date_start]=2026-11-10%2014%3A30%3A00&e[0][date_end]=2026-11-10%2015%3A30%3A00&e[0][timezone]=America%2FDenver&e[0][title]=Bookmobile%20Stop%20at%20Orchard%20Hill%20Elementary%20&e[0][description]=2015%20Covered%20Bridge%20Pkwy%20-%20Windsor&e[0][location]=Bookmobile%20-%20",FAILED,""
"https://clearview.libnet.info/event/17286661","https://addtocalendar.com/atc/yahoo?utz=0&uln=en-US@posix&vjs=1.5&e[0][date_start]=2026-11-10%2014%3A30%3A00&e[0][date_end]=2026-11-10%2015%3A30%3A00&e[0][timezone]=America%2FDenver&e[0][title]=Bookmobile%20Stop%20at%20Orchard%20Hill%20Elementary%20&e[0][description]=2015%20Covered%20Bridge%20Pkwy%20-%20Windsor&e[0][location]=Bookmobile%20-%20",FAILED,""
"https://clearview.libnet.info/event/17426932","https://addtocalendar.com/atc/ical?utz=0&uln=en-US@posix&vjs=1.5&e[0][date_start]=2026-11-10%2015%3A15%3A00&e[0][date_end]=2026-11-10%2016%3A15%3A00&e[0][timezone]=America%2FDenver&e[0][title]=Lego%20Explorers&e[0][description]=Lego%20Explorers%20offers%20Lego%20lovers%20the%20chance%20to%20free%20play%20with%20Legos.%20Build%20with%20our%20monthly%20theme%20or%20create%20from%20your%20own%20imagination.%20Open%20to%20elementary-aged%20children%2C%20as%20well%20as%20tweens%20ages%209-12.&e[0][location]=Severance%20Library%20-%20Cottonwood",FAILED,""
"https://clearview.libnet.info/event/17426932","https://addtocalendar.com/atc/google?utz=0&uln=en-US@posix&vjs=1.5&e[0][date_start]=2026-11-10%2015%3A15%3A00&e[0][date_end]=2026-11-10%2016%3A15%3A00&e[0][timezone]=America%2FDenver&e[0][title]=Lego%20Explorers&e[0][description]=Lego%20Explorers%20offers%20Lego%20lovers%20the%20chance%20to%20free%20play%20with%20Legos.%20Build%20with%20our%20monthly%20theme%20or%20create%20from%20your%20own%20imagination.%20Open%20to%20elementary-aged%20children%2C%20as%20well%20as%20tweens%20ages%209-12.&e[0][location]=Severance%20Library%20-%20Cottonwood",FAILED,""
"https://clearview.libnet.info/event/17426932","https://addtocalendar.com/atc/outlook?utz=0&uln=en-US@posix&vjs=1.5&e[0][date_start]=2026-11-10%2015%3A15%3A00&e[0][date_end]=2026-11-10%2016%3A15%3A00&e[0][timezone]=America%2FDenver&e[0][title]=Lego%20Explorers&e[0][description]=Lego%20Explorers%20offers%20Lego%20lovers%20the%20chance%20to%20free%20play%20with%20Legos.%20Build%20with%20our%20monthly%20theme%20or%20create%20from%20your%20own%20imagination.%20Open%20to%20elementary-aged%20children%2C%20as%20well%20as%20tweens%20ages%209-12.&e[0][location]=Severance%20Library%20-%20Cottonwood",FAILED,""
"https://clearview.libnet.info/event/17426932","https://addtocalendar.com/atc/outlookonline?utz=0&uln=en-US@posix&vjs=1.5&e[0][date_start]=2026-11-10%2015%3A15%3A00&e[0][date_end]=2026-11-10%2016%3A15%3A00&e[0][timezone]=America%2FDenver&e[0][title]=Lego%20Explorers&e[0][description]=Lego%20Explorers%20offers%20Lego%20lovers%20the%20chance%20to%20free%20play%20with%20Legos.%20Build%20with%20our%20monthly%20theme%20or%20create%20from%20your%20own%20imagination.%20Open%20to%20elementary-aged%20children%2C%20as%20well%20as%20tweens%20ages%209-12.&e[0][location]=Severance%20Library%20-%20Cottonwood",FAILED,""
"https://clearview.libnet.info/event/17426932","https://addtocalendar.com/atc/yahoo?utz=0&uln=en-US@posix&vjs=1.5&e[0][date_start]=2026-11-10%2015%3A15%3A00&e[0][date_end]=2026-11-10%2016%3A15%3A00&e[0][timezone]=America%2FDenver&e[0][title]=Lego%20Explorers&e[0][description]=Lego%20Explorers%20offers%20Lego%20lovers%20the%20chance%20to%20free%20play%20with%20Legos.%20Build%20with%20our%20monthly%20theme%20or%20create%20from%20your%20own%20imagination.%20Open%20to%20elementary-aged%20children%2C%20as%20well%20as%20tweens%20ages%209-12.&e[0][location]=Severance%20Library%20-%20Cottonwood",FAILED,""
"https://clearview.libnet.info/event/17447199","https://addtocalendar.com/atc/ical?utz=0&uln=en-US@posix&vjs=1.5&e[0][date_start]=2026-11-10%2015%3A15%3A00&e[0][date_end]=2026-11-10%2016%3A15%3A00&e[0][timezone]=America%2FDenver&e[0][title]=After-School%20Collective&e[0][description]=A%20place%20for%20elementary-aged%20children%2C%20and%20tweens%20ages%209-12%2C%20to%20explore%20and%20discover%20with%20their%20peers.%20Celebrate%20World%20Kindness%20Day%20with%20crafts%2C%20kindness%20rocks%2C%20chalk%20art%2C%20%26amp%3B%20other%20fun%20activities!&e[0][location]=Windsor%20Library%20-%20Pikes%20Peak",FAILED,""
"https://clearview.libnet.info/event/17447199","https://addtocalendar.com/atc/google?utz=0&uln=en-US@posix&vjs=1.5&e[0][date_start]=2026-11-10%2015%3A15%3A00&e[0][date_end]=2026-11-10%2016%3A15%3A00&e[0][timezone]=America%2FDenver&e[0][title]=After-School%20Collective&e[0][description]=A%20place%20for%20elementary-aged%20children%2C%20and%20tweens%20ages%209-12%2C%20to%20explore%20and%20discover%20with%20their%20peers.%20Celebrate%20World%20Kindness%20Day%20with%20crafts%2C%20kindness%20rocks%2C%20chalk%20art%2C%20%26amp%3B%20other%20fun%20activities!&e[0][location]=Windsor%20Library%20-%20Pikes%20Peak",FAILED,""
"https://clearview.libnet.info/event/17447199","https://addtocalendar.com/atc/outlook?utz=0&uln=en-US@posix&vjs=1.5&e[0][date_start]=2026-11-10%2015%3A15%3A00&e[0][date_end]=2026-11-10%2016%3A15%3A00&e[0][timezone]=America%2FDenver&e[0][title]=After-School%20Collective&e[0][description]=A%20place%20for%20elementary-aged%20children%2C%20and%20tweens%20ages%209-12%2C%20to%20explore%20and%20discover%20with%20their%20peers.%20Celebrate%20World%20Kindness%20Day%20with%20crafts%2C%20kindness%20rocks%2C%20chalk%20art%2C%20%26amp%3B%20other%20fun%20activities!&e[0][location]=Windsor%20Library%20-%20Pikes%20Peak",FAILED,""
"https://clearview.libnet.info/event/17447199","https://addtocalendar.com/atc/outlookonline?utz=0&uln=en-US@posix&vjs=1.5&e[0][date_start]=2026-11-10%2015%3A15%3A00&e[0][date_end]=2026-11-10%2016%3A15%3A00&e[0][timezone]=America%2FDenver&e[0][title]=After-School%20Collective&e[0][description]=A%20place%20for%20elementary-aged%20children%2C%20and%20tweens%20ages%209-12%2C%20to%20explore%20and%20discover%20with%20their%20peers.%20Celebrate%20World%20Kindness%20Day%20with%20crafts%2C%20kindness%20rocks%2C%20chalk%20art%2C%20%26amp%3B%20other%20fun%20activities!&e[0][location]=Windsor%20Library%20-%20Pikes%20Peak",FAILED,""
"https://clearview.libnet.info/event/17447199","https://addtocalendar.com/atc/yahoo?utz=0&uln=en-US@posix&vjs=1.5&e[0][date_start]=2026-11-10%2015%3A15%3A00&e[0][date_end]=2026-11-10%2016%3A15%3A00&e[0][timezone]=America%2FDenver&e[0][title]=After-School%20Collective&e[0][description]=A%20place%20for%20elementary-aged%20children%2C%20and%20tweens%20ages%209-12%2C%20to%20explore%20and%20discover%20with%20their%20peers.%20Celebrate%20World%20Kindness%20Day%20with%20crafts%2C%20kindness%20rocks%2C%20chalk%20art%2C%20%26amp%3B%20other%20fun%20activities!&e[0][location]=Windsor%20Library%20-%20Pikes%20Peak",FAILED,""
"https://clearview.libnet.info/event/17286667","https://addtocalendar.com/atc/ical?utz=0&uln=en-US@posix&vjs=1.5&e[0][date_start]=2026-11-10%2015%3A30%3A00&e[0][date_end]=2026-11-10%2016%3A00%3A00&e[0][timezone]=America%2FDenver&e[0][title]=Bookmobile%20Stop%20at%20Ravina%20Park&e[0][description]=Graceful%20St%20-%20Windsor&e[0][location]=Bookmobile%20-%20",FAILED,""
"https://clearview.libnet.info/event/17286667","https://addtocalendar.com/atc/google?utz=0&uln=en-US@posix&vjs=1.5&e[0][date_start]=2026-11-10%2015%3A30%3A00&e[0][date_end]=2026-11-10%2016%3A00%3A00&e[0][timezone]=America%2FDenver&e[0][title]=Bookmobile%20Stop%20at%20Ravina%20Park&e[0][description]=Graceful%20St%20-%20Windsor&e[0][location]=Bookmobile%20-%20",FAILED,""
"https://clearview.libnet.info/event/17286667","https://addtocalendar.com/atc/outlook?utz=0&uln=en-US@posix&vjs=1.5&e[0][date_start]=2026-11-10%2015%3A30%3A00&e[0][date_end]=2026-11-10%2016%3A00%3A00&e[0][timezone]=America%2FDenver&e[0][title]=Bookmobile%20Stop%20at%20Ravina%20Park&e[0][description]=Graceful%20St%20-%20Windsor&e[0][location]=Bookmobile%20-%20",FAILED,""
"https://clearview.libnet.info/event/17286667","https://addtocalendar.com/atc/outlookonline?utz=0&uln=en-US@posix&vjs=1.5&e[0][date_start]=2026-11-10%2015%3A30%3A00&e[0][date_end]=2026-11-10%2016%3A00%3A00&e[0][timezone]=America%2FDenver&e[0][title]=Bookmobile%20Stop%20at%20Ravina%20Park&e[0][description]=Graceful%20St%20-%20Windsor&e[0][location]=Bookmobile%20-%20",FAILED,""
"https://clearview.libnet.info/event/17286667","https://addtocalendar.com/atc/yahoo?utz=0&uln=en-US@posix&vjs=1.5&e[0][date_start]=2026-11-10%2015%3A30%3A00&e[0][date_end]=2026-11-10%2016%3A00%3A00&e[0][timezone]=America%2FDenver&e[0][title]=Bookmobile%20Stop%20at%20Ravina%20Park&e[0][description]=Graceful%20St%20-%20Windsor&e[0][location]=Bookmobile%20-%20",FAILED,""
"https://clearview.libnet.info/event/17286675","https://addtocalendar.com/atc/ical?utz=0&uln=en-US@posix&vjs=1.5&e[0][date_start]=2026-11-10%2016%3A30%3A00&e[0][date_end]=2026-11-10%2017%3A00%3A00&e[0][timezone]=America%2FDenver&e[0][title]=Bookmobile%20Stop%20at%20Greenspire&e[0][description]=635%20Moonglow%20Dr%20-%20Windsor&e[0][location]=Bookmobile%20-%20",FAILED,""
"https://clearview.libnet.info/event/17286675","https://addtocalendar.com/atc/google?utz=0&uln=en-US@posix&vjs=1.5&e[0][date_start]=2026-11-10%2016%3A30%3A00&e[0][date_end]=2026-11-10%2017%3A00%3A00&e[0][timezone]=America%2FDenver&e[0][title]=Bookmobile%20Stop%20at%20Greenspire&e[0][description]=635%20Moonglow%20Dr%20-%20Windsor&e[0][location]=Bookmobile%20-%20",FAILED,""
"https://clearview.libnet.info/event/17286675","https://addtocalendar.com/atc/outlook?utz=0&uln=en-US@posix&vjs=1.5&e[0][date_start]=2026-11-10%2016%3A30%3A00&e[0][date_end]=2026-11-10%2017%3A00%3A00&e[0][timezone]=America%2FDenver&e[0][title]=Bookmobile%20Stop%20at%20Greenspire&e[0][description]=635%20Moonglow%20Dr%20-%20Windsor&e[0][location]=Bookmobile%20-%20",FAILED,""
"https://clearview.libnet.info/event/17286675","https://addtocalendar.com/atc/outlookonline?utz=0&uln=en-US@posix&vjs=1.5&e[0][date_start]=2026-11-10%2016%3A30%3A00&e[0][date_end]=2026-11-10%2017%3A00%3A00&e[0][timezone]=America%2FDenver&e[0][title]=Bookmobile%20Stop%20at%20Greenspire&e[0][description]=635%20Moonglow%20Dr%20-%20Windsor&e[0][location]=Bookmobile%20-%20",FAILED,""
"https://clearview.libnet.info/event/17286675","https://addtocalendar.com/atc/yahoo?utz=0&uln=en-US@posix&vjs=1.5&e[0][date_start]=2026-11-10%2016%3A30%3A00&e[0][date_end]=2026-11-10%2017%3A00%3A00&e[0][timezone]=America%2FDenver&e[0][title]=Bookmobile%20Stop%20at%20Greenspire&e[0][description]=635%20Moonglow%20Dr%20-%20Windsor&e[0][location]=Bookmobile%20-%20",FAILED,""
"https://clearview.libnet.info/event/17428482","https://addtocalendar.com/atc/ical?utz=0&uln=en-US@posix&vjs=1.5&e[0][date_start]=2026-11-10%2016%3A30%3A00&e[0][date_end]=2026-11-10%2017%3A45%3A00&e[0][timezone]=America%2FDenver&e[0][title]=Teen%20Cookbook%20Club&e[0][description]=Our%20cookbook%20club%20is%20for%20teens%20who%20love%20to%20cook%20(regardless%20of%20experience).%20We%E2%80%99ll%20explore%20a%20featured%20cookbook%20and%20then%20make%20a%20simple%20recipe.&e[0][location]=Severance%20Library%20-%20Cottonwood",FAILED,""
"https://clearview.libnet.info/event/17428482","https://addtocalendar.com/atc/google?utz=0&uln=en-US@posix&vjs=1.5&e[0][date_start]=2026-11-10%2016%3A30%3A00&e[0][date_end]=2026-11-10%2017%3A45%3A00&e[0][timezone]=America%2FDenver&e[0][title]=Teen%20Cookbook%20Club&e[0][description]=Our%20cookbook%20club%20is%20for%20teens%20who%20love%20to%20cook%20(regardless%20of%20experience).%20We%E2%80%99ll%20explore%20a%20featured%20cookbook%20and%20then%20make%20a%20simple%20recipe.&e[0][location]=Severance%20Library%20-%20Cottonwood",FAILED,""
"https://clearview.libnet.info/event/17428482","https://addtocalendar.com/atc/outlook?utz=0&uln=en-US@posix&vjs=1.5&e[0][date_start]=2026-11-10%2016%3A30%3A00&e[0][date_end]=2026-11-10%2017%3A45%3A00&e[0][timezone]=America%2FDenver&e[0][title]=Teen%20Cookbook%20Club&e[0][description]=Our%20cookbook%20club%20is%20for%20teens%20who%20love%20to%20cook%20(regardless%20of%20experience).%20We%E2%80%99ll%20explore%20a%20featured%20cookbook%20and%20then%20make%20a%20simple%20recipe.&e[0][location]=Severance%20Library%20-%20Cottonwood",FAILED,""
"https://clearview.libnet.info/event/17428482","https://addtocalendar.com/atc/outlookonline?utz=0&uln=en-US@posix&vjs=1.5&e[0][date_start]=2026-11-10%2016%3A30%3A00&e[0][date_end]=2026-11-10%2017%3A45%3A00&e[0][timezone]=America%2FDenver&e[0][title]=Teen%20Cookbook%20Club&e[0][description]=Our%20cookbook%20club%20is%20for%20teens%20who%20love%20to%20cook%20(regardless%20of%20experience).%20We%E2%80%99ll%20explore%20a%20featured%20cookbook%20and%20then%20make%20a%20simple%20recipe.&e[0][location]=Severance%20Library%20-%20Cottonwood",FAILED,""
"https://clearview.libnet.info/event/17428482","https://addtocalendar.com/atc/yahoo?utz=0&uln=en-US@posix&vjs=1.5&e[0][date_start]=2026-11-10%2016%3A30%3A00&e[0][date_end]=2026-11-10%2017%3A45%3A00&e[0][timezone]=America%2FDenver&e[0][title]=Teen%20Cookbook%20Club&e[0][description]=Our%20cookbook%20club%20is%20for%20teens%20who%20love%20to%20cook%20(regardless%20of%20experience).%20We%E2%80%99ll%20explore%20a%20featured%20cookbook%20and%20then%20make%20a%20simple%20recipe.&e[0][location]=Severance%20Library%20-%20Cottonwood",FAILED,""
"https://clearview.libnet.info/event/17452652","https://addtocalendar.com/atc/ical?utz=0&uln=en-US@posix&vjs=1.5&e[0][date_start]=2026-11-10%2017%3A00%3A00&e[0][date_end]=2026-11-10%2018%3A30%3A00&e[0][timezone]=America%2FDenver&e[0][title]=Chickening%20101&e[0][description]=Join%20us%20for%20an%20interactive%20introduction%20to%20keeping%20hens%20at%20home.&e[0][location]=Windsor%20Library%20-%20Pikes%20Peak",FAILED,""
"https://clearview.libnet.info/event/17452652","https://addtocalendar.com/atc/google?utz=0&uln=en-US@posix&vjs=1.5&e[0][date_start]=2026-11-10%2017%3A00%3A00&e[0][date_end]=2026-11-10%2018%3A30%3A00&e[0][timezone]=America%2FDenver&e[0][title]=Chickening%20101&e[0][description]=Join%20us%20for%20an%20interactive%20introduction%20to%20keeping%20hens%20at%20home.&e[0][location]=Windsor%20Library%20-%20Pikes%20Peak",FAILED,""
"https://clearview.libnet.info/event/17452652","https://addtocalendar.com/atc/outlook?utz=0&uln=en-US@posix&vjs=1.5&e[0][date_start]=2026-11-10%2017%3A00%3A00&e[0][date_end]=2026-11-10%2018%3A30%3A00&e[0][timezone]=America%2FDenver&e[0][title]=Chickening%20101&e[0][description]=Join%20us%20for%20an%20interactive%20introduction%20to%20keeping%20hens%20at%20home.&e[0][location]=Windsor%20Library%20-%20Pikes%20Peak",FAILED,""
"https://clearview.libnet.info/event/17452652","https://addtocalendar.com/atc/outlookonline?utz=0&uln=en-US@posix&vjs=1.5&e[0][date_start]=2026-11-10%2017%3A00%3A00&e[0][date_end]=2026-11-10%2018%3A30%3A00&e[0][timezone]=America%2FDenver&e[0][title]=Chickening%20101&e[0][description]=Join%20us%20for%20an%20interactive%20introduction%20to%20keeping%20hens%20at%20home.&e[0][location]=Windsor%20Library%20-%20Pikes%20Peak",FAILED,""
"https://clearview.libnet.info/event/17452652","https://addtocalendar.com/atc/yahoo?utz=0&uln=en-US@posix&vjs=1.5&e[0][date_start]=2026-11-10%2017%3A00%3A00&e[0][date_end]=2026-11-10%2018%3A30%3A00&e[0][timezone]=America%2FDenver&e[0][title]=Chickening%20101&e[0][description]=Join%20us%20for%20an%20interactive%20introduction%20to%20keeping%20hens%20at%20home.&e[0][location]=Windsor%20Library%20-%20Pikes%20Peak",FAILED,""
"https://clearview.libnet.info/event/17286680","https://addtocalendar.com/atc/ical?utz=0&uln=en-US@posix&vjs=1.5&e[0][date_start]=2026-11-10%2017%3A30%3A00&e[0][date_end]=2026-11-10%2018%3A00%3A00&e[0][timezone]=America%2FDenver&e[0][title]=Bookmobile%20Stop%20at%20The%20Ridge%20Park%20&e[0][description]=5005%20Harmony%20Ridge%20Pkwy%20-%20Windsor&e[0][location]=Bookmobile%20-%20",FAILED,""
"https://clearview.libnet.info/event/17286680","https://addtocalendar.com/atc/google?utz=0&uln=en-US@posix&vjs=1.5&e[0][date_start]=2026-11-10%2017%3A30%3A00&e[0][date_end]=2026-11-10%2018%3A00%3A00&e[0][timezone]=America%2FDenver&e[0][title]=Bookmobile%20Stop%20at%20The%20Ridge%20Park%20&e[0][description]=5005%20Harmony%20Ridge%20Pkwy%20-%20Windsor&e[0][location]=Bookmobile%20-%20",FAILED,""
"https://clearview.libnet.info/event/17286680","https://addtocalendar.com/atc/outlook?utz=0&uln=en-US@posix&vjs=1.5&e[0][date_start]=2026-11-10%2017%3A30%3A00&e[0][date_end]=2026-11-10%2018%3A00%3A00&e[0][timezone]=America%2FDenver&e[0][title]=Bookmobile%20Stop%20at%20The%20Ridge%20Park%20&e[0][description]=5005%20Harmony%20Ridge%20Pkwy%20-%20Windsor&e[0][location]=Bookmobile%20-%20",FAILED,""
"https://clearview.libnet.info/event/17286680","https://addtocalendar.com/atc/outlookonline?utz=0&uln=en-US@posix&vjs=1.5&e[0][date_start]=2026-11-10%2017%3A30%3A00&e[0][date_end]=2026-11-10%2018%3A00%3A00&e[0][timezone]=America%2FDenver&e[0][title]=Bookmobile%20Stop%20at%20The%20Ridge%20Park%20&e[0][description]=5005%20Harmony%20Ridge%20Pkwy%20-%20Windsor&e[0][location]=Bookmobile%20-%20",FAILED,""
"https://clearview.libnet.info/event/17286680","https://addtocalendar.com/atc/yahoo?utz=0&uln=en-US@posix&vjs=1.5&e[0][date_start]=2026-11-10%2017%3A30%3A00&e[0][date_end]=2026-11-10%2018%3A00%3A00&e[0][timezone]=America%2FDenver&e[0][title]=Bookmobile%20Stop%20at%20The%20Ridge%20Park%20&e[0][description]=5005%20Harmony%20Ridge%20Pkwy%20-%20Windsor&e[0][location]=Bookmobile%20-%20",FAILED,""
"https://clearview.libnet.info/event/17428980","https://addtocalendar.com/atc/ical?utz=0&uln=en-US@posix&vjs=1.5&e[0][date_start]=2026-11-11%2010%3A00%3A00&e[0][date_end]=2026-11-11%2010%3A30%3A00&e[0][timezone]=America%2FDenver&e[0][title]=Adaptive%20Storytime%20with%20ASL&e[0][description]=Join%20us%20for%20a%20sensory-friendly%20storytime%2C%20incorporating%20basic%20ASL%20and%20designed%20for%20children%20of%20all%20abilities%2C%20needs%2C%20and%20learning%20styles.%20For%20ages%200-5.%20Older%20children%20and%20siblings%20are%20welcome.&e[0][location]=Windsor%20Library%20-%20Pikes%20Peak",FAILED,""
"https://clearview.libnet.info/event/17428980","https://addtocalendar.com/atc/google?utz=0&uln=en-US@posix&vjs=1.5&e[0][date_start]=2026-11-11%2010%3A00%3A00&e[0][date_end]=2026-11-11%2010%3A30%3A00&e[0][timezone]=America%2FDenver&e[0][title]=Adaptive%20Storytime%20with%20ASL&e[0][description]=Join%20us%20for%20a%20sensory-friendly%20storytime%2C%20incorporating%20basic%20ASL%20and%20designed%20for%20children%20of%20all%20abilities%2C%20needs%2C%20and%20learning%20styles.%20For%20ages%200-5.%20Older%20children%20and%20siblings%20are%20welcome.&e[0][location]=Windsor%20Library%20-%20Pikes%20Peak",FAILED,""
"https://clearview.libnet.info/event/17428980","https://addtocalendar.com/atc/outlook?utz=0&uln=en-US@posix&vjs=1.5&e[0][date_start]=2026-11-11%2010%3A00%3A00&e[0][date_end]=2026-11-11%2010%3A30%3A00&e[0][timezone]=America%2FDenver&e[0][title]=Adaptive%20Storytime%20with%20ASL&e[0][description]=Join%20us%20for%20a%20sensory-friendly%20storytime%2C%20incorporating%20basic%20ASL%20and%20designed%20for%20children%20of%20all%20abilities%2C%20needs%2C%20and%20learning%20styles.%20For%20ages%200-5.%20Older%20children%20and%20siblings%20are%20welcome.&e[0][location]=Windsor%20Library%20-%20Pikes%20Peak",FAILED,""
"https://clearview.libnet.info/event/17428980","https://addtocalendar.com/atc/outlookonline?utz=0&uln=en-US@posix&vjs=1.5&e[0][date_start]=2026-11-11%2010%3A00%3A00&e[0][date_end]=2026-11-11%2010%3A30%3A00&e[0][timezone]=America%2FDenver&e[0][title]=Adaptive%20Storytime%20with%20ASL&e[0][description]=Join%20us%20for%20a%20sensory-friendly%20storytime%2C%20incorporating%20basic%20ASL%20and%20designed%20for%20children%20of%20all%20abilities%2C%20needs%2C%20and%20learning%20styles.%20For%20ages%200-5.%20Older%20children%20and%20siblings%20are%20welcome.&e[0][location]=Windsor%20Library%20-%20Pikes%20Peak",FAILED,""
"https://clearview.libnet.info/event/17428980","https://addtocalendar.com/atc/yahoo?utz=0&uln=en-US@posix&vjs=1.5&e[0][date_start]=2026-11-11%2010%3A00%3A00&e[0][date_end]=2026-11-11%2010%3A30%3A00&e[0][timezone]=America%2FDenver&e[0][title]=Adaptive%20Storytime%20with%20ASL&e[0][description]=Join%20us%20for%20a%20sensory-friendly%20storytime%2C%20incorporating%20basic%20ASL%20and%20designed%20for%20children%20of%20all%20abilities%2C%20needs%2C%20and%20learning%20styles.%20For%20ages%200-5.%20Older%20children%20and%20siblings%20are%20welcome.&e[0][location]=Windsor%20Library%20-%20Pikes%20Peak",FAILED,""
"https://clearview.libnet.info/event/17430460","https://addtocalendar.com/atc/ical?utz=0&uln=en-US@posix&vjs=1.5&e[0][date_start]=2026-11-11%2010%3A00%3A00&e[0][date_end]=2026-11-11%2010%3A30%3A00&e[0][timezone]=America%2FDenver&e[0][title]=Babies%20and%20Books&e[0][description]=Grow%20your%20reader%20as%20we%20enjoy%20books%2C%20rhymes%2C%20songs%2C%20sensory%20activities%2C%20and%20active%20movement%20during%20this%20lapsit%20storytime.%20For%20ages%20birth%20to%202%20years.%20Older%20siblings%20welcome.&e[0][location]=Severance%20Library%20-%20Cottonwood",FAILED,""
"https://clearview.libnet.info/event/17430460","https://addtocalendar.com/atc/google?utz=0&uln=en-US@posix&vjs=1.5&e[0][date_start]=2026-11-11%2010%3A00%3A00&e[0][date_end]=2026-11-11%2010%3A30%3A00&e[0][timezone]=America%2FDenver&e[0][title]=Babies%20and%20Books&e[0][description]=Grow%20your%20reader%20as%20we%20enjoy%20books%2C%20rhymes%2C%20songs%2C%20sensory%20activities%2C%20and%20active%20movement%20during%20this%20lapsit%20storytime.%20For%20ages%20birth%20to%202%20years.%20Older%20siblings%20welcome.&e[0][location]=Severance%20Library%20-%20Cottonwood",FAILED,""
"https://clearview.libnet.info/event/17430460","https://addtocalendar.com/atc/outlook?utz=0&uln=en-US@posix&vjs=1.5&e[0][date_start]=2026-11-11%2010%3A00%3A00&e[0][date_end]=2026-11-11%2010%3A30%3A00&e[0][timezone]=America%2FDenver&e[0][title]=Babies%20and%20Books&e[0][description]=Grow%20your%20reader%20as%20we%20enjoy%20books%2C%20rhymes%2C%20songs%2C%20sensory%20activities%2C%20and%20active%20movement%20during%20this%20lapsit%20storytime.%20For%20ages%20birth%20to%202%20years.%20Older%20siblings%20welcome.&e[0][location]=Severance%20Library%20-%20Cottonwood",FAILED,""
"https://clearview.libnet.info/event/17430460","https://addtocalendar.com/atc/outlookonline?utz=0&uln=en-US@posix&vjs=1.5&e[0][date_start]=2026-11-11%2010%3A00%3A00&e[0][date_end]=2026-11-11%2010%3A30%3A00&e[0][timezone]=America%2FDenver&e[0][title]=Babies%20and%20Books&e[0][description]=Grow%20your%20reader%20as%20we%20enjoy%20books%2C%20rhymes%2C%20songs%2C%20sensory%20activities%2C%20and%20active%20movement%20during%20this%20lapsit%20storytime.%20For%20ages%20birth%20to%202%20years.%20Older%20siblings%20welcome.&e[0][location]=Severance%20Library%20-%20Cottonwood",FAILED,""
"https://clearview.libnet.info/event/17430460","https://addtocalendar.com/atc/yahoo?utz=0&uln=en-US@posix&vjs=1.5&e[0][date_start]=2026-11-11%2010%3A00%3A00&e[0][date_end]=2026-11-11%2010%3A30%3A00&e[0][timezone]=America%2FDenver&e[0][title]=Babies%20and%20Books&e[0][description]=Grow%20your%20reader%20as%20we%20enjoy%20books%2C%20rhymes%2C%20songs%2C%20sensory%20activities%2C%20and%20active%20movement%20during%20this%20lapsit%20storytime.%20For%20ages%20birth%20to%202%20years.%20Older%20siblings%20welcome.&e[0][location]=Severance%20Library%20-%20Cottonwood",FAILED,""
"https://clearview.libnet.info/event/17430516","https://addtocalendar.com/atc/ical?utz=0&uln=en-US@posix&vjs=1.5&e[0][date_start]=2026-11-11%2010%3A30%3A00&e[0][date_end]=2026-11-11%2011%3A00%3A00&e[0][timezone]=America%2FDenver&e[0][title]=Stay%20and%20Play%20&e[0][description]=Babies%20and%20toddlers%20will%20enjoy%20open-ended%20playtime%20in%20a%20relaxed%20atmosphere%20that%20promotes%20growth%2C%20exploration%2C%20and%20learning.%20Intended%20for%20children%20ages%200%20to%202%20and%20their%20caregivers%20or%20families.&e[0][location]=Severance%20Library%20-%20Cottonwood",FAILED,""
"https://clearview.libnet.info/event/17430516","https://addtocalendar.com/atc/google?utz=0&uln=en-US@posix&vjs=1.5&e[0][date_start]=2026-11-11%2010%3A30%3A00&e[0][date_end]=2026-11-11%2011%3A00%3A00&e[0][timezone]=America%2FDenver&e[0][title]=Stay%20and%20Play%20&e[0][description]=Babies%20and%20toddlers%20will%20enjoy%20open-ended%20playtime%20in%20a%20relaxed%20atmosphere%20that%20promotes%20growth%2C%20exploration%2C%20and%20learning.%20Intended%20for%20children%20ages%200%20to%202%20and%20their%20caregivers%20or%20families.&e[0][location]=Severance%20Library%20-%20Cottonwood",FAILED,""
"https://clearview.libnet.info/event/17430516","https://addtocalendar.com/atc/outlook?utz=0&uln=en-US@posix&vjs=1.5&e[0][date_start]=2026-11-11%2010%3A30%3A00&e[0][date_end]=2026-11-11%2011%3A00%3A00&e[0][timezone]=America%2FDenver&e[0][title]=Stay%20and%20Play%20&e[0][description]=Babies%20and%20toddlers%20will%20enjoy%20open-ended%20playtime%20in%20a%20relaxed%20atmosphere%20that%20promotes%20growth%2C%20exploration%2C%20and%20learning.%20Intended%20for%20children%20ages%200%20to%202%20and%20their%20caregivers%20or%20families.&e[0][location]=Severance%20Library%20-%20Cottonwood",FAILED,""
"https://clearview.libnet.info/event/17430516","https://addtocalendar.com/atc/outlookonline?utz=0&uln=en-US@posix&vjs=1.5&e[0][date_start]=2026-11-11%2010%3A30%3A00&e[0][date_end]=2026-11-11%2011%3A00%3A00&e[0][timezone]=America%2FDenver&e[0][title]=Stay%20and%20Play%20&e[0][description]=Babies%20and%20toddlers%20will%20enjoy%20open-ended%20playtime%20in%20a%20relaxed%20atmosphere%20that%20promotes%20growth%2C%20exploration%2C%20and%20learning.%20Intended%20for%20children%20ages%200%20to%202%20and%20their%20caregivers%20or%20families.&e[0][location]=Severance%20Library%20-%20Cottonwood",FAILED,""
"https://clearview.libnet.info/event/17430516","https://addtocalendar.com/atc/yahoo?utz=0&uln=en-US@posix&vjs=1.5&e[0][date_start]=2026-11-11%2010%3A30%3A00&e[0][date_end]=2026-11-11%2011%3A00%3A00&e[0][timezone]=America%2FDenver&e[0][title]=Stay%20and%20Play%20&e[0][description]=Babies%20and%20toddlers%20will%20enjoy%20open-ended%20playtime%20in%20a%20relaxed%20atmosphere%20that%20promotes%20growth%2C%20exploration%2C%20and%20learning.%20Intended%20for%20children%20ages%200%20to%202%20and%20their%20caregivers%20or%20families.&e[0][location]=Severance%20Library%20-%20Cottonwood",FAILED,""
"https://clearview.libnet.info/event/17286695","https://addtocalendar.com/atc/ical?utz=0&uln=en-US@posix&vjs=1.5&e[0][date_start]=2026-11-11%2014%3A30%3A00&e[0][date_end]=2026-11-11%2015%3A00%3A00&e[0][timezone]=America%2FDenver&e[0][title]=Bookmobile%20Stop%20at%20Poudre%20Heights%20Park%20&e[0][description]=1670%20Green%20River%20Dr%20-%20Windsor&e[0][location]=Bookmobile%20-%20",FAILED,""
"https://clearview.libnet.info/event/17286695","https://addtocalendar.com/atc/google?utz=0&uln=en-US@posix&vjs=1.5&e[0][date_start]=2026-11-11%2014%3A30%3A00&e[0][date_end]=2026-11-11%2015%3A00%3A00&e[0][timezone]=America%2FDenver&e[0][title]=Bookmobile%20Stop%20at%20Poudre%20Heights%20Park%20&e[0][description]=1670%20Green%20River%20Dr%20-%20Windsor&e[0][location]=Bookmobile%20-%20",FAILED,""
"https://clearview.libnet.info/event/17286695","https://addtocalendar.com/atc/outlook?utz=0&uln=en-US@posix&vjs=1.5&e[0][date_start]=2026-11-11%2014%3A30%3A00&e[0][date_end]=2026-11-11%2015%3A00%3A00&e[0][timezone]=America%2FDenver&e[0][title]=Bookmobile%20Stop%20at%20Poudre%20Heights%20Park%20&e[0][description]=1670%20Green%20River%20Dr%20-%20Windsor&e[0][location]=Bookmobile%20-%20",FAILED,""
"https://clearview.libnet.info/event/17286695","https://addtocalendar.com/atc/outlookonline?utz=0&uln=en-US@posix&vjs=1.5&e[0][date_start]=2026-11-11%2014%3A30%3A00&e[0][date_end]=2026-11-11%2015%3A00%3A00&e[0][timezone]=America%2FDenver&e[0][title]=Bookmobile%20Stop%20at%20Poudre%20Heights%20Park%20&e[0][description]=1670%20Green%20River%20Dr%20-%20Windsor&e[0][location]=Bookmobile%20-%20",FAILED,""
"https://clearview.libnet.info/event/17286695","https://addtocalendar.com/atc/yahoo?utz=0&uln=en-US@posix&vjs=1.5&e[0][date_start]=2026-11-11%2014%3A30%3A00&e[0][date_end]=2026-11-11%2015%3A00%3A00&e[0][timezone]=America%2FDenver&e[0][title]=Bookmobile%20Stop%20at%20Poudre%20Heights%20Park%20&e[0][description]=1670%20Green%20River%20Dr%20-%20Windsor&e[0][location]=Bookmobile%20-%20",FAILED,""
"https://clearview.libnet.info/event/17286700","https://addtocalendar.com/atc/ical?utz=0&uln=en-US@posix&vjs=1.5&e[0][date_start]=2026-11-11%2015%3A30%3A00&e[0][date_end]=2026-11-11%2016%3A00%3A00&e[0][timezone]=America%2FDenver&e[0][title]=Bookmobile%20Stop%20at%20Founders%20Green%20Park&e[0][description]=1201%20Grand%20Ave%20-%20Windsor%20&e[0][location]=Bookmobile%20-%20",FAILED,""
"https://clearview.libnet.info/event/17286700","https://addtocalendar.com/atc/google?utz=0&uln=en-US@posix&vjs=1.5&e[0][date_start]=2026-11-11%2015%3A30%3A00&e[0][date_end]=2026-11-11%2016%3A00%3A00&e[0][timezone]=America%2FDenver&e[0][title]=Bookmobile%20Stop%20at%20Founders%20Green%20Park&e[0][description]=1201%20Grand%20Ave%20-%20Windsor%20&e[0][location]=Bookmobile%20-%20",FAILED,""
"https://clearview.libnet.info/event/17286700","https://addtocalendar.com/atc/outlook?utz=0&uln=en-US@posix&vjs=1.5&e[0][date_start]=2026-11-11%2015%3A30%3A00&e[0][date_end]=2026-11-11%2016%3A00%3A00&e[0][timezone]=America%2FDenver&e[0][title]=Bookmobile%20Stop%20at%20Founders%20Green%20Park&e[0][description]=1201%20Grand%20Ave%20-%20Windsor%20&e[0][location]=Bookmobile%20-%20",FAILED,""
"https://clearview.libnet.info/event/17286700","https://addtocalendar.com/atc/outlookonline?utz=0&uln=en-US@posix&vjs=1.5&e[0][date_start]=2026-11-11%2015%3A30%3A00&e[0][date_end]=2026-11-11%2016%3A00%3A00&e[0][timezone]=America%2FDenver&e[0][title]=Bookmobile%20Stop%20at%20Founders%20Green%20Park&e[0][description]=1201%20Grand%20Ave%20-%20Windsor%20&e[0][location]=Bookmobile%20-%20",FAILED,""
"https://clearview.libnet.info/event/17286700","https://addtocalendar.com/atc/yahoo?utz=0&uln=en-US@posix&vjs=1.5&e[0][date_start]=2026-11-11%2015%3A30%3A00&e[0][date_end]=2026-11-11%2016%3A00%3A00&e[0][timezone]=America%2FDenver&e[0][title]=Bookmobile%20Stop%20at%20Founders%20Green%20Park&e[0][description]=1201%20Grand%20Ave%20-%20Windsor%20&e[0][location]=Bookmobile%20-%20",FAILED,""
"https://clearview.libnet.info/event/17286704","https://addtocalendar.com/atc/ical?utz=0&uln=en-US@posix&vjs=1.5&e[0][date_start]=2026-11-11%2016%3A30%3A00&e[0][date_end]=2026-11-11%2017%3A00%3A00&e[0][timezone]=America%2FDenver&e[0][title]=Bookmobile%20Stop%20at%20Cherry%20Park%20at%20RainDance%20&e[0][description]=Heirloom%20Dr%20-%20Windsor&e[0][location]=Bookmobile%20-%20",FAILED,""
"https://clearview.libnet.info/event/17286704","https://addtocalendar.com/atc/google?utz=0&uln=en-US@posix&vjs=1.5&e[0][date_start]=2026-11-11%2016%3A30%3A00&e[0][date_end]=2026-11-11%2017%3A00%3A00&e[0][timezone]=America%2FDenver&e[0][title]=Bookmobile%20Stop%20at%20Cherry%20Park%20at%20RainDance%20&e[0][description]=Heirloom%20Dr%20-%20Windsor&e[0][location]=Bookmobile%20-%20",FAILED,""
"https://clearview.libnet.info/event/17286704","https://addtocalendar.com/atc/outlook?utz=0&uln=en-US@posix&vjs=1.5&e[0][date_start]=2026-11-11%2016%3A30%3A00&e[0][date_end]=2026-11-11%2017%3A00%3A00&e[0][timezone]=America%2FDenver&e[0][title]=Bookmobile%20Stop%20at%20Cherry%20Park%20at%20RainDance%20&e[0][description]=Heirloom%20Dr%20-%20Windsor&e[0][location]=Bookmobile%20-%20",FAILED,""
"https://clearview.libnet.info/event/17286704","https://addtocalendar.com/atc/outlookonline?utz=0&uln=en-US@posix&vjs=1.5&e[0][date_start]=2026-11-11%2016%3A30%3A00&e[0][date_end]=2026-11-11%2017%3A00%3A00&e[0][timezone]=America%2FDenver&e[0][title]=Bookmobile%20Stop%20at%20Cherry%20Park%20at%20RainDance%20&e[0][description]=Heirloom%20Dr%20-%20Windsor&e[0][location]=Bookmobile%20-%20",FAILED,""
"https://clearview.libnet.info/event/17286704","https://addtocalendar.com/atc/yahoo?utz=0&uln=en-US@posix&vjs=1.5&e[0][date_start]=2026-11-11%2016%3A30%3A00&e[0][date_end]=2026-11-11%2017%3A00%3A00&e[0][timezone]=America%2FDenver&e[0][title]=Bookmobile%20Stop%20at%20Cherry%20Park%20at%20RainDance%20&e[0][description]=Heirloom%20Dr%20-%20Windsor&e[0][location]=Bookmobile%20-%20",FAILED,""
"https://clearview.libnet.info/event/17426775","https://addtocalendar.com/atc/ical?utz=0&uln=en-US@posix&vjs=1.5&e[0][date_start]=2026-11-11%2016%3A30%3A00&e[0][date_end]=2026-11-11%2017%3A30%3A00&e[0][timezone]=America%2FDenver&e[0][title]=Chess%20Club&e[0][description]=Join%20our%20Chess%20Club%20for%20youth%20ages%206-18!%20Develop%20strategic%20thinking%20skills%2C%20engage%20in%20friendly%20chess%20matches%2C%20and%20make%20new%20friends.%20All%20skill%20levels%20welcome!&e[0][location]=Severance%20Library%20-%20Cottonwood",FAILED,""
"https://clearview.libnet.info/event/17426775","https://addtocalendar.com/atc/google?utz=0&uln=en-US@posix&vjs=1.5&e[0][date_start]=2026-11-11%2016%3A30%3A00&e[0][date_end]=2026-11-11%2017%3A30%3A00&e[0][timezone]=America%2FDenver&e[0][title]=Chess%20Club&e[0][description]=Join%20our%20Chess%20Club%20for%20youth%20ages%206-18!%20Develop%20strategic%20thinking%20skills%2C%20engage%20in%20friendly%20chess%20matches%2C%20and%20make%20new%20friends.%20All%20skill%20levels%20welcome!&e[0][location]=Severance%20Library%20-%20Cottonwood",FAILED,""
"https://clearview.libnet.info/event/17426775","https://addtocalendar.com/atc/outlook?utz=0&uln=en-US@posix&vjs=1.5&e[0][date_start]=2026-11-11%2016%3A30%3A00&e[0][date_end]=2026-11-11%2017%3A30%3A00&e[0][timezone]=America%2FDenver&e[0][title]=Chess%20Club&e[0][description]=Join%20our%20Chess%20Club%20for%20youth%20ages%206-18!%20Develop%20strategic%20thinking%20skills%2C%20engage%20in%20friendly%20chess%20matches%2C%20and%20make%20new%20friends.%20All%20skill%20levels%20welcome!&e[0][location]=Severance%20Library%20-%20Cottonwood",FAILED,""
"https://clearview.libnet.info/event/17426775","https://addtocalendar.com/atc/outlookonline?utz=0&uln=en-US@posix&vjs=1.5&e[0][date_start]=2026-11-11%2016%3A30%3A00&e[0][date_end]=2026-11-11%2017%3A30%3A00&e[0][timezone]=America%2FDenver&e[0][title]=Chess%20Club&e[0][description]=Join%20our%20Chess%20Club%20for%20youth%20ages%206-18!%20Develop%20strategic%20thinking%20skills%2C%20engage%20in%20friendly%20chess%20matches%2C%20and%20make%20new%20friends.%20All%20skill%20levels%20welcome!&e[0][location]=Severance%20Library%20-%20Cottonwood",FAILED,""
"https://clearview.libnet.info/event/17426775","https://addtocalendar.com/atc/yahoo?utz=0&uln=en-US@posix&vjs=1.5&e[0][date_start]=2026-11-11%2016%3A30%3A00&e[0][date_end]=2026-11-11%2017%3A30%3A00&e[0][timezone]=America%2FDenver&e[0][title]=Chess%20Club&e[0][description]=Join%20our%20Chess%20Club%20for%20youth%20ages%206-18!%20Develop%20strategic%20thinking%20skills%2C%20engage%20in%20friendly%20chess%20matches%2C%20and%20make%20new%20friends.%20All%20skill%20levels%20welcome!&e[0][location]=Severance%20Library%20-%20Cottonwood",FAILED,""
"https://clearview.libnet.info/event/17447959","https://addtocalendar.com/atc/ical?utz=0&uln=en-US@posix&vjs=1.5&e[0][date_start]=2026-11-11%2016%3A30%3A00&e[0][date_end]=2026-11-11%2017%3A30%3A00&e[0][timezone]=America%2FDenver&e[0][title]=The%20Scene&e[0][description]=This%20month%2C%20deconstruct%20a%20troll%20doll%20and%20recreate%20its%20hair%20out%20of%20any%20materials%20you%20choose!%20Tween%20Time%20is%20now%20The%20Scene.%20For%20kids%20ages%209-12.&e[0][location]=Windsor%20Library%20-%20Pikes%20Peak",FAILED,""
"https://clearview.libnet.info/event/17447959","https://addtocalendar.com/atc/google?utz=0&uln=en-US@posix&vjs=1.5&e[0][date_start]=2026-11-11%2016%3A30%3A00&e[0][date_end]=2026-11-11%2017%3A30%3A00&e[0][timezone]=America%2FDenver&e[0][title]=The%20Scene&e[0][description]=This%20month%2C%20deconstruct%20a%20troll%20doll%20and%20recreate%20its%20hair%20out%20of%20any%20materials%20you%20choose!%20Tween%20Time%20is%20now%20The%20Scene.%20For%20kids%20ages%209-12.&e[0][location]=Windsor%20Library%20-%20Pikes%20Peak",FAILED,""
"https://clearview.libnet.info/event/17447959","https://addtocalendar.com/atc/outlook?utz=0&uln=en-US@posix&vjs=1.5&e[0][date_start]=2026-11-11%2016%3A30%3A00&e[0][date_end]=2026-11-11%2017%3A30%3A00&e[0][timezone]=America%2FDenver&e[0][title]=The%20Scene&e[0][description]=This%20month%2C%20deconstruct%20a%20troll%20doll%20and%20recreate%20its%20hair%20out%20of%20any%20materials%20you%20choose!%20Tween%20Time%20is%20now%20The%20Scene.%20For%20kids%20ages%209-12.&e[0][location]=Windsor%20Library%20-%20Pikes%20Peak",FAILED,""
"https://clearview.libnet.info/event/17447959","https://addtocalendar.com/atc/outlookonline?utz=0&uln=en-US@posix&vjs=1.5&e[0][date_start]=2026-11-11%2016%3A30%3A00&e[0][date_end]=2026-11-11%2017%3A30%3A00&e[0][timezone]=America%2FDenver&e[0][title]=The%20Scene&e[0][description]=This%20month%2C%20deconstruct%20a%20troll%20doll%20and%20recreate%20its%20hair%20out%20of%20any%20materials%20you%20choose!%20Tween%20Time%20is%20now%20The%20Scene.%20For%20kids%20ages%209-12.&e[0][location]=Windsor%20Library%20-%20Pikes%20Peak",FAILED,""
"https://clearview.libnet.info/event/17447959","https://addtocalendar.com/atc/yahoo?utz=0&uln=en-US@posix&vjs=1.5&e[0][date_start]=2026-11-11%2016%3A30%3A00&e[0][date_end]=2026-11-11%2017%3A30%3A00&e[0][timezone]=America%2FDenver&e[0][title]=The%20Scene&e[0][description]=This%20month%2C%20deconstruct%20a%20troll%20doll%20and%20recreate%20its%20hair%20out%20of%20any%20materials%20you%20choose!%20Tween%20Time%20is%20now%20The%20Scene.%20For%20kids%20ages%209-12.&e[0][location]=Windsor%20Library%20-%20Pikes%20Peak",FAILED,""
"https://clearview.libnet.info/event/17286712","https://addtocalendar.com/atc/ical?utz=0&uln=en-US@posix&vjs=1.5&e[0][date_start]=2026-11-11%2017%3A30%3A00&e[0][date_end]=2026-11-11%2018%3A00%3A00&e[0][timezone]=America%2FDenver&e[0][title]=Bookmobile%20Stop%20at%20Pelican%20Farms%20Park&e[0][description]=Kestrel%20Dr%20-%20Windsor&e[0][location]=Bookmobile%20-%20",FAILED,""
"https://clearview.libnet.info/event/17286712","https://addtocalendar.com/atc/google?utz=0&uln=en-US@posix&vjs=1.5&e[0][date_start]=2026-11-11%2017%3A30%3A00&e[0][date_end]=2026-11-11%2018%3A00%3A00&e[0][timezone]=America%2FDenver&e[0][title]=Bookmobile%20Stop%20at%20Pelican%20Farms%20Park&e[0][description]=Kestrel%20Dr%20-%20Windsor&e[0][location]=Bookmobile%20-%20",FAILED,""
"https://clearview.libnet.info/event/17286712","https://addtocalendar.com/atc/outlook?utz=0&uln=en-US@posix&vjs=1.5&e[0][date_start]=2026-11-11%2017%3A30%3A00&e[0][date_end]=2026-11-11%2018%3A00%3A00&e[0][timezone]=America%2FDenver&e[0][title]=Bookmobile%20Stop%20at%20Pelican%20Farms%20Park&e[0][description]=Kestrel%20Dr%20-%20Windsor&e[0][location]=Bookmobile%20-%20",FAILED,""
"https://clearview.libnet.info/event/17286712","https://addtocalendar.com/atc/outlookonline?utz=0&uln=en-US@posix&vjs=1.5&e[0][date_start]=2026-11-11%2017%3A30%3A00&e[0][date_end]=2026-11-11%2018%3A00%3A00&e[0][timezone]=America%2FDenver&e[0][title]=Bookmobile%20Stop%20at%20Pelican%20Farms%20Park&e[0][description]=Kestrel%20Dr%20-%20Windsor&e[0][location]=Bookmobile%20-%20",FAILED,""
"https://clearview.libnet.info/event/17286712","https://addtocalendar.com/atc/yahoo?utz=0&uln=en-US@posix&vjs=1.5&e[0][date_start]=2026-11-11%2017%3A30%3A00&e[0][date_end]=2026-11-11%2018%3A00%3A00&e[0][timezone]=America%2FDenver&e[0][title]=Bookmobile%20Stop%20at%20Pelican%20Farms%20Park&e[0][description]=Kestrel%20Dr%20-%20Windsor&e[0][location]=Bookmobile%20-%20",FAILED,""
"https://clearview.libnet.info/event/17450251","https://addtocalendar.com/atc/ical?utz=0&uln=en-US@posix&vjs=1.5&e[0][date_start]=2026-11-12%2010%3A00%3A00&e[0][date_end]=2026-11-12%2011%3A30%3A00&e[0][timezone]=America%2FDenver&e[0][title]=Thursdays%20at%20the%20Library&e[0][description]=%20Join%20us%20on%20select%20Thursdays%20at%20the%20library%20for%20a%20morning%20of%20delightful%20fun!%20Celebrate%20this%20gourd-ous%20fall%20with%20a%20GOURD%20PARTY!%20Crafts%20%26amp%3B%20activities%20provide%20seasonal%20fun%20for%20everyone.%20For%20ages%200-5.&e[0][location]=Windsor%20Library%20-%20Pikes%20Peak%2C%20Castle%20Peak",FAILED,""
"https://clearview.libnet.info/event/17450251","https://addtocalendar.com/atc/google?utz=0&uln=en-US@posix&vjs=1.5&e[0][date_start]=2026-11-12%2010%3A00%3A00&e[0][date_end]=2026-11-12%2011%3A30%3A00&e[0][timezone]=America%2FDenver&e[0][title]=Thursdays%20at%20the%20Library&e[0][description]=%20Join%20us%20on%20select%20Thursdays%20at%20the%20library%20for%20a%20morning%20of%20delightful%20fun!%20Celebrate%20this%20gourd-ous%20fall%20with%20a%20GOURD%20PARTY!%20Crafts%20%26amp%3B%20activities%20provide%20seasonal%20fun%20for%20everyone.%20For%20ages%200-5.&e[0][location]=Windsor%20Library%20-%20Pikes%20Peak%2C%20Castle%20Peak",FAILED,""
"https://clearview.libnet.info/event/17450251","https://addtocalendar.com/atc/outlook?utz=0&uln=en-US@posix&vjs=1.5&e[0][date_start]=2026-11-12%2010%3A00%3A00&e[0][date_end]=2026-11-12%2011%3A30%3A00&e[0][timezone]=America%2FDenver&e[0][title]=Thursdays%20at%20the%20Library&e[0][description]=%20Join%20us%20on%20select%20Thursdays%20at%20the%20library%20for%20a%20morning%20of%20delightful%20fun!%20Celebrate%20this%20gourd-ous%20fall%20with%20a%20GOURD%20PARTY!%20Crafts%20%26amp%3B%20activities%20provide%20seasonal%20fun%20for%20everyone.%20For%20ages%200-5.&e[0][location]=Windsor%20Library%20-%20Pikes%20Peak%2C%20Castle%20Peak",FAILED,""
"https://clearview.libnet.info/event/17450251","https://addtocalendar.com/atc/outlookonline?utz=0&uln=en-US@posix&vjs=1.5&e[0][date_start]=2026-11-12%2010%3A00%3A00&e[0][date_end]=2026-11-12%2011%3A30%3A00&e[0][timezone]=America%2FDenver&e[0][title]=Thursdays%20at%20the%20Library&e[0][description]=%20Join%20us%20on%20select%20Thursdays%20at%20the%20library%20for%20a%20morning%20of%20delightful%20fun!%20Celebrate%20this%20gourd-ous%20fall%20with%20a%20GOURD%20PARTY!%20Crafts%20%26amp%3B%20activities%20provide%20seasonal%20fun%20for%20everyone.%20For%20ages%200-5.&e[0][location]=Windsor%20Library%20-%20Pikes%20Peak%2C%20Castle%20Peak",FAILED,""
"https://clearview.libnet.info/event/17450251","https://addtocalendar.com/atc/yahoo?utz=0&uln=en-US@posix&vjs=1.5&e[0][date_start]=2026-11-12%2010%3A00%3A00&e[0][date_end]=2026-11-12%2011%3A30%3A00&e[0][timezone]=America%2FDenver&e[0][title]=Thursdays%20at%20the%20Library&e[0][description]=%20Join%20us%20on%20select%20Thursdays%20at%20the%20library%20for%20a%20morning%20of%20delightful%20fun!%20Celebrate%20this%20gourd-ous%20fall%20with%20a%20GOURD%20PARTY!%20Crafts%20%26amp%3B%20activities%20provide%20seasonal%20fun%20for%20everyone.%20For%20ages%200-5.&e[0][location]=Windsor%20Library%20-%20Pikes%20Peak%2C%20Castle%20Peak",FAILED,""
"https://clearview.libnet.info/event/17286716","https://addtocalendar.com/atc/ical?utz=0&uln=en-US@posix&vjs=1.5&e[0][date_start]=2026-11-12%2014%3A30%3A00&e[0][date_end]=2026-11-12%2015%3A00%3A00&e[0][timezone]=America%2FDenver&e[0][title]=Bookmobile%20Stop%20at%20Hollister%20Lake%20Elementary%20&e[0][description]=550%20Sundance%20Dr%20-%20Windsor&e[0][location]=Bookmobile%20-%20",FAILED,""
"https://clearview.libnet.info/event/17286716","https://addtocalendar.com/atc/google?utz=0&uln=en-US@posix&vjs=1.5&e[0][date_start]=2026-11-12%2014%3A30%3A00&e[0][date_end]=2026-11-12%2015%3A00%3A00&e[0][timezone]=America%2FDenver&e[0][title]=Bookmobile%20Stop%20at%20Hollister%20Lake%20Elementary%20&e[0][description]=550%20Sundance%20Dr%20-%20Windsor&e[0][location]=Bookmobile%20-%20",FAILED,""
"https://clearview.libnet.info/event/17286716","https://addtocalendar.com/atc/outlook?utz=0&uln=en-US@posix&vjs=1.5&e[0][date_start]=2026-11-12%2014%3A30%3A00&e[0][date_end]=2026-11-12%2015%3A00%3A00&e[0][timezone]=America%2FDenver&e[0][title]=Bookmobile%20Stop%20at%20Hollister%20Lake%20Elementary%20&e[0][description]=550%20Sundance%20Dr%20-%20Windsor&e[0][location]=Bookmobile%20-%20",FAILED,""
"https://clearview.libnet.info/event/17286716","https://addtocalendar.com/atc/outlookonline?utz=0&uln=en-US@posix&vjs=1.5&e[0][date_start]=2026-11-12%2014%3A30%3A00&e[0][date_end]=2026-11-12%2015%3A00%3A00&e[0][timezone]=America%2FDenver&e[0][title]=Bookmobile%20Stop%20at%20Hollister%20Lake%20Elementary%20&e[0][description]=550%20Sundance%20Dr%20-%20Windsor&e[0][location]=Bookmobile%20-%20",FAILED,""
"https://clearview.libnet.info/event/17286716","https://addtocalendar.com/atc/yahoo?utz=0&uln=en-US@posix&vjs=1.5&e[0][date_start]=2026-11-12%2014%3A30%3A00&e[0][date_end]=2026-11-12%2015%3A00%3A00&e[0][timezone]=America%2FDenver&e[0][title]=Bookmobile%20Stop%20at%20Hollister%20Lake%20Elementary%20&e[0][description]=550%20Sundance%20Dr%20-%20Windsor&e[0][location]=Bookmobile%20-%20",FAILED,""
"https://clearview.libnet.info/event/17450476","https://addtocalendar.com/atc/ical?utz=0&uln=en-US@posix&vjs=1.5&e[0][date_start]=2026-11-12%2015%3A15%3A00&e[0][date_end]=2026-11-12%2016%3A15%3A00&e[0][timezone]=America%2FDenver&e[0][title]=Young%20Scientists%20&e[0][description]=Join%20us%20to%20explore%20and%20learn%20about%20the%20world%20around%20you!%20Strawberry%20biology%3A%20See%20real%20DNA%20strands%20using%20simple%20household%20items!%20Open%20to%20elementary-aged%20children%20and%20tweens%20ages%209-12.&e[0][location]=Windsor%20Library%20-%20Pikes%20Peak",FAILED,""
"https://clearview.libnet.info/event/17450476","https://addtocalendar.com/atc/google?utz=0&uln=en-US@posix&vjs=1.5&e[0][date_start]=2026-11-12%2015%3A15%3A00&e[0][date_end]=2026-11-12%2016%3A15%3A00&e[0][timezone]=America%2FDenver&e[0][title]=Young%20Scientists%20&e[0][description]=Join%20us%20to%20explore%20and%20learn%20about%20the%20world%20around%20you!%20Strawberry%20biology%3A%20See%20real%20DNA%20strands%20using%20simple%20household%20items!%20Open%20to%20elementary-aged%20children%20and%20tweens%20ages%209-12.&e[0][location]=Windsor%20Library%20-%20Pikes%20Peak",FAILED,""
"https://clearview.libnet.info/event/17450476","https://addtocalendar.com/atc/outlook?utz=0&uln=en-US@posix&vjs=1.5&e[0][date_start]=2026-11-12%2015%3A15%3A00&e[0][date_end]=2026-11-12%2016%3A15%3A00&e[0][timezone]=America%2FDenver&e[0][title]=Young%20Scientists%20&e[0][description]=Join%20us%20to%20explore%20and%20learn%20about%20the%20world%20around%20you!%20Strawberry%20biology%3A%20See%20real%20DNA%20strands%20using%20simple%20household%20items!%20Open%20to%20elementary-aged%20children%20and%20tweens%20ages%209-12.&e[0][location]=Windsor%20Library%20-%20Pikes%20Peak",FAILED,""
"https://clearview.libnet.info/event/17450476","https://addtocalendar.com/atc/outlookonline?utz=0&uln=en-US@posix&vjs=1.5&e[0][date_start]=2026-11-12%2015%3A15%3A00&e[0][date_end]=2026-11-12%2016%3A15%3A00&e[0][timezone]=America%2FDenver&e[0][title]=Young%20Scientists%20&e[0][description]=Join%20us%20to%20explore%20and%20learn%20about%20the%20world%20around%20you!%20Strawberry%20biology%3A%20See%20real%20DNA%20strands%20using%20simple%20household%20items!%20Open%20to%20elementary-aged%20children%20and%20tweens%20ages%209-12.&e[0][location]=Windsor%20Library%20-%20Pikes%20Peak",FAILED,""
"https://clearview.libnet.info/event/17450476","https://addtocalendar.com/atc/yahoo?utz=0&uln=en-US@posix&vjs=1.5&e[0][date_start]=2026-11-12%2015%3A15%3A00&e[0][date_end]=2026-11-12%2016%3A15%3A00&e[0][timezone]=America%2FDenver&e[0][title]=Young%20Scientists%20&e[0][description]=Join%20us%20to%20explore%20and%20learn%20about%20the%20world%20around%20you!%20Strawberry%20biology%3A%20See%20real%20DNA%20strands%20using%20simple%20household%20items!%20Open%20to%20elementary-aged%20children%20and%20tweens%20ages%209-12.&e[0][location]=Windsor%20Library%20-%20Pikes%20Peak",FAILED,""
"https://clearview.libnet.info/event/17286729","https://addtocalendar.com/atc/ical?utz=0&uln=en-US@posix&vjs=1.5&e[0][date_start]=2026-11-12%2015%3A30%3A00&e[0][date_end]=2026-11-12%2016%3A00%3A00&e[0][timezone]=America%2FDenver&e[0][title]=Bookmobile%20Stop%20at%20Overlook%20Park%20&e[0][description]=650%20Audubon%20Blvd%20-%20Severance&e[0][location]=Bookmobile%20-%20",FAILED,""
"https://clearview.libnet.info/event/17286729","https://addtocalendar.com/atc/google?utz=0&uln=en-US@posix&vjs=1.5&e[0][date_start]=2026-11-12%2015%3A30%3A00&e[0][date_end]=2026-11-12%2016%3A00%3A00&e[0][timezone]=America%2FDenver&e[0][title]=Bookmobile%20Stop%20at%20Overlook%20Park%20&e[0][description]=650%20Audubon%20Blvd%20-%20Severance&e[0][location]=Bookmobile%20-%20",FAILED,""
"https://clearview.libnet.info/event/17286729","https://addtocalendar.com/atc/outlook?utz=0&uln=en-US@posix&vjs=1.5&e[0][date_start]=2026-11-12%2015%3A30%3A00&e[0][date_end]=2026-11-12%2016%3A00%3A00&e[0][timezone]=America%2FDenver&e[0][title]=Bookmobile%20Stop%20at%20Overlook%20Park%20&e[0][description]=650%20Audubon%20Blvd%20-%20Severance&e[0][location]=Bookmobile%20-%20",FAILED,""
"https://clearview.libnet.info/event/17286729","https://addtocalendar.com/atc/outlookonline?utz=0&uln=en-US@posix&vjs=1.5&e[0][date_start]=2026-11-12%2015%3A30%3A00&e[0][date_end]=2026-11-12%2016%3A00%3A00&e[0][timezone]=America%2FDenver&e[0][title]=Bookmobile%20Stop%20at%20Overlook%20Park%20&e[0][description]=650%20Audubon%20Blvd%20-%20Severance&e[0][location]=Bookmobile%20-%20",FAILED,""
"https://clearview.libnet.info/event/17286729","https://addtocalendar.com/atc/yahoo?utz=0&uln=en-US@posix&vjs=1.5&e[0][date_start]=2026-11-12%2015%3A30%3A00&e[0][date_end]=2026-11-12%2016%3A00%3A00&e[0][timezone]=America%2FDenver&e[0][title]=Bookmobile%20Stop%20at%20Overlook%20Park%20&e[0][description]=650%20Audubon%20Blvd%20-%20Severance&e[0][location]=Bookmobile%20-%20",FAILED,""
"https://clearview.libnet.info/event/17286747","https://addtocalendar.com/atc/ical?utz=0&uln=en-US@posix&vjs=1.5&e[0][date_start]=2026-11-12%2016%3A30%3A00&e[0][date_end]=2026-11-12%2017%3A00%3A00&e[0][timezone]=America%2FDenver&e[0][title]=Bookmobile%20Stop%20at%20Village%20East%20Park&e[0][description]=865%20Park%20Edge%20Cir%20-%20Windsor&e[0][location]=Bookmobile%20-%20",FAILED,""
"https://clearview.libnet.info/event/17286747","https://addtocalendar.com/atc/google?utz=0&uln=en-US@posix&vjs=1.5&e[0][date_start]=2026-11-12%2016%3A30%3A00&e[0][date_end]=2026-11-12%2017%3A00%3A00&e[0][timezone]=America%2FDenver&e[0][title]=Bookmobile%20Stop%20at%20Village%20East%20Park&e[0][description]=865%20Park%20Edge%20Cir%20-%20Windsor&e[0][location]=Bookmobile%20-%20",FAILED,""
"https://clearview.libnet.info/event/17286747","https://addtocalendar.com/atc/outlook?utz=0&uln=en-US@posix&vjs=1.5&e[0][date_start]=2026-11-12%2016%3A30%3A00&e[0][date_end]=2026-11-12%2017%3A00%3A00&e[0][timezone]=America%2FDenver&e[0][title]=Bookmobile%20Stop%20at%20Village%20East%20Park&e[0][description]=865%20Park%20Edge%20Cir%20-%20Windsor&e[0][location]=Bookmobile%20-%20",FAILED,""
"https://clearview.libnet.info/event/17286747","https://addtocalendar.com/atc/outlookonline?utz=0&uln=en-US@posix&vjs=1.5&e[0][date_start]=2026-11-12%2016%3A30%3A00&e[0][date_end]=2026-11-12%2017%3A00%3A00&e[0][timezone]=America%2FDenver&e[0][title]=Bookmobile%20Stop%20at%20Village%20East%20Park&e[0][description]=865%20Park%20Edge%20Cir%20-%20Windsor&e[0][location]=Bookmobile%20-%20",FAILED,""
"https://clearview.libnet.info/event/17286747","https://addtocalendar.com/atc/yahoo?utz=0&uln=en-US@posix&vjs=1.5&e[0][date_start]=2026-11-12%2016%3A30%3A00&e[0][date_end]=2026-11-12%2017%3A00%3A00&e[0][timezone]=America%2FDenver&e[0][title]=Bookmobile%20Stop%20at%20Village%20East%20Park&e[0][description]=865%20Park%20Edge%20Cir%20-%20Windsor&e[0][location]=Bookmobile%20-%20",FAILED,""
"https://clearview.libnet.info/event/17452872","https://addtocalendar.com/atc/ical?utz=0&uln=en-US@posix&vjs=1.5&e[0][date_start]=2026-11-12%2017%3A00%3A00&e[0][date_end]=2026-11-12%2018%3A00%3A00&e[0][timezone]=America%2FDenver&e[0][title]=Paper%20Roses&e[0][description]=Turn%20discarded%20book%20pages%20into%20a%20stunning%20paper%20rose!%20Perfect%20for%20a%20Thanksgiving%20centerpiece%20or%20a%20hand-crafted%20holiday%20gift.&e[0][location]=Severance%20Library%20-%20Cottonwood",FAILED,""
"https://clearview.libnet.info/event/17452872","https://addtocalendar.com/atc/google?utz=0&uln=en-US@posix&vjs=1.5&e[0][date_start]=2026-11-12%2017%3A00%3A00&e[0][date_end]=2026-11-12%2018%3A00%3A00&e[0][timezone]=America%2FDenver&e[0][title]=Paper%20Roses&e[0][description]=Turn%20discarded%20book%20pages%20into%20a%20stunning%20paper%20rose!%20Perfect%20for%20a%20Thanksgiving%20centerpiece%20or%20a%20hand-crafted%20holiday%20gift.&e[0][location]=Severance%20Library%20-%20Cottonwood",FAILED,""
"https://clearview.libnet.info/event/17452872","https://addtocalendar.com/atc/outlook?utz=0&uln=en-US@posix&vjs=1.5&e[0][date_start]=2026-11-12%2017%3A00%3A00&e[0][date_end]=2026-11-12%2018%3A00%3A00&e[0][timezone]=America%2FDenver&e[0][title]=Paper%20Roses&e[0][description]=Turn%20discarded%20book%20pages%20into%20a%20stunning%20paper%20rose!%20Perfect%20for%20a%20Thanksgiving%20centerpiece%20or%20a%20hand-crafted%20holiday%20gift.&e[0][location]=Severance%20Library%20-%20Cottonwood",FAILED,""
"https://clearview.libnet.info/event/17452872","https://addtocalendar.com/atc/outlookonline?utz=0&uln=en-US@posix&vjs=1.5&e[0][date_start]=2026-11-12%2017%3A00%3A00&e[0][date_end]=2026-11-12%2018%3A00%3A00&e[0][timezone]=America%2FDenver&e[0][title]=Paper%20Roses&e[0][description]=Turn%20discarded%20book%20pages%20into%20a%20stunning%20paper%20rose!%20Perfect%20for%20a%20Thanksgiving%20centerpiece%20or%20a%20hand-crafted%20holiday%20gift.&e[0][location]=Severance%20Library%20-%20Cottonwood",FAILED,""
"https://clearview.libnet.info/event/17452872","https://addtocalendar.com/atc/yahoo?utz=0&uln=en-US@posix&vjs=1.5&e[0][date_start]=2026-11-12%2017%3A00%3A00&e[0][date_end]=2026-11-12%2018%3A00%3A00&e[0][timezone]=America%2FDenver&e[0][title]=Paper%20Roses&e[0][description]=Turn%20discarded%20book%20pages%20into%20a%20stunning%20paper%20rose!%20Perfect%20for%20a%20Thanksgiving%20centerpiece%20or%20a%20hand-crafted%20holiday%20gift.&e[0][location]=Severance%20Library%20-%20Cottonwood",FAILED,""
"https://clearview.libnet.info/event/17286752","https://addtocalendar.com/atc/ical?utz=0&uln=en-US@posix&vjs=1.5&e[0][date_start]=2026-11-12%2017%3A30%3A00&e[0][date_end]=2026-11-12%2018%3A00%3A00&e[0][timezone]=America%2FDenver&e[0][title]=Bookmobile%20Stop%20at%20Promontory%20Community%20Park%20&e[0][description]=W%2013th%20St%20-%20Greeley&e[0][location]=Bookmobile%20-%20",FAILED,""
"https://clearview.libnet.info/event/17286752","https://addtocalendar.com/atc/google?utz=0&uln=en-US@posix&vjs=1.5&e[0][date_start]=2026-11-12%2017%3A30%3A00&e[0][date_end]=2026-11-12%2018%3A00%3A00&e[0][timezone]=America%2FDenver&e[0][title]=Bookmobile%20Stop%20at%20Promontory%20Community%20Park%20&e[0][description]=W%2013th%20St%20-%20Greeley&e[0][location]=Bookmobile%20-%20",FAILED,""
"https://clearview.libnet.info/event/17286752","https://addtocalendar.com/atc/outlook?utz=0&uln=en-US@posix&vjs=1.5&e[0][date_start]=2026-11-12%2017%3A30%3A00&e[0][date_end]=2026-11-12%2018%3A00%3A00&e[0][timezone]=America%2FDenver&e[0][title]=Bookmobile%20Stop%20at%20Promontory%20Community%20Park%20&e[0][description]=W%2013th%20St%20-%20Greeley&e[0][location]=Bookmobile%20-%20",FAILED,""
"https://clearview.libnet.info/event/17286752","https://addtocalendar.com/atc/outlookonline?utz=0&uln=en-US@posix&vjs=1.5&e[0][date_start]=2026-11-12%2017%3A30%3A00&e[0][date_end]=2026-11-12%2018%3A00%3A00&e[0][timezone]=America%2FDenver&e[0][title]=Bookmobile%20Stop%20at%20Promontory%20Community%20Park%20&e[0][description]=W%2013th%20St%20-%20Greeley&e[0][location]=Bookmobile%20-%20",FAILED,""
"https://clearview.libnet.info/event/17286752","https://addtocalendar.com/atc/yahoo?utz=0&uln=en-US@posix&vjs=1.5&e[0][date_start]=2026-11-12%2017%3A30%3A00&e[0][date_end]=2026-11-12%2018%3A00%3A00&e[0][timezone]=America%2FDenver&e[0][title]=Bookmobile%20Stop%20at%20Promontory%20Community%20Park%20&e[0][description]=W%2013th%20St%20-%20Greeley&e[0][location]=Bookmobile%20-%20",FAILED,""
"https://clearview.libnet.info/event/17449772","https://addtocalendar.com/atc/ical?utz=0&uln=en-US@posix&vjs=1.5&e[0][date_start]=2026-11-12%2018%3A00%3A00&e[0][date_end]=2026-11-12%2019%3A00%3A00&e[0][timezone]=America%2FDenver&e[0][title]=Adulting%20101&e[0][description]=Adulting%20is%20hard%2C%20but%20Adulting%20101%20can%20help%20make%20it%20easier%20(and%20more%20fun)!%20This%20month%2C%20join%20us%20for%20a%20professional%20communication%20workshop%20taught%20by%20Paula%20Pineda%2C%20Career%20Pathways%20Coach%2C%20Forward%20Steps.%20&e[0][location]=Windsor%20Library%20-%20Pikes%20Peak",FAILED,""
"https://clearview.libnet.info/event/17449772","https://addtocalendar.com/atc/google?utz=0&uln=en-US@posix&vjs=1.5&e[0][date_start]=2026-11-12%2018%3A00%3A00&e[0][date_end]=2026-11-12%2019%3A00%3A00&e[0][timezone]=America%2FDenver&e[0][title]=Adulting%20101&e[0][description]=Adulting%20is%20hard%2C%20but%20Adulting%20101%20can%20help%20make%20it%20easier%20(and%20more%20fun)!%20This%20month%2C%20join%20us%20for%20a%20professional%20communication%20workshop%20taught%20by%20Paula%20Pineda%2C%20Career%20Pathways%20Coach%2C%20Forward%20Steps.%20&e[0][location]=Windsor%20Library%20-%20Pikes%20Peak",FAILED,""
"https://clearview.libnet.info/event/17449772","https://addtocalendar.com/atc/outlook?utz=0&uln=en-US@posix&vjs=1.5&e[0][date_start]=2026-11-12%2018%3A00%3A00&e[0][date_end]=2026-11-12%2019%3A00%3A00&e[0][timezone]=America%2FDenver&e[0][title]=Adulting%20101&e[0][description]=Adulting%20is%20hard%2C%20but%20Adulting%20101%20can%20help%20make%20it%20easier%20(and%20more%20fun)!%20This%20month%2C%20join%20us%20for%20a%20professional%20communication%20workshop%20taught%20by%20Paula%20Pineda%2C%20Career%20Pathways%20Coach%2C%20Forward%20Steps.%20&e[0][location]=Windsor%20Library%20-%20Pikes%20Peak",FAILED,""
"https://clearview.libnet.info/event/17449772","https://addtocalendar.com/atc/outlookonline?utz=0&uln=en-US@posix&vjs=1.5&e[0][date_start]=2026-11-12%2018%3A00%3A00&e[0][date_end]=2026-11-12%2019%3A00%3A00&e[0][timezone]=America%2FDenver&e[0][title]=Adulting%20101&e[0][description]=Adulting%20is%20hard%2C%20but%20Adulting%20101%20can%20help%20make%20it%20easier%20(and%20more%20fun)!%20This%20month%2C%20join%20us%20for%20a%20professional%20communication%20workshop%20taught%20by%20Paula%20Pineda%2C%20Career%20Pathways%20Coach%2C%20Forward%20Steps.%20&e[0][location]=Windsor%20Library%20-%20Pikes%20Peak",FAILED,""
"https://clearview.libnet.info/event/17449772","https://addtocalendar.com/atc/yahoo?utz=0&uln=en-US@posix&vjs=1.5&e[0][date_start]=2026-11-12%2018%3A00%3A00&e[0][date_end]=2026-11-12%2019%3A00%3A00&e[0][timezone]=America%2FDenver&e[0][title]=Adulting%20101&e[0][description]=Adulting%20is%20hard%2C%20but%20Adulting%20101%20can%20help%20make%20it%20easier%20(and%20more%20fun)!%20This%20month%2C%20join%20us%20for%20a%20professional%20communication%20workshop%20taught%20by%20Paula%20Pineda%2C%20Career%20Pathways%20Coach%2C%20Forward%20Steps.%20&e[0][location]=Windsor%20Library%20-%20Pikes%20Peak",FAILED,""
"https://clearview.libnet.info/event/17428752","https://addtocalendar.com/atc/ical?utz=0&uln=en-US@posix&vjs=1.5&e[0][date_start]=2026-11-13%2009%3A30%3A00&e[0][date_end]=2026-11-13%2010%3A00%3A00&e[0][timezone]=America%2FDenver&e[0][title]=Babies%20and%20Books&e[0][description]=Grow%20your%20reader%20as%20we%20enjoy%20books%2C%20rhymes%2C%20songs%2C%20sensory%20activities%2C%20and%20active%20movement%20during%20this%20lapsit%20storytime.%20For%20ages%20birth%20to%202%20years.%20Older%20siblings%20welcome.&e[0][location]=Windsor%20Library%20-%20Pikes%20Peak",FAILED,""
"https://clearview.libnet.info/event/17428752","https://addtocalendar.com/atc/google?utz=0&uln=en-US@posix&vjs=1.5&e[0][date_start]=2026-11-13%2009%3A30%3A00&e[0][date_end]=2026-11-13%2010%3A00%3A00&e[0][timezone]=America%2FDenver&e[0][title]=Babies%20and%20Books&e[0][description]=Grow%20your%20reader%20as%20we%20enjoy%20books%2C%20rhymes%2C%20songs%2C%20sensory%20activities%2C%20and%20active%20movement%20during%20this%20lapsit%20storytime.%20For%20ages%20birth%20to%202%20years.%20Older%20siblings%20welcome.&e[0][location]=Windsor%20Library%20-%20Pikes%20Peak",FAILED,""
"https://clearview.libnet.info/event/17428752","https://addtocalendar.com/atc/outlook?utz=0&uln=en-US@posix&vjs=1.5&e[0][date_start]=2026-11-13%2009%3A30%3A00&e[0][date_end]=2026-11-13%2010%3A00%3A00&e[0][timezone]=America%2FDenver&e[0][title]=Babies%20and%20Books&e[0][description]=Grow%20your%20reader%20as%20we%20enjoy%20books%2C%20rhymes%2C%20songs%2C%20sensory%20activities%2C%20and%20active%20movement%20during%20this%20lapsit%20storytime.%20For%20ages%20birth%20to%202%20years.%20Older%20siblings%20welcome.&e[0][location]=Windsor%20Library%20-%20Pikes%20Peak",FAILED,""
"https://clearview.libnet.info/event/17428752","https://addtocalendar.com/atc/outlookonline?utz=0&uln=en-US@posix&vjs=1.5&e[0][date_start]=2026-11-13%2009%3A30%3A00&e[0][date_end]=2026-11-13%2010%3A00%3A00&e[0][timezone]=America%2FDenver&e[0][title]=Babies%20and%20Books&e[0][description]=Grow%20your%20reader%20as%20we%20enjoy%20books%2C%20rhymes%2C%20songs%2C%20sensory%20activities%2C%20and%20active%20movement%20during%20this%20lapsit%20storytime.%20For%20ages%20birth%20to%202%20years.%20Older%20siblings%20welcome.&e[0][location]=Windsor%20Library%20-%20Pikes%20Peak",FAILED,""
"https://clearview.libnet.info/event/17428752","https://addtocalendar.com/atc/yahoo?utz=0&uln=en-US@posix&vjs=1.5&e[0][date_start]=2026-11-13%2009%3A30%3A00&e[0][date_end]=2026-11-13%2010%3A00%3A00&e[0][timezone]=America%2FDenver&e[0][title]=Babies%20and%20Books&e[0][description]=Grow%20your%20reader%20as%20we%20enjoy%20books%2C%20rhymes%2C%20songs%2C%20sensory%20activities%2C%20and%20active%20movement%20during%20this%20lapsit%20storytime.%20For%20ages%20birth%20to%202%20years.%20Older%20siblings%20welcome.&e[0][location]=Windsor%20Library%20-%20Pikes%20Peak",FAILED,""
"https://clearview.libnet.info/event/17428802","https://addtocalendar.com/atc/ical?utz=0&uln=en-US@posix&vjs=1.5&e[0][date_start]=2026-11-13%2010%3A00%3A00&e[0][date_end]=2026-11-13%2010%3A30%3A00&e[0][timezone]=America%2FDenver&e[0][title]=Stay%20and%20Play&e[0][description]=Babies%20and%20toddlers%20will%20enjoy%20open-ended%20playtime%20in%20a%20relaxed%20atmosphere%20that%20promotes%20growth%2C%20exploration%2C%20and%20learning.%20Intended%20for%20children%20ages%200%20to%202%20and%20their%20caregivers%20or%20families.&e[0][location]=Windsor%20Library%20-%20Pikes%20Peak",FAILED,""
"https://clearview.libnet.info/event/17428802","https://addtocalendar.com/atc/google?utz=0&uln=en-US@posix&vjs=1.5&e[0][date_start]=2026-11-13%2010%3A00%3A00&e[0][date_end]=2026-11-13%2010%3A30%3A00&e[0][timezone]=America%2FDenver&e[0][title]=Stay%20and%20Play&e[0][description]=Babies%20and%20toddlers%20will%20enjoy%20open-ended%20playtime%20in%20a%20relaxed%20atmosphere%20that%20promotes%20growth%2C%20exploration%2C%20and%20learning.%20Intended%20for%20children%20ages%200%20to%202%20and%20their%20caregivers%20or%20families.&e[0][location]=Windsor%20Library%20-%20Pikes%20Peak",FAILED,""
"https://clearview.libnet.info/event/17428802","https://addtocalendar.com/atc/outlook?utz=0&uln=en-US@posix&vjs=1.5&e[0][date_start]=2026-11-13%2010%3A00%3A00&e[0][date_end]=2026-11-13%2010%3A30%3A00&e[0][timezone]=America%2FDenver&e[0][title]=Stay%20and%20Play&e[0][description]=Babies%20and%20toddlers%20will%20enjoy%20open-ended%20playtime%20in%20a%20relaxed%20atmosphere%20that%20promotes%20growth%2C%20exploration%2C%20and%20learning.%20Intended%20for%20children%20ages%200%20to%202%20and%20their%20caregivers%20or%20families.&e[0][location]=Windsor%20Library%20-%20Pikes%20Peak",FAILED,""
"https://clearview.libnet.info/event/17428802","https://addtocalendar.com/atc/outlookonline?utz=0&uln=en-US@posix&vjs=1.5&e[0][date_start]=2026-11-13%2010%3A00%3A00&e[0][date_end]=2026-11-13%2010%3A30%3A00&e[0][timezone]=America%2FDenver&e[0][title]=Stay%20and%20Play&e[0][description]=Babies%20and%20toddlers%20will%20enjoy%20open-ended%20playtime%20in%20a%20relaxed%20atmosphere%20that%20promotes%20growth%2C%20exploration%2C%20and%20learning.%20Intended%20for%20children%20ages%200%20to%202%20and%20their%20caregivers%20or%20families.&e[0][location]=Windsor%20Library%20-%20Pikes%20Peak",FAILED,""
"https://clearview.libnet.info/event/17428802","https://addtocalendar.com/atc/yahoo?utz=0&uln=en-US@posix&vjs=1.5&e[0][date_start]=2026-11-13%2010%3A00%3A00&e[0][date_end]=2026-11-13%2010%3A30%3A00&e[0][timezone]=America%2FDenver&e[0][title]=Stay%20and%20Play&e[0][description]=Babies%20and%20toddlers%20will%20enjoy%20open-ended%20playtime%20in%20a%20relaxed%20atmosphere%20that%20promotes%20growth%2C%20exploration%2C%20and%20learning.%20Intended%20for%20children%20ages%200%20to%202%20and%20their%20caregivers%20or%20families.&e[0][location]=Windsor%20Library%20-%20Pikes%20Peak",FAILED,""
"https://clearview.libnet.info/event/17450575","https://addtocalendar.com/atc/ical?utz=0&uln=en-US@posix&vjs=1.5&e[0][date_start]=2026-11-13%2010%3A30%3A00&e[0][date_end]=2026-11-13%2011%3A15%3A00&e[0][timezone]=America%2FDenver&e[0][title]=Lil%27%20Bites&e[0][description]=A%20cooking%20class%2C%20perfect%20for%20little%20ones!%20In%20this%20session%2C%20we%20will%20be%20making%20cheesy%2C%20crunchy%20nachos!%20For%20ages%203-5.&e[0][location]=Severance%20Library%20-%20Cottonwood",FAILED,""
"https://clearview.libnet.info/event/17450575","https://addtocalendar.com/atc/google?utz=0&uln=en-US@posix&vjs=1.5&e[0][date_start]=2026-11-13%2010%3A30%3A00&e[0][date_end]=2026-11-13%2011%3A15%3A00&e[0][timezone]=America%2FDenver&e[0][title]=Lil%27%20Bites&e[0][description]=A%20cooking%20class%2C%20perfect%20for%20little%20ones!%20In%20this%20session%2C%20we%20will%20be%20making%20cheesy%2C%20crunchy%20nachos!%20For%20ages%203-5.&e[0][location]=Severance%20Library%20-%20Cottonwood",FAILED,""
"https://clearview.libnet.info/event/17450575","https://addtocalendar.com/atc/outlook?utz=0&uln=en-US@posix&vjs=1.5&e[0][date_start]=2026-11-13%2010%3A30%3A00&e[0][date_end]=2026-11-13%2011%3A15%3A00&e[0][timezone]=America%2FDenver&e[0][title]=Lil%27%20Bites&e[0][description]=A%20cooking%20class%2C%20perfect%20for%20little%20ones!%20In%20this%20session%2C%20we%20will%20be%20making%20cheesy%2C%20crunchy%20nachos!%20For%20ages%203-5.&e[0][location]=Severance%20Library%20-%20Cottonwood",FAILED,""
"https://clearview.libnet.info/event/17450575","https://addtocalendar.com/atc/outlookonline?utz=0&uln=en-US@posix&vjs=1.5&e[0][date_start]=2026-11-13%2010%3A30%3A00&e[0][date_end]=2026-11-13%2011%3A15%3A00&e[0][timezone]=America%2FDenver&e[0][title]=Lil%27%20Bites&e[0][description]=A%20cooking%20class%2C%20perfect%20for%20little%20ones!%20In%20this%20session%2C%20we%20will%20be%20making%20cheesy%2C%20crunchy%20nachos!%20For%20ages%203-5.&e[0][location]=Severance%20Library%20-%20Cottonwood",FAILED,""
"https://clearview.libnet.info/event/17450575","https://addtocalendar.com/atc/yahoo?utz=0&uln=en-US@posix&vjs=1.5&e[0][date_start]=2026-11-13%2010%3A30%3A00&e[0][date_end]=2026-11-13%2011%3A15%3A00&e[0][timezone]=America%2FDenver&e[0][title]=Lil%27%20Bites&e[0][description]=A%20cooking%20class%2C%20perfect%20for%20little%20ones!%20In%20this%20session%2C%20we%20will%20be%20making%20cheesy%2C%20crunchy%20nachos!%20For%20ages%203-5.&e[0][location]=Severance%20Library%20-%20Cottonwood",FAILED,""
"https://clearview.libnet.info/event/17459231","https://addtocalendar.com/atc/ical?utz=0&uln=en-US@posix&vjs=1.5&e[0][date_start]=2026-11-13%2012%3A00%3A00&e[0][date_end]=2026-11-13%2013%3A30%3A00&e[0][timezone]=America%2FDenver&e[0][title]=Lunch%20and%20Learn&e[0][description]=Join%20UCHealth%20to%20learn%20about%20the%20risk%20factors%20and%20prevention%20of%20Type%202%20diabetes.&e[0][location]=Windsor%20Library%20-%20Pikes%20Peak",FAILED,""
"https://clearview.libnet.info/event/17459231","https://addtocalendar.com/atc/google?utz=0&uln=en-US@posix&vjs=1.5&e[0][date_start]=2026-11-13%2012%3A00%3A00&e[0][date_end]=2026-11-13%2013%3A30%3A00&e[0][timezone]=America%2FDenver&e[0][title]=Lunch%20and%20Learn&e[0][description]=Join%20UCHealth%20to%20learn%20about%20the%20risk%20factors%20and%20prevention%20of%20Type%202%20diabetes.&e[0][location]=Windsor%20Library%20-%20Pikes%20Peak",FAILED,""
"https://clearview.libnet.info/event/17459231","https://addtocalendar.com/atc/outlook?utz=0&uln=en-US@posix&vjs=1.5&e[0][date_start]=2026-11-13%2012%3A00%3A00&e[0][date_end]=2026-11-13%2013%3A30%3A00&e[0][timezone]=America%2FDenver&e[0][title]=Lunch%20and%20Learn&e[0][description]=Join%20UCHealth%20to%20learn%20about%20the%20risk%20factors%20and%20prevention%20of%20Type%202%20diabetes.&e[0][location]=Windsor%20Library%20-%20Pikes%20Peak",FAILED,""
"https://clearview.libnet.info/event/17459231","https://addtocalendar.com/atc/outlookonline?utz=0&uln=en-US@posix&vjs=1.5&e[0][date_start]=2026-11-13%2012%3A00%3A00&e[0][date_end]=2026-11-13%2013%3A30%3A00&e[0][timezone]=America%2FDenver&e[0][title]=Lunch%20and%20Learn&e[0][description]=Join%20UCHealth%20to%20learn%20about%20the%20risk%20factors%20and%20prevention%20of%20Type%202%20diabetes.&e[0][location]=Windsor%20Library%20-%20Pikes%20Peak",FAILED,""
"https://clearview.libnet.info/event/17459231","https://addtocalendar.com/atc/yahoo?utz=0&uln=en-US@posix&vjs=1.5&e[0][date_start]=2026-11-13%2012%3A00%3A00&e[0][date_end]=2026-11-13%2013%3A30%3A00&e[0][timezone]=America%2FDenver&e[0][title]=Lunch%20and%20Learn&e[0][description]=Join%20UCHealth%20to%20learn%20about%20the%20risk%20factors%20and%20prevention%20of%20Type%202%20diabetes.&e[0][location]=Windsor%20Library%20-%20Pikes%20Peak",FAILED,""
"https://clearview.libnet.info/event/17286757","https://addtocalendar.com/atc/ical?utz=0&uln=en-US@posix&vjs=1.5&e[0][date_start]=2026-11-13%2014%3A30%3A00&e[0][date_end]=2026-11-13%2015%3A00%3A00&e[0][timezone]=America%2FDenver&e[0][title]=Bookmobile%20Stop%20at%20Range%20View%20Elementary%20&e[0][description]=700%20Ponderosa%20Dr%20-%20Severance&e[0][location]=Bookmobile%20-%20",FAILED,""
"https://clearview.libnet.info/event/17286757","https://addtocalendar.com/atc/google?utz=0&uln=en-US@posix&vjs=1.5&e[0][date_start]=2026-11-13%2014%3A30%3A00&e[0][date_end]=2026-11-13%2015%3A00%3A00&e[0][timezone]=America%2FDenver&e[0][title]=Bookmobile%20Stop%20at%20Range%20View%20Elementary%20&e[0][description]=700%20Ponderosa%20Dr%20-%20Severance&e[0][location]=Bookmobile%20-%20",FAILED,""
"https://clearview.libnet.info/event/17286757","https://addtocalendar.com/atc/outlook?utz=0&uln=en-US@posix&vjs=1.5&e[0][date_start]=2026-11-13%2014%3A30%3A00&e[0][date_end]=2026-11-13%2015%3A00%3A00&e[0][timezone]=America%2FDenver&e[0][title]=Bookmobile%20Stop%20at%20Range%20View%20Elementary%20&e[0][description]=700%20Ponderosa%20Dr%20-%20Severance&e[0][location]=Bookmobile%20-%20",FAILED,""
"https://clearview.libnet.info/event/17286757","https://addtocalendar.com/atc/outlookonline?utz=0&uln=en-US@posix&vjs=1.5&e[0][date_start]=2026-11-13%2014%3A30%3A00&e[0][date_end]=2026-11-13%2015%3A00%3A00&e[0][timezone]=America%2FDenver&e[0][title]=Bookmobile%20Stop%20at%20Range%20View%20Elementary%20&e[0][description]=700%20Ponderosa%20Dr%20-%20Severance&e[0][location]=Bookmobile%20-%20",FAILED,""
"https://clearview.libnet.info/event/17286757","https://addtocalendar.com/atc/yahoo?utz=0&uln=en-US@posix&vjs=1.5&e[0][date_start]=2026-11-13%2014%3A30%3A00&e[0][date_end]=2026-11-13%2015%3A00%3A00&e[0][timezone]=America%2FDenver&e[0][title]=Bookmobile%20Stop%20at%20Range%20View%20Elementary%20&e[0][description]=700%20Ponderosa%20Dr%20-%20Severance&e[0][location]=Bookmobile%20-%20",FAILED,""
"https://clearview.libnet.info/event/17452174","https://addtocalendar.com/atc/ical?utz=0&uln=en-US@posix&vjs=1.5&e[0][date_start]=2026-11-13%2016%3A00%3A00&e[0][date_end]=2026-11-13%2016%3A30%3A00&e[0][timezone]=America%2FDenver&e[0][title]=Reading%20Bugs&e[0][description]=Join%20us%20online%20for%20Reading%20Bugs%20on%20Fridays%20at%204%20p.m.%20We%20will%20be%20reading%20Amelia%20Bedelia%20Wraps%20It%20Up%20by%20Herman%20Parish.%20For%20ages%206-8.%0A&e[0][location]=Zoom%20Link%20-%20",FAILED,""
"https://clearview.libnet.info/event/17452174","https://addtocalendar.com/atc/google?utz=0&uln=en-US@posix&vjs=1.5&e[0][date_start]=2026-11-13%2016%3A00%3A00&e[0][date_end]=2026-11-13%2016%3A30%3A00&e[0][timezone]=America%2FDenver&e[0][title]=Reading%20Bugs&e[0][description]=Join%20us%20online%20for%20Reading%20Bugs%20on%20Fridays%20at%204%20p.m.%20We%20will%20be%20reading%20Amelia%20Bedelia%20Wraps%20It%20Up%20by%20Herman%20Parish.%20For%20ages%206-8.%0A&e[0][location]=Zoom%20Link%20-%20",FAILED,""
"https://clearview.libnet.info/event/17452174","https://addtocalendar.com/atc/outlook?utz=0&uln=en-US@posix&vjs=1.5&e[0][date_start]=2026-11-13%2016%3A00%3A00&e[0][date_end]=2026-11-13%2016%3A30%3A00&e[0][timezone]=America%2FDenver&e[0][title]=Reading%20Bugs&e[0][description]=Join%20us%20online%20for%20Reading%20Bugs%20on%20Fridays%20at%204%20p.m.%20We%20will%20be%20reading%20Amelia%20Bedelia%20Wraps%20It%20Up%20by%20Herman%20Parish.%20For%20ages%206-8.%0A&e[0][location]=Zoom%20Link%20-%20",FAILED,""
"https://clearview.libnet.info/event/17452174","https://addtocalendar.com/atc/outlookonline?utz=0&uln=en-US@posix&vjs=1.5&e[0][date_start]=2026-11-13%2016%3A00%3A00&e[0][date_end]=2026-11-13%2016%3A30%3A00&e[0][timezone]=America%2FDenver&e[0][title]=Reading%20Bugs&e[0][description]=Join%20us%20online%20for%20Reading%20Bugs%20on%20Fridays%20at%204%20p.m.%20We%20will%20be%20reading%20Amelia%20Bedelia%20Wraps%20It%20Up%20by%20Herman%20Parish.%20For%20ages%206-8.%0A&e[0][location]=Zoom%20Link%20-%20",FAILED,""
"https://clearview.libnet.info/event/17452174","https://addtocalendar.com/atc/yahoo?utz=0&uln=en-US@posix&vjs=1.5&e[0][date_start]=2026-11-13%2016%3A00%3A00&e[0][date_end]=2026-11-13%2016%3A30%3A00&e[0][timezone]=America%2FDenver&e[0][title]=Reading%20Bugs&e[0][description]=Join%20us%20online%20for%20Reading%20Bugs%20on%20Fridays%20at%204%20p.m.%20We%20will%20be%20reading%20Amelia%20Bedelia%20Wraps%20It%20Up%20by%20Herman%20Parish.%20For%20ages%206-8.%0A&e[0][location]=Zoom%20Link%20-%20",FAILED,""
"https://clearview.libnet.info/event/17428195","https://addtocalendar.com/atc/ical?utz=0&uln=en-US@posix&vjs=1.5&e[0][date_start]=2026-11-13%2017%3A00%3A00&e[0][date_end]=2026-11-13%2019%3A00%3A00&e[0][timezone]=America%2FDenver&e[0][title]=Teen%20Video%20Gaming&e[0][description]=Teens%2C%20you%E2%80%99re%20invited%20for%20after-hours%20video%20games%2C%20snacks%2C%20friends%2C%20and%E2%80%94most%20of%20all%E2%80%94a%20little%20good-natured%20competition.&e[0][location]=Windsor%20Library%20-%20Teen%20Tower",FAILED,""
"https://clearview.libnet.info/event/17428195","https://addtocalendar.com/atc/google?utz=0&uln=en-US@posix&vjs=1.5&e[0][date_start]=2026-11-13%2017%3A00%3A00&e[0][date_end]=2026-11-13%2019%3A00%3A00&e[0][timezone]=America%2FDenver&e[0][title]=Teen%20Video%20Gaming&e[0][description]=Teens%2C%20you%E2%80%99re%20invited%20for%20after-hours%20video%20games%2C%20snacks%2C%20friends%2C%20and%E2%80%94most%20of%20all%E2%80%94a%20little%20good-natured%20competition.&e[0][location]=Windsor%20Library%20-%20Teen%20Tower",FAILED,""
"https://clearview.libnet.info/event/17428195","https://addtocalendar.com/atc/outlook?utz=0&uln=en-US@posix&vjs=1.5&e[0][date_start]=2026-11-13%2017%3A00%3A00&e[0][date_end]=2026-11-13%2019%3A00%3A00&e[0][timezone]=America%2FDenver&e[0][title]=Teen%20Video%20Gaming&e[0][description]=Teens%2C%20you%E2%80%99re%20invited%20for%20after-hours%20video%20games%2C%20snacks%2C%20friends%2C%20and%E2%80%94most%20of%20all%E2%80%94a%20little%20good-natured%20competition.&e[0][location]=Windsor%20Library%20-%20Teen%20Tower",FAILED,""
"https://clearview.libnet.info/event/17428195","https://addtocalendar.com/atc/outlookonline?utz=0&uln=en-US@posix&vjs=1.5&e[0][date_start]=2026-11-13%2017%3A00%3A00&e[0][date_end]=2026-11-13%2019%3A00%3A00&e[0][timezone]=America%2FDenver&e[0][title]=Teen%20Video%20Gaming&e[0][description]=Teens%2C%20you%E2%80%99re%20invited%20for%20after-hours%20video%20games%2C%20snacks%2C%20friends%2C%20and%E2%80%94most%20of%20all%E2%80%94a%20little%20good-natured%20competition.&e[0][location]=Windsor%20Library%20-%20Teen%20Tower",FAILED,""
"https://clearview.libnet.info/event/17428195","https://addtocalendar.com/atc/yahoo?utz=0&uln=en-US@posix&vjs=1.5&e[0][date_start]=2026-11-13%2017%3A00%3A00&e[0][date_end]=2026-11-13%2019%3A00%3A00&e[0][timezone]=America%2FDenver&e[0][title]=Teen%20Video%20Gaming&e[0][description]=Teens%2C%20you%E2%80%99re%20invited%20for%20after-hours%20video%20games%2C%20snacks%2C%20friends%2C%20and%E2%80%94most%20of%20all%E2%80%94a%20little%20good-natured%20competition.&e[0][location]=Windsor%20Library%20-%20Teen%20Tower",FAILED,""
"https://clearview.libnet.info/event/17429170","https://addtocalendar.com/atc/ical?utz=0&uln=en-US@posix&vjs=1.5&e[0][date_start]=2026-11-16%2010%3A00%3A00&e[0][date_end]=2026-11-16%2010%3A30%3A00&e[0][timezone]=America%2FDenver&e[0][title]=Messy%20Monster%20Monday&e[0][description]=Come%20to%20the%20library%20for%20some%20fun%20(and%20did%20we%20say%20MESSY!)%20process%20art%3B%20open-ended%20art%20experiences%20where%20your%20child%20is%20the%20creator%20of%20whatever%20they%20want%20to%20make!%20This%20program%20is%20for%20children%20ages%202-5.&e[0][location]=Windsor%20Library%20-%20Pikes%20Peak",FAILED,""
"https://clearview.libnet.info/event/17429170","https://addtocalendar.com/atc/google?utz=0&uln=en-US@posix&vjs=1.5&e[0][date_start]=2026-11-16%2010%3A00%3A00&e[0][date_end]=2026-11-16%2010%3A30%3A00&e[0][timezone]=America%2FDenver&e[0][title]=Messy%20Monster%20Monday&e[0][description]=Come%20to%20the%20library%20for%20some%20fun%20(and%20did%20we%20say%20MESSY!)%20process%20art%3B%20open-ended%20art%20experiences%20where%20your%20child%20is%20the%20creator%20of%20whatever%20they%20want%20to%20make!%20This%20program%20is%20for%20children%20ages%202-5.&e[0][location]=Windsor%20Library%20-%20Pikes%20Peak",FAILED,""
"https://clearview.libnet.info/event/17429170","https://addtocalendar.com/atc/outlook?utz=0&uln=en-US@posix&vjs=1.5&e[0][date_start]=2026-11-16%2010%3A00%3A00&e[0][date_end]=2026-11-16%2010%3A30%3A00&e[0][timezone]=America%2FDenver&e[0][title]=Messy%20Monster%20Monday&e[0][description]=Come%20to%20the%20library%20for%20some%20fun%20(and%20did%20we%20say%20MESSY!)%20process%20art%3B%20open-ended%20art%20experiences%20where%20your%20child%20is%20the%20creator%20of%20whatever%20they%20want%20to%20make!%20This%20program%20is%20for%20children%20ages%202-5.&e[0][location]=Windsor%20Library%20-%20Pikes%20Peak",FAILED,""
"https://clearview.libnet.info/event/17429170","https://addtocalendar.com/atc/outlookonline?utz=0&uln=en-US@posix&vjs=1.5&e[0][date_start]=2026-11-16%2010%3A00%3A00&e[0][date_end]=2026-11-16%2010%3A30%3A00&e[0][timezone]=America%2FDenver&e[0][title]=Messy%20Monster%20Monday&e[0][description]=Come%20to%20the%20library%20for%20some%20fun%20(and%20did%20we%20say%20MESSY!)%20process%20art%3B%20open-ended%20art%20experiences%20where%20your%20child%20is%20the%20creator%20of%20whatever%20they%20want%20to%20make!%20This%20program%20is%20for%20children%20ages%202-5.&e[0][location]=Windsor%20Library%20-%20Pikes%20Peak",FAILED,""
"https://clearview.libnet.info/event/17429170","https://addtocalendar.com/atc/yahoo?utz=0&uln=en-US@posix&vjs=1.5&e[0][date_start]=2026-11-16%2010%3A00%3A00&e[0][date_end]=2026-11-16%2010%3A30%3A00&e[0][timezone]=America%2FDenver&e[0][title]=Messy%20Monster%20Monday&e[0][description]=Come%20to%20the%20library%20for%20some%20fun%20(and%20did%20we%20say%20MESSY!)%20process%20art%3B%20open-ended%20art%20experiences%20where%20your%20child%20is%20the%20creator%20of%20whatever%20they%20want%20to%20make!%20This%20program%20is%20for%20children%20ages%202-5.&e[0][location]=Windsor%20Library%20-%20Pikes%20Peak",FAILED,""
"https://clearview.libnet.info/event/17429760","https://addtocalendar.com/atc/ical?utz=0&uln=en-US@posix&vjs=1.5&e[0][date_start]=2026-11-16%2010%3A00%3A00&e[0][date_end]=2026-11-16%2010%3A30%3A00&e[0][timezone]=America%2FDenver&e[0][title]=Read%2C%20Rhyme%2C%20and%20Romp&e[0][description]=Join%20us%20for%20an%20active%20storytime!%20We%20will%20read%20books%2C%20sing%2C%20and%20enjoy%20rhymes%20that%20encourage%20us%20all%20to%20get%20up%20and%20move!%20For%20ages%200-5.&e[0][location]=Severance%20Library%20-%20Cottonwood",FAILED,""
"https://clearview.libnet.info/event/17429760","https://addtocalendar.com/atc/google?utz=0&uln=en-US@posix&vjs=1.5&e[0][date_start]=2026-11-16%2010%3A00%3A00&e[0][date_end]=2026-11-16%2010%3A30%3A00&e[0][timezone]=America%2FDenver&e[0][title]=Read%2C%20Rhyme%2C%20and%20Romp&e[0][description]=Join%20us%20for%20an%20active%20storytime!%20We%20will%20read%20books%2C%20sing%2C%20and%20enjoy%20rhymes%20that%20encourage%20us%20all%20to%20get%20up%20and%20move!%20For%20ages%200-5.&e[0][location]=Severance%20Library%20-%20Cottonwood",FAILED,""
"https://clearview.libnet.info/event/17429760","https://addtocalendar.com/atc/outlook?utz=0&uln=en-US@posix&vjs=1.5&e[0][date_start]=2026-11-16%2010%3A00%3A00&e[0][date_end]=2026-11-16%2010%3A30%3A00&e[0][timezone]=America%2FDenver&e[0][title]=Read%2C%20Rhyme%2C%20and%20Romp&e[0][description]=Join%20us%20for%20an%20active%20storytime!%20We%20will%20read%20books%2C%20sing%2C%20and%20enjoy%20rhymes%20that%20encourage%20us%20all%20to%20get%20up%20and%20move!%20For%20ages%200-5.&e[0][location]=Severance%20Library%20-%20Cottonwood",FAILED,""
"https://clearview.libnet.info/event/17429760","https://addtocalendar.com/atc/outlookonline?utz=0&uln=en-US@posix&vjs=1.5&e[0][date_start]=2026-11-16%2010%3A00%3A00&e[0][date_end]=2026-11-16%2010%3A30%3A00&e[0][timezone]=America%2FDenver&e[0][title]=Read%2C%20Rhyme%2C%20and%20Romp&e[0][description]=Join%20us%20for%20an%20active%20storytime!%20We%20will%20read%20books%2C%20sing%2C%20and%20enjoy%20rhymes%20that%20encourage%20us%20all%20to%20get%20up%20and%20move!%20For%20ages%200-5.&e[0][location]=Severance%20Library%20-%20Cottonwood",FAILED,""
"https://clearview.libnet.info/event/17429760","https://addtocalendar.com/atc/yahoo?utz=0&uln=en-US@posix&vjs=1.5&e[0][date_start]=2026-11-16%2010%3A00%3A00&e[0][date_end]=2026-11-16%2010%3A30%3A00&e[0][timezone]=America%2FDenver&e[0][title]=Read%2C%20Rhyme%2C%20and%20Romp&e[0][description]=Join%20us%20for%20an%20active%20storytime!%20We%20will%20read%20books%2C%20sing%2C%20and%20enjoy%20rhymes%20that%20encourage%20us%20all%20to%20get%20up%20and%20move!%20For%20ages%200-5.&e[0][location]=Severance%20Library%20-%20Cottonwood",FAILED,""
"https://clearview.libnet.info/event/17429778","https://addtocalendar.com/atc/ical?utz=0&uln=en-US@posix&vjs=1.5&e[0][date_start]=2026-11-16%2010%3A30%3A00&e[0][date_end]=2026-11-16%2011%3A00%3A00&e[0][timezone]=America%2FDenver&e[0][title]=Stay%20and%20Play%20&e[0][description]=Children%20will%20enjoy%20open-ended%20playtime%20in%20a%20relaxed%20atmosphere%20that%20promotes%20growth%2C%20exploration%2C%20and%20learning.%20Intended%20for%20children%20ages%200%20to%205%20and%20their%20caregivers%20or%20families.&e[0][location]=Severance%20Library%20-%20Cottonwood",FAILED,""
"https://clearview.libnet.info/event/17429778","https://addtocalendar.com/atc/google?utz=0&uln=en-US@posix&vjs=1.5&e[0][date_start]=2026-11-16%2010%3A30%3A00&e[0][date_end]=2026-11-16%2011%3A00%3A00&e[0][timezone]=America%2FDenver&e[0][title]=Stay%20and%20Play%20&e[0][description]=Children%20will%20enjoy%20open-ended%20playtime%20in%20a%20relaxed%20atmosphere%20that%20promotes%20growth%2C%20exploration%2C%20and%20learning.%20Intended%20for%20children%20ages%200%20to%205%20and%20their%20caregivers%20or%20families.&e[0][location]=Severance%20Library%20-%20Cottonwood",FAILED,""
"https://clearview.libnet.info/event/17429778","https://addtocalendar.com/atc/outlook?utz=0&uln=en-US@posix&vjs=1.5&e[0][date_start]=2026-11-16%2010%3A30%3A00&e[0][date_end]=2026-11-16%2011%3A00%3A00&e[0][timezone]=America%2FDenver&e[0][title]=Stay%20and%20Play%20&e[0][description]=Children%20will%20enjoy%20open-ended%20playtime%20in%20a%20relaxed%20atmosphere%20that%20promotes%20growth%2C%20exploration%2C%20and%20learning.%20Intended%20for%20children%20ages%200%20to%205%20and%20their%20caregivers%20or%20families.&e[0][location]=Severance%20Library%20-%20Cottonwood",FAILED,""
"https://clearview.libnet.info/event/17429778","https://addtocalendar.com/atc/outlookonline?utz=0&uln=en-US@posix&vjs=1.5&e[0][date_start]=2026-11-16%2010%3A30%3A00&e[0][date_end]=2026-11-16%2011%3A00%3A00&e[0][timezone]=America%2FDenver&e[0][title]=Stay%20and%20Play%20&e[0][description]=Children%20will%20enjoy%20open-ended%20playtime%20in%20a%20relaxed%20atmosphere%20that%20promotes%20growth%2C%20exploration%2C%20and%20learning.%20Intended%20for%20children%20ages%200%20to%205%20and%20their%20caregivers%20or%20families.&e[0][location]=Severance%20Library%20-%20Cottonwood",FAILED,""
"https://clearview.libnet.info/event/17429778","https://addtocalendar.com/atc/yahoo?utz=0&uln=en-US@posix&vjs=1.5&e[0][date_start]=2026-11-16%2010%3A30%3A00&e[0][date_end]=2026-11-16%2011%3A00%3A00&e[0][timezone]=America%2FDenver&e[0][title]=Stay%20and%20Play%20&e[0][description]=Children%20will%20enjoy%20open-ended%20playtime%20in%20a%20relaxed%20atmosphere%20that%20promotes%20growth%2C%20exploration%2C%20and%20learning.%20Intended%20for%20children%20ages%200%20to%205%20and%20their%20caregivers%20or%20families.&e[0][location]=Severance%20Library%20-%20Cottonwood",FAILED,""
"https://clearview.libnet.info/event/17286486","https://addtocalendar.com/atc/ical?utz=0&uln=en-US@posix&vjs=1.5&e[0][date_start]=2026-11-16%2014%3A30%3A00&e[0][date_end]=2026-11-16%2015%3A00%3A00&e[0][timezone]=America%2FDenver&e[0][title]=Bookmobile%20Stop%20at%20Grandview%20Elementary%20&e[0][description]=1583%20Grand%20Ave%20-%20Windsor&e[0][location]=Bookmobile%20-%20",FAILED,""
"https://clearview.libnet.info/event/17286486","https://addtocalendar.com/atc/google?utz=0&uln=en-US@posix&vjs=1.5&e[0][date_start]=2026-11-16%2014%3A30%3A00&e[0][date_end]=2026-11-16%2015%3A00%3A00&e[0][timezone]=America%2FDenver&e[0][title]=Bookmobile%20Stop%20at%20Grandview%20Elementary%20&e[0][description]=1583%20Grand%20Ave%20-%20Windsor&e[0][location]=Bookmobile%20-%20",FAILED,""
"https://clearview.libnet.info/event/17286486","https://addtocalendar.com/atc/outlook?utz=0&uln=en-US@posix&vjs=1.5&e[0][date_start]=2026-11-16%2014%3A30%3A00&e[0][date_end]=2026-11-16%2015%3A00%3A00&e[0][timezone]=America%2FDenver&e[0][title]=Bookmobile%20Stop%20at%20Grandview%20Elementary%20&e[0][description]=1583%20Grand%20Ave%20-%20Windsor&e[0][location]=Bookmobile%20-%20",FAILED,""
"https://clearview.libnet.info/event/17286486","https://addtocalendar.com/atc/outlookonline?utz=0&uln=en-US@posix&vjs=1.5&e[0][date_start]=2026-11-16%2014%3A30%3A00&e[0][date_end]=2026-11-16%2015%3A00%3A00&e[0][timezone]=America%2FDenver&e[0][title]=Bookmobile%20Stop%20at%20Grandview%20Elementary%20&e[0][description]=1583%20Grand%20Ave%20-%20Windsor&e[0][location]=Bookmobile%20-%20",FAILED,""
"https://clearview.libnet.info/event/17286486","https://addtocalendar.com/atc/yahoo?utz=0&uln=en-US@posix&vjs=1.5&e[0][date_start]=2026-11-16%2014%3A30%3A00&e[0][date_end]=2026-11-16%2015%3A00%3A00&e[0][timezone]=America%2FDenver&e[0][title]=Bookmobile%20Stop%20at%20Grandview%20Elementary%20&e[0][description]=1583%20Grand%20Ave%20-%20Windsor&e[0][location]=Bookmobile%20-%20",FAILED,""
"https://clearview.libnet.info/event/17446748","https://addtocalendar.com/atc/ical?utz=0&uln=en-US@posix&vjs=1.5&e[0][date_start]=2026-11-16%2015%3A15%3A00&e[0][date_end]=2026-11-16%2016%3A15%3A00&e[0][timezone]=America%2FDenver&e[0][title]=Lego%20Engineers&e[0][description]=Get%20creative%20and%20innovate%20with%20Legos!%20This%20session%20of%20Lego%20Engineers%2C%20we%20will%20each%20choose%20a%20favorite%20minifigure%20%E2%80%93%20and%20then%20supersize%20it!%20Open%20to%20elementary-aged%20children%2C%20as%20well%20as%20tweens%20ages%209-12.&e[0][location]=Windsor%20Library%20-%20Pikes%20Peak",FAILED,""
"https://clearview.libnet.info/event/17446748","https://addtocalendar.com/atc/google?utz=0&uln=en-US@posix&vjs=1.5&e[0][date_start]=2026-11-16%2015%3A15%3A00&e[0][date_end]=2026-11-16%2016%3A15%3A00&e[0][timezone]=America%2FDenver&e[0][title]=Lego%20Engineers&e[0][description]=Get%20creative%20and%20innovate%20with%20Legos!%20This%20session%20of%20Lego%20Engineers%2C%20we%20will%20each%20choose%20a%20favorite%20minifigure%20%E2%80%93%20and%20then%20supersize%20it!%20Open%20to%20elementary-aged%20children%2C%20as%20well%20as%20tweens%20ages%209-12.&e[0][location]=Windsor%20Library%20-%20Pikes%20Peak",FAILED,""
"https://clearview.libnet.info/event/17446748","https://addtocalendar.com/atc/outlook?utz=0&uln=en-US@posix&vjs=1.5&e[0][date_start]=2026-11-16%2015%3A15%3A00&e[0][date_end]=2026-11-16%2016%3A15%3A00&e[0][timezone]=America%2FDenver&e[0][title]=Lego%20Engineers&e[0][description]=Get%20creative%20and%20innovate%20with%20Legos!%20This%20session%20of%20Lego%20Engineers%2C%20we%20will%20each%20choose%20a%20favorite%20minifigure%20%E2%80%93%20and%20then%20supersize%20it!%20Open%20to%20elementary-aged%20children%2C%20as%20well%20as%20tweens%20ages%209-12.&e[0][location]=Windsor%20Library%20-%20Pikes%20Peak",FAILED,""
"https://clearview.libnet.info/event/17446748","https://addtocalendar.com/atc/outlookonline?utz=0&uln=en-US@posix&vjs=1.5&e[0][date_start]=2026-11-16%2015%3A15%3A00&e[0][date_end]=2026-11-16%2016%3A15%3A00&e[0][timezone]=America%2FDenver&e[0][title]=Lego%20Engineers&e[0][description]=Get%20creative%20and%20innovate%20with%20Legos!%20This%20session%20of%20Lego%20Engineers%2C%20we%20will%20each%20choose%20a%20favorite%20minifigure%20%E2%80%93%20and%20then%20supersize%20it!%20Open%20to%20elementary-aged%20children%2C%20as%20well%20as%20tweens%20ages%209-12.&e[0][location]=Windsor%20Library%20-%20Pikes%20Peak",FAILED,""
"https://clearview.libnet.info/event/17446748","https://addtocalendar.com/atc/yahoo?utz=0&uln=en-US@posix&vjs=1.5&e[0][date_start]=2026-11-16%2015%3A15%3A00&e[0][date_end]=2026-11-16%2016%3A15%3A00&e[0][timezone]=America%2FDenver&e[0][title]=Lego%20Engineers&e[0][description]=Get%20creative%20and%20innovate%20with%20Legos!%20This%20session%20of%20Lego%20Engineers%2C%20we%20will%20each%20choose%20a%20favorite%20minifigure%20%E2%80%93%20and%20then%20supersize%20it!%20Open%20to%20elementary-aged%20children%2C%20as%20well%20as%20tweens%20ages%209-12.&e[0][location]=Windsor%20Library%20-%20Pikes%20Peak",FAILED,""
"https://clearview.libnet.info/event/17450760","https://addtocalendar.com/atc/ical?utz=0&uln=en-US@posix&vjs=1.5&e[0][date_start]=2026-11-16%2015%3A15%3A00&e[0][date_end]=2026-11-16%2016%3A15%3A00&e[0][timezone]=America%2FDenver&e[0][title]=After-School%20Collective&e[0][description]=A%20place%20for%20elementary-aged%20children%20and%20tweens%20ages%209-12%20to%20explore%20and%20discover%20with%20their%20peers.Today%2C%20we%E2%80%99ll%20decorate%20cupcakes%20to%20match%20a%20theme%20and%20compete%20to%20win!%20&e[0][location]=Severance%20Library%20-%20Cottonwood",FAILED,""
"https://clearview.libnet.info/event/17450760","https://addtocalendar.com/atc/google?utz=0&uln=en-US@posix&vjs=1.5&e[0][date_start]=2026-11-16%2015%3A15%3A00&e[0][date_end]=2026-11-16%2016%3A15%3A00&e[0][timezone]=America%2FDenver&e[0][title]=After-School%20Collective&e[0][description]=A%20place%20for%20elementary-aged%20children%20and%20tweens%20ages%209-12%20to%20explore%20and%20discover%20with%20their%20peers.Today%2C%20we%E2%80%99ll%20decorate%20cupcakes%20to%20match%20a%20theme%20and%20compete%20to%20win!%20&e[0][location]=Severance%20Library%20-%20Cottonwood",FAILED,""
"https://clearview.libnet.info/event/17450760","https://addtocalendar.com/atc/outlook?utz=0&uln=en-US@posix&vjs=1.5&e[0][date_start]=2026-11-16%2015%3A15%3A00&e[0][date_end]=2026-11-16%2016%3A15%3A00&e[0][timezone]=America%2FDenver&e[0][title]=After-School%20Collective&e[0][description]=A%20place%20for%20elementary-aged%20children%20and%20tweens%20ages%209-12%20to%20explore%20and%20discover%20with%20their%20peers.Today%2C%20we%E2%80%99ll%20decorate%20cupcakes%20to%20match%20a%20theme%20and%20compete%20to%20win!%20&e[0][location]=Severance%20Library%20-%20Cottonwood",FAILED,""
"https://clearview.libnet.info/event/17450760","https://addtocalendar.com/atc/outlookonline?utz=0&uln=en-US@posix&vjs=1.5&e[0][date_start]=2026-11-16%2015%3A15%3A00&e[0][date_end]=2026-11-16%2016%3A15%3A00&e[0][timezone]=America%2FDenver&e[0][title]=After-School%20Collective&e[0][description]=A%20place%20for%20elementary-aged%20children%20and%20tweens%20ages%209-12%20to%20explore%20and%20discover%20with%20their%20peers.Today%2C%20we%E2%80%99ll%20decorate%20cupcakes%20to%20match%20a%20theme%20and%20compete%20to%20win!%20&e[0][location]=Severance%20Library%20-%20Cottonwood",FAILED,""
"https://clearview.libnet.info/event/17450760","https://addtocalendar.com/atc/yahoo?utz=0&uln=en-US@posix&vjs=1.5&e[0][date_start]=2026-11-16%2015%3A15%3A00&e[0][date_end]=2026-11-16%2016%3A15%3A00&e[0][timezone]=America%2FDenver&e[0][title]=After-School%20Collective&e[0][description]=A%20place%20for%20elementary-aged%20children%20and%20tweens%20ages%209-12%20to%20explore%20and%20discover%20with%20their%20peers.Today%2C%20we%E2%80%99ll%20decorate%20cupcakes%20to%20match%20a%20theme%20and%20compete%20to%20win!%20&e[0][location]=Severance%20Library%20-%20Cottonwood",FAILED,""
"https://clearview.libnet.info/event/17286541","https://addtocalendar.com/atc/ical?utz=0&uln=en-US@posix&vjs=1.5&e[0][date_start]=2026-11-16%2015%3A30%3A00&e[0][date_end]=2026-11-16%2016%3A00%3A00&e[0][timezone]=America%2FDenver&e[0][title]=Bookmobile%20Stop%20at%20Northern%20Lights%20Park&e[0][description]=550%20Saratoga%20Wy%20-%20Windsor&e[0][location]=Bookmobile%20-%20",FAILED,""
"https://clearview.libnet.info/event/17286541","https://addtocalendar.com/atc/google?utz=0&uln=en-US@posix&vjs=1.5&e[0][date_start]=2026-11-16%2015%3A30%3A00&e[0][date_end]=2026-11-16%2016%3A00%3A00&e[0][timezone]=America%2FDenver&e[0][title]=Bookmobile%20Stop%20at%20Northern%20Lights%20Park&e[0][description]=550%20Saratoga%20Wy%20-%20Windsor&e[0][location]=Bookmobile%20-%20",FAILED,""
"https://clearview.libnet.info/event/17286541","https://addtocalendar.com/atc/outlook?utz=0&uln=en-US@posix&vjs=1.5&e[0][date_start]=2026-11-16%2015%3A30%3A00&e[0][date_end]=2026-11-16%2016%3A00%3A00&e[0][timezone]=America%2FDenver&e[0][title]=Bookmobile%20Stop%20at%20Northern%20Lights%20Park&e[0][description]=550%20Saratoga%20Wy%20-%20Windsor&e[0][location]=Bookmobile%20-%20",FAILED,""
"https://clearview.libnet.info/event/17286541","https://addtocalendar.com/atc/outlookonline?utz=0&uln=en-US@posix&vjs=1.5&e[0][date_start]=2026-11-16%2015%3A30%3A00&e[0][date_end]=2026-11-16%2016%3A00%3A00&e[0][timezone]=America%2FDenver&e[0][title]=Bookmobile%20Stop%20at%20Northern%20Lights%20Park&e[0][description]=550%20Saratoga%20Wy%20-%20Windsor&e[0][location]=Bookmobile%20-%20",FAILED,""
"https://clearview.libnet.info/event/17286541","https://addtocalendar.com/atc/yahoo?utz=0&uln=en-US@posix&vjs=1.5&e[0][date_start]=2026-11-16%2015%3A30%3A00&e[0][date_end]=2026-11-16%2016%3A00%3A00&e[0][timezone]=America%2FDenver&e[0][title]=Bookmobile%20Stop%20at%20Northern%20Lights%20Park&e[0][description]=550%20Saratoga%20Wy%20-%20Windsor&e[0][location]=Bookmobile%20-%20",FAILED,""
"https://clearview.libnet.info/event/17286588","https://addtocalendar.com/atc/ical?utz=0&uln=en-US@posix&vjs=1.5&e[0][date_start]=2026-11-16%2016%3A30%3A00&e[0][date_end]=2026-11-16%2017%3A00%3A00&e[0][timezone]=America%2FDenver&e[0][title]=Bookmobile%20Stop%20at%20Windshire%20Park&e[0][description]=1520%20Dartford%20Dr%20-%20Windsor&e[0][location]=Bookmobile%20-%20",FAILED,""
"https://clearview.libnet.info/event/17286588","https://addtocalendar.com/atc/google?utz=0&uln=en-US@posix&vjs=1.5&e[0][date_start]=2026-11-16%2016%3A30%3A00&e[0][date_end]=2026-11-16%2017%3A00%3A00&e[0][timezone]=America%2FDenver&e[0][title]=Bookmobile%20Stop%20at%20Windshire%20Park&e[0][description]=1520%20Dartford%20Dr%20-%20Windsor&e[0][location]=Bookmobile%20-%20",FAILED,""
"https://clearview.libnet.info/event/17286588","https://addtocalendar.com/atc/outlook?utz=0&uln=en-US@posix&vjs=1.5&e[0][date_start]=2026-11-16%2016%3A30%3A00&e[0][date_end]=2026-11-16%2017%3A00%3A00&e[0][timezone]=America%2FDenver&e[0][title]=Bookmobile%20Stop%20at%20Windshire%20Park&e[0][description]=1520%20Dartford%20Dr%20-%20Windsor&e[0][location]=Bookmobile%20-%20",FAILED,""
"https://clearview.libnet.info/event/17286588","https://addtocalendar.com/atc/outlookonline?utz=0&uln=en-US@posix&vjs=1.5&e[0][date_start]=2026-11-16%2016%3A30%3A00&e[0][date_end]=2026-11-16%2017%3A00%3A00&e[0][timezone]=America%2FDenver&e[0][title]=Bookmobile%20Stop%20at%20Windshire%20Park&e[0][description]=1520%20Dartford%20Dr%20-%20Windsor&e[0][location]=Bookmobile%20-%20",FAILED,""
"https://clearview.libnet.info/event/17286588","https://addtocalendar.com/atc/yahoo?utz=0&uln=en-US@posix&vjs=1.5&e[0][date_start]=2026-11-16%2016%3A30%3A00&e[0][date_end]=2026-11-16%2017%3A00%3A00&e[0][timezone]=America%2FDenver&e[0][title]=Bookmobile%20Stop%20at%20Windshire%20Park&e[0][description]=1520%20Dartford%20Dr%20-%20Windsor&e[0][location]=Bookmobile%20-%20",FAILED,""
"https://clearview.libnet.info/event/17286606","https://addtocalendar.com/atc/ical?utz=0&uln=en-US@posix&vjs=1.5&e[0][date_start]=2026-11-16%2017%3A30%3A00&e[0][date_end]=2026-11-16%2018%3A00%3A00&e[0][timezone]=America%2FDenver&e[0][title]=Bookmobile%20Stop%20at%20Covenant%20Park&e[0][description]=601%20Southwood%20Ln%20-%20Windsor&e[0][location]=Bookmobile%20-%20",FAILED,""
"https://clearview.libnet.info/event/17286606","https://addtocalendar.com/atc/google?utz=0&uln=en-US@posix&vjs=1.5&e[0][date_start]=2026-11-16%2017%3A30%3A00&e[0][date_end]=2026-11-16%2018%3A00%3A00&e[0][timezone]=America%2FDenver&e[0][title]=Bookmobile%20Stop%20at%20Covenant%20Park&e[0][description]=601%20Southwood%20Ln%20-%20Windsor&e[0][location]=Bookmobile%20-%20",FAILED,""
"https://clearview.libnet.info/event/17286606","https://addtocalendar.com/atc/outlook?utz=0&uln=en-US@posix&vjs=1.5&e[0][date_start]=2026-11-16%2017%3A30%3A00&e[0][date_end]=2026-11-16%2018%3A00%3A00&e[0][timezone]=America%2FDenver&e[0][title]=Bookmobile%20Stop%20at%20Covenant%20Park&e[0][description]=601%20Southwood%20Ln%20-%20Windsor&e[0][location]=Bookmobile%20-%20",FAILED,""
"https://clearview.libnet.info/event/17286606","https://addtocalendar.com/atc/outlookonline?utz=0&uln=en-US@posix&vjs=1.5&e[0][date_start]=2026-11-16%2017%3A30%3A00&e[0][date_end]=2026-11-16%2018%3A00%3A00&e[0][timezone]=America%2FDenver&e[0][title]=Bookmobile%20Stop%20at%20Covenant%20Park&e[0][description]=601%20Southwood%20Ln%20-%20Windsor&e[0][location]=Bookmobile%20-%20",FAILED,""
"https://clearview.libnet.info/event/17286606","https://addtocalendar.com/atc/yahoo?utz=0&uln=en-US@posix&vjs=1.5&e[0][date_start]=2026-11-16%2017%3A30%3A00&e[0][date_end]=2026-11-16%2018%3A00%3A00&e[0][timezone]=America%2FDenver&e[0][title]=Bookmobile%20Stop%20at%20Covenant%20Park&e[0][description]=601%20Southwood%20Ln%20-%20Windsor&e[0][location]=Bookmobile%20-%20",FAILED,""
"https://clearview.libnet.info/event/17430183","https://addtocalendar.com/atc/ical?utz=0&uln=en-US@posix&vjs=1.5&e[0][date_start]=2026-11-17%2010%3A00%3A00&e[0][date_end]=2026-11-17%2010%3A30%3A00&e[0][timezone]=America%2FDenver&e[0][title]=Read%2C%20Rhyme%2C%20and%20Romp&e[0][description]=Join%20us%20for%20an%20active%20storytime!%20We%20will%20read%20books%2C%20sing%2C%20and%20enjoy%20rhymes%20that%20encourage%20us%20all%20to%20get%20up%20and%20move!%20For%20ages%200-5.&e[0][location]=Windsor%20Library%20-%20Pikes%20Peak",FAILED,""
"https://clearview.libnet.info/event/17430183","https://addtocalendar.com/atc/google?utz=0&uln=en-US@posix&vjs=1.5&e[0][date_start]=2026-11-17%2010%3A00%3A00&e[0][date_end]=2026-11-17%2010%3A30%3A00&e[0][timezone]=America%2FDenver&e[0][title]=Read%2C%20Rhyme%2C%20and%20Romp&e[0][description]=Join%20us%20for%20an%20active%20storytime!%20We%20will%20read%20books%2C%20sing%2C%20and%20enjoy%20rhymes%20that%20encourage%20us%20all%20to%20get%20up%20and%20move!%20For%20ages%200-5.&e[0][location]=Windsor%20Library%20-%20Pikes%20Peak",FAILED,""
"https://clearview.libnet.info/event/17430183","https://addtocalendar.com/atc/outlook?utz=0&uln=en-US@posix&vjs=1.5&e[0][date_start]=2026-11-17%2010%3A00%3A00&e[0][date_end]=2026-11-17%2010%3A30%3A00&e[0][timezone]=America%2FDenver&e[0][title]=Read%2C%20Rhyme%2C%20and%20Romp&e[0][description]=Join%20us%20for%20an%20active%20storytime!%20We%20will%20read%20books%2C%20sing%2C%20and%20enjoy%20rhymes%20that%20encourage%20us%20all%20to%20get%20up%20and%20move!%20For%20ages%200-5.&e[0][location]=Windsor%20Library%20-%20Pikes%20Peak",FAILED,""
"https://clearview.libnet.info/event/17430183","https://addtocalendar.com/atc/outlookonline?utz=0&uln=en-US@posix&vjs=1.5&e[0][date_start]=2026-11-17%2010%3A00%3A00&e[0][date_end]=2026-11-17%2010%3A30%3A00&e[0][timezone]=America%2FDenver&e[0][title]=Read%2C%20Rhyme%2C%20and%20Romp&e[0][description]=Join%20us%20for%20an%20active%20storytime!%20We%20will%20read%20books%2C%20sing%2C%20and%20enjoy%20rhymes%20that%20encourage%20us%20all%20to%20get%20up%20and%20move!%20For%20ages%200-5.&e[0][location]=Windsor%20Library%20-%20Pikes%20Peak",FAILED,""
"https://clearview.libnet.info/event/17430183","https://addtocalendar.com/atc/yahoo?utz=0&uln=en-US@posix&vjs=1.5&e[0][date_start]=2026-11-17%2010%3A00%3A00&e[0][date_end]=2026-11-17%2010%3A30%3A00&e[0][timezone]=America%2FDenver&e[0][title]=Read%2C%20Rhyme%2C%20and%20Romp&e[0][description]=Join%20us%20for%20an%20active%20storytime!%20We%20will%20read%20books%2C%20sing%2C%20and%20enjoy%20rhymes%20that%20encourage%20us%20all%20to%20get%20up%20and%20move!%20For%20ages%200-5.&e[0][location]=Windsor%20Library%20-%20Pikes%20Peak",FAILED,""
"https://clearview.libnet.info/event/17286616","https://addtocalendar.com/atc/ical?utz=0&uln=en-US@posix&vjs=1.5&e[0][date_start]=2026-11-17%2010%3A30%3A00&e[0][date_end]=2026-11-17%2011%3A30%3A00&e[0][timezone]=America%2FDenver&e[0][title]=Bookmobile%20Stop%20at%20Mountain%20Shadows%20Community%20Park%20&e[0][description]=86th%20Ave%20-%20Greeley&e[0][location]=Bookmobile%20-%20",FAILED,""
"https://clearview.libnet.info/event/17286616","https://addtocalendar.com/atc/google?utz=0&uln=en-US@posix&vjs=1.5&e[0][date_start]=2026-11-17%2010%3A30%3A00&e[0][date_end]=2026-11-17%2011%3A30%3A00&e[0][timezone]=America%2FDenver&e[0][title]=Bookmobile%20Stop%20at%20Mountain%20Shadows%20Community%20Park%20&e[0][description]=86th%20Ave%20-%20Greeley&e[0][location]=Bookmobile%20-%20",FAILED,""
"https://clearview.libnet.info/event/17286616","https://addtocalendar.com/atc/outlook?utz=0&uln=en-US@posix&vjs=1.5&e[0][date_start]=2026-11-17%2010%3A30%3A00&e[0][date_end]=2026-11-17%2011%3A30%3A00&e[0][timezone]=America%2FDenver&e[0][title]=Bookmobile%20Stop%20at%20Mountain%20Shadows%20Community%20Park%20&e[0][description]=86th%20Ave%20-%20Greeley&e[0][location]=Bookmobile%20-%20",FAILED,""
"https://clearview.libnet.info/event/17286616","https://addtocalendar.com/atc/outlookonline?utz=0&uln=en-US@posix&vjs=1.5&e[0][date_start]=2026-11-17%2010%3A30%3A00&e[0][date_end]=2026-11-17%2011%3A30%3A00&e[0][timezone]=America%2FDenver&e[0][title]=Bookmobile%20Stop%20at%20Mountain%20Shadows%20Community%20Park%20&e[0][description]=86th%20Ave%20-%20Greeley&e[0][location]=Bookmobile%20-%20",FAILED,""
"https://clearview.libnet.info/event/17286616","https://addtocalendar.com/atc/yahoo?utz=0&uln=en-US@posix&vjs=1.5&e[0][date_start]=2026-11-17%2010%3A30%3A00&e[0][date_end]=2026-11-17%2011%3A30%3A00&e[0][timezone]=America%2FDenver&e[0][title]=Bookmobile%20Stop%20at%20Mountain%20Shadows%20Community%20Park%20&e[0][description]=86th%20Ave%20-%20Greeley&e[0][location]=Bookmobile%20-%20",FAILED,""
"https://clearview.libnet.info/event/17429336","https://addtocalendar.com/atc/ical?utz=0&uln=en-US@posix&vjs=1.5&e[0][date_start]=2026-11-17%2010%3A30%3A00&e[0][date_end]=2026-11-17%2011%3A15%3A00&e[0][timezone]=America%2FDenver&e[0][title]=Once%20Upon%20a%20Story&e[0][description]=During%20this%20engaging%20storytime%2C%20children%20will%20hear%20beloved%20books%20followed%20by%20activity%20stations%20inspired%20by%20each%20tale.%20Ignite%20imaginations%20through%20creative%20play%2C%20music%2C%20%26amp%3B%20simple%20crafts.%20For%20ages%203-5.&e[0][location]=Severance%20Library%20-%20Cottonwood",FAILED,""
"https://clearview.libnet.info/event/17429336","https://addtocalendar.com/atc/google?utz=0&uln=en-US@posix&vjs=1.5&e[0][date_start]=2026-11-17%2010%3A30%3A00&e[0][date_end]=2026-11-17%2011%3A15%3A00&e[0][timezone]=America%2FDenver&e[0][title]=Once%20Upon%20a%20Story&e[0][description]=During%20this%20engaging%20storytime%2C%20children%20will%20hear%20beloved%20books%20followed%20by%20activity%20stations%20inspired%20by%20each%20tale.%20Ignite%20imaginations%20through%20creative%20play%2C%20music%2C%20%26amp%3B%20simple%20crafts.%20For%20ages%203-5.&e[0][location]=Severance%20Library%20-%20Cottonwood",FAILED,""
"https://clearview.libnet.info/event/17429336","https://addtocalendar.com/atc/outlook?utz=0&uln=en-US@posix&vjs=1.5&e[0][date_start]=2026-11-17%2010%3A30%3A00&e[0][date_end]=2026-11-17%2011%3A15%3A00&e[0][timezone]=America%2FDenver&e[0][title]=Once%20Upon%20a%20Story&e[0][description]=During%20this%20engaging%20storytime%2C%20children%20will%20hear%20beloved%20books%20followed%20by%20activity%20stations%20inspired%20by%20each%20tale.%20Ignite%20imaginations%20through%20creative%20play%2C%20music%2C%20%26amp%3B%20simple%20crafts.%20For%20ages%203-5.&e[0][location]=Severance%20Library%20-%20Cottonwood",FAILED,""
"https://clearview.libnet.info/event/17429336","https://addtocalendar.com/atc/outlookonline?utz=0&uln=en-US@posix&vjs=1.5&e[0][date_start]=2026-11-17%2010%3A30%3A00&e[0][date_end]=2026-11-17%2011%3A15%3A00&e[0][timezone]=America%2FDenver&e[0][title]=Once%20Upon%20a%20Story&e[0][description]=During%20this%20engaging%20storytime%2C%20children%20will%20hear%20beloved%20books%20followed%20by%20activity%20stations%20inspired%20by%20each%20tale.%20Ignite%20imaginations%20through%20creative%20play%2C%20music%2C%20%26amp%3B%20simple%20crafts.%20For%20ages%203-5.&e[0][location]=Severance%20Library%20-%20Cottonwood",FAILED,""
"https://clearview.libnet.info/event/17429336","https://addtocalendar.com/atc/yahoo?utz=0&uln=en-US@posix&vjs=1.5&e[0][date_start]=2026-11-17%2010%3A30%3A00&e[0][date_end]=2026-11-17%2011%3A15%3A00&e[0][timezone]=America%2FDenver&e[0][title]=Once%20Upon%20a%20Story&e[0][description]=During%20this%20engaging%20storytime%2C%20children%20will%20hear%20beloved%20books%20followed%20by%20activity%20stations%20inspired%20by%20each%20tale.%20Ignite%20imaginations%20through%20creative%20play%2C%20music%2C%20%26amp%3B%20simple%20crafts.%20For%20ages%203-5.&e[0][location]=Severance%20Library%20-%20Cottonwood",FAILED,""
"https://clearview.libnet.info/event/17430213","https://addtocalendar.com/atc/ical?utz=0&uln=en-US@posix&vjs=1.5&e[0][date_start]=2026-11-17%2010%3A30%3A00&e[0][date_end]=2026-11-17%2011%3A00%3A00&e[0][timezone]=America%2FDenver&e[0][title]=Stay%20and%20Play%20&e[0][description]=Children%20will%20enjoy%20open-ended%20playtime%20in%20a%20relaxed%20atmosphere%20that%20promotes%20growth%2C%20exploration%2C%20and%20learning.%20Intended%20for%20children%20ages%200%20to%205%20and%20their%20caregivers%20or%20families.&e[0][location]=Windsor%20Library%20-%20Pikes%20Peak",FAILED,""
"https://clearview.libnet.info/event/17430213","https://addtocalendar.com/atc/google?utz=0&uln=en-US@posix&vjs=1.5&e[0][date_start]=2026-11-17%2010%3A30%3A00&e[0][date_end]=2026-11-17%2011%3A00%3A00&e[0][timezone]=America%2FDenver&e[0][title]=Stay%20and%20Play%20&e[0][description]=Children%20will%20enjoy%20open-ended%20playtime%20in%20a%20relaxed%20atmosphere%20that%20promotes%20growth%2C%20exploration%2C%20and%20learning.%20Intended%20for%20children%20ages%200%20to%205%20and%20their%20caregivers%20or%20families.&e[0][location]=Windsor%20Library%20-%20Pikes%20Peak",FAILED,""
"https://clearview.libnet.info/event/17430213","https://addtocalendar.com/atc/outlook?utz=0&uln=en-US@posix&vjs=1.5&e[0][date_start]=2026-11-17%2010%3A30%3A00&e[0][date_end]=2026-11-17%2011%3A00%3A00&e[0][timezone]=America%2FDenver&e[0][title]=Stay%20and%20Play%20&e[0][description]=Children%20will%20enjoy%20open-ended%20playtime%20in%20a%20relaxed%20atmosphere%20that%20promotes%20growth%2C%20exploration%2C%20and%20learning.%20Intended%20for%20children%20ages%200%20to%205%20and%20their%20caregivers%20or%20families.&e[0][location]=Windsor%20Library%20-%20Pikes%20Peak",FAILED,""
"https://clearview.libnet.info/event/17430213","https://addtocalendar.com/atc/outlookonline?utz=0&uln=en-US@posix&vjs=1.5&e[0][date_start]=2026-11-17%2010%3A30%3A00&e[0][date_end]=2026-11-17%2011%3A00%3A00&e[0][timezone]=America%2FDenver&e[0][title]=Stay%20and%20Play%20&e[0][description]=Children%20will%20enjoy%20open-ended%20playtime%20in%20a%20relaxed%20atmosphere%20that%20promotes%20growth%2C%20exploration%2C%20and%20learning.%20Intended%20for%20children%20ages%200%20to%205%20and%20their%20caregivers%20or%20families.&e[0][location]=Windsor%20Library%20-%20Pikes%20Peak",FAILED,""
"https://clearview.libnet.info/event/17430213","https://addtocalendar.com/atc/yahoo?utz=0&uln=en-US@posix&vjs=1.5&e[0][date_start]=2026-11-17%2010%3A30%3A00&e[0][date_end]=2026-11-17%2011%3A00%3A00&e[0][timezone]=America%2FDenver&e[0][title]=Stay%20and%20Play%20&e[0][description]=Children%20will%20enjoy%20open-ended%20playtime%20in%20a%20relaxed%20atmosphere%20that%20promotes%20growth%2C%20exploration%2C%20and%20learning.%20Intended%20for%20children%20ages%200%20to%205%20and%20their%20caregivers%20or%20families.&e[0][location]=Windsor%20Library%20-%20Pikes%20Peak",FAILED,""
"https://clearview.libnet.info/event/17451565","https://addtocalendar.com/atc/ical?utz=0&uln=en-US@posix&vjs=1.5&e[0][date_start]=2026-11-17%2013%3A00%3A00&e[0][date_end]=2026-11-17%2014%3A00%3A00&e[0][timezone]=America%2FDenver&e[0][title]=Clearview%20Homeschooler%27s%20Academy&e[0][description]=Join%20us%20for%20a%20monthly%20program%20that%20offers%20hands-on%20STEAM%20learning%20and%20activities.%20Learn%20about%20electricity%20through%20exploring%20simple%20circuits%20and%20experiments.%20For%20children%20ages%205%2B&e[0][location]=Windsor%20Library%20-%20Pikes%20Peak",FAILED,""
"https://clearview.libnet.info/event/17451565","https://addtocalendar.com/atc/google?utz=0&uln=en-US@posix&vjs=1.5&e[0][date_start]=2026-11-17%2013%3A00%3A00&e[0][date_end]=2026-11-17%2014%3A00%3A00&e[0][timezone]=America%2FDenver&e[0][title]=Clearview%20Homeschooler%27s%20Academy&e[0][description]=Join%20us%20for%20a%20monthly%20program%20that%20offers%20hands-on%20STEAM%20learning%20and%20activities.%20Learn%20about%20electricity%20through%20exploring%20simple%20circuits%20and%20experiments.%20For%20children%20ages%205%2B&e[0][location]=Windsor%20Library%20-%20Pikes%20Peak",FAILED,""
"https://clearview.libnet.info/event/17451565","https://addtocalendar.com/atc/outlook?utz=0&uln=en-US@posix&vjs=1.5&e[0][date_start]=2026-11-17%2013%3A00%3A00&e[0][date_end]=2026-11-17%2014%3A00%3A00&e[0][timezone]=America%2FDenver&e[0][title]=Clearview%20Homeschooler%27s%20Academy&e[0][description]=Join%20us%20for%20a%20monthly%20program%20that%20offers%20hands-on%20STEAM%20learning%20and%20activities.%20Learn%20about%20electricity%20through%20exploring%20simple%20circuits%20and%20experiments.%20For%20children%20ages%205%2B&e[0][location]=Windsor%20Library%20-%20Pikes%20Peak",FAILED,""
"https://clearview.libnet.info/event/17451565","https://addtocalendar.com/atc/outlookonline?utz=0&uln=en-US@posix&vjs=1.5&e[0][date_start]=2026-11-17%2013%3A00%3A00&e[0][date_end]=2026-11-17%2014%3A00%3A00&e[0][timezone]=America%2FDenver&e[0][title]=Clearview%20Homeschooler%27s%20Academy&e[0][description]=Join%20us%20for%20a%20monthly%20program%20that%20offers%20hands-on%20STEAM%20learning%20and%20activities.%20Learn%20about%20electricity%20through%20exploring%20simple%20circuits%20and%20experiments.%20For%20children%20ages%205%2B&e[0][location]=Windsor%20Library%20-%20Pikes%20Peak",FAILED,""
"https://clearview.libnet.info/event/17451565","https://addtocalendar.com/atc/yahoo?utz=0&uln=en-US@posix&vjs=1.5&e[0][date_start]=2026-11-17%2013%3A00%3A00&e[0][date_end]=2026-11-17%2014%3A00%3A00&e[0][timezone]=America%2FDenver&e[0][title]=Clearview%20Homeschooler%27s%20Academy&e[0][description]=Join%20us%20for%20a%20monthly%20program%20that%20offers%20hands-on%20STEAM%20learning%20and%20activities.%20Learn%20about%20electricity%20through%20exploring%20simple%20circuits%20and%20experiments.%20For%20children%20ages%205%2B&e[0][location]=Windsor%20Library%20-%20Pikes%20Peak",FAILED,""
"https://clearview.libnet.info/event/17286662","https://addtocalendar.com/atc/ical?utz=0&uln=en-US@posix&vjs=1.5&e[0][date_start]=2026-11-17%2014%3A30%3A00&e[0][date_end]=2026-11-17%2015%3A30%3A00&e[0][timezone]=America%2FDenver&e[0][title]=Bookmobile%20Stop%20at%20Orchard%20Hill%20Elementary%20&e[0][description]=2015%20Covered%20Bridge%20Pkwy%20-%20Windsor&e[0][location]=Bookmobile%20-%20",FAILED,""
"https://clearview.libnet.info/event/17286662","https://addtocalendar.com/atc/google?utz=0&uln=en-US@posix&vjs=1.5&e[0][date_start]=2026-11-17%2014%3A30%3A00&e[0][date_end]=2026-11-17%2015%3A30%3A00&e[0][timezone]=America%2FDenver&e[0][title]=Bookmobile%20Stop%20at%20Orchard%20Hill%20Elementary%20&e[0][description]=2015%20Covered%20Bridge%20Pkwy%20-%20Windsor&e[0][location]=Bookmobile%20-%20",FAILED,""
"https://clearview.libnet.info/event/17286662","https://addtocalendar.com/atc/outlook?utz=0&uln=en-US@posix&vjs=1.5&e[0][date_start]=2026-11-17%2014%3A30%3A00&e[0][date_end]=2026-11-17%2015%3A30%3A00&e[0][timezone]=America%2FDenver&e[0][title]=Bookmobile%20Stop%20at%20Orchard%20Hill%20Elementary%20&e[0][description]=2015%20Covered%20Bridge%20Pkwy%20-%20Windsor&e[0][location]=Bookmobile%20-%20",FAILED,""
"https://clearview.libnet.info/event/17286662","https://addtocalendar.com/atc/outlookonline?utz=0&uln=en-US@posix&vjs=1.5&e[0][date_start]=2026-11-17%2014%3A30%3A00&e[0][date_end]=2026-11-17%2015%3A30%3A00&e[0][timezone]=America%2FDenver&e[0][title]=Bookmobile%20Stop%20at%20Orchard%20Hill%20Elementary%20&e[0][description]=2015%20Covered%20Bridge%20Pkwy%20-%20Windsor&e[0][location]=Bookmobile%20-%20",FAILED,""
"https://clearview.libnet.info/event/17286662","https://addtocalendar.com/atc/yahoo?utz=0&uln=en-US@posix&vjs=1.5&e[0][date_start]=2026-11-17%2014%3A30%3A00&e[0][date_end]=2026-11-17%2015%3A30%3A00&e[0][timezone]=America%2FDenver&e[0][title]=Bookmobile%20Stop%20at%20Orchard%20Hill%20Elementary%20&e[0][description]=2015%20Covered%20Bridge%20Pkwy%20-%20Windsor&e[0][location]=Bookmobile%20-%20",FAILED,""
"https://clearview.libnet.info/event/17426933","https://addtocalendar.com/atc/ical?utz=0&uln=en-US@posix&vjs=1.5&e[0][date_start]=2026-11-17%2015%3A15%3A00&e[0][date_end]=2026-11-17%2016%3A15%3A00&e[0][timezone]=America%2FDenver&e[0][title]=Lego%20Explorers&e[0][description]=Lego%20Explorers%20offers%20Lego%20lovers%20the%20chance%20to%20free%20play%20with%20Legos.%20Build%20with%20our%20monthly%20theme%20or%20create%20from%20your%20own%20imagination.%20Open%20to%20elementary-aged%20children%2C%20as%20well%20as%20tweens%20ages%209-12.&e[0][location]=Severance%20Library%20-%20Cottonwood",FAILED,""
"https://clearview.libnet.info/event/17426933","https://addtocalendar.com/atc/google?utz=0&uln=en-US@posix&vjs=1.5&e[0][date_start]=2026-11-17%2015%3A15%3A00&e[0][date_end]=2026-11-17%2016%3A15%3A00&e[0][timezone]=America%2FDenver&e[0][title]=Lego%20Explorers&e[0][description]=Lego%20Explorers%20offers%20Lego%20lovers%20the%20chance%20to%20free%20play%20with%20Legos.%20Build%20with%20our%20monthly%20theme%20or%20create%20from%20your%20own%20imagination.%20Open%20to%20elementary-aged%20children%2C%20as%20well%20as%20tweens%20ages%209-12.&e[0][location]=Severance%20Library%20-%20Cottonwood",FAILED,""
"https://clearview.libnet.info/event/17426933","https://addtocalendar.com/atc/outlook?utz=0&uln=en-US@posix&vjs=1.5&e[0][date_start]=2026-11-17%2015%3A15%3A00&e[0][date_end]=2026-11-17%2016%3A15%3A00&e[0][timezone]=America%2FDenver&e[0][title]=Lego%20Explorers&e[0][description]=Lego%20Explorers%20offers%20Lego%20lovers%20the%20chance%20to%20free%20play%20with%20Legos.%20Build%20with%20our%20monthly%20theme%20or%20create%20from%20your%20own%20imagination.%20Open%20to%20elementary-aged%20children%2C%20as%20well%20as%20tweens%20ages%209-12.&e[0][location]=Severance%20Library%20-%20Cottonwood",FAILED,""
"https://clearview.libnet.info/event/17426933","https://addtocalendar.com/atc/outlookonline?utz=0&uln=en-US@posix&vjs=1.5&e[0][date_start]=2026-11-17%2015%3A15%3A00&e[0][date_end]=2026-11-17%2016%3A15%3A00&e[0][timezone]=America%2FDenver&e[0][title]=Lego%20Explorers&e[0][description]=Lego%20Explorers%20offers%20Lego%20lovers%20the%20chance%20to%20free%20play%20with%20Legos.%20Build%20with%20our%20monthly%20theme%20or%20create%20from%20your%20own%20imagination.%20Open%20to%20elementary-aged%20children%2C%20as%20well%20as%20tweens%20ages%209-12.&e[0][location]=Severance%20Library%20-%20Cottonwood",FAILED,""
"https://clearview.libnet.info/event/17426933","https://addtocalendar.com/atc/yahoo?utz=0&uln=en-US@posix&vjs=1.5&e[0][date_start]=2026-11-17%2015%3A15%3A00&e[0][date_end]=2026-11-17%2016%3A15%3A00&e[0][timezone]=America%2FDenver&e[0][title]=Lego%20Explorers&e[0][description]=Lego%20Explorers%20offers%20Lego%20lovers%20the%20chance%20to%20free%20play%20with%20Legos.%20Build%20with%20our%20monthly%20theme%20or%20create%20from%20your%20own%20imagination.%20Open%20to%20elementary-aged%20children%2C%20as%20well%20as%20tweens%20ages%209-12.&e[0][location]=Severance%20Library%20-%20Cottonwood",FAILED,""
"https://clearview.libnet.info/event/17286668","https://addtocalendar.com/atc/ical?utz=0&uln=en-US@posix&vjs=1.5&e[0][date_start]=2026-11-17%2015%3A30%3A00&e[0][date_end]=2026-11-17%2016%3A00%3A00&e[0][timezone]=America%2FDenver&e[0][title]=Bookmobile%20Stop%20at%20Ravina%20Park&e[0][description]=Graceful%20St%20-%20Windsor&e[0][location]=Bookmobile%20-%20",FAILED,""
"https://clearview.libnet.info/event/17286668","https://addtocalendar.com/atc/google?utz=0&uln=en-US@posix&vjs=1.5&e[0][date_start]=2026-11-17%2015%3A30%3A00&e[0][date_end]=2026-11-17%2016%3A00%3A00&e[0][timezone]=America%2FDenver&e[0][title]=Bookmobile%20Stop%20at%20Ravina%20Park&e[0][description]=Graceful%20St%20-%20Windsor&e[0][location]=Bookmobile%20-%20",FAILED,""
"https://clearview.libnet.info/event/17286668","https://addtocalendar.com/atc/outlook?utz=0&uln=en-US@posix&vjs=1.5&e[0][date_start]=2026-11-17%2015%3A30%3A00&e[0][date_end]=2026-11-17%2016%3A00%3A00&e[0][timezone]=America%2FDenver&e[0][title]=Bookmobile%20Stop%20at%20Ravina%20Park&e[0][description]=Graceful%20St%20-%20Windsor&e[0][location]=Bookmobile%20-%20",FAILED,""
"https://clearview.libnet.info/event/17286668","https://addtocalendar.com/atc/outlookonline?utz=0&uln=en-US@posix&vjs=1.5&e[0][date_start]=2026-11-17%2015%3A30%3A00&e[0][date_end]=2026-11-17%2016%3A00%3A00&e[0][timezone]=America%2FDenver&e[0][title]=Bookmobile%20Stop%20at%20Ravina%20Park&e[0][description]=Graceful%20St%20-%20Windsor&e[0][location]=Bookmobile%20-%20",FAILED,""
"https://clearview.libnet.info/event/17286668","https://addtocalendar.com/atc/yahoo?utz=0&uln=en-US@posix&vjs=1.5&e[0][date_start]=2026-11-17%2015%3A30%3A00&e[0][date_end]=2026-11-17%2016%3A00%3A00&e[0][timezone]=America%2FDenver&e[0][title]=Bookmobile%20Stop%20at%20Ravina%20Park&e[0][description]=Graceful%20St%20-%20Windsor&e[0][location]=Bookmobile%20-%20",FAILED,""
"https://clearview.libnet.info/event/17286676","https://addtocalendar.com/atc/ical?utz=0&uln=en-US@posix&vjs=1.5&e[0][date_start]=2026-11-17%2016%3A30%3A00&e[0][date_end]=2026-11-17%2017%3A00%3A00&e[0][timezone]=America%2FDenver&e[0][title]=Bookmobile%20Stop%20at%20Greenspire&e[0][description]=635%20Moonglow%20Dr%20-%20Windsor&e[0][location]=Bookmobile%20-%20",FAILED,""
"https://clearview.libnet.info/event/17286676","https://addtocalendar.com/atc/google?utz=0&uln=en-US@posix&vjs=1.5&e[0][date_start]=2026-11-17%2016%3A30%3A00&e[0][date_end]=2026-11-17%2017%3A00%3A00&e[0][timezone]=America%2FDenver&e[0][title]=Bookmobile%20Stop%20at%20Greenspire&e[0][description]=635%20Moonglow%20Dr%20-%20Windsor&e[0][location]=Bookmobile%20-%20",FAILED,""
"https://clearview.libnet.info/event/17286676","https://addtocalendar.com/atc/outlook?utz=0&uln=en-US@posix&vjs=1.5&e[0][date_start]=2026-11-17%2016%3A30%3A00&e[0][date_end]=2026-11-17%2017%3A00%3A00&e[0][timezone]=America%2FDenver&e[0][title]=Bookmobile%20Stop%20at%20Greenspire&e[0][description]=635%20Moonglow%20Dr%20-%20Windsor&e[0][location]=Bookmobile%20-%20",FAILED,""
"https://clearview.libnet.info/event/17286676","https://addtocalendar.com/atc/outlookonline?utz=0&uln=en-US@posix&vjs=1.5&e[0][date_start]=2026-11-17%2016%3A30%3A00&e[0][date_end]=2026-11-17%2017%3A00%3A00&e[0][timezone]=America%2FDenver&e[0][title]=Bookmobile%20Stop%20at%20Greenspire&e[0][description]=635%20Moonglow%20Dr%20-%20Windsor&e[0][location]=Bookmobile%20-%20",FAILED,""
"https://clearview.libnet.info/event/17286676","https://addtocalendar.com/atc/yahoo?utz=0&uln=en-US@posix&vjs=1.5&e[0][date_start]=2026-11-17%2016%3A30%3A00&e[0][date_end]=2026-11-17%2017%3A00%3A00&e[0][timezone]=America%2FDenver&e[0][title]=Bookmobile%20Stop%20at%20Greenspire&e[0][description]=635%20Moonglow%20Dr%20-%20Windsor&e[0][location]=Bookmobile%20-%20",FAILED,""
"https://clearview.libnet.info/event/17428483","https://addtocalendar.com/atc/ical?utz=0&uln=en-US@posix&vjs=1.5&e[0][date_start]=2026-11-17%2016%3A30%3A00&e[0][date_end]=2026-11-17%2017%3A45%3A00&e[0][timezone]=America%2FDenver&e[0][title]=Teen%20Cookbook%20Club&e[0][description]=Our%20cookbook%20club%20is%20for%20teens%20who%20love%20to%20cook%20(regardless%20of%20experience).%20We%E2%80%99ll%20explore%20a%20featured%20cookbook%20and%20then%20make%20a%20simple%20recipe.&e[0][location]=Severance%20Library%20-%20Cottonwood",FAILED,""
"https://clearview.libnet.info/event/17428483","https://addtocalendar.com/atc/google?utz=0&uln=en-US@posix&vjs=1.5&e[0][date_start]=2026-11-17%2016%3A30%3A00&e[0][date_end]=2026-11-17%2017%3A45%3A00&e[0][timezone]=America%2FDenver&e[0][title]=Teen%20Cookbook%20Club&e[0][description]=Our%20cookbook%20club%20is%20for%20teens%20who%20love%20to%20cook%20(regardless%20of%20experience).%20We%E2%80%99ll%20explore%20a%20featured%20cookbook%20and%20then%20make%20a%20simple%20recipe.&e[0][location]=Severance%20Library%20-%20Cottonwood",FAILED,""
"https://clearview.libnet.info/event/17428483","https://addtocalendar.com/atc/outlook?utz=0&uln=en-US@posix&vjs=1.5&e[0][date_start]=2026-11-17%2016%3A30%3A00&e[0][date_end]=2026-11-17%2017%3A45%3A00&e[0][timezone]=America%2FDenver&e[0][title]=Teen%20Cookbook%20Club&e[0][description]=Our%20cookbook%20club%20is%20for%20teens%20who%20love%20to%20cook%20(regardless%20of%20experience).%20We%E2%80%99ll%20explore%20a%20featured%20cookbook%20and%20then%20make%20a%20simple%20recipe.&e[0][location]=Severance%20Library%20-%20Cottonwood",FAILED,""
"https://clearview.libnet.info/event/17428483","https://addtocalendar.com/atc/outlookonline?utz=0&uln=en-US@posix&vjs=1.5&e[0][date_start]=2026-11-17%2016%3A30%3A00&e[0][date_end]=2026-11-17%2017%3A45%3A00&e[0][timezone]=America%2FDenver&e[0][title]=Teen%20Cookbook%20Club&e[0][description]=Our%20cookbook%20club%20is%20for%20teens%20who%20love%20to%20cook%20(regardless%20of%20experience).%20We%E2%80%99ll%20explore%20a%20featured%20cookbook%20and%20then%20make%20a%20simple%20recipe.&e[0][location]=Severance%20Library%20-%20Cottonwood",FAILED,""
"https://clearview.libnet.info/event/17428483","https://addtocalendar.com/atc/yahoo?utz=0&uln=en-US@posix&vjs=1.5&e[0][date_start]=2026-11-17%2016%3A30%3A00&e[0][date_end]=2026-11-17%2017%3A45%3A00&e[0][timezone]=America%2FDenver&e[0][title]=Teen%20Cookbook%20Club&e[0][description]=Our%20cookbook%20club%20is%20for%20teens%20who%20love%20to%20cook%20(regardless%20of%20experience).%20We%E2%80%99ll%20explore%20a%20featured%20cookbook%20and%20then%20make%20a%20simple%20recipe.&e[0][location]=Severance%20Library%20-%20Cottonwood",FAILED,""
"https://clearview.libnet.info/event/17286681","https://addtocalendar.com/atc/ical?utz=0&uln=en-US@posix&vjs=1.5&e[0][date_start]=2026-11-17%2017%3A30%3A00&e[0][date_end]=2026-11-17%2018%3A00%3A00&e[0][timezone]=America%2FDenver&e[0][title]=Bookmobile%20Stop%20at%20The%20Ridge%20Park%20&e[0][description]=5005%20Harmony%20Ridge%20Pkwy%20-%20Windsor&e[0][location]=Bookmobile%20-%20",FAILED,""
"https://clearview.libnet.info/event/17286681","https://addtocalendar.com/atc/google?utz=0&uln=en-US@posix&vjs=1.5&e[0][date_start]=2026-11-17%2017%3A30%3A00&e[0][date_end]=2026-11-17%2018%3A00%3A00&e[0][timezone]=America%2FDenver&e[0][title]=Bookmobile%20Stop%20at%20The%20Ridge%20Park%20&e[0][description]=5005%20Harmony%20Ridge%20Pkwy%20-%20Windsor&e[0][location]=Bookmobile%20-%20",FAILED,""
"https://clearview.libnet.info/event/17286681","https://addtocalendar.com/atc/outlook?utz=0&uln=en-US@posix&vjs=1.5&e[0][date_start]=2026-11-17%2017%3A30%3A00&e[0][date_end]=2026-11-17%2018%3A00%3A00&e[0][timezone]=America%2FDenver&e[0][title]=Bookmobile%20Stop%20at%20The%20Ridge%20Park%20&e[0][description]=5005%20Harmony%20Ridge%20Pkwy%20-%20Windsor&e[0][location]=Bookmobile%20-%20",FAILED,""
"https://clearview.libnet.info/event/17286681","https://addtocalendar.com/atc/outlookonline?utz=0&uln=en-US@posix&vjs=1.5&e[0][date_start]=2026-11-17%2017%3A30%3A00&e[0][date_end]=2026-11-17%2018%3A00%3A00&e[0][timezone]=America%2FDenver&e[0][title]=Bookmobile%20Stop%20at%20The%20Ridge%20Park%20&e[0][description]=5005%20Harmony%20Ridge%20Pkwy%20-%20Windsor&e[0][location]=Bookmobile%20-%20",FAILED,""
"https://clearview.libnet.info/event/17286681","https://addtocalendar.com/atc/yahoo?utz=0&uln=en-US@posix&vjs=1.5&e[0][date_start]=2026-11-17%2017%3A30%3A00&e[0][date_end]=2026-11-17%2018%3A00%3A00&e[0][timezone]=America%2FDenver&e[0][title]=Bookmobile%20Stop%20at%20The%20Ridge%20Park%20&e[0][description]=5005%20Harmony%20Ridge%20Pkwy%20-%20Windsor&e[0][location]=Bookmobile%20-%20",FAILED,""
"https://clearview.libnet.info/event/17430391","https://addtocalendar.com/atc/ical?utz=0&uln=en-US@posix&vjs=1.5&e[0][date_start]=2026-11-18%2010%3A00%3A00&e[0][date_end]=2026-11-18%2010%3A30%3A00&e[0][timezone]=America%2FDenver&e[0][title]=Lil%27%20STEAM%20&e[0][description]=Join%20us%20to%20read%20a%20story%20and%20then%20explore%20Science%2C%20Technology%2C%20Engineering%2C%20Art%2C%20and%20Math%20with%20a%20monthly%20theme%20from%20the%20story%20with%20a%20related%20activity.%20For%20ages%203-5.&e[0][location]=Windsor%20Library%20-%20Pikes%20Peak",FAILED,""
"https://clearview.libnet.info/event/17430391","https://addtocalendar.com/atc/google?utz=0&uln=en-US@posix&vjs=1.5&e[0][date_start]=2026-11-18%2010%3A00%3A00&e[0][date_end]=2026-11-18%2010%3A30%3A00&e[0][timezone]=America%2FDenver&e[0][title]=Lil%27%20STEAM%20&e[0][description]=Join%20us%20to%20read%20a%20story%20and%20then%20explore%20Science%2C%20Technology%2C%20Engineering%2C%20Art%2C%20and%20Math%20with%20a%20monthly%20theme%20from%20the%20story%20with%20a%20related%20activity.%20For%20ages%203-5.&e[0][location]=Windsor%20Library%20-%20Pikes%20Peak",FAILED,""
"https://clearview.libnet.info/event/17430391","https://addtocalendar.com/atc/outlook?utz=0&uln=en-US@posix&vjs=1.5&e[0][date_start]=2026-11-18%2010%3A00%3A00&e[0][date_end]=2026-11-18%2010%3A30%3A00&e[0][timezone]=America%2FDenver&e[0][title]=Lil%27%20STEAM%20&e[0][description]=Join%20us%20to%20read%20a%20story%20and%20then%20explore%20Science%2C%20Technology%2C%20Engineering%2C%20Art%2C%20and%20Math%20with%20a%20monthly%20theme%20from%20the%20story%20with%20a%20related%20activity.%20For%20ages%203-5.&e[0][location]=Windsor%20Library%20-%20Pikes%20Peak",FAILED,""
"https://clearview.libnet.info/event/17430391","https://addtocalendar.com/atc/outlookonline?utz=0&uln=en-US@posix&vjs=1.5&e[0][date_start]=2026-11-18%2010%3A00%3A00&e[0][date_end]=2026-11-18%2010%3A30%3A00&e[0][timezone]=America%2FDenver&e[0][title]=Lil%27%20STEAM%20&e[0][description]=Join%20us%20to%20read%20a%20story%20and%20then%20explore%20Science%2C%20Technology%2C%20Engineering%2C%20Art%2C%20and%20Math%20with%20a%20monthly%20theme%20from%20the%20story%20with%20a%20related%20activity.%20For%20ages%203-5.&e[0][location]=Windsor%20Library%20-%20Pikes%20Peak",FAILED,""
"https://clearview.libnet.info/event/17430391","https://addtocalendar.com/atc/yahoo?utz=0&uln=en-US@posix&vjs=1.5&e[0][date_start]=2026-11-18%2010%3A00%3A00&e[0][date_end]=2026-11-18%2010%3A30%3A00&e[0][timezone]=America%2FDenver&e[0][title]=Lil%27%20STEAM%20&e[0][description]=Join%20us%20to%20read%20a%20story%20and%20then%20explore%20Science%2C%20Technology%2C%20Engineering%2C%20Art%2C%20and%20Math%20with%20a%20monthly%20theme%20from%20the%20story%20with%20a%20related%20activity.%20For%20ages%203-5.&e[0][location]=Windsor%20Library%20-%20Pikes%20Peak",FAILED,""
"https://clearview.libnet.info/event/17430461","https://addtocalendar.com/atc/ical?utz=0&uln=en-US@posix&vjs=1.5&e[0][date_start]=2026-11-18%2010%3A00%3A00&e[0][date_end]=2026-11-18%2010%3A30%3A00&e[0][timezone]=America%2FDenver&e[0][title]=Babies%20and%20Books&e[0][description]=Grow%20your%20reader%20as%20we%20enjoy%20books%2C%20rhymes%2C%20songs%2C%20sensory%20activities%2C%20and%20active%20movement%20during%20this%20lapsit%20storytime.%20For%20ages%20birth%20to%202%20years.%20Older%20siblings%20welcome.&e[0][location]=Severance%20Library%20-%20Cottonwood",FAILED,""
"https://clearview.libnet.info/event/17430461","https://addtocalendar.com/atc/google?utz=0&uln=en-US@posix&vjs=1.5&e[0][date_start]=2026-11-18%2010%3A00%3A00&e[0][date_end]=2026-11-18%2010%3A30%3A00&e[0][timezone]=America%2FDenver&e[0][title]=Babies%20and%20Books&e[0][description]=Grow%20your%20reader%20as%20we%20enjoy%20books%2C%20rhymes%2C%20songs%2C%20sensory%20activities%2C%20and%20active%20movement%20during%20this%20lapsit%20storytime.%20For%20ages%20birth%20to%202%20years.%20Older%20siblings%20welcome.&e[0][location]=Severance%20Library%20-%20Cottonwood",FAILED,""
"https://clearview.libnet.info/event/17430461","https://addtocalendar.com/atc/outlook?utz=0&uln=en-US@posix&vjs=1.5&e[0][date_start]=2026-11-18%2010%3A00%3A00&e[0][date_end]=2026-11-18%2010%3A30%3A00&e[0][timezone]=America%2FDenver&e[0][title]=Babies%20and%20Books&e[0][description]=Grow%20your%20reader%20as%20we%20enjoy%20books%2C%20rhymes%2C%20songs%2C%20sensory%20activities%2C%20and%20active%20movement%20during%20this%20lapsit%20storytime.%20For%20ages%20birth%20to%202%20years.%20Older%20siblings%20welcome.&e[0][location]=Severance%20Library%20-%20Cottonwood",FAILED,""
"https://clearview.libnet.info/event/17430461","https://addtocalendar.com/atc/outlookonline?utz=0&uln=en-US@posix&vjs=1.5&e[0][date_start]=2026-11-18%2010%3A00%3A00&e[0][date_end]=2026-11-18%2010%3A30%3A00&e[0][timezone]=America%2FDenver&e[0][title]=Babies%20and%20Books&e[0][description]=Grow%20your%20reader%20as%20we%20enjoy%20books%2C%20rhymes%2C%20songs%2C%20sensory%20activities%2C%20and%20active%20movement%20during%20this%20lapsit%20storytime.%20For%20ages%20birth%20to%202%20years.%20Older%20siblings%20welcome.&e[0][location]=Severance%20Library%20-%20Cottonwood",FAILED,""
"https://clearview.libnet.info/event/17430461","https://addtocalendar.com/atc/yahoo?utz=0&uln=en-US@posix&vjs=1.5&e[0][date_start]=2026-11-18%2010%3A00%3A00&e[0][date_end]=2026-11-18%2010%3A30%3A00&e[0][timezone]=America%2FDenver&e[0][title]=Babies%20and%20Books&e[0][description]=Grow%20your%20reader%20as%20we%20enjoy%20books%2C%20rhymes%2C%20songs%2C%20sensory%20activities%2C%20and%20active%20movement%20during%20this%20lapsit%20storytime.%20For%20ages%20birth%20to%202%20years.%20Older%20siblings%20welcome.&e[0][location]=Severance%20Library%20-%20Cottonwood",FAILED,""
"https://clearview.libnet.info/event/17430517","https://addtocalendar.com/atc/ical?utz=0&uln=en-US@posix&vjs=1.5&e[0][date_start]=2026-11-18%2010%3A30%3A00&e[0][date_end]=2026-11-18%2011%3A00%3A00&e[0][timezone]=America%2FDenver&e[0][title]=Stay%20and%20Play%20&e[0][description]=Babies%20and%20toddlers%20will%20enjoy%20open-ended%20playtime%20in%20a%20relaxed%20atmosphere%20that%20promotes%20growth%2C%20exploration%2C%20and%20learning.%20Intended%20for%20children%20ages%200%20to%202%20and%20their%20caregivers%20or%20families.&e[0][location]=Severance%20Library%20-%20Cottonwood",FAILED,""
"https://clearview.libnet.info/event/17430517","https://addtocalendar.com/atc/google?utz=0&uln=en-US@posix&vjs=1.5&e[0][date_start]=2026-11-18%2010%3A30%3A00&e[0][date_end]=2026-11-18%2011%3A00%3A00&e[0][timezone]=America%2FDenver&e[0][title]=Stay%20and%20Play%20&e[0][description]=Babies%20and%20toddlers%20will%20enjoy%20open-ended%20playtime%20in%20a%20relaxed%20atmosphere%20that%20promotes%20growth%2C%20exploration%2C%20and%20learning.%20Intended%20for%20children%20ages%200%20to%202%20and%20their%20caregivers%20or%20families.&e[0][location]=Severance%20Library%20-%20Cottonwood",FAILED,""
"https://clearview.libnet.info/event/17430517","https://addtocalendar.com/atc/outlook?utz=0&uln=en-US@posix&vjs=1.5&e[0][date_start]=2026-11-18%2010%3A30%3A00&e[0][date_end]=2026-11-18%2011%3A00%3A00&e[0][timezone]=America%2FDenver&e[0][title]=Stay%20and%20Play%20&e[0][description]=Babies%20and%20toddlers%20will%20enjoy%20open-ended%20playtime%20in%20a%20relaxed%20atmosphere%20that%20promotes%20growth%2C%20exploration%2C%20and%20learning.%20Intended%20for%20children%20ages%200%20to%202%20and%20their%20caregivers%20or%20families.&e[0][location]=Severance%20Library%20-%20Cottonwood",FAILED,""
"https://clearview.libnet.info/event/17430517","https://addtocalendar.com/atc/outlookonline?utz=0&uln=en-US@posix&vjs=1.5&e[0][date_start]=2026-11-18%2010%3A30%3A00&e[0][date_end]=2026-11-18%2011%3A00%3A00&e[0][timezone]=America%2FDenver&e[0][title]=Stay%20and%20Play%20&e[0][description]=Babies%20and%20toddlers%20will%20enjoy%20open-ended%20playtime%20in%20a%20relaxed%20atmosphere%20that%20promotes%20growth%2C%20exploration%2C%20and%20learning.%20Intended%20for%20children%20ages%200%20to%202%20and%20their%20caregivers%20or%20families.&e[0][location]=Severance%20Library%20-%20Cottonwood",FAILED,""
"https://clearview.libnet.info/event/17430517","https://addtocalendar.com/atc/yahoo?utz=0&uln=en-US@posix&vjs=1.5&e[0][date_start]=2026-11-18%2010%3A30%3A00&e[0][date_end]=2026-11-18%2011%3A00%3A00&e[0][timezone]=America%2FDenver&e[0][title]=Stay%20and%20Play%20&e[0][description]=Babies%20and%20toddlers%20will%20enjoy%20open-ended%20playtime%20in%20a%20relaxed%20atmosphere%20that%20promotes%20growth%2C%20exploration%2C%20and%20learning.%20Intended%20for%20children%20ages%200%20to%202%20and%20their%20caregivers%20or%20families.&e[0][location]=Severance%20Library%20-%20Cottonwood",FAILED,""
"https://clearview.libnet.info/event/17459370","https://addtocalendar.com/atc/ical?utz=0&uln=en-US@posix&vjs=1.5&e[0][date_start]=2026-11-18%2013%3A00%3A00&e[0][date_end]=2026-11-18%2014%3A00%3A00&e[0][timezone]=America%2FDenver&e[0][title]=Gratitude%20Yoga&e[0][description]=Join%20us%20for%20this%20adult%20yoga%20practice%20designed%20to%20leave%20you%20feeling%20centered%20in%20thankfulness.&e[0][location]=Severance%20Library%20-%20Cottonwood",FAILED,""
"https://clearview.libnet.info/event/17459370","https://addtocalendar.com/atc/google?utz=0&uln=en-US@posix&vjs=1.5&e[0][date_start]=2026-11-18%2013%3A00%3A00&e[0][date_end]=2026-11-18%2014%3A00%3A00&e[0][timezone]=America%2FDenver&e[0][title]=Gratitude%20Yoga&e[0][description]=Join%20us%20for%20this%20adult%20yoga%20practice%20designed%20to%20leave%20you%20feeling%20centered%20in%20thankfulness.&e[0][location]=Severance%20Library%20-%20Cottonwood",FAILED,""
"https://clearview.libnet.info/event/17459370","https://addtocalendar.com/atc/outlook?utz=0&uln=en-US@posix&vjs=1.5&e[0][date_start]=2026-11-18%2013%3A00%3A00&e[0][date_end]=2026-11-18%2014%3A00%3A00&e[0][timezone]=America%2FDenver&e[0][title]=Gratitude%20Yoga&e[0][description]=Join%20us%20for%20this%20adult%20yoga%20practice%20designed%20to%20leave%20you%20feeling%20centered%20in%20thankfulness.&e[0][location]=Severance%20Library%20-%20Cottonwood",FAILED,""
"https://clearview.libnet.info/event/17459370","https://addtocalendar.com/atc/outlookonline?utz=0&uln=en-US@posix&vjs=1.5&e[0][date_start]=2026-11-18%2013%3A00%3A00&e[0][date_end]=2026-11-18%2014%3A00%3A00&e[0][timezone]=America%2FDenver&e[0][title]=Gratitude%20Yoga&e[0][description]=Join%20us%20for%20this%20adult%20yoga%20practice%20designed%20to%20leave%20you%20feeling%20centered%20in%20thankfulness.&e[0][location]=Severance%20Library%20-%20Cottonwood",FAILED,""
"https://clearview.libnet.info/event/17459370","https://addtocalendar.com/atc/yahoo?utz=0&uln=en-US@posix&vjs=1.5&e[0][date_start]=2026-11-18%2013%3A00%3A00&e[0][date_end]=2026-11-18%2014%3A00%3A00&e[0][timezone]=America%2FDenver&e[0][title]=Gratitude%20Yoga&e[0][description]=Join%20us%20for%20this%20adult%20yoga%20practice%20designed%20to%20leave%20you%20feeling%20centered%20in%20thankfulness.&e[0][location]=Severance%20Library%20-%20Cottonwood",FAILED,""
"https://clearview.libnet.info/event/17286696","https://addtocalendar.com/atc/ical?utz=0&uln=en-US@posix&vjs=1.5&e[0][date_start]=2026-11-18%2014%3A30%3A00&e[0][date_end]=2026-11-18%2015%3A00%3A00&e[0][timezone]=America%2FDenver&e[0][title]=Bookmobile%20Stop%20at%20Poudre%20Heights%20Park%20&e[0][description]=1670%20Green%20River%20Dr%20-%20Windsor&e[0][location]=Bookmobile%20-%20",FAILED,""
"https://clearview.libnet.info/event/17286696","https://addtocalendar.com/atc/google?utz=0&uln=en-US@posix&vjs=1.5&e[0][date_start]=2026-11-18%2014%3A30%3A00&e[0][date_end]=2026-11-18%2015%3A00%3A00&e[0][timezone]=America%2FDenver&e[0][title]=Bookmobile%20Stop%20at%20Poudre%20Heights%20Park%20&e[0][description]=1670%20Green%20River%20Dr%20-%20Windsor&e[0][location]=Bookmobile%20-%20",FAILED,""
"https://clearview.libnet.info/event/17286696","https://addtocalendar.com/atc/outlook?utz=0&uln=en-US@posix&vjs=1.5&e[0][date_start]=2026-11-18%2014%3A30%3A00&e[0][date_end]=2026-11-18%2015%3A00%3A00&e[0][timezone]=America%2FDenver&e[0][title]=Bookmobile%20Stop%20at%20Poudre%20Heights%20Park%20&e[0][description]=1670%20Green%20River%20Dr%20-%20Windsor&e[0][location]=Bookmobile%20-%20",FAILED,""
"https://clearview.libnet.info/event/17286696","https://addtocalendar.com/atc/outlookonline?utz=0&uln=en-US@posix&vjs=1.5&e[0][date_start]=2026-11-18%2014%3A30%3A00&e[0][date_end]=2026-11-18%2015%3A00%3A00&e[0][timezone]=America%2FDenver&e[0][title]=Bookmobile%20Stop%20at%20Poudre%20Heights%20Park%20&e[0][description]=1670%20Green%20River%20Dr%20-%20Windsor&e[0][location]=Bookmobile%20-%20",FAILED,""
"https://clearview.libnet.info/event/17286696","https://addtocalendar.com/atc/yahoo?utz=0&uln=en-US@posix&vjs=1.5&e[0][date_start]=2026-11-18%2014%3A30%3A00&e[0][date_end]=2026-11-18%2015%3A00%3A00&e[0][timezone]=America%2FDenver&e[0][title]=Bookmobile%20Stop%20at%20Poudre%20Heights%20Park%20&e[0][description]=1670%20Green%20River%20Dr%20-%20Windsor&e[0][location]=Bookmobile%20-%20",FAILED,""
"https://clearview.libnet.info/event/17446904","https://addtocalendar.com/atc/ical?utz=0&uln=en-US@posix&vjs=1.5&e[0][date_start]=2026-11-18%2015%3A15%3A00&e[0][date_end]=2026-11-18%2016%3A15%3A00&e[0][timezone]=America%2FDenver&e[0][title]=Kids%20in%20the%20Kitchen&e[0][description]=Young%20chefs%20will%20learn%20to%20make%20new%20foods%20that%20can%20also%20be%20made%20at%20home.%20This%20month%2C%20try%20a%20taste%20of%20some%20traditional%20Native%20American%20foods!%20Open%20to%20elementary-aged%20children%2C%20as%20well%20as%20tweens%20ages%209-12&e[0][location]=Severance%20Library%20-%20Cottonwood",FAILED,""
"https://clearview.libnet.info/event/17446904","https://addtocalendar.com/atc/google?utz=0&uln=en-US@posix&vjs=1.5&e[0][date_start]=2026-11-18%2015%3A15%3A00&e[0][date_end]=2026-11-18%2016%3A15%3A00&e[0][timezone]=America%2FDenver&e[0][title]=Kids%20in%20the%20Kitchen&e[0][description]=Young%20chefs%20will%20learn%20to%20make%20new%20foods%20that%20can%20also%20be%20made%20at%20home.%20This%20month%2C%20try%20a%20taste%20of%20some%20traditional%20Native%20American%20foods!%20Open%20to%20elementary-aged%20children%2C%20as%20well%20as%20tweens%20ages%209-12&e[0][location]=Severance%20Library%20-%20Cottonwood",FAILED,""
"https://clearview.libnet.info/event/17446904","https://addtocalendar.com/atc/outlook?utz=0&uln=en-US@posix&vjs=1.5&e[0][date_start]=2026-11-18%2015%3A15%3A00&e[0][date_end]=2026-11-18%2016%3A15%3A00&e[0][timezone]=America%2FDenver&e[0][title]=Kids%20in%20the%20Kitchen&e[0][description]=Young%20chefs%20will%20learn%20to%20make%20new%20foods%20that%20can%20also%20be%20made%20at%20home.%20This%20month%2C%20try%20a%20taste%20of%20some%20traditional%20Native%20American%20foods!%20Open%20to%20elementary-aged%20children%2C%20as%20well%20as%20tweens%20ages%209-12&e[0][location]=Severance%20Library%20-%20Cottonwood",FAILED,""
"https://clearview.libnet.info/event/17446904","https://addtocalendar.com/atc/outlookonline?utz=0&uln=en-US@posix&vjs=1.5&e[0][date_start]=2026-11-18%2015%3A15%3A00&e[0][date_end]=2026-11-18%2016%3A15%3A00&e[0][timezone]=America%2FDenver&e[0][title]=Kids%20in%20the%20Kitchen&e[0][description]=Young%20chefs%20will%20learn%20to%20make%20new%20foods%20that%20can%20also%20be%20made%20at%20home.%20This%20month%2C%20try%20a%20taste%20of%20some%20traditional%20Native%20American%20foods!%20Open%20to%20elementary-aged%20children%2C%20as%20well%20as%20tweens%20ages%209-12&e[0][location]=Severance%20Library%20-%20Cottonwood",FAILED,""
"https://clearview.libnet.info/event/17446904","https://addtocalendar.com/atc/yahoo?utz=0&uln=en-US@posix&vjs=1.5&e[0][date_start]=2026-11-18%2015%3A15%3A00&e[0][date_end]=2026-11-18%2016%3A15%3A00&e[0][timezone]=America%2FDenver&e[0][title]=Kids%20in%20the%20Kitchen&e[0][description]=Young%20chefs%20will%20learn%20to%20make%20new%20foods%20that%20can%20also%20be%20made%20at%20home.%20This%20month%2C%20try%20a%20taste%20of%20some%20traditional%20Native%20American%20foods!%20Open%20to%20elementary-aged%20children%2C%20as%20well%20as%20tweens%20ages%209-12&e[0][location]=Severance%20Library%20-%20Cottonwood",FAILED,""
"https://clearview.libnet.info/event/17286701","https://addtocalendar.com/atc/ical?utz=0&uln=en-US@posix&vjs=1.5&e[0][date_start]=2026-11-18%2015%3A30%3A00&e[0][date_end]=2026-11-18%2016%3A00%3A00&e[0][timezone]=America%2FDenver&e[0][title]=Bookmobile%20Stop%20at%20Founders%20Green%20Park&e[0][description]=1201%20Grand%20Ave%20-%20Windsor%20&e[0][location]=Bookmobile%20-%20",FAILED,""
"https://clearview.libnet.info/event/17286701","https://addtocalendar.com/atc/google?utz=0&uln=en-US@posix&vjs=1.5&e[0][date_start]=2026-11-18%2015%3A30%3A00&e[0][date_end]=2026-11-18%2016%3A00%3A00&e[0][timezone]=America%2FDenver&e[0][title]=Bookmobile%20Stop%20at%20Founders%20Green%20Park&e[0][description]=1201%20Grand%20Ave%20-%20Windsor%20&e[0][location]=Bookmobile%20-%20",FAILED,""
"https://clearview.libnet.info/event/17286701","https://addtocalendar.com/atc/outlook?utz=0&uln=en-US@posix&vjs=1.5&e[0][date_start]=2026-11-18%2015%3A30%3A00&e[0][date_end]=2026-11-18%2016%3A00%3A00&e[0][timezone]=America%2FDenver&e[0][title]=Bookmobile%20Stop%20at%20Founders%20Green%20Park&e[0][description]=1201%20Grand%20Ave%20-%20Windsor%20&e[0][location]=Bookmobile%20-%20",FAILED,""
"https://clearview.libnet.info/event/17286701","https://addtocalendar.com/atc/outlookonline?utz=0&uln=en-US@posix&vjs=1.5&e[0][date_start]=2026-11-18%2015%3A30%3A00&e[0][date_end]=2026-11-18%2016%3A00%3A00&e[0][timezone]=America%2FDenver&e[0][title]=Bookmobile%20Stop%20at%20Founders%20Green%20Park&e[0][description]=1201%20Grand%20Ave%20-%20Windsor%20&e[0][location]=Bookmobile%20-%20",FAILED,""
"https://clearview.libnet.info/event/17286701","https://addtocalendar.com/atc/yahoo?utz=0&uln=en-US@posix&vjs=1.5&e[0][date_start]=2026-11-18%2015%3A30%3A00&e[0][date_end]=2026-11-18%2016%3A00%3A00&e[0][timezone]=America%2FDenver&e[0][title]=Bookmobile%20Stop%20at%20Founders%20Green%20Park&e[0][description]=1201%20Grand%20Ave%20-%20Windsor%20&e[0][location]=Bookmobile%20-%20",FAILED,""
"https://clearview.libnet.info/event/17286705","https://addtocalendar.com/atc/ical?utz=0&uln=en-US@posix&vjs=1.5&e[0][date_start]=2026-11-18%2016%3A30%3A00&e[0][date_end]=2026-11-18%2017%3A00%3A00&e[0][timezone]=America%2FDenver&e[0][title]=Bookmobile%20Stop%20at%20Cherry%20Park%20at%20RainDance%20&e[0][description]=Heirloom%20Dr%20-%20Windsor&e[0][location]=Bookmobile%20-%20",FAILED,""
"https://clearview.libnet.info/event/17286705","https://addtocalendar.com/atc/google?utz=0&uln=en-US@posix&vjs=1.5&e[0][date_start]=2026-11-18%2016%3A30%3A00&e[0][date_end]=2026-11-18%2017%3A00%3A00&e[0][timezone]=America%2FDenver&e[0][title]=Bookmobile%20Stop%20at%20Cherry%20Park%20at%20RainDance%20&e[0][description]=Heirloom%20Dr%20-%20Windsor&e[0][location]=Bookmobile%20-%20",FAILED,""
"https://clearview.libnet.info/event/17286705","https://addtocalendar.com/atc/outlook?utz=0&uln=en-US@posix&vjs=1.5&e[0][date_start]=2026-11-18%2016%3A30%3A00&e[0][date_end]=2026-11-18%2017%3A00%3A00&e[0][timezone]=America%2FDenver&e[0][title]=Bookmobile%20Stop%20at%20Cherry%20Park%20at%20RainDance%20&e[0][description]=Heirloom%20Dr%20-%20Windsor&e[0][location]=Bookmobile%20-%20",FAILED,""
"https://clearview.libnet.info/event/17286705","https://addtocalendar.com/atc/outlookonline?utz=0&uln=en-US@posix&vjs=1.5&e[0][date_start]=2026-11-18%2016%3A30%3A00&e[0][date_end]=2026-11-18%2017%3A00%3A00&e[0][timezone]=America%2FDenver&e[0][title]=Bookmobile%20Stop%20at%20Cherry%20Park%20at%20RainDance%20&e[0][description]=Heirloom%20Dr%20-%20Windsor&e[0][location]=Bookmobile%20-%20",FAILED,""
"https://clearview.libnet.info/event/17286705","https://addtocalendar.com/atc/yahoo?utz=0&uln=en-US@posix&vjs=1.5&e[0][date_start]=2026-11-18%2016%3A30%3A00&e[0][date_end]=2026-11-18%2017%3A00%3A00&e[0][timezone]=America%2FDenver&e[0][title]=Bookmobile%20Stop%20at%20Cherry%20Park%20at%20RainDance%20&e[0][description]=Heirloom%20Dr%20-%20Windsor&e[0][location]=Bookmobile%20-%20",FAILED,""
"https://clearview.libnet.info/event/17448329","https://addtocalendar.com/atc/ical?utz=0&uln=en-US@posix&vjs=1.5&e[0][date_start]=2026-11-18%2016%3A30%3A00&e[0][date_end]=2026-11-18%2018%3A00%3A00&e[0][timezone]=America%2FDenver&e[0][title]=Tween%20RPG&e[0][description]=This%20month%2C%20you%E2%80%99re%20a%20goat%20at%20a%20party%2C%20and%20you%20have%20a%20secret%20mission%20that%20only%20you%20know.%20Chaos%20will%20ensue!%20For%20tweens%20ages%209-12.&e[0][location]=Windsor%20Library%20-%20Longs%20Peak",FAILED,""
"https://clearview.libnet.info/event/17448329","https://addtocalendar.com/atc/google?utz=0&uln=en-US@posix&vjs=1.5&e[0][date_start]=2026-11-18%2016%3A30%3A00&e[0][date_end]=2026-11-18%2018%3A00%3A00&e[0][timezone]=America%2FDenver&e[0][title]=Tween%20RPG&e[0][description]=This%20month%2C%20you%E2%80%99re%20a%20goat%20at%20a%20party%2C%20and%20you%20have%20a%20secret%20mission%20that%20only%20you%20know.%20Chaos%20will%20ensue!%20For%20tweens%20ages%209-12.&e[0][location]=Windsor%20Library%20-%20Longs%20Peak",FAILED,""
"https://clearview.libnet.info/event/17448329","https://addtocalendar.com/atc/outlook?utz=0&uln=en-US@posix&vjs=1.5&e[0][date_start]=2026-11-18%2016%3A30%3A00&e[0][date_end]=2026-11-18%2018%3A00%3A00&e[0][timezone]=America%2FDenver&e[0][title]=Tween%20RPG&e[0][description]=This%20month%2C%20you%E2%80%99re%20a%20goat%20at%20a%20party%2C%20and%20you%20have%20a%20secret%20mission%20that%20only%20you%20know.%20Chaos%20will%20ensue!%20For%20tweens%20ages%209-12.&e[0][location]=Windsor%20Library%20-%20Longs%20Peak",FAILED,""
"https://clearview.libnet.info/event/17448329","https://addtocalendar.com/atc/outlookonline?utz=0&uln=en-US@posix&vjs=1.5&e[0][date_start]=2026-11-18%2016%3A30%3A00&e[0][date_end]=2026-11-18%2018%3A00%3A00&e[0][timezone]=America%2FDenver&e[0][title]=Tween%20RPG&e[0][description]=This%20month%2C%20you%E2%80%99re%20a%20goat%20at%20a%20party%2C%20and%20you%20have%20a%20secret%20mission%20that%20only%20you%20know.%20Chaos%20will%20ensue!%20For%20tweens%20ages%209-12.&e[0][location]=Windsor%20Library%20-%20Longs%20Peak",FAILED,""
"https://clearview.libnet.info/event/17448329","https://addtocalendar.com/atc/yahoo?utz=0&uln=en-US@posix&vjs=1.5&e[0][date_start]=2026-11-18%2016%3A30%3A00&e[0][date_end]=2026-11-18%2018%3A00%3A00&e[0][timezone]=America%2FDenver&e[0][title]=Tween%20RPG&e[0][description]=This%20month%2C%20you%E2%80%99re%20a%20goat%20at%20a%20party%2C%20and%20you%20have%20a%20secret%20mission%20that%20only%20you%20know.%20Chaos%20will%20ensue!%20For%20tweens%20ages%209-12.&e[0][location]=Windsor%20Library%20-%20Longs%20Peak",FAILED,""
"https://clearview.libnet.info/event/17448592","https://addtocalendar.com/atc/ical?utz=0&uln=en-US@posix&vjs=1.5&e[0][date_start]=2026-11-18%2017%3A00%3A00&e[0][date_end]=2026-11-18%2019%3A00%3A00&e[0][timezone]=America%2FDenver&e[0][title]=Common%20Ground&e[0][description]=Teens%2C%20looking%20for%20a%20fun%20%26amp%3B%20welcoming%20space%20to%20meet%20new%20friends%20and%20catch%20up%20with%20familiar%20faces%3F%20Join%20our%2080s%20Murder%20Mystery%20Game!%20Solve%20the%20Roller%20Rink%20mystery%20while%20enjoying%20delicious%20pizza.%20&e[0][location]=Windsor%20Library%20-%20Teen%20Tower",FAILED,""
"https://clearview.libnet.info/event/17448592","https://addtocalendar.com/atc/google?utz=0&uln=en-US@posix&vjs=1.5&e[0][date_start]=2026-11-18%2017%3A00%3A00&e[0][date_end]=2026-11-18%2019%3A00%3A00&e[0][timezone]=America%2FDenver&e[0][title]=Common%20Ground&e[0][description]=Teens%2C%20looking%20for%20a%20fun%20%26amp%3B%20welcoming%20space%20to%20meet%20new%20friends%20and%20catch%20up%20with%20familiar%20faces%3F%20Join%20our%2080s%20Murder%20Mystery%20Game!%20Solve%20the%20Roller%20Rink%20mystery%20while%20enjoying%20delicious%20pizza.%20&e[0][location]=Windsor%20Library%20-%20Teen%20Tower",FAILED,""
"https://clearview.libnet.info/event/17448592","https://addtocalendar.com/atc/outlook?utz=0&uln=en-US@posix&vjs=1.5&e[0][date_start]=2026-11-18%2017%3A00%3A00&e[0][date_end]=2026-11-18%2019%3A00%3A00&e[0][timezone]=America%2FDenver&e[0][title]=Common%20Ground&e[0][description]=Teens%2C%20looking%20for%20a%20fun%20%26amp%3B%20welcoming%20space%20to%20meet%20new%20friends%20and%20catch%20up%20with%20familiar%20faces%3F%20Join%20our%2080s%20Murder%20Mystery%20Game!%20Solve%20the%20Roller%20Rink%20mystery%20while%20enjoying%20delicious%20pizza.%20&e[0][location]=Windsor%20Library%20-%20Teen%20Tower",FAILED,""
"https://clearview.libnet.info/event/17448592","https://addtocalendar.com/atc/outlookonline?utz=0&uln=en-US@posix&vjs=1.5&e[0][date_start]=2026-11-18%2017%3A00%3A00&e[0][date_end]=2026-11-18%2019%3A00%3A00&e[0][timezone]=America%2FDenver&e[0][title]=Common%20Ground&e[0][description]=Teens%2C%20looking%20for%20a%20fun%20%26amp%3B%20welcoming%20space%20to%20meet%20new%20friends%20and%20catch%20up%20with%20familiar%20faces%3F%20Join%20our%2080s%20Murder%20Mystery%20Game!%20Solve%20the%20Roller%20Rink%20mystery%20while%20enjoying%20delicious%20pizza.%20&e[0][location]=Windsor%20Library%20-%20Teen%20Tower",FAILED,""
"https://clearview.libnet.info/event/17448592","https://addtocalendar.com/atc/yahoo?utz=0&uln=en-US@posix&vjs=1.5&e[0][date_start]=2026-11-18%2017%3A00%3A00&e[0][date_end]=2026-11-18%2019%3A00%3A00&e[0][timezone]=America%2FDenver&e[0][title]=Common%20Ground&e[0][description]=Teens%2C%20looking%20for%20a%20fun%20%26amp%3B%20welcoming%20space%20to%20meet%20new%20friends%20and%20catch%20up%20with%20familiar%20faces%3F%20Join%20our%2080s%20Murder%20Mystery%20Game!%20Solve%20the%20Roller%20Rink%20mystery%20while%20enjoying%20delicious%20pizza.%20&e[0][location]=Windsor%20Library%20-%20Teen%20Tower",FAILED,""
"https://clearview.libnet.info/event/17286713","https://addtocalendar.com/atc/ical?utz=0&uln=en-US@posix&vjs=1.5&e[0][date_start]=2026-11-18%2017%3A30%3A00&e[0][date_end]=2026-11-18%2018%3A00%3A00&e[0][timezone]=America%2FDenver&e[0][title]=Bookmobile%20Stop%20at%20Pelican%20Farms%20Park&e[0][description]=Kestrel%20Dr%20-%20Windsor&e[0][location]=Bookmobile%20-%20",FAILED,""
"https://clearview.libnet.info/event/17286713","https://addtocalendar.com/atc/google?utz=0&uln=en-US@posix&vjs=1.5&e[0][date_start]=2026-11-18%2017%3A30%3A00&e[0][date_end]=2026-11-18%2018%3A00%3A00&e[0][timezone]=America%2FDenver&e[0][title]=Bookmobile%20Stop%20at%20Pelican%20Farms%20Park&e[0][description]=Kestrel%20Dr%20-%20Windsor&e[0][location]=Bookmobile%20-%20",FAILED,""
"https://clearview.libnet.info/event/17286713","https://addtocalendar.com/atc/outlook?utz=0&uln=en-US@posix&vjs=1.5&e[0][date_start]=2026-11-18%2017%3A30%3A00&e[0][date_end]=2026-11-18%2018%3A00%3A00&e[0][timezone]=America%2FDenver&e[0][title]=Bookmobile%20Stop%20at%20Pelican%20Farms%20Park&e[0][description]=Kestrel%20Dr%20-%20Windsor&e[0][location]=Bookmobile%20-%20",FAILED,""
"https://clearview.libnet.info/event/17286713","https://addtocalendar.com/atc/outlookonline?utz=0&uln=en-US@posix&vjs=1.5&e[0][date_start]=2026-11-18%2017%3A30%3A00&e[0][date_end]=2026-11-18%2018%3A00%3A00&e[0][timezone]=America%2FDenver&e[0][title]=Bookmobile%20Stop%20at%20Pelican%20Farms%20Park&e[0][description]=Kestrel%20Dr%20-%20Windsor&e[0][location]=Bookmobile%20-%20",FAILED,""
"https://clearview.libnet.info/event/17286713","https://addtocalendar.com/atc/yahoo?utz=0&uln=en-US@posix&vjs=1.5&e[0][date_start]=2026-11-18%2017%3A30%3A00&e[0][date_end]=2026-11-18%2018%3A00%3A00&e[0][timezone]=America%2FDenver&e[0][title]=Bookmobile%20Stop%20at%20Pelican%20Farms%20Park&e[0][description]=Kestrel%20Dr%20-%20Windsor&e[0][location]=Bookmobile%20-%20",FAILED,""
"https://clearview.libnet.info/event/17286773","https://addtocalendar.com/atc/ical?utz=0&uln=en-US@posix&vjs=1.5&e[0][date_start]=2026-11-19%2010%3A00%3A00&e[0][date_end]=2026-11-19%2010%3A30%3A00&e[0][timezone]=America%2FDenver&e[0][title]=StoryWalk%20Storytime%20at%20Lakeview%20Park&e[0][description]=Join%20us%20at%20the%20Lakeview%20Park%20StoryWalk%20in%20Severance%20to%20celebrate%20the%20installation%20of%20a%20new%20book!%2025%20take%20home%20craft%20kits%20will%20be%20made%20available%20on%20a%20first%20come%2C%20first%20served%20basis.&e[0][location]=Lakeview%20Park%20%20-%20",FAILED,""
"https://clearview.libnet.info/event/17286773","https://addtocalendar.com/atc/google?utz=0&uln=en-US@posix&vjs=1.5&e[0][date_start]=2026-11-19%2010%3A00%3A00&e[0][date_end]=2026-11-19%2010%3A30%3A00&e[0][timezone]=America%2FDenver&e[0][title]=StoryWalk%20Storytime%20at%20Lakeview%20Park&e[0][description]=Join%20us%20at%20the%20Lakeview%20Park%20StoryWalk%20in%20Severance%20to%20celebrate%20the%20installation%20of%20a%20new%20book!%2025%20take%20home%20craft%20kits%20will%20be%20made%20available%20on%20a%20first%20come%2C%20first%20served%20basis.&e[0][location]=Lakeview%20Park%20%20-%20",FAILED,""
"https://clearview.libnet.info/event/17286773","https://addtocalendar.com/atc/outlook?utz=0&uln=en-US@posix&vjs=1.5&e[0][date_start]=2026-11-19%2010%3A00%3A00&e[0][date_end]=2026-11-19%2010%3A30%3A00&e[0][timezone]=America%2FDenver&e[0][title]=StoryWalk%20Storytime%20at%20Lakeview%20Park&e[0][description]=Join%20us%20at%20the%20Lakeview%20Park%20StoryWalk%20in%20Severance%20to%20celebrate%20the%20installation%20of%20a%20new%20book!%2025%20take%20home%20craft%20kits%20will%20be%20made%20available%20on%20a%20first%20come%2C%20first%20served%20basis.&e[0][location]=Lakeview%20Park%20%20-%20",FAILED,""
"https://clearview.libnet.info/event/17286773","https://addtocalendar.com/atc/outlookonline?utz=0&uln=en-US@posix&vjs=1.5&e[0][date_start]=2026-11-19%2010%3A00%3A00&e[0][date_end]=2026-11-19%2010%3A30%3A00&e[0][timezone]=America%2FDenver&e[0][title]=StoryWalk%20Storytime%20at%20Lakeview%20Park&e[0][description]=Join%20us%20at%20the%20Lakeview%20Park%20StoryWalk%20in%20Severance%20to%20celebrate%20the%20installation%20of%20a%20new%20book!%2025%20take%20home%20craft%20kits%20will%20be%20made%20available%20on%20a%20first%20come%2C%20first%20served%20basis.&e[0][location]=Lakeview%20Park%20%20-%20",FAILED,""
"https://clearview.libnet.info/event/17286773","https://addtocalendar.com/atc/yahoo?utz=0&uln=en-US@posix&vjs=1.5&e[0][date_start]=2026-11-19%2010%3A00%3A00&e[0][date_end]=2026-11-19%2010%3A30%3A00&e[0][timezone]=America%2FDenver&e[0][title]=StoryWalk%20Storytime%20at%20Lakeview%20Park&e[0][description]=Join%20us%20at%20the%20Lakeview%20Park%20StoryWalk%20in%20Severance%20to%20celebrate%20the%20installation%20of%20a%20new%20book!%2025%20take%20home%20craft%20kits%20will%20be%20made%20available%20on%20a%20first%20come%2C%20first%20served%20basis.&e[0][location]=Lakeview%20Park%20%20-%20",FAILED,""
"https://clearview.libnet.info/event/17459473","https://clearview.marmot.org/GroupedWork/3367bd20-b44b-f4ac-6c07-94158c20721d/Home?searchId=290286710&recordIndex=1&page=1&searchSource=local",403,"Warmth of Other Suns"
"https://clearview.libnet.info/event/17459473","https://addtocalendar.com/atc/ical?utz=0&uln=en-US@posix&vjs=1.5&e[0][date_start]=2026-11-19%2013%3A00%3A00&e[0][date_end]=2026-11-19%2014%3A00%3A00&e[0][timezone]=America%2FDenver&e[0][title]=History%20by%20the%20Book%20Club&e[0][description]=History%20by%20the%20Book%20meets%20to%20discuss%20historical%20fiction%20and%20non-fiction%20books.%20We%20explore%20the%20deeper%20stories%20behind%20historical%20events%20and%20periods%20in%20the%20past.&e[0][location]=Windsor%20Library%20-%20Pikes%20Peak",FAILED,""
"https://clearview.libnet.info/event/17459473","https://addtocalendar.com/atc/google?utz=0&uln=en-US@posix&vjs=1.5&e[0][date_start]=2026-11-19%2013%3A00%3A00&e[0][date_end]=2026-11-19%2014%3A00%3A00&e[0][timezone]=America%2FDenver&e[0][title]=History%20by%20the%20Book%20Club&e[0][description]=History%20by%20the%20Book%20meets%20to%20discuss%20historical%20fiction%20and%20non-fiction%20books.%20We%20explore%20the%20deeper%20stories%20behind%20historical%20events%20and%20periods%20in%20the%20past.&e[0][location]=Windsor%20Library%20-%20Pikes%20Peak",FAILED,""
"https://clearview.libnet.info/event/17459473","https://addtocalendar.com/atc/outlook?utz=0&uln=en-US@posix&vjs=1.5&e[0][date_start]=2026-11-19%2013%3A00%3A00&e[0][date_end]=2026-11-19%2014%3A00%3A00&e[0][timezone]=America%2FDenver&e[0][title]=History%20by%20the%20Book%20Club&e[0][description]=History%20by%20the%20Book%20meets%20to%20discuss%20historical%20fiction%20and%20non-fiction%20books.%20We%20explore%20the%20deeper%20stories%20behind%20historical%20events%20and%20periods%20in%20the%20past.&e[0][location]=Windsor%20Library%20-%20Pikes%20Peak",FAILED,""
"https://clearview.libnet.info/event/17459473","https://addtocalendar.com/atc/outlookonline?utz=0&uln=en-US@posix&vjs=1.5&e[0][date_start]=2026-11-19%2013%3A00%3A00&e[0][date_end]=2026-11-19%2014%3A00%3A00&e[0][timezone]=America%2FDenver&e[0][title]=History%20by%20the%20Book%20Club&e[0][description]=History%20by%20the%20Book%20meets%20to%20discuss%20historical%20fiction%20and%20non-fiction%20books.%20We%20explore%20the%20deeper%20stories%20behind%20historical%20events%20and%20periods%20in%20the%20past.&e[0][location]=Windsor%20Library%20-%20Pikes%20Peak",FAILED,""
"https://clearview.libnet.info/event/17459473","https://addtocalendar.com/atc/yahoo?utz=0&uln=en-US@posix&vjs=1.5&e[0][date_start]=2026-11-19%2013%3A00%3A00&e[0][date_end]=2026-11-19%2014%3A00%3A00&e[0][timezone]=America%2FDenver&e[0][title]=History%20by%20the%20Book%20Club&e[0][description]=History%20by%20the%20Book%20meets%20to%20discuss%20historical%20fiction%20and%20non-fiction%20books.%20We%20explore%20the%20deeper%20stories%20behind%20historical%20events%20and%20periods%20in%20the%20past.&e[0][location]=Windsor%20Library%20-%20Pikes%20Peak",FAILED,""
"https://clearview.libnet.info/event/17286717","https://addtocalendar.com/atc/ical?utz=0&uln=en-US@posix&vjs=1.5&e[0][date_start]=2026-11-19%2014%3A30%3A00&e[0][date_end]=2026-11-19%2015%3A00%3A00&e[0][timezone]=America%2FDenver&e[0][title]=Bookmobile%20Stop%20at%20Hollister%20Lake%20Elementary%20&e[0][description]=550%20Sundance%20Dr%20-%20Windsor&e[0][location]=Bookmobile%20-%20",FAILED,""
"https://clearview.libnet.info/event/17286717","https://addtocalendar.com/atc/google?utz=0&uln=en-US@posix&vjs=1.5&e[0][date_start]=2026-11-19%2014%3A30%3A00&e[0][date_end]=2026-11-19%2015%3A00%3A00&e[0][timezone]=America%2FDenver&e[0][title]=Bookmobile%20Stop%20at%20Hollister%20Lake%20Elementary%20&e[0][description]=550%20Sundance%20Dr%20-%20Windsor&e[0][location]=Bookmobile%20-%20",FAILED,""
"https://clearview.libnet.info/event/17286717","https://addtocalendar.com/atc/outlook?utz=0&uln=en-US@posix&vjs=1.5&e[0][date_start]=2026-11-19%2014%3A30%3A00&e[0][date_end]=2026-11-19%2015%3A00%3A00&e[0][timezone]=America%2FDenver&e[0][title]=Bookmobile%20Stop%20at%20Hollister%20Lake%20Elementary%20&e[0][description]=550%20Sundance%20Dr%20-%20Windsor&e[0][location]=Bookmobile%20-%20",FAILED,""
"https://clearview.libnet.info/event/17286717","https://addtocalendar.com/atc/outlookonline?utz=0&uln=en-US@posix&vjs=1.5&e[0][date_start]=2026-11-19%2014%3A30%3A00&e[0][date_end]=2026-11-19%2015%3A00%3A00&e[0][timezone]=America%2FDenver&e[0][title]=Bookmobile%20Stop%20at%20Hollister%20Lake%20Elementary%20&e[0][description]=550%20Sundance%20Dr%20-%20Windsor&e[0][location]=Bookmobile%20-%20",FAILED,""
"https://clearview.libnet.info/event/17286717","https://addtocalendar.com/atc/yahoo?utz=0&uln=en-US@posix&vjs=1.5&e[0][date_start]=2026-11-19%2014%3A30%3A00&e[0][date_end]=2026-11-19%2015%3A00%3A00&e[0][timezone]=America%2FDenver&e[0][title]=Bookmobile%20Stop%20at%20Hollister%20Lake%20Elementary%20&e[0][description]=550%20Sundance%20Dr%20-%20Windsor&e[0][location]=Bookmobile%20-%20",FAILED,""
"https://clearview.libnet.info/event/17286730","https://addtocalendar.com/atc/ical?utz=0&uln=en-US@posix&vjs=1.5&e[0][date_start]=2026-11-19%2015%3A30%3A00&e[0][date_end]=2026-11-19%2016%3A00%3A00&e[0][timezone]=America%2FDenver&e[0][title]=Bookmobile%20Stop%20at%20Overlook%20Park%20&e[0][description]=650%20Audubon%20Blvd%20-%20Severance&e[0][location]=Bookmobile%20-%20",FAILED,""
"https://clearview.libnet.info/event/17286730","https://addtocalendar.com/atc/google?utz=0&uln=en-US@posix&vjs=1.5&e[0][date_start]=2026-11-19%2015%3A30%3A00&e[0][date_end]=2026-11-19%2016%3A00%3A00&e[0][timezone]=America%2FDenver&e[0][title]=Bookmobile%20Stop%20at%20Overlook%20Park%20&e[0][description]=650%20Audubon%20Blvd%20-%20Severance&e[0][location]=Bookmobile%20-%20",FAILED,""
"https://clearview.libnet.info/event/17286730","https://addtocalendar.com/atc/outlook?utz=0&uln=en-US@posix&vjs=1.5&e[0][date_start]=2026-11-19%2015%3A30%3A00&e[0][date_end]=2026-11-19%2016%3A00%3A00&e[0][timezone]=America%2FDenver&e[0][title]=Bookmobile%20Stop%20at%20Overlook%20Park%20&e[0][description]=650%20Audubon%20Blvd%20-%20Severance&e[0][location]=Bookmobile%20-%20",FAILED,""
"https://clearview.libnet.info/event/17286730","https://addtocalendar.com/atc/outlookonline?utz=0&uln=en-US@posix&vjs=1.5&e[0][date_start]=2026-11-19%2015%3A30%3A00&e[0][date_end]=2026-11-19%2016%3A00%3A00&e[0][timezone]=America%2FDenver&e[0][title]=Bookmobile%20Stop%20at%20Overlook%20Park%20&e[0][description]=650%20Audubon%20Blvd%20-%20Severance&e[0][location]=Bookmobile%20-%20",FAILED,""
"https://clearview.libnet.info/event/17286730","https://addtocalendar.com/atc/yahoo?utz=0&uln=en-US@posix&vjs=1.5&e[0][date_start]=2026-11-19%2015%3A30%3A00&e[0][date_end]=2026-11-19%2016%3A00%3A00&e[0][timezone]=America%2FDenver&e[0][title]=Bookmobile%20Stop%20at%20Overlook%20Park%20&e[0][description]=650%20Audubon%20Blvd%20-%20Severance&e[0][location]=Bookmobile%20-%20",FAILED,""
"https://clearview.libnet.info/event/17286748","https://addtocalendar.com/atc/ical?utz=0&uln=en-US@posix&vjs=1.5&e[0][date_start]=2026-11-19%2016%3A30%3A00&e[0][date_end]=2026-11-19%2017%3A00%3A00&e[0][timezone]=America%2FDenver&e[0][title]=Bookmobile%20Stop%20at%20Village%20East%20Park&e[0][description]=865%20Park%20Edge%20Cir%20-%20Windsor&e[0][location]=Bookmobile%20-%20",FAILED,""
"https://clearview.libnet.info/event/17286748","https://addtocalendar.com/atc/google?utz=0&uln=en-US@posix&vjs=1.5&e[0][date_start]=2026-11-19%2016%3A30%3A00&e[0][date_end]=2026-11-19%2017%3A00%3A00&e[0][timezone]=America%2FDenver&e[0][title]=Bookmobile%20Stop%20at%20Village%20East%20Park&e[0][description]=865%20Park%20Edge%20Cir%20-%20Windsor&e[0][location]=Bookmobile%20-%20",FAILED,""
"https://clearview.libnet.info/event/17286748","https://addtocalendar.com/atc/outlook?utz=0&uln=en-US@posix&vjs=1.5&e[0][date_start]=2026-11-19%2016%3A30%3A00&e[0][date_end]=2026-11-19%2017%3A00%3A00&e[0][timezone]=America%2FDenver&e[0][title]=Bookmobile%20Stop%20at%20Village%20East%20Park&e[0][description]=865%20Park%20Edge%20Cir%20-%20Windsor&e[0][location]=Bookmobile%20-%20",FAILED,""
"https://clearview.libnet.info/event/17286748","https://addtocalendar.com/atc/outlookonline?utz=0&uln=en-US@posix&vjs=1.5&e[0][date_start]=2026-11-19%2016%3A30%3A00&e[0][date_end]=2026-11-19%2017%3A00%3A00&e[0][timezone]=America%2FDenver&e[0][title]=Bookmobile%20Stop%20at%20Village%20East%20Park&e[0][description]=865%20Park%20Edge%20Cir%20-%20Windsor&e[0][location]=Bookmobile%20-%20",FAILED,""
"https://clearview.libnet.info/event/17286748","https://addtocalendar.com/atc/yahoo?utz=0&uln=en-US@posix&vjs=1.5&e[0][date_start]=2026-11-19%2016%3A30%3A00&e[0][date_end]=2026-11-19%2017%3A00%3A00&e[0][timezone]=America%2FDenver&e[0][title]=Bookmobile%20Stop%20at%20Village%20East%20Park&e[0][description]=865%20Park%20Edge%20Cir%20-%20Windsor&e[0][location]=Bookmobile%20-%20",FAILED,""
"https://clearview.libnet.info/event/17286753","https://addtocalendar.com/atc/ical?utz=0&uln=en-US@posix&vjs=1.5&e[0][date_start]=2026-11-19%2017%3A30%3A00&e[0][date_end]=2026-11-19%2018%3A00%3A00&e[0][timezone]=America%2FDenver&e[0][title]=Bookmobile%20Stop%20at%20Promontory%20Community%20Park%20&e[0][description]=W%2013th%20St%20-%20Greeley&e[0][location]=Bookmobile%20-%20",FAILED,""
"https://clearview.libnet.info/event/17286753","https://addtocalendar.com/atc/google?utz=0&uln=en-US@posix&vjs=1.5&e[0][date_start]=2026-11-19%2017%3A30%3A00&e[0][date_end]=2026-11-19%2018%3A00%3A00&e[0][timezone]=America%2FDenver&e[0][title]=Bookmobile%20Stop%20at%20Promontory%20Community%20Park%20&e[0][description]=W%2013th%20St%20-%20Greeley&e[0][location]=Bookmobile%20-%20",FAILED,""
"https://clearview.libnet.info/event/17286753","https://addtocalendar.com/atc/outlook?utz=0&uln=en-US@posix&vjs=1.5&e[0][date_start]=2026-11-19%2017%3A30%3A00&e[0][date_end]=2026-11-19%2018%3A00%3A00&e[0][timezone]=America%2FDenver&e[0][title]=Bookmobile%20Stop%20at%20Promontory%20Community%20Park%20&e[0][description]=W%2013th%20St%20-%20Greeley&e[0][location]=Bookmobile%20-%20",FAILED,""
"https://clearview.libnet.info/event/17286753","https://addtocalendar.com/atc/outlookonline?utz=0&uln=en-US@posix&vjs=1.5&e[0][date_start]=2026-11-19%2017%3A30%3A00&e[0][date_end]=2026-11-19%2018%3A00%3A00&e[0][timezone]=America%2FDenver&e[0][title]=Bookmobile%20Stop%20at%20Promontory%20Community%20Park%20&e[0][description]=W%2013th%20St%20-%20Greeley&e[0][location]=Bookmobile%20-%20",FAILED,""
"https://clearview.libnet.info/event/17286753","https://addtocalendar.com/atc/yahoo?utz=0&uln=en-US@posix&vjs=1.5&e[0][date_start]=2026-11-19%2017%3A30%3A00&e[0][date_end]=2026-11-19%2018%3A00%3A00&e[0][timezone]=America%2FDenver&e[0][title]=Bookmobile%20Stop%20at%20Promontory%20Community%20Park%20&e[0][description]=W%2013th%20St%20-%20Greeley&e[0][location]=Bookmobile%20-%20",FAILED,""
"https://clearview.libnet.info/event/17428753","https://addtocalendar.com/atc/ical?utz=0&uln=en-US@posix&vjs=1.5&e[0][date_start]=2026-11-20%2009%3A30%3A00&e[0][date_end]=2026-11-20%2010%3A00%3A00&e[0][timezone]=America%2FDenver&e[0][title]=Babies%20and%20Books&e[0][description]=Grow%20your%20reader%20as%20we%20enjoy%20books%2C%20rhymes%2C%20songs%2C%20sensory%20activities%2C%20and%20active%20movement%20during%20this%20lapsit%20storytime.%20For%20ages%20birth%20to%202%20years.%20Older%20siblings%20welcome.&e[0][location]=Windsor%20Library%20-%20Pikes%20Peak",FAILED,""
"https://clearview.libnet.info/event/17428753","https://addtocalendar.com/atc/google?utz=0&uln=en-US@posix&vjs=1.5&e[0][date_start]=2026-11-20%2009%3A30%3A00&e[0][date_end]=2026-11-20%2010%3A00%3A00&e[0][timezone]=America%2FDenver&e[0][title]=Babies%20and%20Books&e[0][description]=Grow%20your%20reader%20as%20we%20enjoy%20books%2C%20rhymes%2C%20songs%2C%20sensory%20activities%2C%20and%20active%20movement%20during%20this%20lapsit%20storytime.%20For%20ages%20birth%20to%202%20years.%20Older%20siblings%20welcome.&e[0][location]=Windsor%20Library%20-%20Pikes%20Peak",FAILED,""
"https://clearview.libnet.info/event/17428753","https://addtocalendar.com/atc/outlook?utz=0&uln=en-US@posix&vjs=1.5&e[0][date_start]=2026-11-20%2009%3A30%3A00&e[0][date_end]=2026-11-20%2010%3A00%3A00&e[0][timezone]=America%2FDenver&e[0][title]=Babies%20and%20Books&e[0][description]=Grow%20your%20reader%20as%20we%20enjoy%20books%2C%20rhymes%2C%20songs%2C%20sensory%20activities%2C%20and%20active%20movement%20during%20this%20lapsit%20storytime.%20For%20ages%20birth%20to%202%20years.%20Older%20siblings%20welcome.&e[0][location]=Windsor%20Library%20-%20Pikes%20Peak",FAILED,""
"https://clearview.libnet.info/event/17428753","https://addtocalendar.com/atc/outlookonline?utz=0&uln=en-US@posix&vjs=1.5&e[0][date_start]=2026-11-20%2009%3A30%3A00&e[0][date_end]=2026-11-20%2010%3A00%3A00&e[0][timezone]=America%2FDenver&e[0][title]=Babies%20and%20Books&e[0][description]=Grow%20your%20reader%20as%20we%20enjoy%20books%2C%20rhymes%2C%20songs%2C%20sensory%20activities%2C%20and%20active%20movement%20during%20this%20lapsit%20storytime.%20For%20ages%20birth%20to%202%20years.%20Older%20siblings%20welcome.&e[0][location]=Windsor%20Library%20-%20Pikes%20Peak",FAILED,""
"https://clearview.libnet.info/event/17428753","https://addtocalendar.com/atc/yahoo?utz=0&uln=en-US@posix&vjs=1.5&e[0][date_start]=2026-11-20%2009%3A30%3A00&e[0][date_end]=2026-11-20%2010%3A00%3A00&e[0][timezone]=America%2FDenver&e[0][title]=Babies%20and%20Books&e[0][description]=Grow%20your%20reader%20as%20we%20enjoy%20books%2C%20rhymes%2C%20songs%2C%20sensory%20activities%2C%20and%20active%20movement%20during%20this%20lapsit%20storytime.%20For%20ages%20birth%20to%202%20years.%20Older%20siblings%20welcome.&e[0][location]=Windsor%20Library%20-%20Pikes%20Peak",FAILED,""
"https://clearview.libnet.info/event/17428803","https://addtocalendar.com/atc/ical?utz=0&uln=en-US@posix&vjs=1.5&e[0][date_start]=2026-11-20%2010%3A00%3A00&e[0][date_end]=2026-11-20%2010%3A30%3A00&e[0][timezone]=America%2FDenver&e[0][title]=Stay%20and%20Play&e[0][description]=Babies%20and%20toddlers%20will%20enjoy%20open-ended%20playtime%20in%20a%20relaxed%20atmosphere%20that%20promotes%20growth%2C%20exploration%2C%20and%20learning.%20Intended%20for%20children%20ages%200%20to%202%20and%20their%20caregivers%20or%20families.&e[0][location]=Windsor%20Library%20-%20Pikes%20Peak",FAILED,""
"https://clearview.libnet.info/event/17428803","https://addtocalendar.com/atc/google?utz=0&uln=en-US@posix&vjs=1.5&e[0][date_start]=2026-11-20%2010%3A00%3A00&e[0][date_end]=2026-11-20%2010%3A30%3A00&e[0][timezone]=America%2FDenver&e[0][title]=Stay%20and%20Play&e[0][description]=Babies%20and%20toddlers%20will%20enjoy%20open-ended%20playtime%20in%20a%20relaxed%20atmosphere%20that%20promotes%20growth%2C%20exploration%2C%20and%20learning.%20Intended%20for%20children%20ages%200%20to%202%20and%20their%20caregivers%20or%20families.&e[0][location]=Windsor%20Library%20-%20Pikes%20Peak",FAILED,""
"https://clearview.libnet.info/event/17428803","https://addtocalendar.com/atc/outlook?utz=0&uln=en-US@posix&vjs=1.5&e[0][date_start]=2026-11-20%2010%3A00%3A00&e[0][date_end]=2026-11-20%2010%3A30%3A00&e[0][timezone]=America%2FDenver&e[0][title]=Stay%20and%20Play&e[0][description]=Babies%20and%20toddlers%20will%20enjoy%20open-ended%20playtime%20in%20a%20relaxed%20atmosphere%20that%20promotes%20growth%2C%20exploration%2C%20and%20learning.%20Intended%20for%20children%20ages%200%20to%202%20and%20their%20caregivers%20or%20families.&e[0][location]=Windsor%20Library%20-%20Pikes%20Peak",FAILED,""
"https://clearview.libnet.info/event/17428803","https://addtocalendar.com/atc/outlookonline?utz=0&uln=en-US@posix&vjs=1.5&e[0][date_start]=2026-11-20%2010%3A00%3A00&e[0][date_end]=2026-11-20%2010%3A30%3A00&e[0][timezone]=America%2FDenver&e[0][title]=Stay%20and%20Play&e[0][description]=Babies%20and%20toddlers%20will%20enjoy%20open-ended%20playtime%20in%20a%20relaxed%20atmosphere%20that%20promotes%20growth%2C%20exploration%2C%20and%20learning.%20Intended%20for%20children%20ages%200%20to%202%20and%20their%20caregivers%20or%20families.&e[0][location]=Windsor%20Library%20-%20Pikes%20Peak",FAILED,""
"https://clearview.libnet.info/event/17428803","https://addtocalendar.com/atc/yahoo?utz=0&uln=en-US@posix&vjs=1.5&e[0][date_start]=2026-11-20%2010%3A00%3A00&e[0][date_end]=2026-11-20%2010%3A30%3A00&e[0][timezone]=America%2FDenver&e[0][title]=Stay%20and%20Play&e[0][description]=Babies%20and%20toddlers%20will%20enjoy%20open-ended%20playtime%20in%20a%20relaxed%20atmosphere%20that%20promotes%20growth%2C%20exploration%2C%20and%20learning.%20Intended%20for%20children%20ages%200%20to%202%20and%20their%20caregivers%20or%20families.&e[0][location]=Windsor%20Library%20-%20Pikes%20Peak",FAILED,""
"https://clearview.libnet.info/event/17452173","https://addtocalendar.com/atc/ical?utz=0&uln=en-US@posix&vjs=1.5&e[0][date_start]=2026-11-20%2016%3A00%3A00&e[0][date_end]=2026-11-20%2016%3A30%3A00&e[0][timezone]=America%2FDenver&e[0][title]=Reading%20Bugs&e[0][description]=Join%20us%20online%20for%20Reading%20Bugs%20on%20Fridays%20at%204%20p.m.%20We%20will%20be%20reading%20Amelia%20Bedelia%20Wraps%20It%20Up%20by%20Herman%20Parish.%20For%20ages%206-8.%0A&e[0][location]=Zoom%20Link%20-%20",FAILED,""
"https://clearview.libnet.info/event/17452173","https://addtocalendar.com/atc/google?utz=0&uln=en-US@posix&vjs=1.5&e[0][date_start]=2026-11-20%2016%3A00%3A00&e[0][date_end]=2026-11-20%2016%3A30%3A00&e[0][timezone]=America%2FDenver&e[0][title]=Reading%20Bugs&e[0][description]=Join%20us%20online%20for%20Reading%20Bugs%20on%20Fridays%20at%204%20p.m.%20We%20will%20be%20reading%20Amelia%20Bedelia%20Wraps%20It%20Up%20by%20Herman%20Parish.%20For%20ages%206-8.%0A&e[0][location]=Zoom%20Link%20-%20",FAILED,""
"https://clearview.libnet.info/event/17452173","https://addtocalendar.com/atc/outlook?utz=0&uln=en-US@posix&vjs=1.5&e[0][date_start]=2026-11-20%2016%3A00%3A00&e[0][date_end]=2026-11-20%2016%3A30%3A00&e[0][timezone]=America%2FDenver&e[0][title]=Reading%20Bugs&e[0][description]=Join%20us%20online%20for%20Reading%20Bugs%20on%20Fridays%20at%204%20p.m.%20We%20will%20be%20reading%20Amelia%20Bedelia%20Wraps%20It%20Up%20by%20Herman%20Parish.%20For%20ages%206-8.%0A&e[0][location]=Zoom%20Link%20-%20",FAILED,""
"https://clearview.libnet.info/event/17452173","https://addtocalendar.com/atc/outlookonline?utz=0&uln=en-US@posix&vjs=1.5&e[0][date_start]=2026-11-20%2016%3A00%3A00&e[0][date_end]=2026-11-20%2016%3A30%3A00&e[0][timezone]=America%2FDenver&e[0][title]=Reading%20Bugs&e[0][description]=Join%20us%20online%20for%20Reading%20Bugs%20on%20Fridays%20at%204%20p.m.%20We%20will%20be%20reading%20Amelia%20Bedelia%20Wraps%20It%20Up%20by%20Herman%20Parish.%20For%20ages%206-8.%0A&e[0][location]=Zoom%20Link%20-%20",FAILED,""
"https://clearview.libnet.info/event/17452173","https://addtocalendar.com/atc/yahoo?utz=0&uln=en-US@posix&vjs=1.5&e[0][date_start]=2026-11-20%2016%3A00%3A00&e[0][date_end]=2026-11-20%2016%3A30%3A00&e[0][timezone]=America%2FDenver&e[0][title]=Reading%20Bugs&e[0][description]=Join%20us%20online%20for%20Reading%20Bugs%20on%20Fridays%20at%204%20p.m.%20We%20will%20be%20reading%20Amelia%20Bedelia%20Wraps%20It%20Up%20by%20Herman%20Parish.%20For%20ages%206-8.%0A&e[0][location]=Zoom%20Link%20-%20",FAILED,""
"https://clearview.libnet.info/event/17394141","https://addtocalendar.com/atc/ical?utz=0&uln=en-US@posix&vjs=1.5&e[0][date_start]=2026-11-21%2012%3A00%3A00&e[0][date_end]=2026-11-21%2016%3A00%3A00&e[0][timezone]=America%2FDenver&e[0][title]=Dungeons%20%26amp%3B%20Dragons%20for%20Adults&e[0][description]=Step%20into%20a%20world%20of%20magic%2C%20mystery%2C%20and%20adventure%20with%20Dungeons%20%26amp%3B%20Dragons%20for%20Adults!&e[0][location]=Windsor%20Library%20-%20James%20Peak",FAILED,""
"https://clearview.libnet.info/event/17394141","https://addtocalendar.com/atc/google?utz=0&uln=en-US@posix&vjs=1.5&e[0][date_start]=2026-11-21%2012%3A00%3A00&e[0][date_end]=2026-11-21%2016%3A00%3A00&e[0][timezone]=America%2FDenver&e[0][title]=Dungeons%20%26amp%3B%20Dragons%20for%20Adults&e[0][description]=Step%20into%20a%20world%20of%20magic%2C%20mystery%2C%20and%20adventure%20with%20Dungeons%20%26amp%3B%20Dragons%20for%20Adults!&e[0][location]=Windsor%20Library%20-%20James%20Peak",FAILED,""
"https://clearview.libnet.info/event/17394141","https://addtocalendar.com/atc/outlook?utz=0&uln=en-US@posix&vjs=1.5&e[0][date_start]=2026-11-21%2012%3A00%3A00&e[0][date_end]=2026-11-21%2016%3A00%3A00&e[0][timezone]=America%2FDenver&e[0][title]=Dungeons%20%26amp%3B%20Dragons%20for%20Adults&e[0][description]=Step%20into%20a%20world%20of%20magic%2C%20mystery%2C%20and%20adventure%20with%20Dungeons%20%26amp%3B%20Dragons%20for%20Adults!&e[0][location]=Windsor%20Library%20-%20James%20Peak",FAILED,""
"https://clearview.libnet.info/event/17394141","https://addtocalendar.com/atc/outlookonline?utz=0&uln=en-US@posix&vjs=1.5&e[0][date_start]=2026-11-21%2012%3A00%3A00&e[0][date_end]=2026-11-21%2016%3A00%3A00&e[0][timezone]=America%2FDenver&e[0][title]=Dungeons%20%26amp%3B%20Dragons%20for%20Adults&e[0][description]=Step%20into%20a%20world%20of%20magic%2C%20mystery%2C%20and%20adventure%20with%20Dungeons%20%26amp%3B%20Dragons%20for%20Adults!&e[0][location]=Windsor%20Library%20-%20James%20Peak",FAILED,""
"https://clearview.libnet.info/event/17394141","https://addtocalendar.com/atc/yahoo?utz=0&uln=en-US@posix&vjs=1.5&e[0][date_start]=2026-11-21%2012%3A00%3A00&e[0][date_end]=2026-11-21%2016%3A00%3A00&e[0][timezone]=America%2FDenver&e[0][title]=Dungeons%20%26amp%3B%20Dragons%20for%20Adults&e[0][description]=Step%20into%20a%20world%20of%20magic%2C%20mystery%2C%20and%20adventure%20with%20Dungeons%20%26amp%3B%20Dragons%20for%20Adults!&e[0][location]=Windsor%20Library%20-%20James%20Peak",FAILED,""
"https://clearview.libnet.info/event/17428365","https://addtocalendar.com/atc/ical?utz=0&uln=en-US@posix&vjs=1.5&e[0][date_start]=2026-11-21%2012%3A00%3A00&e[0][date_end]=2026-11-21%2016%3A00%3A00&e[0][timezone]=America%2FDenver&e[0][title]=Teen%20Dungeons%20%26amp%3B%20Dragons&e[0][description]=Monthly%20campaigns%20will%20be%20led%20by%20our%20expert%20Dungeon%20Master.%20Teens%20will%20have%20the%20chance%20to%20work%20on%20their%20characters%2C%20learn%20the%20basics%20of%20Dungeons%20%26amp%3B%20Dragons%2C%20and%20role-play%20in%20a%20world%20where%20dragons%20rule.&e[0][location]=Windsor%20Library%20-%20Pikes%20Peak",FAILED,""
"https://clearview.libnet.info/event/17428365","https://addtocalendar.com/atc/google?utz=0&uln=en-US@posix&vjs=1.5&e[0][date_start]=2026-11-21%2012%3A00%3A00&e[0][date_end]=2026-11-21%2016%3A00%3A00&e[0][timezone]=America%2FDenver&e[0][title]=Teen%20Dungeons%20%26amp%3B%20Dragons&e[0][description]=Monthly%20campaigns%20will%20be%20led%20by%20our%20expert%20Dungeon%20Master.%20Teens%20will%20have%20the%20chance%20to%20work%20on%20their%20characters%2C%20learn%20the%20basics%20of%20Dungeons%20%26amp%3B%20Dragons%2C%20and%20role-play%20in%20a%20world%20where%20dragons%20rule.&e[0][location]=Windsor%20Library%20-%20Pikes%20Peak",FAILED,""
"https://clearview.libnet.info/event/17428365","https://addtocalendar.com/atc/outlook?utz=0&uln=en-US@posix&vjs=1.5&e[0][date_start]=2026-11-21%2012%3A00%3A00&e[0][date_end]=2026-11-21%2016%3A00%3A00&e[0][timezone]=America%2FDenver&e[0][title]=Teen%20Dungeons%20%26amp%3B%20Dragons&e[0][description]=Monthly%20campaigns%20will%20be%20led%20by%20our%20expert%20Dungeon%20Master.%20Teens%20will%20have%20the%20chance%20to%20work%20on%20their%20characters%2C%20learn%20the%20basics%20of%20Dungeons%20%26amp%3B%20Dragons%2C%20and%20role-play%20in%20a%20world%20where%20dragons%20rule.&e[0][location]=Windsor%20Library%20-%20Pikes%20Peak",FAILED,""
"https://clearview.libnet.info/event/17428365","https://addtocalendar.com/atc/outlookonline?utz=0&uln=en-US@posix&vjs=1.5&e[0][date_start]=2026-11-21%2012%3A00%3A00&e[0][date_end]=2026-11-21%2016%3A00%3A00&e[0][timezone]=America%2FDenver&e[0][title]=Teen%20Dungeons%20%26amp%3B%20Dragons&e[0][description]=Monthly%20campaigns%20will%20be%20led%20by%20our%20expert%20Dungeon%20Master.%20Teens%20will%20have%20the%20chance%20to%20work%20on%20their%20characters%2C%20learn%20the%20basics%20of%20Dungeons%20%26amp%3B%20Dragons%2C%20and%20role-play%20in%20a%20world%20where%20dragons%20rule.&e[0][location]=Windsor%20Library%20-%20Pikes%20Peak",FAILED,""
"https://clearview.libnet.info/event/17428365","https://addtocalendar.com/atc/yahoo?utz=0&uln=en-US@posix&vjs=1.5&e[0][date_start]=2026-11-21%2012%3A00%3A00&e[0][date_end]=2026-11-21%2016%3A00%3A00&e[0][timezone]=America%2FDenver&e[0][title]=Teen%20Dungeons%20%26amp%3B%20Dragons&e[0][description]=Monthly%20campaigns%20will%20be%20led%20by%20our%20expert%20Dungeon%20Master.%20Teens%20will%20have%20the%20chance%20to%20work%20on%20their%20characters%2C%20learn%20the%20basics%20of%20Dungeons%20%26amp%3B%20Dragons%2C%20and%20role-play%20in%20a%20world%20where%20dragons%20rule.&e[0][location]=Windsor%20Library%20-%20Pikes%20Peak",FAILED,""
"https://clearview.libnet.info/event/17429761","https://addtocalendar.com/atc/ical?utz=0&uln=en-US@posix&vjs=1.5&e[0][date_start]=2026-11-23%2010%3A00%3A00&e[0][date_end]=2026-11-23%2010%3A30%3A00&e[0][timezone]=America%2FDenver&e[0][title]=Read%2C%20Rhyme%2C%20and%20Romp&e[0][description]=Join%20us%20for%20an%20active%20storytime!%20We%20will%20read%20books%2C%20sing%2C%20and%20enjoy%20rhymes%20that%20encourage%20us%20all%20to%20get%20up%20and%20move!%20For%20ages%200-5.&e[0][location]=Severance%20Library%20-%20Cottonwood",FAILED,""
"https://clearview.libnet.info/event/17429761","https://addtocalendar.com/atc/google?utz=0&uln=en-US@posix&vjs=1.5&e[0][date_start]=2026-11-23%2010%3A00%3A00&e[0][date_end]=2026-11-23%2010%3A30%3A00&e[0][timezone]=America%2FDenver&e[0][title]=Read%2C%20Rhyme%2C%20and%20Romp&e[0][description]=Join%20us%20for%20an%20active%20storytime!%20We%20will%20read%20books%2C%20sing%2C%20and%20enjoy%20rhymes%20that%20encourage%20us%20all%20to%20get%20up%20and%20move!%20For%20ages%200-5.&e[0][location]=Severance%20Library%20-%20Cottonwood",FAILED,""
"https://clearview.libnet.info/event/17429761","https://addtocalendar.com/atc/outlook?utz=0&uln=en-US@posix&vjs=1.5&e[0][date_start]=2026-11-23%2010%3A00%3A00&e[0][date_end]=2026-11-23%2010%3A30%3A00&e[0][timezone]=America%2FDenver&e[0][title]=Read%2C%20Rhyme%2C%20and%20Romp&e[0][description]=Join%20us%20for%20an%20active%20storytime!%20We%20will%20read%20books%2C%20sing%2C%20and%20enjoy%20rhymes%20that%20encourage%20us%20all%20to%20get%20up%20and%20move!%20For%20ages%200-5.&e[0][location]=Severance%20Library%20-%20Cottonwood",FAILED,""
"https://clearview.libnet.info/event/17429761","https://addtocalendar.com/atc/outlookonline?utz=0&uln=en-US@posix&vjs=1.5&e[0][date_start]=2026-11-23%2010%3A00%3A00&e[0][date_end]=2026-11-23%2010%3A30%3A00&e[0][timezone]=America%2FDenver&e[0][title]=Read%2C%20Rhyme%2C%20and%20Romp&e[0][description]=Join%20us%20for%20an%20active%20storytime!%20We%20will%20read%20books%2C%20sing%2C%20and%20enjoy%20rhymes%20that%20encourage%20us%20all%20to%20get%20up%20and%20move!%20For%20ages%200-5.&e[0][location]=Severance%20Library%20-%20Cottonwood",FAILED,""
"https://clearview.libnet.info/event/17429761","https://addtocalendar.com/atc/yahoo?utz=0&uln=en-US@posix&vjs=1.5&e[0][date_start]=2026-11-23%2010%3A00%3A00&e[0][date_end]=2026-11-23%2010%3A30%3A00&e[0][timezone]=America%2FDenver&e[0][title]=Read%2C%20Rhyme%2C%20and%20Romp&e[0][description]=Join%20us%20for%20an%20active%20storytime!%20We%20will%20read%20books%2C%20sing%2C%20and%20enjoy%20rhymes%20that%20encourage%20us%20all%20to%20get%20up%20and%20move!%20For%20ages%200-5.&e[0][location]=Severance%20Library%20-%20Cottonwood",FAILED,""
"https://clearview.libnet.info/event/17429780","https://addtocalendar.com/atc/ical?utz=0&uln=en-US@posix&vjs=1.5&e[0][date_start]=2026-11-23%2010%3A30%3A00&e[0][date_end]=2026-11-23%2011%3A00%3A00&e[0][timezone]=America%2FDenver&e[0][title]=Stay%20and%20Play%20&e[0][description]=Children%20will%20enjoy%20open-ended%20playtime%20in%20a%20relaxed%20atmosphere%20that%20promotes%20growth%2C%20exploration%2C%20and%20learning.%20Intended%20for%20children%20ages%200%20to%205%20and%20their%20caregivers%20or%20families.&e[0][location]=Severance%20Library%20-%20Cottonwood",FAILED,""
"https://clearview.libnet.info/event/17429780","https://addtocalendar.com/atc/google?utz=0&uln=en-US@posix&vjs=1.5&e[0][date_start]=2026-11-23%2010%3A30%3A00&e[0][date_end]=2026-11-23%2011%3A00%3A00&e[0][timezone]=America%2FDenver&e[0][title]=Stay%20and%20Play%20&e[0][description]=Children%20will%20enjoy%20open-ended%20playtime%20in%20a%20relaxed%20atmosphere%20that%20promotes%20growth%2C%20exploration%2C%20and%20learning.%20Intended%20for%20children%20ages%200%20to%205%20and%20their%20caregivers%20or%20families.&e[0][location]=Severance%20Library%20-%20Cottonwood",FAILED,""
"https://clearview.libnet.info/event/17429780","https://addtocalendar.com/atc/outlook?utz=0&uln=en-US@posix&vjs=1.5&e[0][date_start]=2026-11-23%2010%3A30%3A00&e[0][date_end]=2026-11-23%2011%3A00%3A00&e[0][timezone]=America%2FDenver&e[0][title]=Stay%20and%20Play%20&e[0][description]=Children%20will%20enjoy%20open-ended%20playtime%20in%20a%20relaxed%20atmosphere%20that%20promotes%20growth%2C%20exploration%2C%20and%20learning.%20Intended%20for%20children%20ages%200%20to%205%20and%20their%20caregivers%20or%20families.&e[0][location]=Severance%20Library%20-%20Cottonwood",FAILED,""
"https://clearview.libnet.info/event/17429780","https://addtocalendar.com/atc/outlookonline?utz=0&uln=en-US@posix&vjs=1.5&e[0][date_start]=2026-11-23%2010%3A30%3A00&e[0][date_end]=2026-11-23%2011%3A00%3A00&e[0][timezone]=America%2FDenver&e[0][title]=Stay%20and%20Play%20&e[0][description]=Children%20will%20enjoy%20open-ended%20playtime%20in%20a%20relaxed%20atmosphere%20that%20promotes%20growth%2C%20exploration%2C%20and%20learning.%20Intended%20for%20children%20ages%200%20to%205%20and%20their%20caregivers%20or%20families.&e[0][location]=Severance%20Library%20-%20Cottonwood",FAILED,""
"https://clearview.libnet.info/event/17429780","https://addtocalendar.com/atc/yahoo?utz=0&uln=en-US@posix&vjs=1.5&e[0][date_start]=2026-11-23%2010%3A30%3A00&e[0][date_end]=2026-11-23%2011%3A00%3A00&e[0][timezone]=America%2FDenver&e[0][title]=Stay%20and%20Play%20&e[0][description]=Children%20will%20enjoy%20open-ended%20playtime%20in%20a%20relaxed%20atmosphere%20that%20promotes%20growth%2C%20exploration%2C%20and%20learning.%20Intended%20for%20children%20ages%200%20to%205%20and%20their%20caregivers%20or%20families.&e[0][location]=Severance%20Library%20-%20Cottonwood",FAILED,""
"https://clearview.libnet.info/event/17451390","https://addtocalendar.com/atc/ical?utz=0&uln=en-US@posix&vjs=1.5&e[0][date_start]=2026-11-23%2013%3A00%3A00&e[0][date_end]=2026-11-23%2014%3A00%3A00&e[0][timezone]=America%2FDenver&e[0][title]=Clearview%20Homeschooler%27s%20Academy&e[0][description]=Join%20us%20for%20a%20monthly%20program%20that%20offers%20hands-on%20STEAM%20learning%20and%20activities.%20Learn%20about%20electricity%20through%20exploring%20simple%20circuits%20and%20experiments.%20For%20children%20ages%205%2B&e[0][location]=Severance%20Library%20-%20Cottonwood",FAILED,""
"https://clearview.libnet.info/event/17451390","https://addtocalendar.com/atc/google?utz=0&uln=en-US@posix&vjs=1.5&e[0][date_start]=2026-11-23%2013%3A00%3A00&e[0][date_end]=2026-11-23%2014%3A00%3A00&e[0][timezone]=America%2FDenver&e[0][title]=Clearview%20Homeschooler%27s%20Academy&e[0][description]=Join%20us%20for%20a%20monthly%20program%20that%20offers%20hands-on%20STEAM%20learning%20and%20activities.%20Learn%20about%20electricity%20through%20exploring%20simple%20circuits%20and%20experiments.%20For%20children%20ages%205%2B&e[0][location]=Severance%20Library%20-%20Cottonwood",FAILED,""
"https://clearview.libnet.info/event/17451390","https://addtocalendar.com/atc/outlook?utz=0&uln=en-US@posix&vjs=1.5&e[0][date_start]=2026-11-23%2013%3A00%3A00&e[0][date_end]=2026-11-23%2014%3A00%3A00&e[0][timezone]=America%2FDenver&e[0][title]=Clearview%20Homeschooler%27s%20Academy&e[0][description]=Join%20us%20for%20a%20monthly%20program%20that%20offers%20hands-on%20STEAM%20learning%20and%20activities.%20Learn%20about%20electricity%20through%20exploring%20simple%20circuits%20and%20experiments.%20For%20children%20ages%205%2B&e[0][location]=Severance%20Library%20-%20Cottonwood",FAILED,""
"https://clearview.libnet.info/event/17451390","https://addtocalendar.com/atc/outlookonline?utz=0&uln=en-US@posix&vjs=1.5&e[0][date_start]=2026-11-23%2013%3A00%3A00&e[0][date_end]=2026-11-23%2014%3A00%3A00&e[0][timezone]=America%2FDenver&e[0][title]=Clearview%20Homeschooler%27s%20Academy&e[0][description]=Join%20us%20for%20a%20monthly%20program%20that%20offers%20hands-on%20STEAM%20learning%20and%20activities.%20Learn%20about%20electricity%20through%20exploring%20simple%20circuits%20and%20experiments.%20For%20children%20ages%205%2B&e[0][location]=Severance%20Library%20-%20Cottonwood",FAILED,""
"https://clearview.libnet.info/event/17451390","https://addtocalendar.com/atc/yahoo?utz=0&uln=en-US@posix&vjs=1.5&e[0][date_start]=2026-11-23%2013%3A00%3A00&e[0][date_end]=2026-11-23%2014%3A00%3A00&e[0][timezone]=America%2FDenver&e[0][title]=Clearview%20Homeschooler%27s%20Academy&e[0][description]=Join%20us%20for%20a%20monthly%20program%20that%20offers%20hands-on%20STEAM%20learning%20and%20activities.%20Learn%20about%20electricity%20through%20exploring%20simple%20circuits%20and%20experiments.%20For%20children%20ages%205%2B&e[0][location]=Severance%20Library%20-%20Cottonwood",FAILED,""
"https://clearview.libnet.info/event/17446751","https://addtocalendar.com/atc/ical?utz=0&uln=en-US@posix&vjs=1.5&e[0][date_start]=2026-11-23%2015%3A15%3A00&e[0][date_end]=2026-11-23%2016%3A15%3A00&e[0][timezone]=America%2FDenver&e[0][title]=Lego%20Engineers%20&e[0][description]=Get%20creative%20and%20innovate%20with%20Legos!%20This%20session%20of%20Lego%20Engineers%2C%20we%20will%20each%20choose%20a%20favorite%20minifigure%20%E2%80%93%20and%20then%20supersize%20it!%20Open%20to%20elementary-aged%20children%2C%20as%20well%20as%20tweens%20ages%209-12.&e[0][location]=Windsor%20Library%20-%20Pikes%20Peak",FAILED,""
"https://clearview.libnet.info/event/17446751","https://addtocalendar.com/atc/google?utz=0&uln=en-US@posix&vjs=1.5&e[0][date_start]=2026-11-23%2015%3A15%3A00&e[0][date_end]=2026-11-23%2016%3A15%3A00&e[0][timezone]=America%2FDenver&e[0][title]=Lego%20Engineers%20&e[0][description]=Get%20creative%20and%20innovate%20with%20Legos!%20This%20session%20of%20Lego%20Engineers%2C%20we%20will%20each%20choose%20a%20favorite%20minifigure%20%E2%80%93%20and%20then%20supersize%20it!%20Open%20to%20elementary-aged%20children%2C%20as%20well%20as%20tweens%20ages%209-12.&e[0][location]=Windsor%20Library%20-%20Pikes%20Peak",FAILED,""
"https://clearview.libnet.info/event/17446751","https://addtocalendar.com/atc/outlook?utz=0&uln=en-US@posix&vjs=1.5&e[0][date_start]=2026-11-23%2015%3A15%3A00&e[0][date_end]=2026-11-23%2016%3A15%3A00&e[0][timezone]=America%2FDenver&e[0][title]=Lego%20Engineers%20&e[0][description]=Get%20creative%20and%20innovate%20with%20Legos!%20This%20session%20of%20Lego%20Engineers%2C%20we%20will%20each%20choose%20a%20favorite%20minifigure%20%E2%80%93%20and%20then%20supersize%20it!%20Open%20to%20elementary-aged%20children%2C%20as%20well%20as%20tweens%20ages%209-12.&e[0][location]=Windsor%20Library%20-%20Pikes%20Peak",FAILED,""
"https://clearview.libnet.info/event/17446751","https://addtocalendar.com/atc/outlookonline?utz=0&uln=en-US@posix&vjs=1.5&e[0][date_start]=2026-11-23%2015%3A15%3A00&e[0][date_end]=2026-11-23%2016%3A15%3A00&e[0][timezone]=America%2FDenver&e[0][title]=Lego%20Engineers%20&e[0][description]=Get%20creative%20and%20innovate%20with%20Legos!%20This%20session%20of%20Lego%20Engineers%2C%20we%20will%20each%20choose%20a%20favorite%20minifigure%20%E2%80%93%20and%20then%20supersize%20it!%20Open%20to%20elementary-aged%20children%2C%20as%20well%20as%20tweens%20ages%209-12.&e[0][location]=Windsor%20Library%20-%20Pikes%20Peak",FAILED,""
"https://clearview.libnet.info/event/17446751","https://addtocalendar.com/atc/yahoo?utz=0&uln=en-US@posix&vjs=1.5&e[0][date_start]=2026-11-23%2015%3A15%3A00&e[0][date_end]=2026-11-23%2016%3A15%3A00&e[0][timezone]=America%2FDenver&e[0][title]=Lego%20Engineers%20&e[0][description]=Get%20creative%20and%20innovate%20with%20Legos!%20This%20session%20of%20Lego%20Engineers%2C%20we%20will%20each%20choose%20a%20favorite%20minifigure%20%E2%80%93%20and%20then%20supersize%20it!%20Open%20to%20elementary-aged%20children%2C%20as%20well%20as%20tweens%20ages%209-12.&e[0][location]=Windsor%20Library%20-%20Pikes%20Peak",FAILED,""
"https://clearview.libnet.info/event/17430184","https://addtocalendar.com/atc/ical?utz=0&uln=en-US@posix&vjs=1.5&e[0][date_start]=2026-11-24%2010%3A00%3A00&e[0][date_end]=2026-11-24%2010%3A30%3A00&e[0][timezone]=America%2FDenver&e[0][title]=Read%2C%20Rhyme%2C%20and%20Romp&e[0][description]=Join%20us%20for%20an%20active%20storytime!%20We%20will%20read%20books%2C%20sing%2C%20and%20enjoy%20rhymes%20that%20encourage%20us%20all%20to%20get%20up%20and%20move!%20For%20ages%200-5.&e[0][location]=Windsor%20Library%20-%20Pikes%20Peak",FAILED,""
"https://clearview.libnet.info/event/17430184","https://addtocalendar.com/atc/google?utz=0&uln=en-US@posix&vjs=1.5&e[0][date_start]=2026-11-24%2010%3A00%3A00&e[0][date_end]=2026-11-24%2010%3A30%3A00&e[0][timezone]=America%2FDenver&e[0][title]=Read%2C%20Rhyme%2C%20and%20Romp&e[0][description]=Join%20us%20for%20an%20active%20storytime!%20We%20will%20read%20books%2C%20sing%2C%20and%20enjoy%20rhymes%20that%20encourage%20us%20all%20to%20get%20up%20and%20move!%20For%20ages%200-5.&e[0][location]=Windsor%20Library%20-%20Pikes%20Peak",FAILED,""
"https://clearview.libnet.info/event/17430184","https://addtocalendar.com/atc/outlook?utz=0&uln=en-US@posix&vjs=1.5&e[0][date_start]=2026-11-24%2010%3A00%3A00&e[0][date_end]=2026-11-24%2010%3A30%3A00&e[0][timezone]=America%2FDenver&e[0][title]=Read%2C%20Rhyme%2C%20and%20Romp&e[0][description]=Join%20us%20for%20an%20active%20storytime!%20We%20will%20read%20books%2C%20sing%2C%20and%20enjoy%20rhymes%20that%20encourage%20us%20all%20to%20get%20up%20and%20move!%20For%20ages%200-5.&e[0][location]=Windsor%20Library%20-%20Pikes%20Peak",FAILED,""
"https://clearview.libnet.info/event/17430184","https://addtocalendar.com/atc/outlookonline?utz=0&uln=en-US@posix&vjs=1.5&e[0][date_start]=2026-11-24%2010%3A00%3A00&e[0][date_end]=2026-11-24%2010%3A30%3A00&e[0][timezone]=America%2FDenver&e[0][title]=Read%2C%20Rhyme%2C%20and%20Romp&e[0][description]=Join%20us%20for%20an%20active%20storytime!%20We%20will%20read%20books%2C%20sing%2C%20and%20enjoy%20rhymes%20that%20encourage%20us%20all%20to%20get%20up%20and%20move!%20For%20ages%200-5.&e[0][location]=Windsor%20Library%20-%20Pikes%20Peak",FAILED,""
"https://clearview.libnet.info/event/17430184","https://addtocalendar.com/atc/yahoo?utz=0&uln=en-US@posix&vjs=1.5&e[0][date_start]=2026-11-24%2010%3A00%3A00&e[0][date_end]=2026-11-24%2010%3A30%3A00&e[0][timezone]=America%2FDenver&e[0][title]=Read%2C%20Rhyme%2C%20and%20Romp&e[0][description]=Join%20us%20for%20an%20active%20storytime!%20We%20will%20read%20books%2C%20sing%2C%20and%20enjoy%20rhymes%20that%20encourage%20us%20all%20to%20get%20up%20and%20move!%20For%20ages%200-5.&e[0][location]=Windsor%20Library%20-%20Pikes%20Peak",FAILED,""
"https://clearview.libnet.info/event/17427058","https://addtocalendar.com/atc/ical?utz=0&uln=en-US@posix&vjs=1.5&e[0][date_start]=2026-11-24%2010%3A30%3A00&e[0][date_end]=2026-11-24%2011%3A00%3A00&e[0][timezone]=America%2FDenver&e[0][title]=Yoga%20Stories&e[0][description]=Join%20us%20for%20stories%2C%20yoga%20poses%2C%20and%20breathing%20exercises.%20Adults%20are%20encouraged%20to%20participate%20with%20their%20little(s)%20during%20poses%20and%20activities.%20For%20ages%203-5.%0A%0A&e[0][location]=Severance%20Library%20-%20Cottonwood",FAILED,""
"https://clearview.libnet.info/event/17427058","https://addtocalendar.com/atc/google?utz=0&uln=en-US@posix&vjs=1.5&e[0][date_start]=2026-11-24%2010%3A30%3A00&e[0][date_end]=2026-11-24%2011%3A00%3A00&e[0][timezone]=America%2FDenver&e[0][title]=Yoga%20Stories&e[0][description]=Join%20us%20for%20stories%2C%20yoga%20poses%2C%20and%20breathing%20exercises.%20Adults%20are%20encouraged%20to%20participate%20with%20their%20little(s)%20during%20poses%20and%20activities.%20For%20ages%203-5.%0A%0A&e[0][location]=Severance%20Library%20-%20Cottonwood",FAILED,""
"https://clearview.libnet.info/event/17427058","https://addtocalendar.com/atc/outlook?utz=0&uln=en-US@posix&vjs=1.5&e[0][date_start]=2026-11-24%2010%3A30%3A00&e[0][date_end]=2026-11-24%2011%3A00%3A00&e[0][timezone]=America%2FDenver&e[0][title]=Yoga%20Stories&e[0][description]=Join%20us%20for%20stories%2C%20yoga%20poses%2C%20and%20breathing%20exercises.%20Adults%20are%20encouraged%20to%20participate%20with%20their%20little(s)%20during%20poses%20and%20activities.%20For%20ages%203-5.%0A%0A&e[0][location]=Severance%20Library%20-%20Cottonwood",FAILED,""
"https://clearview.libnet.info/event/17427058","https://addtocalendar.com/atc/outlookonline?utz=0&uln=en-US@posix&vjs=1.5&e[0][date_start]=2026-11-24%2010%3A30%3A00&e[0][date_end]=2026-11-24%2011%3A00%3A00&e[0][timezone]=America%2FDenver&e[0][title]=Yoga%20Stories&e[0][description]=Join%20us%20for%20stories%2C%20yoga%20poses%2C%20and%20breathing%20exercises.%20Adults%20are%20encouraged%20to%20participate%20with%20their%20little(s)%20during%20poses%20and%20activities.%20For%20ages%203-5.%0A%0A&e[0][location]=Severance%20Library%20-%20Cottonwood",FAILED,""
"https://clearview.libnet.info/event/17427058","https://addtocalendar.com/atc/yahoo?utz=0&uln=en-US@posix&vjs=1.5&e[0][date_start]=2026-11-24%2010%3A30%3A00&e[0][date_end]=2026-11-24%2011%3A00%3A00&e[0][timezone]=America%2FDenver&e[0][title]=Yoga%20Stories&e[0][description]=Join%20us%20for%20stories%2C%20yoga%20poses%2C%20and%20breathing%20exercises.%20Adults%20are%20encouraged%20to%20participate%20with%20their%20little(s)%20during%20poses%20and%20activities.%20For%20ages%203-5.%0A%0A&e[0][location]=Severance%20Library%20-%20Cottonwood",FAILED,""
"https://clearview.libnet.info/event/17430214","https://addtocalendar.com/atc/ical?utz=0&uln=en-US@posix&vjs=1.5&e[0][date_start]=2026-11-24%2010%3A30%3A00&e[0][date_end]=2026-11-24%2011%3A00%3A00&e[0][timezone]=America%2FDenver&e[0][title]=Stay%20and%20Play%20&e[0][description]=Children%20will%20enjoy%20open-ended%20playtime%20in%20a%20relaxed%20atmosphere%20that%20promotes%20growth%2C%20exploration%2C%20and%20learning.%20Intended%20for%20children%20ages%200%20to%205%20and%20their%20caregivers%20or%20families.&e[0][location]=Windsor%20Library%20-%20Pikes%20Peak",FAILED,""
"https://clearview.libnet.info/event/17430214","https://addtocalendar.com/atc/google?utz=0&uln=en-US@posix&vjs=1.5&e[0][date_start]=2026-11-24%2010%3A30%3A00&e[0][date_end]=2026-11-24%2011%3A00%3A00&e[0][timezone]=America%2FDenver&e[0][title]=Stay%20and%20Play%20&e[0][description]=Children%20will%20enjoy%20open-ended%20playtime%20in%20a%20relaxed%20atmosphere%20that%20promotes%20growth%2C%20exploration%2C%20and%20learning.%20Intended%20for%20children%20ages%200%20to%205%20and%20their%20caregivers%20or%20families.&e[0][location]=Windsor%20Library%20-%20Pikes%20Peak",FAILED,""
"https://clearview.libnet.info/event/17430214","https://addtocalendar.com/atc/outlook?utz=0&uln=en-US@posix&vjs=1.5&e[0][date_start]=2026-11-24%2010%3A30%3A00&e[0][date_end]=2026-11-24%2011%3A00%3A00&e[0][timezone]=America%2FDenver&e[0][title]=Stay%20and%20Play%20&e[0][description]=Children%20will%20enjoy%20open-ended%20playtime%20in%20a%20relaxed%20atmosphere%20that%20promotes%20growth%2C%20exploration%2C%20and%20learning.%20Intended%20for%20children%20ages%200%20to%205%20and%20their%20caregivers%20or%20families.&e[0][location]=Windsor%20Library%20-%20Pikes%20Peak",FAILED,""
"https://clearview.libnet.info/event/17430214","https://addtocalendar.com/atc/outlookonline?utz=0&uln=en-US@posix&vjs=1.5&e[0][date_start]=2026-11-24%2010%3A30%3A00&e[0][date_end]=2026-11-24%2011%3A00%3A00&e[0][timezone]=America%2FDenver&e[0][title]=Stay%20and%20Play%20&e[0][description]=Children%20will%20enjoy%20open-ended%20playtime%20in%20a%20relaxed%20atmosphere%20that%20promotes%20growth%2C%20exploration%2C%20and%20learning.%20Intended%20for%20children%20ages%200%20to%205%20and%20their%20caregivers%20or%20families.&e[0][location]=Windsor%20Library%20-%20Pikes%20Peak",FAILED,""
"https://clearview.libnet.info/event/17430214","https://addtocalendar.com/atc/yahoo?utz=0&uln=en-US@posix&vjs=1.5&e[0][date_start]=2026-11-24%2010%3A30%3A00&e[0][date_end]=2026-11-24%2011%3A00%3A00&e[0][timezone]=America%2FDenver&e[0][title]=Stay%20and%20Play%20&e[0][description]=Children%20will%20enjoy%20open-ended%20playtime%20in%20a%20relaxed%20atmosphere%20that%20promotes%20growth%2C%20exploration%2C%20and%20learning.%20Intended%20for%20children%20ages%200%20to%205%20and%20their%20caregivers%20or%20families.&e[0][location]=Windsor%20Library%20-%20Pikes%20Peak",FAILED,""
"https://clearview.libnet.info/event/17426934","https://addtocalendar.com/atc/ical?utz=0&uln=en-US@posix&vjs=1.5&e[0][date_start]=2026-11-24%2015%3A15%3A00&e[0][date_end]=2026-11-24%2016%3A15%3A00&e[0][timezone]=America%2FDenver&e[0][title]=Lego%20Explorers&e[0][description]=Lego%20Explorers%20offers%20Lego%20lovers%20the%20chance%20to%20free%20play%20with%20Legos.%20Build%20with%20our%20monthly%20theme%20or%20create%20from%20your%20own%20imagination.%20Open%20to%20elementary-aged%20children%2C%20as%20well%20as%20tweens%20ages%209-12.&e[0][location]=Severance%20Library%20-%20Cottonwood",FAILED,""
"https://clearview.libnet.info/event/17426934","https://addtocalendar.com/atc/google?utz=0&uln=en-US@posix&vjs=1.5&e[0][date_start]=2026-11-24%2015%3A15%3A00&e[0][date_end]=2026-11-24%2016%3A15%3A00&e[0][timezone]=America%2FDenver&e[0][title]=Lego%20Explorers&e[0][description]=Lego%20Explorers%20offers%20Lego%20lovers%20the%20chance%20to%20free%20play%20with%20Legos.%20Build%20with%20our%20monthly%20theme%20or%20create%20from%20your%20own%20imagination.%20Open%20to%20elementary-aged%20children%2C%20as%20well%20as%20tweens%20ages%209-12.&e[0][location]=Severance%20Library%20-%20Cottonwood",FAILED,""
"https://clearview.libnet.info/event/17426934","https://addtocalendar.com/atc/outlook?utz=0&uln=en-US@posix&vjs=1.5&e[0][date_start]=2026-11-24%2015%3A15%3A00&e[0][date_end]=2026-11-24%2016%3A15%3A00&e[0][timezone]=America%2FDenver&e[0][title]=Lego%20Explorers&e[0][description]=Lego%20Explorers%20offers%20Lego%20lovers%20the%20chance%20to%20free%20play%20with%20Legos.%20Build%20with%20our%20monthly%20theme%20or%20create%20from%20your%20own%20imagination.%20Open%20to%20elementary-aged%20children%2C%20as%20well%20as%20tweens%20ages%209-12.&e[0][location]=Severance%20Library%20-%20Cottonwood",FAILED,""
"https://clearview.libnet.info/event/17426934","https://addtocalendar.com/atc/outlookonline?utz=0&uln=en-US@posix&vjs=1.5&e[0][date_start]=2026-11-24%2015%3A15%3A00&e[0][date_end]=2026-11-24%2016%3A15%3A00&e[0][timezone]=America%2FDenver&e[0][title]=Lego%20Explorers&e[0][description]=Lego%20Explorers%20offers%20Lego%20lovers%20the%20chance%20to%20free%20play%20with%20Legos.%20Build%20with%20our%20monthly%20theme%20or%20create%20from%20your%20own%20imagination.%20Open%20to%20elementary-aged%20children%2C%20as%20well%20as%20tweens%20ages%209-12.&e[0][location]=Severance%20Library%20-%20Cottonwood",FAILED,""
"https://clearview.libnet.info/event/17426934","https://addtocalendar.com/atc/yahoo?utz=0&uln=en-US@posix&vjs=1.5&e[0][date_start]=2026-11-24%2015%3A15%3A00&e[0][date_end]=2026-11-24%2016%3A15%3A00&e[0][timezone]=America%2FDenver&e[0][title]=Lego%20Explorers&e[0][description]=Lego%20Explorers%20offers%20Lego%20lovers%20the%20chance%20to%20free%20play%20with%20Legos.%20Build%20with%20our%20monthly%20theme%20or%20create%20from%20your%20own%20imagination.%20Open%20to%20elementary-aged%20children%2C%20as%20well%20as%20tweens%20ages%209-12.&e[0][location]=Severance%20Library%20-%20Cottonwood",FAILED,""
"https://clearview.libnet.info/event/17428981","https://addtocalendar.com/atc/ical?utz=0&uln=en-US@posix&vjs=1.5&e[0][date_start]=2026-11-25%2010%3A00%3A00&e[0][date_end]=2026-11-25%2010%3A30%3A00&e[0][timezone]=America%2FDenver&e[0][title]=Adaptive%20Storytime%20with%20ASL&e[0][description]=Join%20us%20for%20a%20sensory-friendly%20storytime%2C%20incorporating%20basic%20ASL%20and%20designed%20for%20children%20of%20all%20abilities%2C%20needs%2C%20and%20learning%20styles.%20For%20ages%200-5.%20Older%20children%20and%20siblings%20are%20welcome.&e[0][location]=Windsor%20Library%20-%20Pikes%20Peak",FAILED,""
"https://clearview.libnet.info/event/17428981","https://addtocalendar.com/atc/google?utz=0&uln=en-US@posix&vjs=1.5&e[0][date_start]=2026-11-25%2010%3A00%3A00&e[0][date_end]=2026-11-25%2010%3A30%3A00&e[0][timezone]=America%2FDenver&e[0][title]=Adaptive%20Storytime%20with%20ASL&e[0][description]=Join%20us%20for%20a%20sensory-friendly%20storytime%2C%20incorporating%20basic%20ASL%20and%20designed%20for%20children%20of%20all%20abilities%2C%20needs%2C%20and%20learning%20styles.%20For%20ages%200-5.%20Older%20children%20and%20siblings%20are%20welcome.&e[0][location]=Windsor%20Library%20-%20Pikes%20Peak",FAILED,""
"https://clearview.libnet.info/event/17428981","https://addtocalendar.com/atc/outlook?utz=0&uln=en-US@posix&vjs=1.5&e[0][date_start]=2026-11-25%2010%3A00%3A00&e[0][date_end]=2026-11-25%2010%3A30%3A00&e[0][timezone]=America%2FDenver&e[0][title]=Adaptive%20Storytime%20with%20ASL&e[0][description]=Join%20us%20for%20a%20sensory-friendly%20storytime%2C%20incorporating%20basic%20ASL%20and%20designed%20for%20children%20of%20all%20abilities%2C%20needs%2C%20and%20learning%20styles.%20For%20ages%200-5.%20Older%20children%20and%20siblings%20are%20welcome.&e[0][location]=Windsor%20Library%20-%20Pikes%20Peak",FAILED,""
"https://clearview.libnet.info/event/17428981","https://addtocalendar.com/atc/outlookonline?utz=0&uln=en-US@posix&vjs=1.5&e[0][date_start]=2026-11-25%2010%3A00%3A00&e[0][date_end]=2026-11-25%2010%3A30%3A00&e[0][timezone]=America%2FDenver&e[0][title]=Adaptive%20Storytime%20with%20ASL&e[0][description]=Join%20us%20for%20a%20sensory-friendly%20storytime%2C%20incorporating%20basic%20ASL%20and%20designed%20for%20children%20of%20all%20abilities%2C%20needs%2C%20and%20learning%20styles.%20For%20ages%200-5.%20Older%20children%20and%20siblings%20are%20welcome.&e[0][location]=Windsor%20Library%20-%20Pikes%20Peak",FAILED,""
"https://clearview.libnet.info/event/17428981","https://addtocalendar.com/atc/yahoo?utz=0&uln=en-US@posix&vjs=1.5&e[0][date_start]=2026-11-25%2010%3A00%3A00&e[0][date_end]=2026-11-25%2010%3A30%3A00&e[0][timezone]=America%2FDenver&e[0][title]=Adaptive%20Storytime%20with%20ASL&e[0][description]=Join%20us%20for%20a%20sensory-friendly%20storytime%2C%20incorporating%20basic%20ASL%20and%20designed%20for%20children%20of%20all%20abilities%2C%20needs%2C%20and%20learning%20styles.%20For%20ages%200-5.%20Older%20children%20and%20siblings%20are%20welcome.&e[0][location]=Windsor%20Library%20-%20Pikes%20Peak",FAILED,""
"https://clearview.libnet.info/event/17430462","https://addtocalendar.com/atc/ical?utz=0&uln=en-US@posix&vjs=1.5&e[0][date_start]=2026-11-25%2010%3A00%3A00&e[0][date_end]=2026-11-25%2010%3A30%3A00&e[0][timezone]=America%2FDenver&e[0][title]=Babies%20and%20Books&e[0][description]=Grow%20your%20reader%20as%20we%20enjoy%20books%2C%20rhymes%2C%20songs%2C%20sensory%20activities%2C%20and%20active%20movement%20during%20this%20lapsit%20storytime.%20For%20ages%20birth%20to%202%20years.%20Older%20siblings%20welcome.&e[0][location]=Severance%20Library%20-%20Cottonwood",FAILED,""
"https://clearview.libnet.info/event/17430462","https://addtocalendar.com/atc/google?utz=0&uln=en-US@posix&vjs=1.5&e[0][date_start]=2026-11-25%2010%3A00%3A00&e[0][date_end]=2026-11-25%2010%3A30%3A00&e[0][timezone]=America%2FDenver&e[0][title]=Babies%20and%20Books&e[0][description]=Grow%20your%20reader%20as%20we%20enjoy%20books%2C%20rhymes%2C%20songs%2C%20sensory%20activities%2C%20and%20active%20movement%20during%20this%20lapsit%20storytime.%20For%20ages%20birth%20to%202%20years.%20Older%20siblings%20welcome.&e[0][location]=Severance%20Library%20-%20Cottonwood",FAILED,""
"https://clearview.libnet.info/event/17430462","https://addtocalendar.com/atc/outlook?utz=0&uln=en-US@posix&vjs=1.5&e[0][date_start]=2026-11-25%2010%3A00%3A00&e[0][date_end]=2026-11-25%2010%3A30%3A00&e[0][timezone]=America%2FDenver&e[0][title]=Babies%20and%20Books&e[0][description]=Grow%20your%20reader%20as%20we%20enjoy%20books%2C%20rhymes%2C%20songs%2C%20sensory%20activities%2C%20and%20active%20movement%20during%20this%20lapsit%20storytime.%20For%20ages%20birth%20to%202%20years.%20Older%20siblings%20welcome.&e[0][location]=Severance%20Library%20-%20Cottonwood",FAILED,""
"https://clearview.libnet.info/event/17430462","https://addtocalendar.com/atc/outlookonline?utz=0&uln=en-US@posix&vjs=1.5&e[0][date_start]=2026-11-25%2010%3A00%3A00&e[0][date_end]=2026-11-25%2010%3A30%3A00&e[0][timezone]=America%2FDenver&e[0][title]=Babies%20and%20Books&e[0][description]=Grow%20your%20reader%20as%20we%20enjoy%20books%2C%20rhymes%2C%20songs%2C%20sensory%20activities%2C%20and%20active%20movement%20during%20this%20lapsit%20storytime.%20For%20ages%20birth%20to%202%20years.%20Older%20siblings%20welcome.&e[0][location]=Severance%20Library%20-%20Cottonwood",FAILED,""
"https://clearview.libnet.info/event/17430462","https://addtocalendar.com/atc/yahoo?utz=0&uln=en-US@posix&vjs=1.5&e[0][date_start]=2026-11-25%2010%3A00%3A00&e[0][date_end]=2026-11-25%2010%3A30%3A00&e[0][timezone]=America%2FDenver&e[0][title]=Babies%20and%20Books&e[0][description]=Grow%20your%20reader%20as%20we%20enjoy%20books%2C%20rhymes%2C%20songs%2C%20sensory%20activities%2C%20and%20active%20movement%20during%20this%20lapsit%20storytime.%20For%20ages%20birth%20to%202%20years.%20Older%20siblings%20welcome.&e[0][location]=Severance%20Library%20-%20Cottonwood",FAILED,""
"https://clearview.libnet.info/event/17430518","https://addtocalendar.com/atc/ical?utz=0&uln=en-US@posix&vjs=1.5&e[0][date_start]=2026-11-25%2010%3A30%3A00&e[0][date_end]=2026-11-25%2011%3A00%3A00&e[0][timezone]=America%2FDenver&e[0][title]=Stay%20and%20Play%20&e[0][description]=Babies%20and%20toddlers%20will%20enjoy%20open-ended%20playtime%20in%20a%20relaxed%20atmosphere%20that%20promotes%20growth%2C%20exploration%2C%20and%20learning.%20Intended%20for%20children%20ages%200%20to%202%20and%20their%20caregivers%20or%20families.&e[0][location]=Severance%20Library%20-%20Cottonwood",FAILED,""
"https://clearview.libnet.info/event/17430518","https://addtocalendar.com/atc/google?utz=0&uln=en-US@posix&vjs=1.5&e[0][date_start]=2026-11-25%2010%3A30%3A00&e[0][date_end]=2026-11-25%2011%3A00%3A00&e[0][timezone]=America%2FDenver&e[0][title]=Stay%20and%20Play%20&e[0][description]=Babies%20and%20toddlers%20will%20enjoy%20open-ended%20playtime%20in%20a%20relaxed%20atmosphere%20that%20promotes%20growth%2C%20exploration%2C%20and%20learning.%20Intended%20for%20children%20ages%200%20to%202%20and%20their%20caregivers%20or%20families.&e[0][location]=Severance%20Library%20-%20Cottonwood",FAILED,""
"https://clearview.libnet.info/event/17430518","https://addtocalendar.com/atc/outlook?utz=0&uln=en-US@posix&vjs=1.5&e[0][date_start]=2026-11-25%2010%3A30%3A00&e[0][date_end]=2026-11-25%2011%3A00%3A00&e[0][timezone]=America%2FDenver&e[0][title]=Stay%20and%20Play%20&e[0][description]=Babies%20and%20toddlers%20will%20enjoy%20open-ended%20playtime%20in%20a%20relaxed%20atmosphere%20that%20promotes%20growth%2C%20exploration%2C%20and%20learning.%20Intended%20for%20children%20ages%200%20to%202%20and%20their%20caregivers%20or%20families.&e[0][location]=Severance%20Library%20-%20Cottonwood",FAILED,""
"https://clearview.libnet.info/event/17430518","https://addtocalendar.com/atc/outlookonline?utz=0&uln=en-US@posix&vjs=1.5&e[0][date_start]=2026-11-25%2010%3A30%3A00&e[0][date_end]=2026-11-25%2011%3A00%3A00&e[0][timezone]=America%2FDenver&e[0][title]=Stay%20and%20Play%20&e[0][description]=Babies%20and%20toddlers%20will%20enjoy%20open-ended%20playtime%20in%20a%20relaxed%20atmosphere%20that%20promotes%20growth%2C%20exploration%2C%20and%20learning.%20Intended%20for%20children%20ages%200%20to%202%20and%20their%20caregivers%20or%20families.&e[0][location]=Severance%20Library%20-%20Cottonwood",FAILED,""
"https://clearview.libnet.info/event/17430518","https://addtocalendar.com/atc/yahoo?utz=0&uln=en-US@posix&vjs=1.5&e[0][date_start]=2026-11-25%2010%3A30%3A00&e[0][date_end]=2026-11-25%2011%3A00%3A00&e[0][timezone]=America%2FDenver&e[0][title]=Stay%20and%20Play%20&e[0][description]=Babies%20and%20toddlers%20will%20enjoy%20open-ended%20playtime%20in%20a%20relaxed%20atmosphere%20that%20promotes%20growth%2C%20exploration%2C%20and%20learning.%20Intended%20for%20children%20ages%200%20to%202%20and%20their%20caregivers%20or%20families.&e[0][location]=Severance%20Library%20-%20Cottonwood",FAILED,""
"https://clearview.libnet.info/event/17429762","https://addtocalendar.com/atc/ical?utz=0&uln=en-US@posix&vjs=1.5&e[0][date_start]=2026-11-30%2010%3A00%3A00&e[0][date_end]=2026-11-30%2010%3A30%3A00&e[0][timezone]=America%2FDenver&e[0][title]=Read%2C%20Rhyme%2C%20and%20Romp&e[0][description]=Join%20us%20for%20an%20active%20storytime!%20We%20will%20read%20books%2C%20sing%2C%20and%20enjoy%20rhymes%20that%20encourage%20us%20all%20to%20get%20up%20and%20move!%20For%20ages%200-5.&e[0][location]=Severance%20Library%20-%20Cottonwood",FAILED,""
"https://clearview.libnet.info/event/17429762","https://addtocalendar.com/atc/google?utz=0&uln=en-US@posix&vjs=1.5&e[0][date_start]=2026-11-30%2010%3A00%3A00&e[0][date_end]=2026-11-30%2010%3A30%3A00&e[0][timezone]=America%2FDenver&e[0][title]=Read%2C%20Rhyme%2C%20and%20Romp&e[0][description]=Join%20us%20for%20an%20active%20storytime!%20We%20will%20read%20books%2C%20sing%2C%20and%20enjoy%20rhymes%20that%20encourage%20us%20all%20to%20get%20up%20and%20move!%20For%20ages%200-5.&e[0][location]=Severance%20Library%20-%20Cottonwood",FAILED,""
"https://clearview.libnet.info/event/17429762","https://addtocalendar.com/atc/outlook?utz=0&uln=en-US@posix&vjs=1.5&e[0][date_start]=2026-11-30%2010%3A00%3A00&e[0][date_end]=2026-11-30%2010%3A30%3A00&e[0][timezone]=America%2FDenver&e[0][title]=Read%2C%20Rhyme%2C%20and%20Romp&e[0][description]=Join%20us%20for%20an%20active%20storytime!%20We%20will%20read%20books%2C%20sing%2C%20and%20enjoy%20rhymes%20that%20encourage%20us%20all%20to%20get%20up%20and%20move!%20For%20ages%200-5.&e[0][location]=Severance%20Library%20-%20Cottonwood",FAILED,""
"https://clearview.libnet.info/event/17429762","https://addtocalendar.com/atc/outlookonline?utz=0&uln=en-US@posix&vjs=1.5&e[0][date_start]=2026-11-30%2010%3A00%3A00&e[0][date_end]=2026-11-30%2010%3A30%3A00&e[0][timezone]=America%2FDenver&e[0][title]=Read%2C%20Rhyme%2C%20and%20Romp&e[0][description]=Join%20us%20for%20an%20active%20storytime!%20We%20will%20read%20books%2C%20sing%2C%20and%20enjoy%20rhymes%20that%20encourage%20us%20all%20to%20get%20up%20and%20move!%20For%20ages%200-5.&e[0][location]=Severance%20Library%20-%20Cottonwood",FAILED,""
"https://clearview.libnet.info/event/17429762","https://addtocalendar.com/atc/yahoo?utz=0&uln=en-US@posix&vjs=1.5&e[0][date_start]=2026-11-30%2010%3A00%3A00&e[0][date_end]=2026-11-30%2010%3A30%3A00&e[0][timezone]=America%2FDenver&e[0][title]=Read%2C%20Rhyme%2C%20and%20Romp&e[0][description]=Join%20us%20for%20an%20active%20storytime!%20We%20will%20read%20books%2C%20sing%2C%20and%20enjoy%20rhymes%20that%20encourage%20us%20all%20to%20get%20up%20and%20move!%20For%20ages%200-5.&e[0][location]=Severance%20Library%20-%20Cottonwood",FAILED,""
"https://clearview.libnet.info/event/17429782","https://addtocalendar.com/atc/ical?utz=0&uln=en-US@posix&vjs=1.5&e[0][date_start]=2026-11-30%2010%3A30%3A00&e[0][date_end]=2026-11-30%2011%3A00%3A00&e[0][timezone]=America%2FDenver&e[0][title]=Stay%20and%20Play%20&e[0][description]=Children%20will%20enjoy%20open-ended%20playtime%20in%20a%20relaxed%20atmosphere%20that%20promotes%20growth%2C%20exploration%2C%20and%20learning.%20Intended%20for%20children%20ages%200%20to%205%20and%20their%20caregivers%20or%20families.&e[0][location]=Severance%20Library%20-%20Cottonwood",FAILED,""
"https://clearview.libnet.info/event/17429782","https://addtocalendar.com/atc/google?utz=0&uln=en-US@posix&vjs=1.5&e[0][date_start]=2026-11-30%2010%3A30%3A00&e[0][date_end]=2026-11-30%2011%3A00%3A00&e[0][timezone]=America%2FDenver&e[0][title]=Stay%20and%20Play%20&e[0][description]=Children%20will%20enjoy%20open-ended%20playtime%20in%20a%20relaxed%20atmosphere%20that%20promotes%20growth%2C%20exploration%2C%20and%20learning.%20Intended%20for%20children%20ages%200%20to%205%20and%20their%20caregivers%20or%20families.&e[0][location]=Severance%20Library%20-%20Cottonwood",FAILED,""
"https://clearview.libnet.info/event/17429782","https://addtocalendar.com/atc/outlook?utz=0&uln=en-US@posix&vjs=1.5&e[0][date_start]=2026-11-30%2010%3A30%3A00&e[0][date_end]=2026-11-30%2011%3A00%3A00&e[0][timezone]=America%2FDenver&e[0][title]=Stay%20and%20Play%20&e[0][description]=Children%20will%20enjoy%20open-ended%20playtime%20in%20a%20relaxed%20atmosphere%20that%20promotes%20growth%2C%20exploration%2C%20and%20learning.%20Intended%20for%20children%20ages%200%20to%205%20and%20their%20caregivers%20or%20families.&e[0][location]=Severance%20Library%20-%20Cottonwood",FAILED,""
"https://clearview.libnet.info/event/17429782","https://addtocalendar.com/atc/outlookonline?utz=0&uln=en-US@posix&vjs=1.5&e[0][date_start]=2026-11-30%2010%3A30%3A00&e[0][date_end]=2026-11-30%2011%3A00%3A00&e[0][timezone]=America%2FDenver&e[0][title]=Stay%20and%20Play%20&e[0][description]=Children%20will%20enjoy%20open-ended%20playtime%20in%20a%20relaxed%20atmosphere%20that%20promotes%20growth%2C%20exploration%2C%20and%20learning.%20Intended%20for%20children%20ages%200%20to%205%20and%20their%20caregivers%20or%20families.&e[0][location]=Severance%20Library%20-%20Cottonwood",FAILED,""
"https://clearview.libnet.info/event/17429782","https://addtocalendar.com/atc/yahoo?utz=0&uln=en-US@posix&vjs=1.5&e[0][date_start]=2026-11-30%2010%3A30%3A00&e[0][date_end]=2026-11-30%2011%3A00%3A00&e[0][timezone]=America%2FDenver&e[0][title]=Stay%20and%20Play%20&e[0][description]=Children%20will%20enjoy%20open-ended%20playtime%20in%20a%20relaxed%20atmosphere%20that%20promotes%20growth%2C%20exploration%2C%20and%20learning.%20Intended%20for%20children%20ages%200%20to%205%20and%20their%20caregivers%20or%20families.&e[0][location]=Severance%20Library%20-%20Cottonwood",FAILED,""
"https://clearview.libnet.info/event/17286487","https://addtocalendar.com/atc/ical?utz=0&uln=en-US@posix&vjs=1.5&e[0][date_start]=2026-11-30%2014%3A30%3A00&e[0][date_end]=2026-11-30%2015%3A00%3A00&e[0][timezone]=America%2FDenver&e[0][title]=Bookmobile%20Stop%20at%20Grandview%20Elementary%20&e[0][description]=1583%20Grand%20Ave%20-%20Windsor&e[0][location]=Bookmobile%20-%20",FAILED,""
"https://clearview.libnet.info/event/17286487","https://addtocalendar.com/atc/google?utz=0&uln=en-US@posix&vjs=1.5&e[0][date_start]=2026-11-30%2014%3A30%3A00&e[0][date_end]=2026-11-30%2015%3A00%3A00&e[0][timezone]=America%2FDenver&e[0][title]=Bookmobile%20Stop%20at%20Grandview%20Elementary%20&e[0][description]=1583%20Grand%20Ave%20-%20Windsor&e[0][location]=Bookmobile%20-%20",FAILED,""
"https://clearview.libnet.info/event/17286487","https://addtocalendar.com/atc/outlook?utz=0&uln=en-US@posix&vjs=1.5&e[0][date_start]=2026-11-30%2014%3A30%3A00&e[0][date_end]=2026-11-30%2015%3A00%3A00&e[0][timezone]=America%2FDenver&e[0][title]=Bookmobile%20Stop%20at%20Grandview%20Elementary%20&e[0][description]=1583%20Grand%20Ave%20-%20Windsor&e[0][location]=Bookmobile%20-%20",FAILED,""
"https://clearview.libnet.info/event/17286487","https://addtocalendar.com/atc/outlookonline?utz=0&uln=en-US@posix&vjs=1.5&e[0][date_start]=2026-11-30%2014%3A30%3A00&e[0][date_end]=2026-11-30%2015%3A00%3A00&e[0][timezone]=America%2FDenver&e[0][title]=Bookmobile%20Stop%20at%20Grandview%20Elementary%20&e[0][description]=1583%20Grand%20Ave%20-%20Windsor&e[0][location]=Bookmobile%20-%20",FAILED,""
"https://clearview.libnet.info/event/17286487","https://addtocalendar.com/atc/yahoo?utz=0&uln=en-US@posix&vjs=1.5&e[0][date_start]=2026-11-30%2014%3A30%3A00&e[0][date_end]=2026-11-30%2015%3A00%3A00&e[0][timezone]=America%2FDenver&e[0][title]=Bookmobile%20Stop%20at%20Grandview%20Elementary%20&e[0][description]=1583%20Grand%20Ave%20-%20Windsor&e[0][location]=Bookmobile%20-%20",FAILED,""
"https://clearview.libnet.info/event/17286542","https://addtocalendar.com/atc/ical?utz=0&uln=en-US@posix&vjs=1.5&e[0][date_start]=2026-11-30%2015%3A30%3A00&e[0][date_end]=2026-11-30%2016%3A00%3A00&e[0][timezone]=America%2FDenver&e[0][title]=Bookmobile%20Stop%20at%20Northern%20Lights%20Park&e[0][description]=550%20Saratoga%20Wy%20-%20Windsor&e[0][location]=Bookmobile%20-%20",FAILED,""
"https://clearview.libnet.info/event/17286542","https://addtocalendar.com/atc/google?utz=0&uln=en-US@posix&vjs=1.5&e[0][date_start]=2026-11-30%2015%3A30%3A00&e[0][date_end]=2026-11-30%2016%3A00%3A00&e[0][timezone]=America%2FDenver&e[0][title]=Bookmobile%20Stop%20at%20Northern%20Lights%20Park&e[0][description]=550%20Saratoga%20Wy%20-%20Windsor&e[0][location]=Bookmobile%20-%20",FAILED,""
"https://clearview.libnet.info/event/17286542","https://addtocalendar.com/atc/outlook?utz=0&uln=en-US@posix&vjs=1.5&e[0][date_start]=2026-11-30%2015%3A30%3A00&e[0][date_end]=2026-11-30%2016%3A00%3A00&e[0][timezone]=America%2FDenver&e[0][title]=Bookmobile%20Stop%20at%20Northern%20Lights%20Park&e[0][description]=550%20Saratoga%20Wy%20-%20Windsor&e[0][location]=Bookmobile%20-%20",FAILED,""
"https://clearview.libnet.info/event/17286542","https://addtocalendar.com/atc/outlookonline?utz=0&uln=en-US@posix&vjs=1.5&e[0][date_start]=2026-11-30%2015%3A30%3A00&e[0][date_end]=2026-11-30%2016%3A00%3A00&e[0][timezone]=America%2FDenver&e[0][title]=Bookmobile%20Stop%20at%20Northern%20Lights%20Park&e[0][description]=550%20Saratoga%20Wy%20-%20Windsor&e[0][location]=Bookmobile%20-%20",FAILED,""
"https://clearview.libnet.info/event/17286542","https://addtocalendar.com/atc/yahoo?utz=0&uln=en-US@posix&vjs=1.5&e[0][date_start]=2026-11-30%2015%3A30%3A00&e[0][date_end]=2026-11-30%2016%3A00%3A00&e[0][timezone]=America%2FDenver&e[0][title]=Bookmobile%20Stop%20at%20Northern%20Lights%20Park&e[0][description]=550%20Saratoga%20Wy%20-%20Windsor&e[0][location]=Bookmobile%20-%20",FAILED,""
"https://clearview.libnet.info/event/17286589","https://addtocalendar.com/atc/ical?utz=0&uln=en-US@posix&vjs=1.5&e[0][date_start]=2026-11-30%2016%3A30%3A00&e[0][date_end]=2026-11-30%2017%3A00%3A00&e[0][timezone]=America%2FDenver&e[0][title]=Bookmobile%20Stop%20at%20Windshire%20Park&e[0][description]=1520%20Dartford%20Dr%20-%20Windsor&e[0][location]=Bookmobile%20-%20",FAILED,""
"https://clearview.libnet.info/event/17286589","https://addtocalendar.com/atc/google?utz=0&uln=en-US@posix&vjs=1.5&e[0][date_start]=2026-11-30%2016%3A30%3A00&e[0][date_end]=2026-11-30%2017%3A00%3A00&e[0][timezone]=America%2FDenver&e[0][title]=Bookmobile%20Stop%20at%20Windshire%20Park&e[0][description]=1520%20Dartford%20Dr%20-%20Windsor&e[0][location]=Bookmobile%20-%20",FAILED,""
"https://clearview.libnet.info/event/17286589","https://addtocalendar.com/atc/outlook?utz=0&uln=en-US@posix&vjs=1.5&e[0][date_start]=2026-11-30%2016%3A30%3A00&e[0][date_end]=2026-11-30%2017%3A00%3A00&e[0][timezone]=America%2FDenver&e[0][title]=Bookmobile%20Stop%20at%20Windshire%20Park&e[0][description]=1520%20Dartford%20Dr%20-%20Windsor&e[0][location]=Bookmobile%20-%20",FAILED,""
"https://clearview.libnet.info/event/17286589","https://addtocalendar.com/atc/outlookonline?utz=0&uln=en-US@posix&vjs=1.5&e[0][date_start]=2026-11-30%2016%3A30%3A00&e[0][date_end]=2026-11-30%2017%3A00%3A00&e[0][timezone]=America%2FDenver&e[0][title]=Bookmobile%20Stop%20at%20Windshire%20Park&e[0][description]=1520%20Dartford%20Dr%20-%20Windsor&e[0][location]=Bookmobile%20-%20",FAILED,""
"https://clearview.libnet.info/event/17286589","https://addtocalendar.com/atc/yahoo?utz=0&uln=en-US@posix&vjs=1.5&e[0][date_start]=2026-11-30%2016%3A30%3A00&e[0][date_end]=2026-11-30%2017%3A00%3A00&e[0][timezone]=America%2FDenver&e[0][title]=Bookmobile%20Stop%20at%20Windshire%20Park&e[0][description]=1520%20Dartford%20Dr%20-%20Windsor&e[0][location]=Bookmobile%20-%20",FAILED,""
"https://clearview.libnet.info/event/17286607","https://addtocalendar.com/atc/ical?utz=0&uln=en-US@posix&vjs=1.5&e[0][date_start]=2026-11-30%2017%3A30%3A00&e[0][date_end]=2026-11-30%2018%3A00%3A00&e[0][timezone]=America%2FDenver&e[0][title]=Bookmobile%20Stop%20at%20Covenant%20Park&e[0][description]=601%20Southwood%20Ln%20-%20Windsor&e[0][location]=Bookmobile%20-%20",FAILED,""
"https://clearview.libnet.info/event/17286607","https://addtocalendar.com/atc/google?utz=0&uln=en-US@posix&vjs=1.5&e[0][date_start]=2026-11-30%2017%3A30%3A00&e[0][date_end]=2026-11-30%2018%3A00%3A00&e[0][timezone]=America%2FDenver&e[0][title]=Bookmobile%20Stop%20at%20Covenant%20Park&e[0][description]=601%20Southwood%20Ln%20-%20Windsor&e[0][location]=Bookmobile%20-%20",FAILED,""
"https://clearview.libnet.info/event/17286607","https://addtocalendar.com/atc/outlook?utz=0&uln=en-US@posix&vjs=1.5&e[0][date_start]=2026-11-30%2017%3A30%3A00&e[0][date_end]=2026-11-30%2018%3A00%3A00&e[0][timezone]=America%2FDenver&e[0][title]=Bookmobile%20Stop%20at%20Covenant%20Park&e[0][description]=601%20Southwood%20Ln%20-%20Windsor&e[0][location]=Bookmobile%20-%20",FAILED,""
"https://clearview.libnet.info/event/17286607","https://addtocalendar.com/atc/outlookonline?utz=0&uln=en-US@posix&vjs=1.5&e[0][date_start]=2026-11-30%2017%3A30%3A00&e[0][date_end]=2026-11-30%2018%3A00%3A00&e[0][timezone]=America%2FDenver&e[0][title]=Bookmobile%20Stop%20at%20Covenant%20Park&e[0][description]=601%20Southwood%20Ln%20-%20Windsor&e[0][location]=Bookmobile%20-%20",FAILED,""
"https://clearview.libnet.info/event/17286607","https://addtocalendar.com/atc/yahoo?utz=0&uln=en-US@posix&vjs=1.5&e[0][date_start]=2026-11-30%2017%3A30%3A00&e[0][date_end]=2026-11-30%2018%3A00%3A00&e[0][timezone]=America%2FDenver&e[0][title]=Bookmobile%20Stop%20at%20Covenant%20Park&e[0][description]=601%20Southwood%20Ln%20-%20Windsor&e[0][location]=Bookmobile%20-%20",FAILED,""