Source Page,Link,Status,Link Text
"https://urbanafreelibrary.libnet.info/events","https://urbanafreelibrary.org/ebooks-more/music",403,"Music"
"https://urbanafreelibrary.libnet.info/events","https://urbanafreelibrary.org/events/150-years",403,"150th Anniversary"
"https://urbanafreelibrary.libnet.info/events","https://urbanafreelibrary.org/about/cafe-book-shop",404,""
"https://urbanafreelibrary.libnet.info/events","https://twitter.com/search?f=tweets&vertical=default&q=urbanafree",403,""
"https://urbanafreelibrary.libnet.info/events","https://urbanafreelibrary.org/using-library/get-card",403,"Get a Card"
"https://urbanafreelibrary.libnet.info/events","https://urbanafreelibrary.org/using-library/borrow-return/borrow",404,"Borrow Items"
"https://urbanafreelibrary.libnet.info/events","https://app.etapestry.com/onlineforms/UrbanaFreeLibraryFoundation/donation.html",404,"Donate"
"https://urbanafreelibrary.libnet.info/event/16524436","https://addtocalendar.com/atc/ical?utz=0&uln=en-US@posix&vjs=1.5&e[0][date_start]=2026-10-01%2000%3A00%3A00&e[0][date_end]=2026-10-01%2023%3A59%3A00&e[0][timezone]=America%2FChicago&e[0][title]=Make%20and%20Take%20Craft&e[0][location]=The%20Urbana%20Free%20Library%20-%20Children%27s%20Area",FAILED,""
"https://urbanafreelibrary.libnet.info/event/16524436","https://addtocalendar.com/atc/google?utz=0&uln=en-US@posix&vjs=1.5&e[0][date_start]=2026-10-01%2000%3A00%3A00&e[0][date_end]=2026-10-01%2023%3A59%3A00&e[0][timezone]=America%2FChicago&e[0][title]=Make%20and%20Take%20Craft&e[0][location]=The%20Urbana%20Free%20Library%20-%20Children%27s%20Area",FAILED,""
"https://urbanafreelibrary.libnet.info/event/16524436","https://addtocalendar.com/atc/outlook?utz=0&uln=en-US@posix&vjs=1.5&e[0][date_start]=2026-10-01%2000%3A00%3A00&e[0][date_end]=2026-10-01%2023%3A59%3A00&e[0][timezone]=America%2FChicago&e[0][title]=Make%20and%20Take%20Craft&e[0][location]=The%20Urbana%20Free%20Library%20-%20Children%27s%20Area",FAILED,""
"https://urbanafreelibrary.libnet.info/event/16524436","https://addtocalendar.com/atc/outlookonline?utz=0&uln=en-US@posix&vjs=1.5&e[0][date_start]=2026-10-01%2000%3A00%3A00&e[0][date_end]=2026-10-01%2023%3A59%3A00&e[0][timezone]=America%2FChicago&e[0][title]=Make%20and%20Take%20Craft&e[0][location]=The%20Urbana%20Free%20Library%20-%20Children%27s%20Area",FAILED,""
"https://urbanafreelibrary.libnet.info/event/16524436","https://addtocalendar.com/atc/yahoo?utz=0&uln=en-US@posix&vjs=1.5&e[0][date_start]=2026-10-01%2000%3A00%3A00&e[0][date_end]=2026-10-01%2023%3A59%3A00&e[0][timezone]=America%2FChicago&e[0][title]=Make%20and%20Take%20Craft&e[0][location]=The%20Urbana%20Free%20Library%20-%20Children%27s%20Area",FAILED,""
"https://urbanafreelibrary.libnet.info/event/17168381","https://addtocalendar.com/atc/ical?utz=0&uln=en-US@posix&vjs=1.5&e[0][date_start]=2026-10-01%2000%3A00%3A00&e[0][date_end]=2026-10-01%2023%3A59%3A00&e[0][timezone]=America%2FChicago&e[0][title]=IHLS%20Library%20Crawl&e[0][location]=The%20Urbana%20Free%20Library%20-%20Library",FAILED,""
"https://urbanafreelibrary.libnet.info/event/17168381","https://addtocalendar.com/atc/google?utz=0&uln=en-US@posix&vjs=1.5&e[0][date_start]=2026-10-01%2000%3A00%3A00&e[0][date_end]=2026-10-01%2023%3A59%3A00&e[0][timezone]=America%2FChicago&e[0][title]=IHLS%20Library%20Crawl&e[0][location]=The%20Urbana%20Free%20Library%20-%20Library",FAILED,""
"https://urbanafreelibrary.libnet.info/event/17168381","https://addtocalendar.com/atc/outlook?utz=0&uln=en-US@posix&vjs=1.5&e[0][date_start]=2026-10-01%2000%3A00%3A00&e[0][date_end]=2026-10-01%2023%3A59%3A00&e[0][timezone]=America%2FChicago&e[0][title]=IHLS%20Library%20Crawl&e[0][location]=The%20Urbana%20Free%20Library%20-%20Library",FAILED,""
"https://urbanafreelibrary.libnet.info/event/17168381","https://addtocalendar.com/atc/outlookonline?utz=0&uln=en-US@posix&vjs=1.5&e[0][date_start]=2026-10-01%2000%3A00%3A00&e[0][date_end]=2026-10-01%2023%3A59%3A00&e[0][timezone]=America%2FChicago&e[0][title]=IHLS%20Library%20Crawl&e[0][location]=The%20Urbana%20Free%20Library%20-%20Library",FAILED,""
"https://urbanafreelibrary.libnet.info/event/17168381","https://addtocalendar.com/atc/yahoo?utz=0&uln=en-US@posix&vjs=1.5&e[0][date_start]=2026-10-01%2000%3A00%3A00&e[0][date_end]=2026-10-01%2023%3A59%3A00&e[0][timezone]=America%2FChicago&e[0][title]=IHLS%20Library%20Crawl&e[0][location]=The%20Urbana%20Free%20Library%20-%20Library",FAILED,""
"https://urbanafreelibrary.libnet.info/event/13876088","https://addtocalendar.com/atc/ical?utz=0&uln=en-US@posix&vjs=1.5&e[0][date_start]=2026-10-01%2010%3A15%3A00&e[0][date_end]=2026-10-01%2010%3A45%3A00&e[0][timezone]=America%2FChicago&e[0][title]=Crafty%20Tales&e[0][location]=The%20Urbana%20Free%20Library%20-%20The%20Lewis%20Auditorium",FAILED,""
"https://urbanafreelibrary.libnet.info/event/13876088","https://addtocalendar.com/atc/google?utz=0&uln=en-US@posix&vjs=1.5&e[0][date_start]=2026-10-01%2010%3A15%3A00&e[0][date_end]=2026-10-01%2010%3A45%3A00&e[0][timezone]=America%2FChicago&e[0][title]=Crafty%20Tales&e[0][location]=The%20Urbana%20Free%20Library%20-%20The%20Lewis%20Auditorium",FAILED,""
"https://urbanafreelibrary.libnet.info/event/13876088","https://addtocalendar.com/atc/outlook?utz=0&uln=en-US@posix&vjs=1.5&e[0][date_start]=2026-10-01%2010%3A15%3A00&e[0][date_end]=2026-10-01%2010%3A45%3A00&e[0][timezone]=America%2FChicago&e[0][title]=Crafty%20Tales&e[0][location]=The%20Urbana%20Free%20Library%20-%20The%20Lewis%20Auditorium",FAILED,""
"https://urbanafreelibrary.libnet.info/event/13876088","https://addtocalendar.com/atc/outlookonline?utz=0&uln=en-US@posix&vjs=1.5&e[0][date_start]=2026-10-01%2010%3A15%3A00&e[0][date_end]=2026-10-01%2010%3A45%3A00&e[0][timezone]=America%2FChicago&e[0][title]=Crafty%20Tales&e[0][location]=The%20Urbana%20Free%20Library%20-%20The%20Lewis%20Auditorium",FAILED,""
"https://urbanafreelibrary.libnet.info/event/13876088","https://addtocalendar.com/atc/yahoo?utz=0&uln=en-US@posix&vjs=1.5&e[0][date_start]=2026-10-01%2010%3A15%3A00&e[0][date_end]=2026-10-01%2010%3A45%3A00&e[0][timezone]=America%2FChicago&e[0][title]=Crafty%20Tales&e[0][location]=The%20Urbana%20Free%20Library%20-%20The%20Lewis%20Auditorium",FAILED,""
"https://urbanafreelibrary.libnet.info/event/17264605","https://addtocalendar.com/atc/ical?utz=0&uln=en-US@posix&vjs=1.5&e[0][date_start]=2026-10-01%2015%3A00%3A00&e[0][date_end]=2026-10-01%2017%3A30%3A00&e[0][timezone]=America%2FChicago&e[0][title]=Teen%20Open%20Lab&e[0][location]=The%20Urbana%20Free%20Library%20-%20The%20Lewis%20Auditorium",FAILED,""
"https://urbanafreelibrary.libnet.info/event/17264605","https://addtocalendar.com/atc/google?utz=0&uln=en-US@posix&vjs=1.5&e[0][date_start]=2026-10-01%2015%3A00%3A00&e[0][date_end]=2026-10-01%2017%3A30%3A00&e[0][timezone]=America%2FChicago&e[0][title]=Teen%20Open%20Lab&e[0][location]=The%20Urbana%20Free%20Library%20-%20The%20Lewis%20Auditorium",FAILED,""
"https://urbanafreelibrary.libnet.info/event/17264605","https://addtocalendar.com/atc/outlook?utz=0&uln=en-US@posix&vjs=1.5&e[0][date_start]=2026-10-01%2015%3A00%3A00&e[0][date_end]=2026-10-01%2017%3A30%3A00&e[0][timezone]=America%2FChicago&e[0][title]=Teen%20Open%20Lab&e[0][location]=The%20Urbana%20Free%20Library%20-%20The%20Lewis%20Auditorium",FAILED,""
"https://urbanafreelibrary.libnet.info/event/17264605","https://addtocalendar.com/atc/outlookonline?utz=0&uln=en-US@posix&vjs=1.5&e[0][date_start]=2026-10-01%2015%3A00%3A00&e[0][date_end]=2026-10-01%2017%3A30%3A00&e[0][timezone]=America%2FChicago&e[0][title]=Teen%20Open%20Lab&e[0][location]=The%20Urbana%20Free%20Library%20-%20The%20Lewis%20Auditorium",FAILED,""
"https://urbanafreelibrary.libnet.info/event/17264605","https://addtocalendar.com/atc/yahoo?utz=0&uln=en-US@posix&vjs=1.5&e[0][date_start]=2026-10-01%2015%3A00%3A00&e[0][date_end]=2026-10-01%2017%3A30%3A00&e[0][timezone]=America%2FChicago&e[0][title]=Teen%20Open%20Lab&e[0][location]=The%20Urbana%20Free%20Library%20-%20The%20Lewis%20Auditorium",FAILED,""
"https://urbanafreelibrary.libnet.info/event/16857848","https://addtocalendar.com/atc/ical?utz=0&uln=en-US@posix&vjs=1.5&e[0][date_start]=2026-10-01%2017%3A30%3A00&e[0][date_end]=2026-10-01%2018%3A30%3A00&e[0][timezone]=America%2FChicago&e[0][title]=Conversation%20Caf%C3%A9%20%40%20Health%20and%20Wellness%20Center&e[0][location]=Health%20and%20Wellness%20Center%20-%20",FAILED,""
"https://urbanafreelibrary.libnet.info/event/16857848","https://addtocalendar.com/atc/google?utz=0&uln=en-US@posix&vjs=1.5&e[0][date_start]=2026-10-01%2017%3A30%3A00&e[0][date_end]=2026-10-01%2018%3A30%3A00&e[0][timezone]=America%2FChicago&e[0][title]=Conversation%20Caf%C3%A9%20%40%20Health%20and%20Wellness%20Center&e[0][location]=Health%20and%20Wellness%20Center%20-%20",FAILED,""
"https://urbanafreelibrary.libnet.info/event/16857848","https://addtocalendar.com/atc/outlook?utz=0&uln=en-US@posix&vjs=1.5&e[0][date_start]=2026-10-01%2017%3A30%3A00&e[0][date_end]=2026-10-01%2018%3A30%3A00&e[0][timezone]=America%2FChicago&e[0][title]=Conversation%20Caf%C3%A9%20%40%20Health%20and%20Wellness%20Center&e[0][location]=Health%20and%20Wellness%20Center%20-%20",FAILED,""
"https://urbanafreelibrary.libnet.info/event/16857848","https://addtocalendar.com/atc/outlookonline?utz=0&uln=en-US@posix&vjs=1.5&e[0][date_start]=2026-10-01%2017%3A30%3A00&e[0][date_end]=2026-10-01%2018%3A30%3A00&e[0][timezone]=America%2FChicago&e[0][title]=Conversation%20Caf%C3%A9%20%40%20Health%20and%20Wellness%20Center&e[0][location]=Health%20and%20Wellness%20Center%20-%20",FAILED,""
"https://urbanafreelibrary.libnet.info/event/16857848","https://addtocalendar.com/atc/yahoo?utz=0&uln=en-US@posix&vjs=1.5&e[0][date_start]=2026-10-01%2017%3A30%3A00&e[0][date_end]=2026-10-01%2018%3A30%3A00&e[0][timezone]=America%2FChicago&e[0][title]=Conversation%20Caf%C3%A9%20%40%20Health%20and%20Wellness%20Center&e[0][location]=Health%20and%20Wellness%20Center%20-%20",FAILED,""
"https://urbanafreelibrary.libnet.info/event/17112521","https://addtocalendar.com/atc/ical?utz=0&uln=en-US@posix&vjs=1.5&e[0][date_start]=2026-10-03%2013%3A00%3A00&e[0][date_end]=2026-10-03%2015%3A00%3A00&e[0][timezone]=America%2FChicago&e[0][title]=Illinois%20Central%20Management%20Services%20Career%20Workshop%20&e[0][location]=The%20Urbana%20Free%20Library%20-%20The%20Lewis%20Auditorium",FAILED,""
"https://urbanafreelibrary.libnet.info/event/17112521","https://addtocalendar.com/atc/google?utz=0&uln=en-US@posix&vjs=1.5&e[0][date_start]=2026-10-03%2013%3A00%3A00&e[0][date_end]=2026-10-03%2015%3A00%3A00&e[0][timezone]=America%2FChicago&e[0][title]=Illinois%20Central%20Management%20Services%20Career%20Workshop%20&e[0][location]=The%20Urbana%20Free%20Library%20-%20The%20Lewis%20Auditorium",FAILED,""
"https://urbanafreelibrary.libnet.info/event/17112521","https://addtocalendar.com/atc/outlook?utz=0&uln=en-US@posix&vjs=1.5&e[0][date_start]=2026-10-03%2013%3A00%3A00&e[0][date_end]=2026-10-03%2015%3A00%3A00&e[0][timezone]=America%2FChicago&e[0][title]=Illinois%20Central%20Management%20Services%20Career%20Workshop%20&e[0][location]=The%20Urbana%20Free%20Library%20-%20The%20Lewis%20Auditorium",FAILED,""
"https://urbanafreelibrary.libnet.info/event/17112521","https://addtocalendar.com/atc/outlookonline?utz=0&uln=en-US@posix&vjs=1.5&e[0][date_start]=2026-10-03%2013%3A00%3A00&e[0][date_end]=2026-10-03%2015%3A00%3A00&e[0][timezone]=America%2FChicago&e[0][title]=Illinois%20Central%20Management%20Services%20Career%20Workshop%20&e[0][location]=The%20Urbana%20Free%20Library%20-%20The%20Lewis%20Auditorium",FAILED,""
"https://urbanafreelibrary.libnet.info/event/17112521","https://addtocalendar.com/atc/yahoo?utz=0&uln=en-US@posix&vjs=1.5&e[0][date_start]=2026-10-03%2013%3A00%3A00&e[0][date_end]=2026-10-03%2015%3A00%3A00&e[0][timezone]=America%2FChicago&e[0][title]=Illinois%20Central%20Management%20Services%20Career%20Workshop%20&e[0][location]=The%20Urbana%20Free%20Library%20-%20The%20Lewis%20Auditorium",FAILED,""
"https://urbanafreelibrary.libnet.info/event/17146460","https://addtocalendar.com/atc/ical?utz=0&uln=en-US@posix&vjs=1.5&e[0][date_start]=2026-10-04%2014%3A00%3A00&e[0][date_end]=2026-10-04%2015%3A30%3A00&e[0][timezone]=America%2FChicago&e[0][title]=Banned%20Books%20Week%20Celebration%20&e[0][location]=The%20Urbana%20Free%20Library%20-%20The%20Lewis%20Auditorium",FAILED,""
"https://urbanafreelibrary.libnet.info/event/17146460","https://addtocalendar.com/atc/google?utz=0&uln=en-US@posix&vjs=1.5&e[0][date_start]=2026-10-04%2014%3A00%3A00&e[0][date_end]=2026-10-04%2015%3A30%3A00&e[0][timezone]=America%2FChicago&e[0][title]=Banned%20Books%20Week%20Celebration%20&e[0][location]=The%20Urbana%20Free%20Library%20-%20The%20Lewis%20Auditorium",FAILED,""
"https://urbanafreelibrary.libnet.info/event/17146460","https://addtocalendar.com/atc/outlook?utz=0&uln=en-US@posix&vjs=1.5&e[0][date_start]=2026-10-04%2014%3A00%3A00&e[0][date_end]=2026-10-04%2015%3A30%3A00&e[0][timezone]=America%2FChicago&e[0][title]=Banned%20Books%20Week%20Celebration%20&e[0][location]=The%20Urbana%20Free%20Library%20-%20The%20Lewis%20Auditorium",FAILED,""
"https://urbanafreelibrary.libnet.info/event/17146460","https://addtocalendar.com/atc/outlookonline?utz=0&uln=en-US@posix&vjs=1.5&e[0][date_start]=2026-10-04%2014%3A00%3A00&e[0][date_end]=2026-10-04%2015%3A30%3A00&e[0][timezone]=America%2FChicago&e[0][title]=Banned%20Books%20Week%20Celebration%20&e[0][location]=The%20Urbana%20Free%20Library%20-%20The%20Lewis%20Auditorium",FAILED,""
"https://urbanafreelibrary.libnet.info/event/17146460","https://addtocalendar.com/atc/yahoo?utz=0&uln=en-US@posix&vjs=1.5&e[0][date_start]=2026-10-04%2014%3A00%3A00&e[0][date_end]=2026-10-04%2015%3A30%3A00&e[0][timezone]=America%2FChicago&e[0][title]=Banned%20Books%20Week%20Celebration%20&e[0][location]=The%20Urbana%20Free%20Library%20-%20The%20Lewis%20Auditorium",FAILED,""
"https://urbanafreelibrary.libnet.info/event/16603857","https://addtocalendar.com/atc/ical?utz=0&uln=en-US@posix&vjs=1.5&e[0][date_start]=2026-10-05%2010%3A00%3A00&e[0][date_end]=2026-10-05%2012%3A00%3A00&e[0][timezone]=America%2FChicago&e[0][title]=Project%20Read&e[0][location]=The%20Urbana%20Free%20Library%20-%20The%20Lewis%20Auditorium",FAILED,""
"https://urbanafreelibrary.libnet.info/event/16603857","https://addtocalendar.com/atc/google?utz=0&uln=en-US@posix&vjs=1.5&e[0][date_start]=2026-10-05%2010%3A00%3A00&e[0][date_end]=2026-10-05%2012%3A00%3A00&e[0][timezone]=America%2FChicago&e[0][title]=Project%20Read&e[0][location]=The%20Urbana%20Free%20Library%20-%20The%20Lewis%20Auditorium",FAILED,""
"https://urbanafreelibrary.libnet.info/event/16603857","https://addtocalendar.com/atc/outlook?utz=0&uln=en-US@posix&vjs=1.5&e[0][date_start]=2026-10-05%2010%3A00%3A00&e[0][date_end]=2026-10-05%2012%3A00%3A00&e[0][timezone]=America%2FChicago&e[0][title]=Project%20Read&e[0][location]=The%20Urbana%20Free%20Library%20-%20The%20Lewis%20Auditorium",FAILED,""
"https://urbanafreelibrary.libnet.info/event/16603857","https://addtocalendar.com/atc/outlookonline?utz=0&uln=en-US@posix&vjs=1.5&e[0][date_start]=2026-10-05%2010%3A00%3A00&e[0][date_end]=2026-10-05%2012%3A00%3A00&e[0][timezone]=America%2FChicago&e[0][title]=Project%20Read&e[0][location]=The%20Urbana%20Free%20Library%20-%20The%20Lewis%20Auditorium",FAILED,""
"https://urbanafreelibrary.libnet.info/event/16603857","https://addtocalendar.com/atc/yahoo?utz=0&uln=en-US@posix&vjs=1.5&e[0][date_start]=2026-10-05%2010%3A00%3A00&e[0][date_end]=2026-10-05%2012%3A00%3A00&e[0][timezone]=America%2FChicago&e[0][title]=Project%20Read&e[0][location]=The%20Urbana%20Free%20Library%20-%20The%20Lewis%20Auditorium",FAILED,""
"https://urbanafreelibrary.libnet.info/event/16826554","https://addtocalendar.com/atc/ical?utz=0&uln=en-US@posix&vjs=1.5&e[0][date_start]=2026-10-05%2015%3A45%3A00&e[0][date_end]=2026-10-05%2018%3A00%3A00&e[0][timezone]=America%2FChicago&e[0][title]=Teen%20Movie%20Monday&e[0][location]=The%20Urbana%20Free%20Library%20-%20The%20Lewis%20Auditorium",FAILED,""
"https://urbanafreelibrary.libnet.info/event/16826554","https://addtocalendar.com/atc/google?utz=0&uln=en-US@posix&vjs=1.5&e[0][date_start]=2026-10-05%2015%3A45%3A00&e[0][date_end]=2026-10-05%2018%3A00%3A00&e[0][timezone]=America%2FChicago&e[0][title]=Teen%20Movie%20Monday&e[0][location]=The%20Urbana%20Free%20Library%20-%20The%20Lewis%20Auditorium",FAILED,""
"https://urbanafreelibrary.libnet.info/event/16826554","https://addtocalendar.com/atc/outlook?utz=0&uln=en-US@posix&vjs=1.5&e[0][date_start]=2026-10-05%2015%3A45%3A00&e[0][date_end]=2026-10-05%2018%3A00%3A00&e[0][timezone]=America%2FChicago&e[0][title]=Teen%20Movie%20Monday&e[0][location]=The%20Urbana%20Free%20Library%20-%20The%20Lewis%20Auditorium",FAILED,""
"https://urbanafreelibrary.libnet.info/event/16826554","https://addtocalendar.com/atc/outlookonline?utz=0&uln=en-US@posix&vjs=1.5&e[0][date_start]=2026-10-05%2015%3A45%3A00&e[0][date_end]=2026-10-05%2018%3A00%3A00&e[0][timezone]=America%2FChicago&e[0][title]=Teen%20Movie%20Monday&e[0][location]=The%20Urbana%20Free%20Library%20-%20The%20Lewis%20Auditorium",FAILED,""
"https://urbanafreelibrary.libnet.info/event/16826554","https://addtocalendar.com/atc/yahoo?utz=0&uln=en-US@posix&vjs=1.5&e[0][date_start]=2026-10-05%2015%3A45%3A00&e[0][date_end]=2026-10-05%2018%3A00%3A00&e[0][timezone]=America%2FChicago&e[0][title]=Teen%20Movie%20Monday&e[0][location]=The%20Urbana%20Free%20Library%20-%20The%20Lewis%20Auditorium",FAILED,""
"https://urbanafreelibrary.libnet.info/event/17218050","https://addtocalendar.com/atc/ical?utz=0&uln=en-US@posix&vjs=1.5&e[0][date_start]=2026-10-05%2018%3A00%3A00&e[0][date_end]=2026-10-05%2019%3A00%3A00&e[0][timezone]=America%2FChicago&e[0][title]=Quiet%20Book%20Club%3A%20Banned%20Books%20Week&e[0][location]=The%20Urbana%20Free%20Library%20-%20MacFarlane-Hood%20Reading%20Room",FAILED,""
"https://urbanafreelibrary.libnet.info/event/17218050","https://addtocalendar.com/atc/google?utz=0&uln=en-US@posix&vjs=1.5&e[0][date_start]=2026-10-05%2018%3A00%3A00&e[0][date_end]=2026-10-05%2019%3A00%3A00&e[0][timezone]=America%2FChicago&e[0][title]=Quiet%20Book%20Club%3A%20Banned%20Books%20Week&e[0][location]=The%20Urbana%20Free%20Library%20-%20MacFarlane-Hood%20Reading%20Room",FAILED,""
"https://urbanafreelibrary.libnet.info/event/17218050","https://addtocalendar.com/atc/outlook?utz=0&uln=en-US@posix&vjs=1.5&e[0][date_start]=2026-10-05%2018%3A00%3A00&e[0][date_end]=2026-10-05%2019%3A00%3A00&e[0][timezone]=America%2FChicago&e[0][title]=Quiet%20Book%20Club%3A%20Banned%20Books%20Week&e[0][location]=The%20Urbana%20Free%20Library%20-%20MacFarlane-Hood%20Reading%20Room",FAILED,""
"https://urbanafreelibrary.libnet.info/event/17218050","https://addtocalendar.com/atc/outlookonline?utz=0&uln=en-US@posix&vjs=1.5&e[0][date_start]=2026-10-05%2018%3A00%3A00&e[0][date_end]=2026-10-05%2019%3A00%3A00&e[0][timezone]=America%2FChicago&e[0][title]=Quiet%20Book%20Club%3A%20Banned%20Books%20Week&e[0][location]=The%20Urbana%20Free%20Library%20-%20MacFarlane-Hood%20Reading%20Room",FAILED,""
"https://urbanafreelibrary.libnet.info/event/17218050","https://addtocalendar.com/atc/yahoo?utz=0&uln=en-US@posix&vjs=1.5&e[0][date_start]=2026-10-05%2018%3A00%3A00&e[0][date_end]=2026-10-05%2019%3A00%3A00&e[0][timezone]=America%2FChicago&e[0][title]=Quiet%20Book%20Club%3A%20Banned%20Books%20Week&e[0][location]=The%20Urbana%20Free%20Library%20-%20MacFarlane-Hood%20Reading%20Room",FAILED,""
"https://urbanafreelibrary.libnet.info/event/13876065","https://addtocalendar.com/atc/ical?utz=0&uln=en-US@posix&vjs=1.5&e[0][date_start]=2026-10-06%2010%3A15%3A00&e[0][date_end]=2026-10-06%2010%3A40%3A00&e[0][timezone]=America%2FChicago&e[0][title]=Books%20and%20Bounces!&e[0][location]=The%20Urbana%20Free%20Library%20-%20The%20Lewis%20Auditorium",FAILED,""
"https://urbanafreelibrary.libnet.info/event/13876065","https://addtocalendar.com/atc/google?utz=0&uln=en-US@posix&vjs=1.5&e[0][date_start]=2026-10-06%2010%3A15%3A00&e[0][date_end]=2026-10-06%2010%3A40%3A00&e[0][timezone]=America%2FChicago&e[0][title]=Books%20and%20Bounces!&e[0][location]=The%20Urbana%20Free%20Library%20-%20The%20Lewis%20Auditorium",FAILED,""
"https://urbanafreelibrary.libnet.info/event/13876065","https://addtocalendar.com/atc/outlook?utz=0&uln=en-US@posix&vjs=1.5&e[0][date_start]=2026-10-06%2010%3A15%3A00&e[0][date_end]=2026-10-06%2010%3A40%3A00&e[0][timezone]=America%2FChicago&e[0][title]=Books%20and%20Bounces!&e[0][location]=The%20Urbana%20Free%20Library%20-%20The%20Lewis%20Auditorium",FAILED,""
"https://urbanafreelibrary.libnet.info/event/13876065","https://addtocalendar.com/atc/outlookonline?utz=0&uln=en-US@posix&vjs=1.5&e[0][date_start]=2026-10-06%2010%3A15%3A00&e[0][date_end]=2026-10-06%2010%3A40%3A00&e[0][timezone]=America%2FChicago&e[0][title]=Books%20and%20Bounces!&e[0][location]=The%20Urbana%20Free%20Library%20-%20The%20Lewis%20Auditorium",FAILED,""
"https://urbanafreelibrary.libnet.info/event/13876065","https://addtocalendar.com/atc/yahoo?utz=0&uln=en-US@posix&vjs=1.5&e[0][date_start]=2026-10-06%2010%3A15%3A00&e[0][date_end]=2026-10-06%2010%3A40%3A00&e[0][timezone]=America%2FChicago&e[0][title]=Books%20and%20Bounces!&e[0][location]=The%20Urbana%20Free%20Library%20-%20The%20Lewis%20Auditorium",FAILED,""
"https://urbanafreelibrary.libnet.info/event/17265132","https://addtocalendar.com/atc/ical?utz=0&uln=en-US@posix&vjs=1.5&e[0][date_start]=2026-10-06%2015%3A00%3A00&e[0][date_end]=2026-10-06%2017%3A30%3A00&e[0][timezone]=America%2FChicago&e[0][title]=Teen%20Open%20Lab&e[0][location]=The%20Urbana%20Free%20Library%20-%20The%20Lewis%20Auditorium",FAILED,""
"https://urbanafreelibrary.libnet.info/event/17265132","https://addtocalendar.com/atc/google?utz=0&uln=en-US@posix&vjs=1.5&e[0][date_start]=2026-10-06%2015%3A00%3A00&e[0][date_end]=2026-10-06%2017%3A30%3A00&e[0][timezone]=America%2FChicago&e[0][title]=Teen%20Open%20Lab&e[0][location]=The%20Urbana%20Free%20Library%20-%20The%20Lewis%20Auditorium",FAILED,""
"https://urbanafreelibrary.libnet.info/event/17265132","https://addtocalendar.com/atc/outlook?utz=0&uln=en-US@posix&vjs=1.5&e[0][date_start]=2026-10-06%2015%3A00%3A00&e[0][date_end]=2026-10-06%2017%3A30%3A00&e[0][timezone]=America%2FChicago&e[0][title]=Teen%20Open%20Lab&e[0][location]=The%20Urbana%20Free%20Library%20-%20The%20Lewis%20Auditorium",FAILED,""
"https://urbanafreelibrary.libnet.info/event/17265132","https://addtocalendar.com/atc/outlookonline?utz=0&uln=en-US@posix&vjs=1.5&e[0][date_start]=2026-10-06%2015%3A00%3A00&e[0][date_end]=2026-10-06%2017%3A30%3A00&e[0][timezone]=America%2FChicago&e[0][title]=Teen%20Open%20Lab&e[0][location]=The%20Urbana%20Free%20Library%20-%20The%20Lewis%20Auditorium",FAILED,""
"https://urbanafreelibrary.libnet.info/event/17265132","https://addtocalendar.com/atc/yahoo?utz=0&uln=en-US@posix&vjs=1.5&e[0][date_start]=2026-10-06%2015%3A00%3A00&e[0][date_end]=2026-10-06%2017%3A30%3A00&e[0][timezone]=America%2FChicago&e[0][title]=Teen%20Open%20Lab&e[0][location]=The%20Urbana%20Free%20Library%20-%20The%20Lewis%20Auditorium",FAILED,""
"https://urbanafreelibrary.libnet.info/event/16842486","https://addtocalendar.com/atc/ical?utz=0&uln=en-US@posix&vjs=1.5&e[0][date_start]=2026-10-06%2018%3A00%3A00&e[0][date_end]=2026-10-06%2019%3A00%3A00&e[0][timezone]=America%2FChicago&e[0][title]=Craft%20Happy%20Hour%3A%20Felt%20Masks&e[0][location]=The%20Urbana%20Free%20Library%20-%20The%20Lewis%20Auditorium",FAILED,""
"https://urbanafreelibrary.libnet.info/event/16842486","https://addtocalendar.com/atc/google?utz=0&uln=en-US@posix&vjs=1.5&e[0][date_start]=2026-10-06%2018%3A00%3A00&e[0][date_end]=2026-10-06%2019%3A00%3A00&e[0][timezone]=America%2FChicago&e[0][title]=Craft%20Happy%20Hour%3A%20Felt%20Masks&e[0][location]=The%20Urbana%20Free%20Library%20-%20The%20Lewis%20Auditorium",FAILED,""
"https://urbanafreelibrary.libnet.info/event/16842486","https://addtocalendar.com/atc/outlook?utz=0&uln=en-US@posix&vjs=1.5&e[0][date_start]=2026-10-06%2018%3A00%3A00&e[0][date_end]=2026-10-06%2019%3A00%3A00&e[0][timezone]=America%2FChicago&e[0][title]=Craft%20Happy%20Hour%3A%20Felt%20Masks&e[0][location]=The%20Urbana%20Free%20Library%20-%20The%20Lewis%20Auditorium",FAILED,""
"https://urbanafreelibrary.libnet.info/event/16842486","https://addtocalendar.com/atc/outlookonline?utz=0&uln=en-US@posix&vjs=1.5&e[0][date_start]=2026-10-06%2018%3A00%3A00&e[0][date_end]=2026-10-06%2019%3A00%3A00&e[0][timezone]=America%2FChicago&e[0][title]=Craft%20Happy%20Hour%3A%20Felt%20Masks&e[0][location]=The%20Urbana%20Free%20Library%20-%20The%20Lewis%20Auditorium",FAILED,""
"https://urbanafreelibrary.libnet.info/event/16842486","https://addtocalendar.com/atc/yahoo?utz=0&uln=en-US@posix&vjs=1.5&e[0][date_start]=2026-10-06%2018%3A00%3A00&e[0][date_end]=2026-10-06%2019%3A00%3A00&e[0][timezone]=America%2FChicago&e[0][title]=Craft%20Happy%20Hour%3A%20Felt%20Masks&e[0][location]=The%20Urbana%20Free%20Library%20-%20The%20Lewis%20Auditorium",FAILED,""
"https://urbanafreelibrary.libnet.info/event/16842486","https://urbanaillinois.us/arts",FAILED,"Urbana Arts and Culture"
"https://urbanafreelibrary.libnet.info/event/17264232","https://addtocalendar.com/atc/ical?utz=0&uln=en-US@posix&vjs=1.5&e[0][date_start]=2026-10-07%2015%3A00%3A00&e[0][date_end]=2026-10-07%2017%3A30%3A00&e[0][timezone]=America%2FChicago&e[0][title]=Teen%20Open%20Lab&e[0][location]=The%20Urbana%20Free%20Library%20-%20The%20Lewis%20Auditorium",FAILED,""
"https://urbanafreelibrary.libnet.info/event/17264232","https://addtocalendar.com/atc/google?utz=0&uln=en-US@posix&vjs=1.5&e[0][date_start]=2026-10-07%2015%3A00%3A00&e[0][date_end]=2026-10-07%2017%3A30%3A00&e[0][timezone]=America%2FChicago&e[0][title]=Teen%20Open%20Lab&e[0][location]=The%20Urbana%20Free%20Library%20-%20The%20Lewis%20Auditorium",FAILED,""
"https://urbanafreelibrary.libnet.info/event/17264232","https://addtocalendar.com/atc/outlook?utz=0&uln=en-US@posix&vjs=1.5&e[0][date_start]=2026-10-07%2015%3A00%3A00&e[0][date_end]=2026-10-07%2017%3A30%3A00&e[0][timezone]=America%2FChicago&e[0][title]=Teen%20Open%20Lab&e[0][location]=The%20Urbana%20Free%20Library%20-%20The%20Lewis%20Auditorium",FAILED,""
"https://urbanafreelibrary.libnet.info/event/17264232","https://addtocalendar.com/atc/outlookonline?utz=0&uln=en-US@posix&vjs=1.5&e[0][date_start]=2026-10-07%2015%3A00%3A00&e[0][date_end]=2026-10-07%2017%3A30%3A00&e[0][timezone]=America%2FChicago&e[0][title]=Teen%20Open%20Lab&e[0][location]=The%20Urbana%20Free%20Library%20-%20The%20Lewis%20Auditorium",FAILED,""
"https://urbanafreelibrary.libnet.info/event/17264232","https://addtocalendar.com/atc/yahoo?utz=0&uln=en-US@posix&vjs=1.5&e[0][date_start]=2026-10-07%2015%3A00%3A00&e[0][date_end]=2026-10-07%2017%3A30%3A00&e[0][timezone]=America%2FChicago&e[0][title]=Teen%20Open%20Lab&e[0][location]=The%20Urbana%20Free%20Library%20-%20The%20Lewis%20Auditorium",FAILED,""
"https://urbanafreelibrary.libnet.info/event/13876089","https://addtocalendar.com/atc/ical?utz=0&uln=en-US@posix&vjs=1.5&e[0][date_start]=2026-10-08%2010%3A15%3A00&e[0][date_end]=2026-10-08%2010%3A45%3A00&e[0][timezone]=America%2FChicago&e[0][title]=Crafty%20Tales&e[0][location]=The%20Urbana%20Free%20Library%20-%20The%20Lewis%20Auditorium",FAILED,""
"https://urbanafreelibrary.libnet.info/event/13876089","https://addtocalendar.com/atc/google?utz=0&uln=en-US@posix&vjs=1.5&e[0][date_start]=2026-10-08%2010%3A15%3A00&e[0][date_end]=2026-10-08%2010%3A45%3A00&e[0][timezone]=America%2FChicago&e[0][title]=Crafty%20Tales&e[0][location]=The%20Urbana%20Free%20Library%20-%20The%20Lewis%20Auditorium",FAILED,""
"https://urbanafreelibrary.libnet.info/event/13876089","https://addtocalendar.com/atc/outlook?utz=0&uln=en-US@posix&vjs=1.5&e[0][date_start]=2026-10-08%2010%3A15%3A00&e[0][date_end]=2026-10-08%2010%3A45%3A00&e[0][timezone]=America%2FChicago&e[0][title]=Crafty%20Tales&e[0][location]=The%20Urbana%20Free%20Library%20-%20The%20Lewis%20Auditorium",FAILED,""
"https://urbanafreelibrary.libnet.info/event/13876089","https://addtocalendar.com/atc/outlookonline?utz=0&uln=en-US@posix&vjs=1.5&e[0][date_start]=2026-10-08%2010%3A15%3A00&e[0][date_end]=2026-10-08%2010%3A45%3A00&e[0][timezone]=America%2FChicago&e[0][title]=Crafty%20Tales&e[0][location]=The%20Urbana%20Free%20Library%20-%20The%20Lewis%20Auditorium",FAILED,""
"https://urbanafreelibrary.libnet.info/event/13876089","https://addtocalendar.com/atc/yahoo?utz=0&uln=en-US@posix&vjs=1.5&e[0][date_start]=2026-10-08%2010%3A15%3A00&e[0][date_end]=2026-10-08%2010%3A45%3A00&e[0][timezone]=America%2FChicago&e[0][title]=Crafty%20Tales&e[0][location]=The%20Urbana%20Free%20Library%20-%20The%20Lewis%20Auditorium",FAILED,""
"https://urbanafreelibrary.libnet.info/event/17264606","https://addtocalendar.com/atc/ical?utz=0&uln=en-US@posix&vjs=1.5&e[0][date_start]=2026-10-08%2015%3A00%3A00&e[0][date_end]=2026-10-08%2017%3A30%3A00&e[0][timezone]=America%2FChicago&e[0][title]=Teen%20Open%20Lab&e[0][location]=The%20Urbana%20Free%20Library%20-%20The%20Lewis%20Auditorium",FAILED,""
"https://urbanafreelibrary.libnet.info/event/17264606","https://addtocalendar.com/atc/google?utz=0&uln=en-US@posix&vjs=1.5&e[0][date_start]=2026-10-08%2015%3A00%3A00&e[0][date_end]=2026-10-08%2017%3A30%3A00&e[0][timezone]=America%2FChicago&e[0][title]=Teen%20Open%20Lab&e[0][location]=The%20Urbana%20Free%20Library%20-%20The%20Lewis%20Auditorium",FAILED,""
"https://urbanafreelibrary.libnet.info/event/17264606","https://addtocalendar.com/atc/outlook?utz=0&uln=en-US@posix&vjs=1.5&e[0][date_start]=2026-10-08%2015%3A00%3A00&e[0][date_end]=2026-10-08%2017%3A30%3A00&e[0][timezone]=America%2FChicago&e[0][title]=Teen%20Open%20Lab&e[0][location]=The%20Urbana%20Free%20Library%20-%20The%20Lewis%20Auditorium",FAILED,""
"https://urbanafreelibrary.libnet.info/event/17264606","https://addtocalendar.com/atc/outlookonline?utz=0&uln=en-US@posix&vjs=1.5&e[0][date_start]=2026-10-08%2015%3A00%3A00&e[0][date_end]=2026-10-08%2017%3A30%3A00&e[0][timezone]=America%2FChicago&e[0][title]=Teen%20Open%20Lab&e[0][location]=The%20Urbana%20Free%20Library%20-%20The%20Lewis%20Auditorium",FAILED,""
"https://urbanafreelibrary.libnet.info/event/17264606","https://addtocalendar.com/atc/yahoo?utz=0&uln=en-US@posix&vjs=1.5&e[0][date_start]=2026-10-08%2015%3A00%3A00&e[0][date_end]=2026-10-08%2017%3A30%3A00&e[0][timezone]=America%2FChicago&e[0][title]=Teen%20Open%20Lab&e[0][location]=The%20Urbana%20Free%20Library%20-%20The%20Lewis%20Auditorium",FAILED,""
"https://urbanafreelibrary.libnet.info/event/16857852","https://addtocalendar.com/atc/ical?utz=0&uln=en-US@posix&vjs=1.5&e[0][date_start]=2026-10-10%2011%3A00%3A00&e[0][date_end]=2026-10-10%2012%3A00%3A00&e[0][timezone]=America%2FChicago&e[0][title]=Conversation%20Caf%C3%A9&e[0][location]=The%20Urbana%20Free%20Library%20-%20MacFarlane-Hood%20Reading%20Room",FAILED,""
"https://urbanafreelibrary.libnet.info/event/16857852","https://addtocalendar.com/atc/google?utz=0&uln=en-US@posix&vjs=1.5&e[0][date_start]=2026-10-10%2011%3A00%3A00&e[0][date_end]=2026-10-10%2012%3A00%3A00&e[0][timezone]=America%2FChicago&e[0][title]=Conversation%20Caf%C3%A9&e[0][location]=The%20Urbana%20Free%20Library%20-%20MacFarlane-Hood%20Reading%20Room",FAILED,""
"https://urbanafreelibrary.libnet.info/event/16857852","https://addtocalendar.com/atc/outlook?utz=0&uln=en-US@posix&vjs=1.5&e[0][date_start]=2026-10-10%2011%3A00%3A00&e[0][date_end]=2026-10-10%2012%3A00%3A00&e[0][timezone]=America%2FChicago&e[0][title]=Conversation%20Caf%C3%A9&e[0][location]=The%20Urbana%20Free%20Library%20-%20MacFarlane-Hood%20Reading%20Room",FAILED,""
"https://urbanafreelibrary.libnet.info/event/16857852","https://addtocalendar.com/atc/outlookonline?utz=0&uln=en-US@posix&vjs=1.5&e[0][date_start]=2026-10-10%2011%3A00%3A00&e[0][date_end]=2026-10-10%2012%3A00%3A00&e[0][timezone]=America%2FChicago&e[0][title]=Conversation%20Caf%C3%A9&e[0][location]=The%20Urbana%20Free%20Library%20-%20MacFarlane-Hood%20Reading%20Room",FAILED,""
"https://urbanafreelibrary.libnet.info/event/16857852","https://addtocalendar.com/atc/yahoo?utz=0&uln=en-US@posix&vjs=1.5&e[0][date_start]=2026-10-10%2011%3A00%3A00&e[0][date_end]=2026-10-10%2012%3A00%3A00&e[0][timezone]=America%2FChicago&e[0][title]=Conversation%20Caf%C3%A9&e[0][location]=The%20Urbana%20Free%20Library%20-%20MacFarlane-Hood%20Reading%20Room",FAILED,""
"https://urbanafreelibrary.libnet.info/event/17424183","https://addtocalendar.com/atc/ical?utz=0&uln=en-US@posix&vjs=1.5&e[0][date_start]=2026-10-10%2012%3A00%3A00&e[0][date_end]=2026-10-10%2014%3A30%3A00&e[0][timezone]=America%2FChicago&e[0][title]=CU%20Folk%20%26amp%3B%20Roots%20Festival&e[0][location]=The%20Urbana%20Free%20Library%20-%20Busey-Mills%20Reading%20Room%2C%20Library%20Gallery",FAILED,""
"https://urbanafreelibrary.libnet.info/event/17424183","https://addtocalendar.com/atc/google?utz=0&uln=en-US@posix&vjs=1.5&e[0][date_start]=2026-10-10%2012%3A00%3A00&e[0][date_end]=2026-10-10%2014%3A30%3A00&e[0][timezone]=America%2FChicago&e[0][title]=CU%20Folk%20%26amp%3B%20Roots%20Festival&e[0][location]=The%20Urbana%20Free%20Library%20-%20Busey-Mills%20Reading%20Room%2C%20Library%20Gallery",FAILED,""
"https://urbanafreelibrary.libnet.info/event/17424183","https://addtocalendar.com/atc/outlook?utz=0&uln=en-US@posix&vjs=1.5&e[0][date_start]=2026-10-10%2012%3A00%3A00&e[0][date_end]=2026-10-10%2014%3A30%3A00&e[0][timezone]=America%2FChicago&e[0][title]=CU%20Folk%20%26amp%3B%20Roots%20Festival&e[0][location]=The%20Urbana%20Free%20Library%20-%20Busey-Mills%20Reading%20Room%2C%20Library%20Gallery",FAILED,""
"https://urbanafreelibrary.libnet.info/event/17424183","https://addtocalendar.com/atc/outlookonline?utz=0&uln=en-US@posix&vjs=1.5&e[0][date_start]=2026-10-10%2012%3A00%3A00&e[0][date_end]=2026-10-10%2014%3A30%3A00&e[0][timezone]=America%2FChicago&e[0][title]=CU%20Folk%20%26amp%3B%20Roots%20Festival&e[0][location]=The%20Urbana%20Free%20Library%20-%20Busey-Mills%20Reading%20Room%2C%20Library%20Gallery",FAILED,""
"https://urbanafreelibrary.libnet.info/event/17424183","https://addtocalendar.com/atc/yahoo?utz=0&uln=en-US@posix&vjs=1.5&e[0][date_start]=2026-10-10%2012%3A00%3A00&e[0][date_end]=2026-10-10%2014%3A30%3A00&e[0][timezone]=America%2FChicago&e[0][title]=CU%20Folk%20%26amp%3B%20Roots%20Festival&e[0][location]=The%20Urbana%20Free%20Library%20-%20Busey-Mills%20Reading%20Room%2C%20Library%20Gallery",FAILED,""
"https://urbanafreelibrary.libnet.info/event/15954213","https://addtocalendar.com/atc/ical?utz=0&uln=en-US@posix&vjs=1.5&e[0][date_start]=2026-10-10%2014%3A00%3A00&e[0][date_end]=2026-10-10%2015%3A00%3A00&e[0][timezone]=America%2FChicago&e[0][title]=Latin%20American%20Story%20Time&e[0][location]=The%20Urbana%20Free%20Library%20-%20The%20Lewis%20Auditorium",FAILED,""
"https://urbanafreelibrary.libnet.info/event/15954213","https://addtocalendar.com/atc/google?utz=0&uln=en-US@posix&vjs=1.5&e[0][date_start]=2026-10-10%2014%3A00%3A00&e[0][date_end]=2026-10-10%2015%3A00%3A00&e[0][timezone]=America%2FChicago&e[0][title]=Latin%20American%20Story%20Time&e[0][location]=The%20Urbana%20Free%20Library%20-%20The%20Lewis%20Auditorium",FAILED,""
"https://urbanafreelibrary.libnet.info/event/15954213","https://addtocalendar.com/atc/outlook?utz=0&uln=en-US@posix&vjs=1.5&e[0][date_start]=2026-10-10%2014%3A00%3A00&e[0][date_end]=2026-10-10%2015%3A00%3A00&e[0][timezone]=America%2FChicago&e[0][title]=Latin%20American%20Story%20Time&e[0][location]=The%20Urbana%20Free%20Library%20-%20The%20Lewis%20Auditorium",FAILED,""
"https://urbanafreelibrary.libnet.info/event/15954213","https://addtocalendar.com/atc/outlookonline?utz=0&uln=en-US@posix&vjs=1.5&e[0][date_start]=2026-10-10%2014%3A00%3A00&e[0][date_end]=2026-10-10%2015%3A00%3A00&e[0][timezone]=America%2FChicago&e[0][title]=Latin%20American%20Story%20Time&e[0][location]=The%20Urbana%20Free%20Library%20-%20The%20Lewis%20Auditorium",FAILED,""
"https://urbanafreelibrary.libnet.info/event/15954213","https://addtocalendar.com/atc/yahoo?utz=0&uln=en-US@posix&vjs=1.5&e[0][date_start]=2026-10-10%2014%3A00%3A00&e[0][date_end]=2026-10-10%2015%3A00%3A00&e[0][timezone]=America%2FChicago&e[0][title]=Latin%20American%20Story%20Time&e[0][location]=The%20Urbana%20Free%20Library%20-%20The%20Lewis%20Auditorium",FAILED,""
"https://urbanafreelibrary.libnet.info/event/16068962","https://addtocalendar.com/atc/ical?utz=0&uln=en-US@posix&vjs=1.5&e[0][date_start]=2026-10-10%2015%3A00%3A00&e[0][date_end]=2026-10-10%2019%3A00%3A00&e[0][timezone]=America%2FChicago&e[0][title]=Fall%20Fusion%20Festival&e[0][location]=Downtown%20Urbana%20-%20",FAILED,""
"https://urbanafreelibrary.libnet.info/event/16068962","https://addtocalendar.com/atc/google?utz=0&uln=en-US@posix&vjs=1.5&e[0][date_start]=2026-10-10%2015%3A00%3A00&e[0][date_end]=2026-10-10%2019%3A00%3A00&e[0][timezone]=America%2FChicago&e[0][title]=Fall%20Fusion%20Festival&e[0][location]=Downtown%20Urbana%20-%20",FAILED,""
"https://urbanafreelibrary.libnet.info/event/16068962","https://addtocalendar.com/atc/outlook?utz=0&uln=en-US@posix&vjs=1.5&e[0][date_start]=2026-10-10%2015%3A00%3A00&e[0][date_end]=2026-10-10%2019%3A00%3A00&e[0][timezone]=America%2FChicago&e[0][title]=Fall%20Fusion%20Festival&e[0][location]=Downtown%20Urbana%20-%20",FAILED,""
"https://urbanafreelibrary.libnet.info/event/16068962","https://addtocalendar.com/atc/outlookonline?utz=0&uln=en-US@posix&vjs=1.5&e[0][date_start]=2026-10-10%2015%3A00%3A00&e[0][date_end]=2026-10-10%2019%3A00%3A00&e[0][timezone]=America%2FChicago&e[0][title]=Fall%20Fusion%20Festival&e[0][location]=Downtown%20Urbana%20-%20",FAILED,""
"https://urbanafreelibrary.libnet.info/event/16068962","https://addtocalendar.com/atc/yahoo?utz=0&uln=en-US@posix&vjs=1.5&e[0][date_start]=2026-10-10%2015%3A00%3A00&e[0][date_end]=2026-10-10%2019%3A00%3A00&e[0][timezone]=America%2FChicago&e[0][title]=Fall%20Fusion%20Festival&e[0][location]=Downtown%20Urbana%20-%20",FAILED,""
"https://urbanafreelibrary.libnet.info/event/16603858","https://addtocalendar.com/atc/ical?utz=0&uln=en-US@posix&vjs=1.5&e[0][date_start]=2026-10-12%2010%3A00%3A00&e[0][date_end]=2026-10-12%2012%3A00%3A00&e[0][timezone]=America%2FChicago&e[0][title]=Project%20Read&e[0][location]=The%20Urbana%20Free%20Library%20-%20The%20Lewis%20Auditorium",FAILED,""
"https://urbanafreelibrary.libnet.info/event/16603858","https://addtocalendar.com/atc/google?utz=0&uln=en-US@posix&vjs=1.5&e[0][date_start]=2026-10-12%2010%3A00%3A00&e[0][date_end]=2026-10-12%2012%3A00%3A00&e[0][timezone]=America%2FChicago&e[0][title]=Project%20Read&e[0][location]=The%20Urbana%20Free%20Library%20-%20The%20Lewis%20Auditorium",FAILED,""
"https://urbanafreelibrary.libnet.info/event/16603858","https://addtocalendar.com/atc/outlook?utz=0&uln=en-US@posix&vjs=1.5&e[0][date_start]=2026-10-12%2010%3A00%3A00&e[0][date_end]=2026-10-12%2012%3A00%3A00&e[0][timezone]=America%2FChicago&e[0][title]=Project%20Read&e[0][location]=The%20Urbana%20Free%20Library%20-%20The%20Lewis%20Auditorium",FAILED,""
"https://urbanafreelibrary.libnet.info/event/16603858","https://addtocalendar.com/atc/outlookonline?utz=0&uln=en-US@posix&vjs=1.5&e[0][date_start]=2026-10-12%2010%3A00%3A00&e[0][date_end]=2026-10-12%2012%3A00%3A00&e[0][timezone]=America%2FChicago&e[0][title]=Project%20Read&e[0][location]=The%20Urbana%20Free%20Library%20-%20The%20Lewis%20Auditorium",FAILED,""
"https://urbanafreelibrary.libnet.info/event/16603858","https://addtocalendar.com/atc/yahoo?utz=0&uln=en-US@posix&vjs=1.5&e[0][date_start]=2026-10-12%2010%3A00%3A00&e[0][date_end]=2026-10-12%2012%3A00%3A00&e[0][timezone]=America%2FChicago&e[0][title]=Project%20Read&e[0][location]=The%20Urbana%20Free%20Library%20-%20The%20Lewis%20Auditorium",FAILED,""
"https://urbanafreelibrary.libnet.info/event/15345004","https://addtocalendar.com/atc/ical?utz=0&uln=en-US@posix&vjs=1.5&e[0][date_start]=2026-10-12%2013%3A00%3A00&e[0][date_end]=2026-10-12%2016%3A30%3A00&e[0][timezone]=America%2FChicago&e[0][title]=Senior%20Movies%20and%20Sharing%20&e[0][location]=The%20Urbana%20Free%20Library%20-%20The%20Lewis%20Auditorium",FAILED,""
"https://urbanafreelibrary.libnet.info/event/15345004","https://addtocalendar.com/atc/google?utz=0&uln=en-US@posix&vjs=1.5&e[0][date_start]=2026-10-12%2013%3A00%3A00&e[0][date_end]=2026-10-12%2016%3A30%3A00&e[0][timezone]=America%2FChicago&e[0][title]=Senior%20Movies%20and%20Sharing%20&e[0][location]=The%20Urbana%20Free%20Library%20-%20The%20Lewis%20Auditorium",FAILED,""
"https://urbanafreelibrary.libnet.info/event/15345004","https://addtocalendar.com/atc/outlook?utz=0&uln=en-US@posix&vjs=1.5&e[0][date_start]=2026-10-12%2013%3A00%3A00&e[0][date_end]=2026-10-12%2016%3A30%3A00&e[0][timezone]=America%2FChicago&e[0][title]=Senior%20Movies%20and%20Sharing%20&e[0][location]=The%20Urbana%20Free%20Library%20-%20The%20Lewis%20Auditorium",FAILED,""
"https://urbanafreelibrary.libnet.info/event/15345004","https://addtocalendar.com/atc/outlookonline?utz=0&uln=en-US@posix&vjs=1.5&e[0][date_start]=2026-10-12%2013%3A00%3A00&e[0][date_end]=2026-10-12%2016%3A30%3A00&e[0][timezone]=America%2FChicago&e[0][title]=Senior%20Movies%20and%20Sharing%20&e[0][location]=The%20Urbana%20Free%20Library%20-%20The%20Lewis%20Auditorium",FAILED,""
"https://urbanafreelibrary.libnet.info/event/15345004","https://addtocalendar.com/atc/yahoo?utz=0&uln=en-US@posix&vjs=1.5&e[0][date_start]=2026-10-12%2013%3A00%3A00&e[0][date_end]=2026-10-12%2016%3A30%3A00&e[0][timezone]=America%2FChicago&e[0][title]=Senior%20Movies%20and%20Sharing%20&e[0][location]=The%20Urbana%20Free%20Library%20-%20The%20Lewis%20Auditorium",FAILED,""
"https://urbanafreelibrary.libnet.info/event/13876066","https://addtocalendar.com/atc/ical?utz=0&uln=en-US@posix&vjs=1.5&e[0][date_start]=2026-10-13%2010%3A15%3A00&e[0][date_end]=2026-10-13%2010%3A40%3A00&e[0][timezone]=America%2FChicago&e[0][title]=Books%20and%20Bounces!&e[0][location]=The%20Urbana%20Free%20Library%20-%20The%20Lewis%20Auditorium",FAILED,""
"https://urbanafreelibrary.libnet.info/event/13876066","https://addtocalendar.com/atc/google?utz=0&uln=en-US@posix&vjs=1.5&e[0][date_start]=2026-10-13%2010%3A15%3A00&e[0][date_end]=2026-10-13%2010%3A40%3A00&e[0][timezone]=America%2FChicago&e[0][title]=Books%20and%20Bounces!&e[0][location]=The%20Urbana%20Free%20Library%20-%20The%20Lewis%20Auditorium",FAILED,""
"https://urbanafreelibrary.libnet.info/event/13876066","https://addtocalendar.com/atc/outlook?utz=0&uln=en-US@posix&vjs=1.5&e[0][date_start]=2026-10-13%2010%3A15%3A00&e[0][date_end]=2026-10-13%2010%3A40%3A00&e[0][timezone]=America%2FChicago&e[0][title]=Books%20and%20Bounces!&e[0][location]=The%20Urbana%20Free%20Library%20-%20The%20Lewis%20Auditorium",FAILED,""
"https://urbanafreelibrary.libnet.info/event/13876066","https://addtocalendar.com/atc/outlookonline?utz=0&uln=en-US@posix&vjs=1.5&e[0][date_start]=2026-10-13%2010%3A15%3A00&e[0][date_end]=2026-10-13%2010%3A40%3A00&e[0][timezone]=America%2FChicago&e[0][title]=Books%20and%20Bounces!&e[0][location]=The%20Urbana%20Free%20Library%20-%20The%20Lewis%20Auditorium",FAILED,""
"https://urbanafreelibrary.libnet.info/event/13876066","https://addtocalendar.com/atc/yahoo?utz=0&uln=en-US@posix&vjs=1.5&e[0][date_start]=2026-10-13%2010%3A15%3A00&e[0][date_end]=2026-10-13%2010%3A40%3A00&e[0][timezone]=America%2FChicago&e[0][title]=Books%20and%20Bounces!&e[0][location]=The%20Urbana%20Free%20Library%20-%20The%20Lewis%20Auditorium",FAILED,""
"https://urbanafreelibrary.libnet.info/event/16318092","https://addtocalendar.com/atc/ical?utz=0&uln=en-US@posix&vjs=1.5&e[0][date_start]=2026-10-13%2011%3A00%3A00&e[0][date_end]=2026-10-13%2013%3A00%3A00&e[0][timezone]=America%2FChicago&e[0][title]=Champaign%20County%20Health%20Care%20Consumers%20&e[0][location]=The%20Urbana%20Free%20Library%20-%20",FAILED,""
"https://urbanafreelibrary.libnet.info/event/16318092","https://addtocalendar.com/atc/google?utz=0&uln=en-US@posix&vjs=1.5&e[0][date_start]=2026-10-13%2011%3A00%3A00&e[0][date_end]=2026-10-13%2013%3A00%3A00&e[0][timezone]=America%2FChicago&e[0][title]=Champaign%20County%20Health%20Care%20Consumers%20&e[0][location]=The%20Urbana%20Free%20Library%20-%20",FAILED,""
"https://urbanafreelibrary.libnet.info/event/16318092","https://addtocalendar.com/atc/outlook?utz=0&uln=en-US@posix&vjs=1.5&e[0][date_start]=2026-10-13%2011%3A00%3A00&e[0][date_end]=2026-10-13%2013%3A00%3A00&e[0][timezone]=America%2FChicago&e[0][title]=Champaign%20County%20Health%20Care%20Consumers%20&e[0][location]=The%20Urbana%20Free%20Library%20-%20",FAILED,""
"https://urbanafreelibrary.libnet.info/event/16318092","https://addtocalendar.com/atc/outlookonline?utz=0&uln=en-US@posix&vjs=1.5&e[0][date_start]=2026-10-13%2011%3A00%3A00&e[0][date_end]=2026-10-13%2013%3A00%3A00&e[0][timezone]=America%2FChicago&e[0][title]=Champaign%20County%20Health%20Care%20Consumers%20&e[0][location]=The%20Urbana%20Free%20Library%20-%20",FAILED,""
"https://urbanafreelibrary.libnet.info/event/16318092","https://addtocalendar.com/atc/yahoo?utz=0&uln=en-US@posix&vjs=1.5&e[0][date_start]=2026-10-13%2011%3A00%3A00&e[0][date_end]=2026-10-13%2013%3A00%3A00&e[0][timezone]=America%2FChicago&e[0][title]=Champaign%20County%20Health%20Care%20Consumers%20&e[0][location]=The%20Urbana%20Free%20Library%20-%20",FAILED,""
"https://urbanafreelibrary.libnet.info/event/17265133","https://addtocalendar.com/atc/ical?utz=0&uln=en-US@posix&vjs=1.5&e[0][date_start]=2026-10-13%2015%3A00%3A00&e[0][date_end]=2026-10-13%2017%3A30%3A00&e[0][timezone]=America%2FChicago&e[0][title]=Teen%20Open%20Lab&e[0][location]=The%20Urbana%20Free%20Library%20-%20The%20Lewis%20Auditorium",FAILED,""
"https://urbanafreelibrary.libnet.info/event/17265133","https://addtocalendar.com/atc/google?utz=0&uln=en-US@posix&vjs=1.5&e[0][date_start]=2026-10-13%2015%3A00%3A00&e[0][date_end]=2026-10-13%2017%3A30%3A00&e[0][timezone]=America%2FChicago&e[0][title]=Teen%20Open%20Lab&e[0][location]=The%20Urbana%20Free%20Library%20-%20The%20Lewis%20Auditorium",FAILED,""
"https://urbanafreelibrary.libnet.info/event/17265133","https://addtocalendar.com/atc/outlook?utz=0&uln=en-US@posix&vjs=1.5&e[0][date_start]=2026-10-13%2015%3A00%3A00&e[0][date_end]=2026-10-13%2017%3A30%3A00&e[0][timezone]=America%2FChicago&e[0][title]=Teen%20Open%20Lab&e[0][location]=The%20Urbana%20Free%20Library%20-%20The%20Lewis%20Auditorium",FAILED,""
"https://urbanafreelibrary.libnet.info/event/17265133","https://addtocalendar.com/atc/outlookonline?utz=0&uln=en-US@posix&vjs=1.5&e[0][date_start]=2026-10-13%2015%3A00%3A00&e[0][date_end]=2026-10-13%2017%3A30%3A00&e[0][timezone]=America%2FChicago&e[0][title]=Teen%20Open%20Lab&e[0][location]=The%20Urbana%20Free%20Library%20-%20The%20Lewis%20Auditorium",FAILED,""
"https://urbanafreelibrary.libnet.info/event/17265133","https://addtocalendar.com/atc/yahoo?utz=0&uln=en-US@posix&vjs=1.5&e[0][date_start]=2026-10-13%2015%3A00%3A00&e[0][date_end]=2026-10-13%2017%3A30%3A00&e[0][timezone]=America%2FChicago&e[0][title]=Teen%20Open%20Lab&e[0][location]=The%20Urbana%20Free%20Library%20-%20The%20Lewis%20Auditorium",FAILED,""
"https://urbanafreelibrary.libnet.info/event/16563189","https://addtocalendar.com/atc/ical?utz=0&uln=en-US@posix&vjs=1.5&e[0][date_start]=2026-10-13%2017%3A00%3A00&e[0][date_end]=2026-10-13%2019%3A30%3A00&e[0][timezone]=America%2FChicago&e[0][title]=Stitching%20Circle&e[0][location]=The%20Urbana%20Free%20Library%20-%20MacFarlane-Hood%20Reading%20Room",FAILED,""
"https://urbanafreelibrary.libnet.info/event/16563189","https://addtocalendar.com/atc/google?utz=0&uln=en-US@posix&vjs=1.5&e[0][date_start]=2026-10-13%2017%3A00%3A00&e[0][date_end]=2026-10-13%2019%3A30%3A00&e[0][timezone]=America%2FChicago&e[0][title]=Stitching%20Circle&e[0][location]=The%20Urbana%20Free%20Library%20-%20MacFarlane-Hood%20Reading%20Room",FAILED,""
"https://urbanafreelibrary.libnet.info/event/16563189","https://addtocalendar.com/atc/outlook?utz=0&uln=en-US@posix&vjs=1.5&e[0][date_start]=2026-10-13%2017%3A00%3A00&e[0][date_end]=2026-10-13%2019%3A30%3A00&e[0][timezone]=America%2FChicago&e[0][title]=Stitching%20Circle&e[0][location]=The%20Urbana%20Free%20Library%20-%20MacFarlane-Hood%20Reading%20Room",FAILED,""
"https://urbanafreelibrary.libnet.info/event/16563189","https://addtocalendar.com/atc/outlookonline?utz=0&uln=en-US@posix&vjs=1.5&e[0][date_start]=2026-10-13%2017%3A00%3A00&e[0][date_end]=2026-10-13%2019%3A30%3A00&e[0][timezone]=America%2FChicago&e[0][title]=Stitching%20Circle&e[0][location]=The%20Urbana%20Free%20Library%20-%20MacFarlane-Hood%20Reading%20Room",FAILED,""
"https://urbanafreelibrary.libnet.info/event/16563189","https://addtocalendar.com/atc/yahoo?utz=0&uln=en-US@posix&vjs=1.5&e[0][date_start]=2026-10-13%2017%3A00%3A00&e[0][date_end]=2026-10-13%2019%3A30%3A00&e[0][timezone]=America%2FChicago&e[0][title]=Stitching%20Circle&e[0][location]=The%20Urbana%20Free%20Library%20-%20MacFarlane-Hood%20Reading%20Room",FAILED,""
"https://urbanafreelibrary.libnet.info/event/17358711","https://addtocalendar.com/atc/ical?utz=0&uln=en-US@posix&vjs=1.5&e[0][date_start]=2026-10-13%2019%3A00%3A00&e[0][date_end]=2026-10-13%2020%3A00%3A00&e[0][timezone]=America%2FChicago&e[0][title]=Digital%20Storytelling%20with%20Everyday%20Tools&e[0][location]=Online%20-%20",FAILED,""
"https://urbanafreelibrary.libnet.info/event/17358711","https://addtocalendar.com/atc/google?utz=0&uln=en-US@posix&vjs=1.5&e[0][date_start]=2026-10-13%2019%3A00%3A00&e[0][date_end]=2026-10-13%2020%3A00%3A00&e[0][timezone]=America%2FChicago&e[0][title]=Digital%20Storytelling%20with%20Everyday%20Tools&e[0][location]=Online%20-%20",FAILED,""
"https://urbanafreelibrary.libnet.info/event/17358711","https://addtocalendar.com/atc/outlook?utz=0&uln=en-US@posix&vjs=1.5&e[0][date_start]=2026-10-13%2019%3A00%3A00&e[0][date_end]=2026-10-13%2020%3A00%3A00&e[0][timezone]=America%2FChicago&e[0][title]=Digital%20Storytelling%20with%20Everyday%20Tools&e[0][location]=Online%20-%20",FAILED,""
"https://urbanafreelibrary.libnet.info/event/17358711","https://addtocalendar.com/atc/outlookonline?utz=0&uln=en-US@posix&vjs=1.5&e[0][date_start]=2026-10-13%2019%3A00%3A00&e[0][date_end]=2026-10-13%2020%3A00%3A00&e[0][timezone]=America%2FChicago&e[0][title]=Digital%20Storytelling%20with%20Everyday%20Tools&e[0][location]=Online%20-%20",FAILED,""
"https://urbanafreelibrary.libnet.info/event/17358711","https://addtocalendar.com/atc/yahoo?utz=0&uln=en-US@posix&vjs=1.5&e[0][date_start]=2026-10-13%2019%3A00%3A00&e[0][date_end]=2026-10-13%2020%3A00%3A00&e[0][timezone]=America%2FChicago&e[0][title]=Digital%20Storytelling%20with%20Everyday%20Tools&e[0][location]=Online%20-%20",FAILED,""
"https://urbanafreelibrary.libnet.info/event/12816279","https://addtocalendar.com/atc/ical?utz=0&uln=en-US@posix&vjs=1.5&e[0][date_start]=2026-10-13%2019%3A00%3A00&e[0][date_end]=2026-10-13%2021%3A00%3A00&e[0][timezone]=America%2FChicago&e[0][title]=The%20Urbana%20Free%20Library%20Board%20Meeting&e[0][location]=The%20Urbana%20Free%20Library%20-%20The%20Lewis%20Auditorium",FAILED,""
"https://urbanafreelibrary.libnet.info/event/12816279","https://addtocalendar.com/atc/google?utz=0&uln=en-US@posix&vjs=1.5&e[0][date_start]=2026-10-13%2019%3A00%3A00&e[0][date_end]=2026-10-13%2021%3A00%3A00&e[0][timezone]=America%2FChicago&e[0][title]=The%20Urbana%20Free%20Library%20Board%20Meeting&e[0][location]=The%20Urbana%20Free%20Library%20-%20The%20Lewis%20Auditorium",FAILED,""
"https://urbanafreelibrary.libnet.info/event/12816279","https://addtocalendar.com/atc/outlook?utz=0&uln=en-US@posix&vjs=1.5&e[0][date_start]=2026-10-13%2019%3A00%3A00&e[0][date_end]=2026-10-13%2021%3A00%3A00&e[0][timezone]=America%2FChicago&e[0][title]=The%20Urbana%20Free%20Library%20Board%20Meeting&e[0][location]=The%20Urbana%20Free%20Library%20-%20The%20Lewis%20Auditorium",FAILED,""
"https://urbanafreelibrary.libnet.info/event/12816279","https://addtocalendar.com/atc/outlookonline?utz=0&uln=en-US@posix&vjs=1.5&e[0][date_start]=2026-10-13%2019%3A00%3A00&e[0][date_end]=2026-10-13%2021%3A00%3A00&e[0][timezone]=America%2FChicago&e[0][title]=The%20Urbana%20Free%20Library%20Board%20Meeting&e[0][location]=The%20Urbana%20Free%20Library%20-%20The%20Lewis%20Auditorium",FAILED,""
"https://urbanafreelibrary.libnet.info/event/12816279","https://addtocalendar.com/atc/yahoo?utz=0&uln=en-US@posix&vjs=1.5&e[0][date_start]=2026-10-13%2019%3A00%3A00&e[0][date_end]=2026-10-13%2021%3A00%3A00&e[0][timezone]=America%2FChicago&e[0][title]=The%20Urbana%20Free%20Library%20Board%20Meeting&e[0][location]=The%20Urbana%20Free%20Library%20-%20The%20Lewis%20Auditorium",FAILED,""
"https://urbanafreelibrary.libnet.info/event/17264233","https://addtocalendar.com/atc/ical?utz=0&uln=en-US@posix&vjs=1.5&e[0][date_start]=2026-10-14%2015%3A00%3A00&e[0][date_end]=2026-10-14%2017%3A30%3A00&e[0][timezone]=America%2FChicago&e[0][title]=Teen%20Open%20Lab&e[0][location]=The%20Urbana%20Free%20Library%20-%20The%20Lewis%20Auditorium",FAILED,""
"https://urbanafreelibrary.libnet.info/event/17264233","https://addtocalendar.com/atc/google?utz=0&uln=en-US@posix&vjs=1.5&e[0][date_start]=2026-10-14%2015%3A00%3A00&e[0][date_end]=2026-10-14%2017%3A30%3A00&e[0][timezone]=America%2FChicago&e[0][title]=Teen%20Open%20Lab&e[0][location]=The%20Urbana%20Free%20Library%20-%20The%20Lewis%20Auditorium",FAILED,""
"https://urbanafreelibrary.libnet.info/event/17264233","https://addtocalendar.com/atc/outlook?utz=0&uln=en-US@posix&vjs=1.5&e[0][date_start]=2026-10-14%2015%3A00%3A00&e[0][date_end]=2026-10-14%2017%3A30%3A00&e[0][timezone]=America%2FChicago&e[0][title]=Teen%20Open%20Lab&e[0][location]=The%20Urbana%20Free%20Library%20-%20The%20Lewis%20Auditorium",FAILED,""
"https://urbanafreelibrary.libnet.info/event/17264233","https://addtocalendar.com/atc/outlookonline?utz=0&uln=en-US@posix&vjs=1.5&e[0][date_start]=2026-10-14%2015%3A00%3A00&e[0][date_end]=2026-10-14%2017%3A30%3A00&e[0][timezone]=America%2FChicago&e[0][title]=Teen%20Open%20Lab&e[0][location]=The%20Urbana%20Free%20Library%20-%20The%20Lewis%20Auditorium",FAILED,""
"https://urbanafreelibrary.libnet.info/event/17264233","https://addtocalendar.com/atc/yahoo?utz=0&uln=en-US@posix&vjs=1.5&e[0][date_start]=2026-10-14%2015%3A00%3A00&e[0][date_end]=2026-10-14%2017%3A30%3A00&e[0][timezone]=America%2FChicago&e[0][title]=Teen%20Open%20Lab&e[0][location]=The%20Urbana%20Free%20Library%20-%20The%20Lewis%20Auditorium",FAILED,""
"https://urbanafreelibrary.libnet.info/event/13876090","https://addtocalendar.com/atc/ical?utz=0&uln=en-US@posix&vjs=1.5&e[0][date_start]=2026-10-15%2010%3A15%3A00&e[0][date_end]=2026-10-15%2010%3A45%3A00&e[0][timezone]=America%2FChicago&e[0][title]=Crafty%20Tales&e[0][location]=The%20Urbana%20Free%20Library%20-%20The%20Lewis%20Auditorium",FAILED,""
"https://urbanafreelibrary.libnet.info/event/13876090","https://addtocalendar.com/atc/google?utz=0&uln=en-US@posix&vjs=1.5&e[0][date_start]=2026-10-15%2010%3A15%3A00&e[0][date_end]=2026-10-15%2010%3A45%3A00&e[0][timezone]=America%2FChicago&e[0][title]=Crafty%20Tales&e[0][location]=The%20Urbana%20Free%20Library%20-%20The%20Lewis%20Auditorium",FAILED,""
"https://urbanafreelibrary.libnet.info/event/13876090","https://addtocalendar.com/atc/outlook?utz=0&uln=en-US@posix&vjs=1.5&e[0][date_start]=2026-10-15%2010%3A15%3A00&e[0][date_end]=2026-10-15%2010%3A45%3A00&e[0][timezone]=America%2FChicago&e[0][title]=Crafty%20Tales&e[0][location]=The%20Urbana%20Free%20Library%20-%20The%20Lewis%20Auditorium",FAILED,""
"https://urbanafreelibrary.libnet.info/event/13876090","https://addtocalendar.com/atc/outlookonline?utz=0&uln=en-US@posix&vjs=1.5&e[0][date_start]=2026-10-15%2010%3A15%3A00&e[0][date_end]=2026-10-15%2010%3A45%3A00&e[0][timezone]=America%2FChicago&e[0][title]=Crafty%20Tales&e[0][location]=The%20Urbana%20Free%20Library%20-%20The%20Lewis%20Auditorium",FAILED,""
"https://urbanafreelibrary.libnet.info/event/13876090","https://addtocalendar.com/atc/yahoo?utz=0&uln=en-US@posix&vjs=1.5&e[0][date_start]=2026-10-15%2010%3A15%3A00&e[0][date_end]=2026-10-15%2010%3A45%3A00&e[0][timezone]=America%2FChicago&e[0][title]=Crafty%20Tales&e[0][location]=The%20Urbana%20Free%20Library%20-%20The%20Lewis%20Auditorium",FAILED,""
"https://urbanafreelibrary.libnet.info/event/17269059","https://addtocalendar.com/atc/ical?utz=0&uln=en-US@posix&vjs=1.5&e[0][date_start]=2026-10-15%2015%3A00%3A00&e[0][date_end]=2026-10-15%2017%3A00%3A00&e[0][timezone]=America%2FChicago&e[0][title]=Teen%20Open%20Lab&e[0][location]=The%20Urbana%20Free%20Library%20-%20The%20Lewis%20Auditorium",FAILED,""
"https://urbanafreelibrary.libnet.info/event/17269059","https://addtocalendar.com/atc/google?utz=0&uln=en-US@posix&vjs=1.5&e[0][date_start]=2026-10-15%2015%3A00%3A00&e[0][date_end]=2026-10-15%2017%3A00%3A00&e[0][timezone]=America%2FChicago&e[0][title]=Teen%20Open%20Lab&e[0][location]=The%20Urbana%20Free%20Library%20-%20The%20Lewis%20Auditorium",FAILED,""
"https://urbanafreelibrary.libnet.info/event/17269059","https://addtocalendar.com/atc/outlook?utz=0&uln=en-US@posix&vjs=1.5&e[0][date_start]=2026-10-15%2015%3A00%3A00&e[0][date_end]=2026-10-15%2017%3A00%3A00&e[0][timezone]=America%2FChicago&e[0][title]=Teen%20Open%20Lab&e[0][location]=The%20Urbana%20Free%20Library%20-%20The%20Lewis%20Auditorium",FAILED,""
"https://urbanafreelibrary.libnet.info/event/17269059","https://addtocalendar.com/atc/outlookonline?utz=0&uln=en-US@posix&vjs=1.5&e[0][date_start]=2026-10-15%2015%3A00%3A00&e[0][date_end]=2026-10-15%2017%3A00%3A00&e[0][timezone]=America%2FChicago&e[0][title]=Teen%20Open%20Lab&e[0][location]=The%20Urbana%20Free%20Library%20-%20The%20Lewis%20Auditorium",FAILED,""
"https://urbanafreelibrary.libnet.info/event/17269059","https://addtocalendar.com/atc/yahoo?utz=0&uln=en-US@posix&vjs=1.5&e[0][date_start]=2026-10-15%2015%3A00%3A00&e[0][date_end]=2026-10-15%2017%3A00%3A00&e[0][timezone]=America%2FChicago&e[0][title]=Teen%20Open%20Lab&e[0][location]=The%20Urbana%20Free%20Library%20-%20The%20Lewis%20Auditorium",FAILED,""
"https://urbanafreelibrary.libnet.info/event/16837863","https://addtocalendar.com/atc/ical?utz=0&uln=en-US@posix&vjs=1.5&e[0][date_start]=2026-10-15%2018%3A00%3A00&e[0][date_end]=2026-10-15%2020%3A00%3A00&e[0][timezone]=America%2FChicago&e[0][title]=Living%20History%20with%20Queer%20Elders&e[0][location]=The%20Urbana%20Free%20Library%20-%20The%20Lewis%20Auditorium",FAILED,""
"https://urbanafreelibrary.libnet.info/event/16837863","https://addtocalendar.com/atc/google?utz=0&uln=en-US@posix&vjs=1.5&e[0][date_start]=2026-10-15%2018%3A00%3A00&e[0][date_end]=2026-10-15%2020%3A00%3A00&e[0][timezone]=America%2FChicago&e[0][title]=Living%20History%20with%20Queer%20Elders&e[0][location]=The%20Urbana%20Free%20Library%20-%20The%20Lewis%20Auditorium",FAILED,""
"https://urbanafreelibrary.libnet.info/event/16837863","https://addtocalendar.com/atc/outlook?utz=0&uln=en-US@posix&vjs=1.5&e[0][date_start]=2026-10-15%2018%3A00%3A00&e[0][date_end]=2026-10-15%2020%3A00%3A00&e[0][timezone]=America%2FChicago&e[0][title]=Living%20History%20with%20Queer%20Elders&e[0][location]=The%20Urbana%20Free%20Library%20-%20The%20Lewis%20Auditorium",FAILED,""
"https://urbanafreelibrary.libnet.info/event/16837863","https://addtocalendar.com/atc/outlookonline?utz=0&uln=en-US@posix&vjs=1.5&e[0][date_start]=2026-10-15%2018%3A00%3A00&e[0][date_end]=2026-10-15%2020%3A00%3A00&e[0][timezone]=America%2FChicago&e[0][title]=Living%20History%20with%20Queer%20Elders&e[0][location]=The%20Urbana%20Free%20Library%20-%20The%20Lewis%20Auditorium",FAILED,""
"https://urbanafreelibrary.libnet.info/event/16837863","https://addtocalendar.com/atc/yahoo?utz=0&uln=en-US@posix&vjs=1.5&e[0][date_start]=2026-10-15%2018%3A00%3A00&e[0][date_end]=2026-10-15%2020%3A00%3A00&e[0][timezone]=America%2FChicago&e[0][title]=Living%20History%20with%20Queer%20Elders&e[0][location]=The%20Urbana%20Free%20Library%20-%20The%20Lewis%20Auditorium",FAILED,""
"https://urbanafreelibrary.libnet.info/event/17029077","https://addtocalendar.com/atc/ical?utz=0&uln=en-US@posix&vjs=1.5&e[0][date_start]=2026-10-17%2010%3A30%3A00&e[0][date_end]=2026-10-17%2011%3A00%3A00&e[0][timezone]=America%2FChicago&e[0][title]=Saturday%20Story%20Time%20&e[0][location]=The%20Urbana%20Free%20Library%20-%20The%20Lewis%20Auditorium",FAILED,""
"https://urbanafreelibrary.libnet.info/event/17029077","https://addtocalendar.com/atc/google?utz=0&uln=en-US@posix&vjs=1.5&e[0][date_start]=2026-10-17%2010%3A30%3A00&e[0][date_end]=2026-10-17%2011%3A00%3A00&e[0][timezone]=America%2FChicago&e[0][title]=Saturday%20Story%20Time%20&e[0][location]=The%20Urbana%20Free%20Library%20-%20The%20Lewis%20Auditorium",FAILED,""
"https://urbanafreelibrary.libnet.info/event/17029077","https://addtocalendar.com/atc/outlook?utz=0&uln=en-US@posix&vjs=1.5&e[0][date_start]=2026-10-17%2010%3A30%3A00&e[0][date_end]=2026-10-17%2011%3A00%3A00&e[0][timezone]=America%2FChicago&e[0][title]=Saturday%20Story%20Time%20&e[0][location]=The%20Urbana%20Free%20Library%20-%20The%20Lewis%20Auditorium",FAILED,""
"https://urbanafreelibrary.libnet.info/event/17029077","https://addtocalendar.com/atc/outlookonline?utz=0&uln=en-US@posix&vjs=1.5&e[0][date_start]=2026-10-17%2010%3A30%3A00&e[0][date_end]=2026-10-17%2011%3A00%3A00&e[0][timezone]=America%2FChicago&e[0][title]=Saturday%20Story%20Time%20&e[0][location]=The%20Urbana%20Free%20Library%20-%20The%20Lewis%20Auditorium",FAILED,""
"https://urbanafreelibrary.libnet.info/event/17029077","https://addtocalendar.com/atc/yahoo?utz=0&uln=en-US@posix&vjs=1.5&e[0][date_start]=2026-10-17%2010%3A30%3A00&e[0][date_end]=2026-10-17%2011%3A00%3A00&e[0][timezone]=America%2FChicago&e[0][title]=Saturday%20Story%20Time%20&e[0][location]=The%20Urbana%20Free%20Library%20-%20The%20Lewis%20Auditorium",FAILED,""
"https://urbanafreelibrary.libnet.info/event/17032676","https://addtocalendar.com/atc/ical?utz=0&uln=en-US@posix&vjs=1.5&e[0][date_start]=2026-10-17%2011%3A30%3A00&e[0][date_end]=2026-10-17%2012%3A15%3A00&e[0][timezone]=America%2FChicago&e[0][title]=Fast%20Firsts!%20(First%20chapter%20books%20edition)&e[0][location]=The%20Urbana%20Free%20Library%20-%20The%20Lewis%20Auditorium",FAILED,""
"https://urbanafreelibrary.libnet.info/event/17032676","https://addtocalendar.com/atc/google?utz=0&uln=en-US@posix&vjs=1.5&e[0][date_start]=2026-10-17%2011%3A30%3A00&e[0][date_end]=2026-10-17%2012%3A15%3A00&e[0][timezone]=America%2FChicago&e[0][title]=Fast%20Firsts!%20(First%20chapter%20books%20edition)&e[0][location]=The%20Urbana%20Free%20Library%20-%20The%20Lewis%20Auditorium",FAILED,""
"https://urbanafreelibrary.libnet.info/event/17032676","https://addtocalendar.com/atc/outlook?utz=0&uln=en-US@posix&vjs=1.5&e[0][date_start]=2026-10-17%2011%3A30%3A00&e[0][date_end]=2026-10-17%2012%3A15%3A00&e[0][timezone]=America%2FChicago&e[0][title]=Fast%20Firsts!%20(First%20chapter%20books%20edition)&e[0][location]=The%20Urbana%20Free%20Library%20-%20The%20Lewis%20Auditorium",FAILED,""
"https://urbanafreelibrary.libnet.info/event/17032676","https://addtocalendar.com/atc/outlookonline?utz=0&uln=en-US@posix&vjs=1.5&e[0][date_start]=2026-10-17%2011%3A30%3A00&e[0][date_end]=2026-10-17%2012%3A15%3A00&e[0][timezone]=America%2FChicago&e[0][title]=Fast%20Firsts!%20(First%20chapter%20books%20edition)&e[0][location]=The%20Urbana%20Free%20Library%20-%20The%20Lewis%20Auditorium",FAILED,""
"https://urbanafreelibrary.libnet.info/event/17032676","https://addtocalendar.com/atc/yahoo?utz=0&uln=en-US@posix&vjs=1.5&e[0][date_start]=2026-10-17%2011%3A30%3A00&e[0][date_end]=2026-10-17%2012%3A15%3A00&e[0][timezone]=America%2FChicago&e[0][title]=Fast%20Firsts!%20(First%20chapter%20books%20edition)&e[0][location]=The%20Urbana%20Free%20Library%20-%20The%20Lewis%20Auditorium",FAILED,""
"https://urbanafreelibrary.libnet.info/event/17450660","https://addtocalendar.com/atc/ical?utz=0&uln=en-US@posix&vjs=1.5&e[0][date_start]=2026-10-17%2013%3A00%3A00&e[0][date_end]=2026-10-17%2017%3A00%3A00&e[0][timezone]=America%2FChicago&e[0][title]=Library%20Staff%20at%20Pride%20Fest%20Parade%20%26amp%3B%20Fair&e[0][location]=Downtown%20Urbana%20-%20",FAILED,""
"https://urbanafreelibrary.libnet.info/event/17450660","https://addtocalendar.com/atc/google?utz=0&uln=en-US@posix&vjs=1.5&e[0][date_start]=2026-10-17%2013%3A00%3A00&e[0][date_end]=2026-10-17%2017%3A00%3A00&e[0][timezone]=America%2FChicago&e[0][title]=Library%20Staff%20at%20Pride%20Fest%20Parade%20%26amp%3B%20Fair&e[0][location]=Downtown%20Urbana%20-%20",FAILED,""
"https://urbanafreelibrary.libnet.info/event/17450660","https://addtocalendar.com/atc/outlook?utz=0&uln=en-US@posix&vjs=1.5&e[0][date_start]=2026-10-17%2013%3A00%3A00&e[0][date_end]=2026-10-17%2017%3A00%3A00&e[0][timezone]=America%2FChicago&e[0][title]=Library%20Staff%20at%20Pride%20Fest%20Parade%20%26amp%3B%20Fair&e[0][location]=Downtown%20Urbana%20-%20",FAILED,""
"https://urbanafreelibrary.libnet.info/event/17450660","https://addtocalendar.com/atc/outlookonline?utz=0&uln=en-US@posix&vjs=1.5&e[0][date_start]=2026-10-17%2013%3A00%3A00&e[0][date_end]=2026-10-17%2017%3A00%3A00&e[0][timezone]=America%2FChicago&e[0][title]=Library%20Staff%20at%20Pride%20Fest%20Parade%20%26amp%3B%20Fair&e[0][location]=Downtown%20Urbana%20-%20",FAILED,""
"https://urbanafreelibrary.libnet.info/event/17450660","https://addtocalendar.com/atc/yahoo?utz=0&uln=en-US@posix&vjs=1.5&e[0][date_start]=2026-10-17%2013%3A00%3A00&e[0][date_end]=2026-10-17%2017%3A00%3A00&e[0][timezone]=America%2FChicago&e[0][title]=Library%20Staff%20at%20Pride%20Fest%20Parade%20%26amp%3B%20Fair&e[0][location]=Downtown%20Urbana%20-%20",FAILED,""
"https://urbanafreelibrary.libnet.info/event/16927579","http://gradswe.swe.org/",FAILED,"Graduate Society of Women Engineers"
"https://urbanafreelibrary.libnet.info/event/16927579","https://addtocalendar.com/atc/ical?utz=0&uln=en-US@posix&vjs=1.5&e[0][date_start]=2026-10-17%2014%3A00%3A00&e[0][date_end]=2026-10-17%2015%3A00%3A00&e[0][timezone]=America%2FChicago&e[0][title]=Jump%20Into%20Science&e[0][location]=The%20Urbana%20Free%20Library%20-%20The%20Lewis%20Auditorium",FAILED,""
"https://urbanafreelibrary.libnet.info/event/16927579","https://addtocalendar.com/atc/google?utz=0&uln=en-US@posix&vjs=1.5&e[0][date_start]=2026-10-17%2014%3A00%3A00&e[0][date_end]=2026-10-17%2015%3A00%3A00&e[0][timezone]=America%2FChicago&e[0][title]=Jump%20Into%20Science&e[0][location]=The%20Urbana%20Free%20Library%20-%20The%20Lewis%20Auditorium",FAILED,""
"https://urbanafreelibrary.libnet.info/event/16927579","https://addtocalendar.com/atc/outlook?utz=0&uln=en-US@posix&vjs=1.5&e[0][date_start]=2026-10-17%2014%3A00%3A00&e[0][date_end]=2026-10-17%2015%3A00%3A00&e[0][timezone]=America%2FChicago&e[0][title]=Jump%20Into%20Science&e[0][location]=The%20Urbana%20Free%20Library%20-%20The%20Lewis%20Auditorium",FAILED,""
"https://urbanafreelibrary.libnet.info/event/16927579","https://addtocalendar.com/atc/outlookonline?utz=0&uln=en-US@posix&vjs=1.5&e[0][date_start]=2026-10-17%2014%3A00%3A00&e[0][date_end]=2026-10-17%2015%3A00%3A00&e[0][timezone]=America%2FChicago&e[0][title]=Jump%20Into%20Science&e[0][location]=The%20Urbana%20Free%20Library%20-%20The%20Lewis%20Auditorium",FAILED,""
"https://urbanafreelibrary.libnet.info/event/16927579","https://addtocalendar.com/atc/yahoo?utz=0&uln=en-US@posix&vjs=1.5&e[0][date_start]=2026-10-17%2014%3A00%3A00&e[0][date_end]=2026-10-17%2015%3A00%3A00&e[0][timezone]=America%2FChicago&e[0][title]=Jump%20Into%20Science&e[0][location]=The%20Urbana%20Free%20Library%20-%20The%20Lewis%20Auditorium",FAILED,""
"https://urbanafreelibrary.libnet.info/event/16603859","https://addtocalendar.com/atc/ical?utz=0&uln=en-US@posix&vjs=1.5&e[0][date_start]=2026-10-19%2010%3A00%3A00&e[0][date_end]=2026-10-19%2012%3A00%3A00&e[0][timezone]=America%2FChicago&e[0][title]=Project%20Read&e[0][location]=The%20Urbana%20Free%20Library%20-%20The%20Lewis%20Auditorium",FAILED,""
"https://urbanafreelibrary.libnet.info/event/16603859","https://addtocalendar.com/atc/google?utz=0&uln=en-US@posix&vjs=1.5&e[0][date_start]=2026-10-19%2010%3A00%3A00&e[0][date_end]=2026-10-19%2012%3A00%3A00&e[0][timezone]=America%2FChicago&e[0][title]=Project%20Read&e[0][location]=The%20Urbana%20Free%20Library%20-%20The%20Lewis%20Auditorium",FAILED,""
"https://urbanafreelibrary.libnet.info/event/16603859","https://addtocalendar.com/atc/outlook?utz=0&uln=en-US@posix&vjs=1.5&e[0][date_start]=2026-10-19%2010%3A00%3A00&e[0][date_end]=2026-10-19%2012%3A00%3A00&e[0][timezone]=America%2FChicago&e[0][title]=Project%20Read&e[0][location]=The%20Urbana%20Free%20Library%20-%20The%20Lewis%20Auditorium",FAILED,""
"https://urbanafreelibrary.libnet.info/event/16603859","https://addtocalendar.com/atc/outlookonline?utz=0&uln=en-US@posix&vjs=1.5&e[0][date_start]=2026-10-19%2010%3A00%3A00&e[0][date_end]=2026-10-19%2012%3A00%3A00&e[0][timezone]=America%2FChicago&e[0][title]=Project%20Read&e[0][location]=The%20Urbana%20Free%20Library%20-%20The%20Lewis%20Auditorium",FAILED,""
"https://urbanafreelibrary.libnet.info/event/16603859","https://addtocalendar.com/atc/yahoo?utz=0&uln=en-US@posix&vjs=1.5&e[0][date_start]=2026-10-19%2010%3A00%3A00&e[0][date_end]=2026-10-19%2012%3A00%3A00&e[0][timezone]=America%2FChicago&e[0][title]=Project%20Read&e[0][location]=The%20Urbana%20Free%20Library%20-%20The%20Lewis%20Auditorium",FAILED,""
"https://urbanafreelibrary.libnet.info/event/16826555","https://addtocalendar.com/atc/ical?utz=0&uln=en-US@posix&vjs=1.5&e[0][date_start]=2026-10-19%2015%3A45%3A00&e[0][date_end]=2026-10-19%2018%3A00%3A00&e[0][timezone]=America%2FChicago&e[0][title]=Teen%20Movie%20Monday&e[0][location]=The%20Urbana%20Free%20Library%20-%20The%20Lewis%20Auditorium",FAILED,""
"https://urbanafreelibrary.libnet.info/event/16826555","https://addtocalendar.com/atc/google?utz=0&uln=en-US@posix&vjs=1.5&e[0][date_start]=2026-10-19%2015%3A45%3A00&e[0][date_end]=2026-10-19%2018%3A00%3A00&e[0][timezone]=America%2FChicago&e[0][title]=Teen%20Movie%20Monday&e[0][location]=The%20Urbana%20Free%20Library%20-%20The%20Lewis%20Auditorium",FAILED,""
"https://urbanafreelibrary.libnet.info/event/16826555","https://addtocalendar.com/atc/outlook?utz=0&uln=en-US@posix&vjs=1.5&e[0][date_start]=2026-10-19%2015%3A45%3A00&e[0][date_end]=2026-10-19%2018%3A00%3A00&e[0][timezone]=America%2FChicago&e[0][title]=Teen%20Movie%20Monday&e[0][location]=The%20Urbana%20Free%20Library%20-%20The%20Lewis%20Auditorium",FAILED,""
"https://urbanafreelibrary.libnet.info/event/16826555","https://addtocalendar.com/atc/outlookonline?utz=0&uln=en-US@posix&vjs=1.5&e[0][date_start]=2026-10-19%2015%3A45%3A00&e[0][date_end]=2026-10-19%2018%3A00%3A00&e[0][timezone]=America%2FChicago&e[0][title]=Teen%20Movie%20Monday&e[0][location]=The%20Urbana%20Free%20Library%20-%20The%20Lewis%20Auditorium",FAILED,""
"https://urbanafreelibrary.libnet.info/event/16826555","https://addtocalendar.com/atc/yahoo?utz=0&uln=en-US@posix&vjs=1.5&e[0][date_start]=2026-10-19%2015%3A45%3A00&e[0][date_end]=2026-10-19%2018%3A00%3A00&e[0][timezone]=America%2FChicago&e[0][title]=Teen%20Movie%20Monday&e[0][location]=The%20Urbana%20Free%20Library%20-%20The%20Lewis%20Auditorium",FAILED,""
"https://urbanafreelibrary.libnet.info/event/16165646","https://addtocalendar.com/atc/ical?utz=0&uln=en-US@posix&vjs=1.5&e[0][date_start]=2026-10-19%2018%3A00%3A00&e[0][date_end]=2026-10-19%2019%3A30%3A00&e[0][timezone]=America%2FChicago&e[0][title]=Death%20Cafe&e[0][location]=The%20Urbana%20Free%20Library%20-%20MacFarlane-Hood%20Reading%20Room",FAILED,""
"https://urbanafreelibrary.libnet.info/event/16165646","https://addtocalendar.com/atc/google?utz=0&uln=en-US@posix&vjs=1.5&e[0][date_start]=2026-10-19%2018%3A00%3A00&e[0][date_end]=2026-10-19%2019%3A30%3A00&e[0][timezone]=America%2FChicago&e[0][title]=Death%20Cafe&e[0][location]=The%20Urbana%20Free%20Library%20-%20MacFarlane-Hood%20Reading%20Room",FAILED,""
"https://urbanafreelibrary.libnet.info/event/16165646","https://addtocalendar.com/atc/outlook?utz=0&uln=en-US@posix&vjs=1.5&e[0][date_start]=2026-10-19%2018%3A00%3A00&e[0][date_end]=2026-10-19%2019%3A30%3A00&e[0][timezone]=America%2FChicago&e[0][title]=Death%20Cafe&e[0][location]=The%20Urbana%20Free%20Library%20-%20MacFarlane-Hood%20Reading%20Room",FAILED,""
"https://urbanafreelibrary.libnet.info/event/16165646","https://addtocalendar.com/atc/outlookonline?utz=0&uln=en-US@posix&vjs=1.5&e[0][date_start]=2026-10-19%2018%3A00%3A00&e[0][date_end]=2026-10-19%2019%3A30%3A00&e[0][timezone]=America%2FChicago&e[0][title]=Death%20Cafe&e[0][location]=The%20Urbana%20Free%20Library%20-%20MacFarlane-Hood%20Reading%20Room",FAILED,""
"https://urbanafreelibrary.libnet.info/event/16165646","https://addtocalendar.com/atc/yahoo?utz=0&uln=en-US@posix&vjs=1.5&e[0][date_start]=2026-10-19%2018%3A00%3A00&e[0][date_end]=2026-10-19%2019%3A30%3A00&e[0][timezone]=America%2FChicago&e[0][title]=Death%20Cafe&e[0][location]=The%20Urbana%20Free%20Library%20-%20MacFarlane-Hood%20Reading%20Room",FAILED,""
"https://urbanafreelibrary.libnet.info/event/13876067","https://addtocalendar.com/atc/ical?utz=0&uln=en-US@posix&vjs=1.5&e[0][date_start]=2026-10-20%2010%3A15%3A00&e[0][date_end]=2026-10-20%2010%3A40%3A00&e[0][timezone]=America%2FChicago&e[0][title]=Books%20and%20Bounces!&e[0][location]=The%20Urbana%20Free%20Library%20-%20The%20Lewis%20Auditorium",FAILED,""
"https://urbanafreelibrary.libnet.info/event/13876067","https://addtocalendar.com/atc/google?utz=0&uln=en-US@posix&vjs=1.5&e[0][date_start]=2026-10-20%2010%3A15%3A00&e[0][date_end]=2026-10-20%2010%3A40%3A00&e[0][timezone]=America%2FChicago&e[0][title]=Books%20and%20Bounces!&e[0][location]=The%20Urbana%20Free%20Library%20-%20The%20Lewis%20Auditorium",FAILED,""
"https://urbanafreelibrary.libnet.info/event/13876067","https://addtocalendar.com/atc/outlook?utz=0&uln=en-US@posix&vjs=1.5&e[0][date_start]=2026-10-20%2010%3A15%3A00&e[0][date_end]=2026-10-20%2010%3A40%3A00&e[0][timezone]=America%2FChicago&e[0][title]=Books%20and%20Bounces!&e[0][location]=The%20Urbana%20Free%20Library%20-%20The%20Lewis%20Auditorium",FAILED,""
"https://urbanafreelibrary.libnet.info/event/13876067","https://addtocalendar.com/atc/outlookonline?utz=0&uln=en-US@posix&vjs=1.5&e[0][date_start]=2026-10-20%2010%3A15%3A00&e[0][date_end]=2026-10-20%2010%3A40%3A00&e[0][timezone]=America%2FChicago&e[0][title]=Books%20and%20Bounces!&e[0][location]=The%20Urbana%20Free%20Library%20-%20The%20Lewis%20Auditorium",FAILED,""
"https://urbanafreelibrary.libnet.info/event/13876067","https://addtocalendar.com/atc/yahoo?utz=0&uln=en-US@posix&vjs=1.5&e[0][date_start]=2026-10-20%2010%3A15%3A00&e[0][date_end]=2026-10-20%2010%3A40%3A00&e[0][timezone]=America%2FChicago&e[0][title]=Books%20and%20Bounces!&e[0][location]=The%20Urbana%20Free%20Library%20-%20The%20Lewis%20Auditorium",FAILED,""
"https://urbanafreelibrary.libnet.info/event/17265134","https://addtocalendar.com/atc/ical?utz=0&uln=en-US@posix&vjs=1.5&e[0][date_start]=2026-10-20%2015%3A00%3A00&e[0][date_end]=2026-10-20%2017%3A30%3A00&e[0][timezone]=America%2FChicago&e[0][title]=Teen%20Open%20Lab&e[0][location]=The%20Urbana%20Free%20Library%20-%20The%20Lewis%20Auditorium",FAILED,""
"https://urbanafreelibrary.libnet.info/event/17265134","https://addtocalendar.com/atc/google?utz=0&uln=en-US@posix&vjs=1.5&e[0][date_start]=2026-10-20%2015%3A00%3A00&e[0][date_end]=2026-10-20%2017%3A30%3A00&e[0][timezone]=America%2FChicago&e[0][title]=Teen%20Open%20Lab&e[0][location]=The%20Urbana%20Free%20Library%20-%20The%20Lewis%20Auditorium",FAILED,""
"https://urbanafreelibrary.libnet.info/event/17265134","https://addtocalendar.com/atc/outlook?utz=0&uln=en-US@posix&vjs=1.5&e[0][date_start]=2026-10-20%2015%3A00%3A00&e[0][date_end]=2026-10-20%2017%3A30%3A00&e[0][timezone]=America%2FChicago&e[0][title]=Teen%20Open%20Lab&e[0][location]=The%20Urbana%20Free%20Library%20-%20The%20Lewis%20Auditorium",FAILED,""
"https://urbanafreelibrary.libnet.info/event/17265134","https://addtocalendar.com/atc/outlookonline?utz=0&uln=en-US@posix&vjs=1.5&e[0][date_start]=2026-10-20%2015%3A00%3A00&e[0][date_end]=2026-10-20%2017%3A30%3A00&e[0][timezone]=America%2FChicago&e[0][title]=Teen%20Open%20Lab&e[0][location]=The%20Urbana%20Free%20Library%20-%20The%20Lewis%20Auditorium",FAILED,""
"https://urbanafreelibrary.libnet.info/event/17265134","https://addtocalendar.com/atc/yahoo?utz=0&uln=en-US@posix&vjs=1.5&e[0][date_start]=2026-10-20%2015%3A00%3A00&e[0][date_end]=2026-10-20%2017%3A30%3A00&e[0][timezone]=America%2FChicago&e[0][title]=Teen%20Open%20Lab&e[0][location]=The%20Urbana%20Free%20Library%20-%20The%20Lewis%20Auditorium",FAILED,""
"https://urbanafreelibrary.libnet.info/event/16563207","https://addtocalendar.com/atc/ical?utz=0&uln=en-US@posix&vjs=1.5&e[0][date_start]=2026-10-20%2017%3A00%3A00&e[0][date_end]=2026-10-20%2019%3A30%3A00&e[0][timezone]=America%2FChicago&e[0][title]=Stitching%20Circle&e[0][location]=The%20Urbana%20Free%20Library%20-%20MacFarlane-Hood%20Reading%20Room",FAILED,""
"https://urbanafreelibrary.libnet.info/event/16563207","https://addtocalendar.com/atc/google?utz=0&uln=en-US@posix&vjs=1.5&e[0][date_start]=2026-10-20%2017%3A00%3A00&e[0][date_end]=2026-10-20%2019%3A30%3A00&e[0][timezone]=America%2FChicago&e[0][title]=Stitching%20Circle&e[0][location]=The%20Urbana%20Free%20Library%20-%20MacFarlane-Hood%20Reading%20Room",FAILED,""
"https://urbanafreelibrary.libnet.info/event/16563207","https://addtocalendar.com/atc/outlook?utz=0&uln=en-US@posix&vjs=1.5&e[0][date_start]=2026-10-20%2017%3A00%3A00&e[0][date_end]=2026-10-20%2019%3A30%3A00&e[0][timezone]=America%2FChicago&e[0][title]=Stitching%20Circle&e[0][location]=The%20Urbana%20Free%20Library%20-%20MacFarlane-Hood%20Reading%20Room",FAILED,""
"https://urbanafreelibrary.libnet.info/event/16563207","https://addtocalendar.com/atc/outlookonline?utz=0&uln=en-US@posix&vjs=1.5&e[0][date_start]=2026-10-20%2017%3A00%3A00&e[0][date_end]=2026-10-20%2019%3A30%3A00&e[0][timezone]=America%2FChicago&e[0][title]=Stitching%20Circle&e[0][location]=The%20Urbana%20Free%20Library%20-%20MacFarlane-Hood%20Reading%20Room",FAILED,""
"https://urbanafreelibrary.libnet.info/event/16563207","https://addtocalendar.com/atc/yahoo?utz=0&uln=en-US@posix&vjs=1.5&e[0][date_start]=2026-10-20%2017%3A00%3A00&e[0][date_end]=2026-10-20%2019%3A30%3A00&e[0][timezone]=America%2FChicago&e[0][title]=Stitching%20Circle&e[0][location]=The%20Urbana%20Free%20Library%20-%20MacFarlane-Hood%20Reading%20Room",FAILED,""
"https://urbanafreelibrary.libnet.info/event/17186415","https://addtocalendar.com/atc/ical?utz=0&uln=en-US@posix&vjs=1.5&e[0][date_start]=2026-10-20%2019%3A00%3A00&e[0][date_end]=2026-10-20%2020%3A00%3A00&e[0][timezone]=America%2FChicago&e[0][title]=Preserving%20History%20with%20Geoffrey%20Baer%20(Virtual)&e[0][location]=The%20Urbana%20Free%20Library%20-%20Online",FAILED,""
"https://urbanafreelibrary.libnet.info/event/17186415","https://addtocalendar.com/atc/google?utz=0&uln=en-US@posix&vjs=1.5&e[0][date_start]=2026-10-20%2019%3A00%3A00&e[0][date_end]=2026-10-20%2020%3A00%3A00&e[0][timezone]=America%2FChicago&e[0][title]=Preserving%20History%20with%20Geoffrey%20Baer%20(Virtual)&e[0][location]=The%20Urbana%20Free%20Library%20-%20Online",FAILED,""
"https://urbanafreelibrary.libnet.info/event/17186415","https://addtocalendar.com/atc/outlook?utz=0&uln=en-US@posix&vjs=1.5&e[0][date_start]=2026-10-20%2019%3A00%3A00&e[0][date_end]=2026-10-20%2020%3A00%3A00&e[0][timezone]=America%2FChicago&e[0][title]=Preserving%20History%20with%20Geoffrey%20Baer%20(Virtual)&e[0][location]=The%20Urbana%20Free%20Library%20-%20Online",FAILED,""
"https://urbanafreelibrary.libnet.info/event/17186415","https://addtocalendar.com/atc/outlookonline?utz=0&uln=en-US@posix&vjs=1.5&e[0][date_start]=2026-10-20%2019%3A00%3A00&e[0][date_end]=2026-10-20%2020%3A00%3A00&e[0][timezone]=America%2FChicago&e[0][title]=Preserving%20History%20with%20Geoffrey%20Baer%20(Virtual)&e[0][location]=The%20Urbana%20Free%20Library%20-%20Online",FAILED,""
"https://urbanafreelibrary.libnet.info/event/17186415","https://addtocalendar.com/atc/yahoo?utz=0&uln=en-US@posix&vjs=1.5&e[0][date_start]=2026-10-20%2019%3A00%3A00&e[0][date_end]=2026-10-20%2020%3A00%3A00&e[0][timezone]=America%2FChicago&e[0][title]=Preserving%20History%20with%20Geoffrey%20Baer%20(Virtual)&e[0][location]=The%20Urbana%20Free%20Library%20-%20Online",FAILED,""
"https://urbanafreelibrary.libnet.info/event/17264234","https://addtocalendar.com/atc/ical?utz=0&uln=en-US@posix&vjs=1.5&e[0][date_start]=2026-10-21%2015%3A00%3A00&e[0][date_end]=2026-10-21%2017%3A30%3A00&e[0][timezone]=America%2FChicago&e[0][title]=Teen%20Open%20Lab&e[0][location]=The%20Urbana%20Free%20Library%20-%20The%20Lewis%20Auditorium",FAILED,""
"https://urbanafreelibrary.libnet.info/event/17264234","https://addtocalendar.com/atc/google?utz=0&uln=en-US@posix&vjs=1.5&e[0][date_start]=2026-10-21%2015%3A00%3A00&e[0][date_end]=2026-10-21%2017%3A30%3A00&e[0][timezone]=America%2FChicago&e[0][title]=Teen%20Open%20Lab&e[0][location]=The%20Urbana%20Free%20Library%20-%20The%20Lewis%20Auditorium",FAILED,""
"https://urbanafreelibrary.libnet.info/event/17264234","https://addtocalendar.com/atc/outlook?utz=0&uln=en-US@posix&vjs=1.5&e[0][date_start]=2026-10-21%2015%3A00%3A00&e[0][date_end]=2026-10-21%2017%3A30%3A00&e[0][timezone]=America%2FChicago&e[0][title]=Teen%20Open%20Lab&e[0][location]=The%20Urbana%20Free%20Library%20-%20The%20Lewis%20Auditorium",FAILED,""
"https://urbanafreelibrary.libnet.info/event/17264234","https://addtocalendar.com/atc/outlookonline?utz=0&uln=en-US@posix&vjs=1.5&e[0][date_start]=2026-10-21%2015%3A00%3A00&e[0][date_end]=2026-10-21%2017%3A30%3A00&e[0][timezone]=America%2FChicago&e[0][title]=Teen%20Open%20Lab&e[0][location]=The%20Urbana%20Free%20Library%20-%20The%20Lewis%20Auditorium",FAILED,""
"https://urbanafreelibrary.libnet.info/event/17264234","https://addtocalendar.com/atc/yahoo?utz=0&uln=en-US@posix&vjs=1.5&e[0][date_start]=2026-10-21%2015%3A00%3A00&e[0][date_end]=2026-10-21%2017%3A30%3A00&e[0][timezone]=America%2FChicago&e[0][title]=Teen%20Open%20Lab&e[0][location]=The%20Urbana%20Free%20Library%20-%20The%20Lewis%20Auditorium",FAILED,""
"https://urbanafreelibrary.libnet.info/event/17370168","https://addtocalendar.com/atc/ical?utz=0&uln=en-US@posix&vjs=1.5&e[0][date_start]=2026-10-21%2019%3A00%3A00&e[0][date_end]=2026-10-21%2020%3A00%3A00&e[0][timezone]=America%2FChicago&e[0][title]=Genealogy%20Research%20Discussion%20Hour&e[0][location]=Online%20-%20",FAILED,""
"https://urbanafreelibrary.libnet.info/event/17370168","https://addtocalendar.com/atc/google?utz=0&uln=en-US@posix&vjs=1.5&e[0][date_start]=2026-10-21%2019%3A00%3A00&e[0][date_end]=2026-10-21%2020%3A00%3A00&e[0][timezone]=America%2FChicago&e[0][title]=Genealogy%20Research%20Discussion%20Hour&e[0][location]=Online%20-%20",FAILED,""
"https://urbanafreelibrary.libnet.info/event/17370168","https://addtocalendar.com/atc/outlook?utz=0&uln=en-US@posix&vjs=1.5&e[0][date_start]=2026-10-21%2019%3A00%3A00&e[0][date_end]=2026-10-21%2020%3A00%3A00&e[0][timezone]=America%2FChicago&e[0][title]=Genealogy%20Research%20Discussion%20Hour&e[0][location]=Online%20-%20",FAILED,""
"https://urbanafreelibrary.libnet.info/event/17370168","https://addtocalendar.com/atc/outlookonline?utz=0&uln=en-US@posix&vjs=1.5&e[0][date_start]=2026-10-21%2019%3A00%3A00&e[0][date_end]=2026-10-21%2020%3A00%3A00&e[0][timezone]=America%2FChicago&e[0][title]=Genealogy%20Research%20Discussion%20Hour&e[0][location]=Online%20-%20",FAILED,""
"https://urbanafreelibrary.libnet.info/event/17370168","https://addtocalendar.com/atc/yahoo?utz=0&uln=en-US@posix&vjs=1.5&e[0][date_start]=2026-10-21%2019%3A00%3A00&e[0][date_end]=2026-10-21%2020%3A00%3A00&e[0][timezone]=America%2FChicago&e[0][title]=Genealogy%20Research%20Discussion%20Hour&e[0][location]=Online%20-%20",FAILED,""
"https://urbanafreelibrary.libnet.info/event/13876091","https://addtocalendar.com/atc/ical?utz=0&uln=en-US@posix&vjs=1.5&e[0][date_start]=2026-10-22%2010%3A15%3A00&e[0][date_end]=2026-10-22%2010%3A40%3A00&e[0][timezone]=America%2FChicago&e[0][title]=Crafty%20Tales&e[0][location]=The%20Urbana%20Free%20Library%20-%20The%20Lewis%20Auditorium",FAILED,""
"https://urbanafreelibrary.libnet.info/event/13876091","https://addtocalendar.com/atc/google?utz=0&uln=en-US@posix&vjs=1.5&e[0][date_start]=2026-10-22%2010%3A15%3A00&e[0][date_end]=2026-10-22%2010%3A40%3A00&e[0][timezone]=America%2FChicago&e[0][title]=Crafty%20Tales&e[0][location]=The%20Urbana%20Free%20Library%20-%20The%20Lewis%20Auditorium",FAILED,""
"https://urbanafreelibrary.libnet.info/event/13876091","https://addtocalendar.com/atc/outlook?utz=0&uln=en-US@posix&vjs=1.5&e[0][date_start]=2026-10-22%2010%3A15%3A00&e[0][date_end]=2026-10-22%2010%3A40%3A00&e[0][timezone]=America%2FChicago&e[0][title]=Crafty%20Tales&e[0][location]=The%20Urbana%20Free%20Library%20-%20The%20Lewis%20Auditorium",FAILED,""
"https://urbanafreelibrary.libnet.info/event/13876091","https://addtocalendar.com/atc/outlookonline?utz=0&uln=en-US@posix&vjs=1.5&e[0][date_start]=2026-10-22%2010%3A15%3A00&e[0][date_end]=2026-10-22%2010%3A40%3A00&e[0][timezone]=America%2FChicago&e[0][title]=Crafty%20Tales&e[0][location]=The%20Urbana%20Free%20Library%20-%20The%20Lewis%20Auditorium",FAILED,""
"https://urbanafreelibrary.libnet.info/event/13876091","https://addtocalendar.com/atc/yahoo?utz=0&uln=en-US@posix&vjs=1.5&e[0][date_start]=2026-10-22%2010%3A15%3A00&e[0][date_end]=2026-10-22%2010%3A40%3A00&e[0][timezone]=America%2FChicago&e[0][title]=Crafty%20Tales&e[0][location]=The%20Urbana%20Free%20Library%20-%20The%20Lewis%20Auditorium",FAILED,""
"https://urbanafreelibrary.libnet.info/event/15410955","https://addtocalendar.com/atc/ical?utz=0&uln=en-US@posix&vjs=1.5&e[0][date_start]=2026-10-22%2012%3A00%3A00&e[0][date_end]=2026-10-22%2013%3A30%3A00&e[0][timezone]=America%2FChicago&e[0][title]=Senior%20Happy%20Hour&e[0][location]=The%20Urbana%20Free%20Library%20-%20MacFarlane-Hood%20Reading%20Room",FAILED,""
"https://urbanafreelibrary.libnet.info/event/15410955","https://addtocalendar.com/atc/google?utz=0&uln=en-US@posix&vjs=1.5&e[0][date_start]=2026-10-22%2012%3A00%3A00&e[0][date_end]=2026-10-22%2013%3A30%3A00&e[0][timezone]=America%2FChicago&e[0][title]=Senior%20Happy%20Hour&e[0][location]=The%20Urbana%20Free%20Library%20-%20MacFarlane-Hood%20Reading%20Room",FAILED,""
"https://urbanafreelibrary.libnet.info/event/15410955","https://addtocalendar.com/atc/outlook?utz=0&uln=en-US@posix&vjs=1.5&e[0][date_start]=2026-10-22%2012%3A00%3A00&e[0][date_end]=2026-10-22%2013%3A30%3A00&e[0][timezone]=America%2FChicago&e[0][title]=Senior%20Happy%20Hour&e[0][location]=The%20Urbana%20Free%20Library%20-%20MacFarlane-Hood%20Reading%20Room",FAILED,""
"https://urbanafreelibrary.libnet.info/event/15410955","https://addtocalendar.com/atc/outlookonline?utz=0&uln=en-US@posix&vjs=1.5&e[0][date_start]=2026-10-22%2012%3A00%3A00&e[0][date_end]=2026-10-22%2013%3A30%3A00&e[0][timezone]=America%2FChicago&e[0][title]=Senior%20Happy%20Hour&e[0][location]=The%20Urbana%20Free%20Library%20-%20MacFarlane-Hood%20Reading%20Room",FAILED,""
"https://urbanafreelibrary.libnet.info/event/15410955","https://addtocalendar.com/atc/yahoo?utz=0&uln=en-US@posix&vjs=1.5&e[0][date_start]=2026-10-22%2012%3A00%3A00&e[0][date_end]=2026-10-22%2013%3A30%3A00&e[0][timezone]=America%2FChicago&e[0][title]=Senior%20Happy%20Hour&e[0][location]=The%20Urbana%20Free%20Library%20-%20MacFarlane-Hood%20Reading%20Room",FAILED,""
"https://urbanafreelibrary.libnet.info/event/17264607","https://addtocalendar.com/atc/ical?utz=0&uln=en-US@posix&vjs=1.5&e[0][date_start]=2026-10-22%2015%3A00%3A00&e[0][date_end]=2026-10-22%2017%3A30%3A00&e[0][timezone]=America%2FChicago&e[0][title]=Teen%20Open%20Lab&e[0][location]=The%20Urbana%20Free%20Library%20-%20The%20Lewis%20Auditorium",FAILED,""
"https://urbanafreelibrary.libnet.info/event/17264607","https://addtocalendar.com/atc/google?utz=0&uln=en-US@posix&vjs=1.5&e[0][date_start]=2026-10-22%2015%3A00%3A00&e[0][date_end]=2026-10-22%2017%3A30%3A00&e[0][timezone]=America%2FChicago&e[0][title]=Teen%20Open%20Lab&e[0][location]=The%20Urbana%20Free%20Library%20-%20The%20Lewis%20Auditorium",FAILED,""
"https://urbanafreelibrary.libnet.info/event/17264607","https://addtocalendar.com/atc/outlook?utz=0&uln=en-US@posix&vjs=1.5&e[0][date_start]=2026-10-22%2015%3A00%3A00&e[0][date_end]=2026-10-22%2017%3A30%3A00&e[0][timezone]=America%2FChicago&e[0][title]=Teen%20Open%20Lab&e[0][location]=The%20Urbana%20Free%20Library%20-%20The%20Lewis%20Auditorium",FAILED,""
"https://urbanafreelibrary.libnet.info/event/17264607","https://addtocalendar.com/atc/outlookonline?utz=0&uln=en-US@posix&vjs=1.5&e[0][date_start]=2026-10-22%2015%3A00%3A00&e[0][date_end]=2026-10-22%2017%3A30%3A00&e[0][timezone]=America%2FChicago&e[0][title]=Teen%20Open%20Lab&e[0][location]=The%20Urbana%20Free%20Library%20-%20The%20Lewis%20Auditorium",FAILED,""
"https://urbanafreelibrary.libnet.info/event/17264607","https://addtocalendar.com/atc/yahoo?utz=0&uln=en-US@posix&vjs=1.5&e[0][date_start]=2026-10-22%2015%3A00%3A00&e[0][date_end]=2026-10-22%2017%3A30%3A00&e[0][timezone]=America%2FChicago&e[0][title]=Teen%20Open%20Lab&e[0][location]=The%20Urbana%20Free%20Library%20-%20The%20Lewis%20Auditorium",FAILED,""
"https://urbanafreelibrary.libnet.info/event/16897102","https://addtocalendar.com/atc/ical?utz=0&uln=en-US@posix&vjs=1.5&e[0][date_start]=2026-10-23%2016%3A00%3A00&e[0][date_end]=2026-10-23%2017%3A00%3A00&e[0][timezone]=America%2FChicago&e[0][title]=Write%20On!&e[0][location]=The%20Urbana%20Free%20Library%20-%20The%20Lewis%20Auditorium",FAILED,""
"https://urbanafreelibrary.libnet.info/event/16897102","https://addtocalendar.com/atc/google?utz=0&uln=en-US@posix&vjs=1.5&e[0][date_start]=2026-10-23%2016%3A00%3A00&e[0][date_end]=2026-10-23%2017%3A00%3A00&e[0][timezone]=America%2FChicago&e[0][title]=Write%20On!&e[0][location]=The%20Urbana%20Free%20Library%20-%20The%20Lewis%20Auditorium",FAILED,""
"https://urbanafreelibrary.libnet.info/event/16897102","https://addtocalendar.com/atc/outlook?utz=0&uln=en-US@posix&vjs=1.5&e[0][date_start]=2026-10-23%2016%3A00%3A00&e[0][date_end]=2026-10-23%2017%3A00%3A00&e[0][timezone]=America%2FChicago&e[0][title]=Write%20On!&e[0][location]=The%20Urbana%20Free%20Library%20-%20The%20Lewis%20Auditorium",FAILED,""
"https://urbanafreelibrary.libnet.info/event/16897102","https://addtocalendar.com/atc/outlookonline?utz=0&uln=en-US@posix&vjs=1.5&e[0][date_start]=2026-10-23%2016%3A00%3A00&e[0][date_end]=2026-10-23%2017%3A00%3A00&e[0][timezone]=America%2FChicago&e[0][title]=Write%20On!&e[0][location]=The%20Urbana%20Free%20Library%20-%20The%20Lewis%20Auditorium",FAILED,""
"https://urbanafreelibrary.libnet.info/event/16897102","https://addtocalendar.com/atc/yahoo?utz=0&uln=en-US@posix&vjs=1.5&e[0][date_start]=2026-10-23%2016%3A00%3A00&e[0][date_end]=2026-10-23%2017%3A00%3A00&e[0][timezone]=America%2FChicago&e[0][title]=Write%20On!&e[0][location]=The%20Urbana%20Free%20Library%20-%20The%20Lewis%20Auditorium",FAILED,""
"https://urbanafreelibrary.libnet.info/event/16874172","https://addtocalendar.com/atc/ical?utz=0&uln=en-US@posix&vjs=1.5&e[0][date_start]=2026-10-24%2014%3A00%3A00&e[0][date_end]=2026-10-24%2015%3A00%3A00&e[0][timezone]=America%2FChicago&e[0][title]=Jump%20Into%20Science&e[0][location]=The%20Urbana%20Free%20Library%20-%20The%20Lewis%20Auditorium",FAILED,""
"https://urbanafreelibrary.libnet.info/event/16874172","https://addtocalendar.com/atc/google?utz=0&uln=en-US@posix&vjs=1.5&e[0][date_start]=2026-10-24%2014%3A00%3A00&e[0][date_end]=2026-10-24%2015%3A00%3A00&e[0][timezone]=America%2FChicago&e[0][title]=Jump%20Into%20Science&e[0][location]=The%20Urbana%20Free%20Library%20-%20The%20Lewis%20Auditorium",FAILED,""
"https://urbanafreelibrary.libnet.info/event/16874172","https://addtocalendar.com/atc/outlook?utz=0&uln=en-US@posix&vjs=1.5&e[0][date_start]=2026-10-24%2014%3A00%3A00&e[0][date_end]=2026-10-24%2015%3A00%3A00&e[0][timezone]=America%2FChicago&e[0][title]=Jump%20Into%20Science&e[0][location]=The%20Urbana%20Free%20Library%20-%20The%20Lewis%20Auditorium",FAILED,""
"https://urbanafreelibrary.libnet.info/event/16874172","https://addtocalendar.com/atc/outlookonline?utz=0&uln=en-US@posix&vjs=1.5&e[0][date_start]=2026-10-24%2014%3A00%3A00&e[0][date_end]=2026-10-24%2015%3A00%3A00&e[0][timezone]=America%2FChicago&e[0][title]=Jump%20Into%20Science&e[0][location]=The%20Urbana%20Free%20Library%20-%20The%20Lewis%20Auditorium",FAILED,""
"https://urbanafreelibrary.libnet.info/event/16874172","https://addtocalendar.com/atc/yahoo?utz=0&uln=en-US@posix&vjs=1.5&e[0][date_start]=2026-10-24%2014%3A00%3A00&e[0][date_end]=2026-10-24%2015%3A00%3A00&e[0][timezone]=America%2FChicago&e[0][title]=Jump%20Into%20Science&e[0][location]=The%20Urbana%20Free%20Library%20-%20The%20Lewis%20Auditorium",FAILED,""
"https://urbanafreelibrary.libnet.info/event/16603860","https://addtocalendar.com/atc/ical?utz=0&uln=en-US@posix&vjs=1.5&e[0][date_start]=2026-10-26%2010%3A00%3A00&e[0][date_end]=2026-10-26%2012%3A00%3A00&e[0][timezone]=America%2FChicago&e[0][title]=Project%20Read&e[0][location]=The%20Urbana%20Free%20Library%20-%20The%20Lewis%20Auditorium",FAILED,""
"https://urbanafreelibrary.libnet.info/event/16603860","https://addtocalendar.com/atc/google?utz=0&uln=en-US@posix&vjs=1.5&e[0][date_start]=2026-10-26%2010%3A00%3A00&e[0][date_end]=2026-10-26%2012%3A00%3A00&e[0][timezone]=America%2FChicago&e[0][title]=Project%20Read&e[0][location]=The%20Urbana%20Free%20Library%20-%20The%20Lewis%20Auditorium",FAILED,""
"https://urbanafreelibrary.libnet.info/event/16603860","https://addtocalendar.com/atc/outlook?utz=0&uln=en-US@posix&vjs=1.5&e[0][date_start]=2026-10-26%2010%3A00%3A00&e[0][date_end]=2026-10-26%2012%3A00%3A00&e[0][timezone]=America%2FChicago&e[0][title]=Project%20Read&e[0][location]=The%20Urbana%20Free%20Library%20-%20The%20Lewis%20Auditorium",FAILED,""
"https://urbanafreelibrary.libnet.info/event/16603860","https://addtocalendar.com/atc/outlookonline?utz=0&uln=en-US@posix&vjs=1.5&e[0][date_start]=2026-10-26%2010%3A00%3A00&e[0][date_end]=2026-10-26%2012%3A00%3A00&e[0][timezone]=America%2FChicago&e[0][title]=Project%20Read&e[0][location]=The%20Urbana%20Free%20Library%20-%20The%20Lewis%20Auditorium",FAILED,""
"https://urbanafreelibrary.libnet.info/event/16603860","https://addtocalendar.com/atc/yahoo?utz=0&uln=en-US@posix&vjs=1.5&e[0][date_start]=2026-10-26%2010%3A00%3A00&e[0][date_end]=2026-10-26%2012%3A00%3A00&e[0][timezone]=America%2FChicago&e[0][title]=Project%20Read&e[0][location]=The%20Urbana%20Free%20Library%20-%20The%20Lewis%20Auditorium",FAILED,""
"https://urbanafreelibrary.libnet.info/event/15337275","https://addtocalendar.com/atc/ical?utz=0&uln=en-US@posix&vjs=1.5&e[0][date_start]=2026-10-26%2018%3A30%3A00&e[0][date_end]=2026-10-26%2019%3A30%3A00&e[0][timezone]=America%2FChicago&e[0][title]=Swipe%20Right%3A%20A%20Romance%20Book%20Club&e[0][location]=The%20Urbana%20Free%20Library%20-%20The%20Lewis%20Auditorium",FAILED,""
"https://urbanafreelibrary.libnet.info/event/15337275","https://addtocalendar.com/atc/google?utz=0&uln=en-US@posix&vjs=1.5&e[0][date_start]=2026-10-26%2018%3A30%3A00&e[0][date_end]=2026-10-26%2019%3A30%3A00&e[0][timezone]=America%2FChicago&e[0][title]=Swipe%20Right%3A%20A%20Romance%20Book%20Club&e[0][location]=The%20Urbana%20Free%20Library%20-%20The%20Lewis%20Auditorium",FAILED,""
"https://urbanafreelibrary.libnet.info/event/15337275","https://addtocalendar.com/atc/outlook?utz=0&uln=en-US@posix&vjs=1.5&e[0][date_start]=2026-10-26%2018%3A30%3A00&e[0][date_end]=2026-10-26%2019%3A30%3A00&e[0][timezone]=America%2FChicago&e[0][title]=Swipe%20Right%3A%20A%20Romance%20Book%20Club&e[0][location]=The%20Urbana%20Free%20Library%20-%20The%20Lewis%20Auditorium",FAILED,""
"https://urbanafreelibrary.libnet.info/event/15337275","https://addtocalendar.com/atc/outlookonline?utz=0&uln=en-US@posix&vjs=1.5&e[0][date_start]=2026-10-26%2018%3A30%3A00&e[0][date_end]=2026-10-26%2019%3A30%3A00&e[0][timezone]=America%2FChicago&e[0][title]=Swipe%20Right%3A%20A%20Romance%20Book%20Club&e[0][location]=The%20Urbana%20Free%20Library%20-%20The%20Lewis%20Auditorium",FAILED,""
"https://urbanafreelibrary.libnet.info/event/15337275","https://addtocalendar.com/atc/yahoo?utz=0&uln=en-US@posix&vjs=1.5&e[0][date_start]=2026-10-26%2018%3A30%3A00&e[0][date_end]=2026-10-26%2019%3A30%3A00&e[0][timezone]=America%2FChicago&e[0][title]=Swipe%20Right%3A%20A%20Romance%20Book%20Club&e[0][location]=The%20Urbana%20Free%20Library%20-%20The%20Lewis%20Auditorium",FAILED,""
"https://urbanafreelibrary.libnet.info/event/13876068","https://addtocalendar.com/atc/ical?utz=0&uln=en-US@posix&vjs=1.5&e[0][date_start]=2026-10-27%2010%3A15%3A00&e[0][date_end]=2026-10-27%2010%3A40%3A00&e[0][timezone]=America%2FChicago&e[0][title]=Books%20and%20Bounces!&e[0][location]=The%20Urbana%20Free%20Library%20-%20The%20Lewis%20Auditorium",FAILED,""
"https://urbanafreelibrary.libnet.info/event/13876068","https://addtocalendar.com/atc/google?utz=0&uln=en-US@posix&vjs=1.5&e[0][date_start]=2026-10-27%2010%3A15%3A00&e[0][date_end]=2026-10-27%2010%3A40%3A00&e[0][timezone]=America%2FChicago&e[0][title]=Books%20and%20Bounces!&e[0][location]=The%20Urbana%20Free%20Library%20-%20The%20Lewis%20Auditorium",FAILED,""
"https://urbanafreelibrary.libnet.info/event/13876068","https://addtocalendar.com/atc/outlook?utz=0&uln=en-US@posix&vjs=1.5&e[0][date_start]=2026-10-27%2010%3A15%3A00&e[0][date_end]=2026-10-27%2010%3A40%3A00&e[0][timezone]=America%2FChicago&e[0][title]=Books%20and%20Bounces!&e[0][location]=The%20Urbana%20Free%20Library%20-%20The%20Lewis%20Auditorium",FAILED,""
"https://urbanafreelibrary.libnet.info/event/13876068","https://addtocalendar.com/atc/outlookonline?utz=0&uln=en-US@posix&vjs=1.5&e[0][date_start]=2026-10-27%2010%3A15%3A00&e[0][date_end]=2026-10-27%2010%3A40%3A00&e[0][timezone]=America%2FChicago&e[0][title]=Books%20and%20Bounces!&e[0][location]=The%20Urbana%20Free%20Library%20-%20The%20Lewis%20Auditorium",FAILED,""
"https://urbanafreelibrary.libnet.info/event/13876068","https://addtocalendar.com/atc/yahoo?utz=0&uln=en-US@posix&vjs=1.5&e[0][date_start]=2026-10-27%2010%3A15%3A00&e[0][date_end]=2026-10-27%2010%3A40%3A00&e[0][timezone]=America%2FChicago&e[0][title]=Books%20and%20Bounces!&e[0][location]=The%20Urbana%20Free%20Library%20-%20The%20Lewis%20Auditorium",FAILED,""
"https://urbanafreelibrary.libnet.info/event/16318093","https://addtocalendar.com/atc/ical?utz=0&uln=en-US@posix&vjs=1.5&e[0][date_start]=2026-10-27%2011%3A00%3A00&e[0][date_end]=2026-10-27%2013%3A00%3A00&e[0][timezone]=America%2FChicago&e[0][title]=Champaign%20County%20Health%20Care%20Consumers%20&e[0][location]=The%20Urbana%20Free%20Library%20-%20",FAILED,""
"https://urbanafreelibrary.libnet.info/event/16318093","https://addtocalendar.com/atc/google?utz=0&uln=en-US@posix&vjs=1.5&e[0][date_start]=2026-10-27%2011%3A00%3A00&e[0][date_end]=2026-10-27%2013%3A00%3A00&e[0][timezone]=America%2FChicago&e[0][title]=Champaign%20County%20Health%20Care%20Consumers%20&e[0][location]=The%20Urbana%20Free%20Library%20-%20",FAILED,""
"https://urbanafreelibrary.libnet.info/event/16318093","https://addtocalendar.com/atc/outlook?utz=0&uln=en-US@posix&vjs=1.5&e[0][date_start]=2026-10-27%2011%3A00%3A00&e[0][date_end]=2026-10-27%2013%3A00%3A00&e[0][timezone]=America%2FChicago&e[0][title]=Champaign%20County%20Health%20Care%20Consumers%20&e[0][location]=The%20Urbana%20Free%20Library%20-%20",FAILED,""
"https://urbanafreelibrary.libnet.info/event/16318093","https://addtocalendar.com/atc/outlookonline?utz=0&uln=en-US@posix&vjs=1.5&e[0][date_start]=2026-10-27%2011%3A00%3A00&e[0][date_end]=2026-10-27%2013%3A00%3A00&e[0][timezone]=America%2FChicago&e[0][title]=Champaign%20County%20Health%20Care%20Consumers%20&e[0][location]=The%20Urbana%20Free%20Library%20-%20",FAILED,""
"https://urbanafreelibrary.libnet.info/event/16318093","https://addtocalendar.com/atc/yahoo?utz=0&uln=en-US@posix&vjs=1.5&e[0][date_start]=2026-10-27%2011%3A00%3A00&e[0][date_end]=2026-10-27%2013%3A00%3A00&e[0][timezone]=America%2FChicago&e[0][title]=Champaign%20County%20Health%20Care%20Consumers%20&e[0][location]=The%20Urbana%20Free%20Library%20-%20",FAILED,""
"https://urbanafreelibrary.libnet.info/event/17265135","https://addtocalendar.com/atc/ical?utz=0&uln=en-US@posix&vjs=1.5&e[0][date_start]=2026-10-27%2015%3A00%3A00&e[0][date_end]=2026-10-27%2017%3A30%3A00&e[0][timezone]=America%2FChicago&e[0][title]=Teen%20Open%20Lab&e[0][location]=The%20Urbana%20Free%20Library%20-%20The%20Lewis%20Auditorium",FAILED,""
"https://urbanafreelibrary.libnet.info/event/17265135","https://addtocalendar.com/atc/google?utz=0&uln=en-US@posix&vjs=1.5&e[0][date_start]=2026-10-27%2015%3A00%3A00&e[0][date_end]=2026-10-27%2017%3A30%3A00&e[0][timezone]=America%2FChicago&e[0][title]=Teen%20Open%20Lab&e[0][location]=The%20Urbana%20Free%20Library%20-%20The%20Lewis%20Auditorium",FAILED,""
"https://urbanafreelibrary.libnet.info/event/17265135","https://addtocalendar.com/atc/outlook?utz=0&uln=en-US@posix&vjs=1.5&e[0][date_start]=2026-10-27%2015%3A00%3A00&e[0][date_end]=2026-10-27%2017%3A30%3A00&e[0][timezone]=America%2FChicago&e[0][title]=Teen%20Open%20Lab&e[0][location]=The%20Urbana%20Free%20Library%20-%20The%20Lewis%20Auditorium",FAILED,""
"https://urbanafreelibrary.libnet.info/event/17265135","https://addtocalendar.com/atc/outlookonline?utz=0&uln=en-US@posix&vjs=1.5&e[0][date_start]=2026-10-27%2015%3A00%3A00&e[0][date_end]=2026-10-27%2017%3A30%3A00&e[0][timezone]=America%2FChicago&e[0][title]=Teen%20Open%20Lab&e[0][location]=The%20Urbana%20Free%20Library%20-%20The%20Lewis%20Auditorium",FAILED,""
"https://urbanafreelibrary.libnet.info/event/17265135","https://addtocalendar.com/atc/yahoo?utz=0&uln=en-US@posix&vjs=1.5&e[0][date_start]=2026-10-27%2015%3A00%3A00&e[0][date_end]=2026-10-27%2017%3A30%3A00&e[0][timezone]=America%2FChicago&e[0][title]=Teen%20Open%20Lab&e[0][location]=The%20Urbana%20Free%20Library%20-%20The%20Lewis%20Auditorium",FAILED,""
"https://urbanafreelibrary.libnet.info/event/17120421","https://addtocalendar.com/atc/ical?utz=0&uln=en-US@posix&vjs=1.5&e[0][date_start]=2026-10-27%2018%3A00%3A00&e[0][date_end]=2026-10-27%2019%3A30%3A00&e[0][timezone]=America%2FChicago&e[0][title]=Puzzling%20Colors%20Club&e[0][location]=The%20Urbana%20Free%20Library%20-%20The%20Lewis%20Auditorium",FAILED,""
"https://urbanafreelibrary.libnet.info/event/17120421","https://addtocalendar.com/atc/google?utz=0&uln=en-US@posix&vjs=1.5&e[0][date_start]=2026-10-27%2018%3A00%3A00&e[0][date_end]=2026-10-27%2019%3A30%3A00&e[0][timezone]=America%2FChicago&e[0][title]=Puzzling%20Colors%20Club&e[0][location]=The%20Urbana%20Free%20Library%20-%20The%20Lewis%20Auditorium",FAILED,""
"https://urbanafreelibrary.libnet.info/event/17120421","https://addtocalendar.com/atc/outlook?utz=0&uln=en-US@posix&vjs=1.5&e[0][date_start]=2026-10-27%2018%3A00%3A00&e[0][date_end]=2026-10-27%2019%3A30%3A00&e[0][timezone]=America%2FChicago&e[0][title]=Puzzling%20Colors%20Club&e[0][location]=The%20Urbana%20Free%20Library%20-%20The%20Lewis%20Auditorium",FAILED,""
"https://urbanafreelibrary.libnet.info/event/17120421","https://addtocalendar.com/atc/outlookonline?utz=0&uln=en-US@posix&vjs=1.5&e[0][date_start]=2026-10-27%2018%3A00%3A00&e[0][date_end]=2026-10-27%2019%3A30%3A00&e[0][timezone]=America%2FChicago&e[0][title]=Puzzling%20Colors%20Club&e[0][location]=The%20Urbana%20Free%20Library%20-%20The%20Lewis%20Auditorium",FAILED,""
"https://urbanafreelibrary.libnet.info/event/17120421","https://addtocalendar.com/atc/yahoo?utz=0&uln=en-US@posix&vjs=1.5&e[0][date_start]=2026-10-27%2018%3A00%3A00&e[0][date_end]=2026-10-27%2019%3A30%3A00&e[0][timezone]=America%2FChicago&e[0][title]=Puzzling%20Colors%20Club&e[0][location]=The%20Urbana%20Free%20Library%20-%20The%20Lewis%20Auditorium",FAILED,""
"https://urbanafreelibrary.libnet.info/event/15606580","https://addtocalendar.com/atc/ical?utz=0&uln=en-US@posix&vjs=1.5&e[0][date_start]=2026-10-28%2010%3A00%3A00&e[0][date_end]=2026-10-28%2011%3A30%3A00&e[0][timezone]=America%2FChicago&e[0][title]=Project%20READ%20Conversation%20Group&e[0][location]=The%20Urbana%20Free%20Library%20-%20The%20Lewis%20Auditorium",FAILED,""
"https://urbanafreelibrary.libnet.info/event/15606580","https://addtocalendar.com/atc/google?utz=0&uln=en-US@posix&vjs=1.5&e[0][date_start]=2026-10-28%2010%3A00%3A00&e[0][date_end]=2026-10-28%2011%3A30%3A00&e[0][timezone]=America%2FChicago&e[0][title]=Project%20READ%20Conversation%20Group&e[0][location]=The%20Urbana%20Free%20Library%20-%20The%20Lewis%20Auditorium",FAILED,""
"https://urbanafreelibrary.libnet.info/event/15606580","https://addtocalendar.com/atc/outlook?utz=0&uln=en-US@posix&vjs=1.5&e[0][date_start]=2026-10-28%2010%3A00%3A00&e[0][date_end]=2026-10-28%2011%3A30%3A00&e[0][timezone]=America%2FChicago&e[0][title]=Project%20READ%20Conversation%20Group&e[0][location]=The%20Urbana%20Free%20Library%20-%20The%20Lewis%20Auditorium",FAILED,""
"https://urbanafreelibrary.libnet.info/event/15606580","https://addtocalendar.com/atc/outlookonline?utz=0&uln=en-US@posix&vjs=1.5&e[0][date_start]=2026-10-28%2010%3A00%3A00&e[0][date_end]=2026-10-28%2011%3A30%3A00&e[0][timezone]=America%2FChicago&e[0][title]=Project%20READ%20Conversation%20Group&e[0][location]=The%20Urbana%20Free%20Library%20-%20The%20Lewis%20Auditorium",FAILED,""
"https://urbanafreelibrary.libnet.info/event/15606580","https://addtocalendar.com/atc/yahoo?utz=0&uln=en-US@posix&vjs=1.5&e[0][date_start]=2026-10-28%2010%3A00%3A00&e[0][date_end]=2026-10-28%2011%3A30%3A00&e[0][timezone]=America%2FChicago&e[0][title]=Project%20READ%20Conversation%20Group&e[0][location]=The%20Urbana%20Free%20Library%20-%20The%20Lewis%20Auditorium",FAILED,""
"https://urbanafreelibrary.libnet.info/event/17264235","https://addtocalendar.com/atc/ical?utz=0&uln=en-US@posix&vjs=1.5&e[0][date_start]=2026-10-28%2015%3A00%3A00&e[0][date_end]=2026-10-28%2017%3A30%3A00&e[0][timezone]=America%2FChicago&e[0][title]=Teen%20Open%20Lab&e[0][location]=The%20Urbana%20Free%20Library%20-%20The%20Lewis%20Auditorium",FAILED,""
"https://urbanafreelibrary.libnet.info/event/17264235","https://addtocalendar.com/atc/google?utz=0&uln=en-US@posix&vjs=1.5&e[0][date_start]=2026-10-28%2015%3A00%3A00&e[0][date_end]=2026-10-28%2017%3A30%3A00&e[0][timezone]=America%2FChicago&e[0][title]=Teen%20Open%20Lab&e[0][location]=The%20Urbana%20Free%20Library%20-%20The%20Lewis%20Auditorium",FAILED,""
"https://urbanafreelibrary.libnet.info/event/17264235","https://addtocalendar.com/atc/outlook?utz=0&uln=en-US@posix&vjs=1.5&e[0][date_start]=2026-10-28%2015%3A00%3A00&e[0][date_end]=2026-10-28%2017%3A30%3A00&e[0][timezone]=America%2FChicago&e[0][title]=Teen%20Open%20Lab&e[0][location]=The%20Urbana%20Free%20Library%20-%20The%20Lewis%20Auditorium",FAILED,""
"https://urbanafreelibrary.libnet.info/event/17264235","https://addtocalendar.com/atc/outlookonline?utz=0&uln=en-US@posix&vjs=1.5&e[0][date_start]=2026-10-28%2015%3A00%3A00&e[0][date_end]=2026-10-28%2017%3A30%3A00&e[0][timezone]=America%2FChicago&e[0][title]=Teen%20Open%20Lab&e[0][location]=The%20Urbana%20Free%20Library%20-%20The%20Lewis%20Auditorium",FAILED,""
"https://urbanafreelibrary.libnet.info/event/17264235","https://addtocalendar.com/atc/yahoo?utz=0&uln=en-US@posix&vjs=1.5&e[0][date_start]=2026-10-28%2015%3A00%3A00&e[0][date_end]=2026-10-28%2017%3A30%3A00&e[0][timezone]=America%2FChicago&e[0][title]=Teen%20Open%20Lab&e[0][location]=The%20Urbana%20Free%20Library%20-%20The%20Lewis%20Auditorium",FAILED,""
"https://urbanafreelibrary.libnet.info/event/13876092","https://addtocalendar.com/atc/ical?utz=0&uln=en-US@posix&vjs=1.5&e[0][date_start]=2026-10-29%2010%3A15%3A00&e[0][date_end]=2026-10-29%2010%3A45%3A00&e[0][timezone]=America%2FChicago&e[0][title]=Crafty%20Tales&e[0][location]=The%20Urbana%20Free%20Library%20-%20The%20Lewis%20Auditorium",FAILED,""
"https://urbanafreelibrary.libnet.info/event/13876092","https://addtocalendar.com/atc/google?utz=0&uln=en-US@posix&vjs=1.5&e[0][date_start]=2026-10-29%2010%3A15%3A00&e[0][date_end]=2026-10-29%2010%3A45%3A00&e[0][timezone]=America%2FChicago&e[0][title]=Crafty%20Tales&e[0][location]=The%20Urbana%20Free%20Library%20-%20The%20Lewis%20Auditorium",FAILED,""
"https://urbanafreelibrary.libnet.info/event/13876092","https://addtocalendar.com/atc/outlook?utz=0&uln=en-US@posix&vjs=1.5&e[0][date_start]=2026-10-29%2010%3A15%3A00&e[0][date_end]=2026-10-29%2010%3A45%3A00&e[0][timezone]=America%2FChicago&e[0][title]=Crafty%20Tales&e[0][location]=The%20Urbana%20Free%20Library%20-%20The%20Lewis%20Auditorium",FAILED,""
"https://urbanafreelibrary.libnet.info/event/13876092","https://addtocalendar.com/atc/outlookonline?utz=0&uln=en-US@posix&vjs=1.5&e[0][date_start]=2026-10-29%2010%3A15%3A00&e[0][date_end]=2026-10-29%2010%3A45%3A00&e[0][timezone]=America%2FChicago&e[0][title]=Crafty%20Tales&e[0][location]=The%20Urbana%20Free%20Library%20-%20The%20Lewis%20Auditorium",FAILED,""
"https://urbanafreelibrary.libnet.info/event/13876092","https://addtocalendar.com/atc/yahoo?utz=0&uln=en-US@posix&vjs=1.5&e[0][date_start]=2026-10-29%2010%3A15%3A00&e[0][date_end]=2026-10-29%2010%3A45%3A00&e[0][timezone]=America%2FChicago&e[0][title]=Crafty%20Tales&e[0][location]=The%20Urbana%20Free%20Library%20-%20The%20Lewis%20Auditorium",FAILED,""
"https://urbanafreelibrary.libnet.info/event/17264608","https://addtocalendar.com/atc/ical?utz=0&uln=en-US@posix&vjs=1.5&e[0][date_start]=2026-10-29%2015%3A00%3A00&e[0][date_end]=2026-10-29%2017%3A30%3A00&e[0][timezone]=America%2FChicago&e[0][title]=Teen%20Open%20Lab&e[0][location]=The%20Urbana%20Free%20Library%20-%20The%20Lewis%20Auditorium",FAILED,""
"https://urbanafreelibrary.libnet.info/event/17264608","https://addtocalendar.com/atc/google?utz=0&uln=en-US@posix&vjs=1.5&e[0][date_start]=2026-10-29%2015%3A00%3A00&e[0][date_end]=2026-10-29%2017%3A30%3A00&e[0][timezone]=America%2FChicago&e[0][title]=Teen%20Open%20Lab&e[0][location]=The%20Urbana%20Free%20Library%20-%20The%20Lewis%20Auditorium",FAILED,""
"https://urbanafreelibrary.libnet.info/event/17264608","https://addtocalendar.com/atc/outlook?utz=0&uln=en-US@posix&vjs=1.5&e[0][date_start]=2026-10-29%2015%3A00%3A00&e[0][date_end]=2026-10-29%2017%3A30%3A00&e[0][timezone]=America%2FChicago&e[0][title]=Teen%20Open%20Lab&e[0][location]=The%20Urbana%20Free%20Library%20-%20The%20Lewis%20Auditorium",FAILED,""
"https://urbanafreelibrary.libnet.info/event/17264608","https://addtocalendar.com/atc/outlookonline?utz=0&uln=en-US@posix&vjs=1.5&e[0][date_start]=2026-10-29%2015%3A00%3A00&e[0][date_end]=2026-10-29%2017%3A30%3A00&e[0][timezone]=America%2FChicago&e[0][title]=Teen%20Open%20Lab&e[0][location]=The%20Urbana%20Free%20Library%20-%20The%20Lewis%20Auditorium",FAILED,""
"https://urbanafreelibrary.libnet.info/event/17264608","https://addtocalendar.com/atc/yahoo?utz=0&uln=en-US@posix&vjs=1.5&e[0][date_start]=2026-10-29%2015%3A00%3A00&e[0][date_end]=2026-10-29%2017%3A30%3A00&e[0][timezone]=America%2FChicago&e[0][title]=Teen%20Open%20Lab&e[0][location]=The%20Urbana%20Free%20Library%20-%20The%20Lewis%20Auditorium",FAILED,""
"https://urbanafreelibrary.libnet.info/event/17042067","https://addtocalendar.com/atc/ical?utz=0&uln=en-US@posix&vjs=1.5&e[0][date_start]=2026-10-31%2011%3A00%3A00&e[0][date_end]=2026-10-31%2011%3A30%3A00&e[0][timezone]=America%2FChicago&e[0][title]=Concert%20for%20Kids&e[0][location]=The%20Urbana%20Free%20Library%20-%20The%20Lewis%20Auditorium",FAILED,""
"https://urbanafreelibrary.libnet.info/event/17042067","https://addtocalendar.com/atc/google?utz=0&uln=en-US@posix&vjs=1.5&e[0][date_start]=2026-10-31%2011%3A00%3A00&e[0][date_end]=2026-10-31%2011%3A30%3A00&e[0][timezone]=America%2FChicago&e[0][title]=Concert%20for%20Kids&e[0][location]=The%20Urbana%20Free%20Library%20-%20The%20Lewis%20Auditorium",FAILED,""
"https://urbanafreelibrary.libnet.info/event/17042067","https://addtocalendar.com/atc/outlook?utz=0&uln=en-US@posix&vjs=1.5&e[0][date_start]=2026-10-31%2011%3A00%3A00&e[0][date_end]=2026-10-31%2011%3A30%3A00&e[0][timezone]=America%2FChicago&e[0][title]=Concert%20for%20Kids&e[0][location]=The%20Urbana%20Free%20Library%20-%20The%20Lewis%20Auditorium",FAILED,""
"https://urbanafreelibrary.libnet.info/event/17042067","https://addtocalendar.com/atc/outlookonline?utz=0&uln=en-US@posix&vjs=1.5&e[0][date_start]=2026-10-31%2011%3A00%3A00&e[0][date_end]=2026-10-31%2011%3A30%3A00&e[0][timezone]=America%2FChicago&e[0][title]=Concert%20for%20Kids&e[0][location]=The%20Urbana%20Free%20Library%20-%20The%20Lewis%20Auditorium",FAILED,""
"https://urbanafreelibrary.libnet.info/event/17042067","https://addtocalendar.com/atc/yahoo?utz=0&uln=en-US@posix&vjs=1.5&e[0][date_start]=2026-10-31%2011%3A00%3A00&e[0][date_end]=2026-10-31%2011%3A30%3A00&e[0][timezone]=America%2FChicago&e[0][title]=Concert%20for%20Kids&e[0][location]=The%20Urbana%20Free%20Library%20-%20The%20Lewis%20Auditorium",FAILED,""
"https://urbanafreelibrary.libnet.info/event/16960625","https://addtocalendar.com/atc/ical?utz=0&uln=en-US@posix&vjs=1.5&e[0][date_start]=2026-10-31%2013%3A00%3A00&e[0][date_end]=2026-10-31%2016%3A00%3A00&e[0][timezone]=America%2FChicago&e[0][title]=Library%20Trick%20or%20Treat&e[0][location]=The%20Urbana%20Free%20Library%20-%20The%20Lewis%20Auditorium%2C%20Library%2C%20The%20Satterthwaite%20Conference%20Room",FAILED,""
"https://urbanafreelibrary.libnet.info/event/16960625","https://addtocalendar.com/atc/google?utz=0&uln=en-US@posix&vjs=1.5&e[0][date_start]=2026-10-31%2013%3A00%3A00&e[0][date_end]=2026-10-31%2016%3A00%3A00&e[0][timezone]=America%2FChicago&e[0][title]=Library%20Trick%20or%20Treat&e[0][location]=The%20Urbana%20Free%20Library%20-%20The%20Lewis%20Auditorium%2C%20Library%2C%20The%20Satterthwaite%20Conference%20Room",FAILED,""
"https://urbanafreelibrary.libnet.info/event/16960625","https://addtocalendar.com/atc/outlook?utz=0&uln=en-US@posix&vjs=1.5&e[0][date_start]=2026-10-31%2013%3A00%3A00&e[0][date_end]=2026-10-31%2016%3A00%3A00&e[0][timezone]=America%2FChicago&e[0][title]=Library%20Trick%20or%20Treat&e[0][location]=The%20Urbana%20Free%20Library%20-%20The%20Lewis%20Auditorium%2C%20Library%2C%20The%20Satterthwaite%20Conference%20Room",FAILED,""
"https://urbanafreelibrary.libnet.info/event/16960625","https://addtocalendar.com/atc/outlookonline?utz=0&uln=en-US@posix&vjs=1.5&e[0][date_start]=2026-10-31%2013%3A00%3A00&e[0][date_end]=2026-10-31%2016%3A00%3A00&e[0][timezone]=America%2FChicago&e[0][title]=Library%20Trick%20or%20Treat&e[0][location]=The%20Urbana%20Free%20Library%20-%20The%20Lewis%20Auditorium%2C%20Library%2C%20The%20Satterthwaite%20Conference%20Room",FAILED,""
"https://urbanafreelibrary.libnet.info/event/16960625","https://addtocalendar.com/atc/yahoo?utz=0&uln=en-US@posix&vjs=1.5&e[0][date_start]=2026-10-31%2013%3A00%3A00&e[0][date_end]=2026-10-31%2016%3A00%3A00&e[0][timezone]=America%2FChicago&e[0][title]=Library%20Trick%20or%20Treat&e[0][location]=The%20Urbana%20Free%20Library%20-%20The%20Lewis%20Auditorium%2C%20Library%2C%20The%20Satterthwaite%20Conference%20Room",FAILED,""
"https://urbanafreelibrary.libnet.info/event/17168310","https://addtocalendar.com/atc/ical?utz=0&uln=en-US@posix&vjs=1.5&e[0][date_start]=2026-10-31%2013%3A00%3A00&e[0][date_end]=2026-10-31%2014%3A00%3A00&e[0][timezone]=America%2FChicago&e[0][title]=Mt.%20Hope%20Cemetery%20Walk&e[0][location]=Mt.%20Hope%20Cemetery%20-%20",FAILED,""
"https://urbanafreelibrary.libnet.info/event/17168310","https://addtocalendar.com/atc/google?utz=0&uln=en-US@posix&vjs=1.5&e[0][date_start]=2026-10-31%2013%3A00%3A00&e[0][date_end]=2026-10-31%2014%3A00%3A00&e[0][timezone]=America%2FChicago&e[0][title]=Mt.%20Hope%20Cemetery%20Walk&e[0][location]=Mt.%20Hope%20Cemetery%20-%20",FAILED,""
"https://urbanafreelibrary.libnet.info/event/17168310","https://addtocalendar.com/atc/outlook?utz=0&uln=en-US@posix&vjs=1.5&e[0][date_start]=2026-10-31%2013%3A00%3A00&e[0][date_end]=2026-10-31%2014%3A00%3A00&e[0][timezone]=America%2FChicago&e[0][title]=Mt.%20Hope%20Cemetery%20Walk&e[0][location]=Mt.%20Hope%20Cemetery%20-%20",FAILED,""
"https://urbanafreelibrary.libnet.info/event/17168310","https://addtocalendar.com/atc/outlookonline?utz=0&uln=en-US@posix&vjs=1.5&e[0][date_start]=2026-10-31%2013%3A00%3A00&e[0][date_end]=2026-10-31%2014%3A00%3A00&e[0][timezone]=America%2FChicago&e[0][title]=Mt.%20Hope%20Cemetery%20Walk&e[0][location]=Mt.%20Hope%20Cemetery%20-%20",FAILED,""
"https://urbanafreelibrary.libnet.info/event/17168310","https://addtocalendar.com/atc/yahoo?utz=0&uln=en-US@posix&vjs=1.5&e[0][date_start]=2026-10-31%2013%3A00%3A00&e[0][date_end]=2026-10-31%2014%3A00%3A00&e[0][timezone]=America%2FChicago&e[0][title]=Mt.%20Hope%20Cemetery%20Walk&e[0][location]=Mt.%20Hope%20Cemetery%20-%20",FAILED,""
"https://urbanafreelibrary.libnet.info/event/16524437","https://addtocalendar.com/atc/ical?utz=0&uln=en-US@posix&vjs=1.5&e[0][date_start]=2026-11-01%2000%3A00%3A00&e[0][date_end]=2026-11-01%2023%3A59%3A00&e[0][timezone]=America%2FChicago&e[0][title]=Make%20and%20Take%20Craft&e[0][location]=The%20Urbana%20Free%20Library%20-%20Children%27s%20Area",FAILED,""
"https://urbanafreelibrary.libnet.info/event/16524437","https://addtocalendar.com/atc/google?utz=0&uln=en-US@posix&vjs=1.5&e[0][date_start]=2026-11-01%2000%3A00%3A00&e[0][date_end]=2026-11-01%2023%3A59%3A00&e[0][timezone]=America%2FChicago&e[0][title]=Make%20and%20Take%20Craft&e[0][location]=The%20Urbana%20Free%20Library%20-%20Children%27s%20Area",FAILED,""
"https://urbanafreelibrary.libnet.info/event/16524437","https://addtocalendar.com/atc/outlook?utz=0&uln=en-US@posix&vjs=1.5&e[0][date_start]=2026-11-01%2000%3A00%3A00&e[0][date_end]=2026-11-01%2023%3A59%3A00&e[0][timezone]=America%2FChicago&e[0][title]=Make%20and%20Take%20Craft&e[0][location]=The%20Urbana%20Free%20Library%20-%20Children%27s%20Area",FAILED,""
"https://urbanafreelibrary.libnet.info/event/16524437","https://addtocalendar.com/atc/outlookonline?utz=0&uln=en-US@posix&vjs=1.5&e[0][date_start]=2026-11-01%2000%3A00%3A00&e[0][date_end]=2026-11-01%2023%3A59%3A00&e[0][timezone]=America%2FChicago&e[0][title]=Make%20and%20Take%20Craft&e[0][location]=The%20Urbana%20Free%20Library%20-%20Children%27s%20Area",FAILED,""
"https://urbanafreelibrary.libnet.info/event/16524437","https://addtocalendar.com/atc/yahoo?utz=0&uln=en-US@posix&vjs=1.5&e[0][date_start]=2026-11-01%2000%3A00%3A00&e[0][date_end]=2026-11-01%2023%3A59%3A00&e[0][timezone]=America%2FChicago&e[0][title]=Make%20and%20Take%20Craft&e[0][location]=The%20Urbana%20Free%20Library%20-%20Children%27s%20Area",FAILED,""
"https://urbanafreelibrary.libnet.info/event/16909618","https://addtocalendar.com/atc/ical?utz=0&uln=en-US@posix&vjs=1.5&e[0][date_start]=2026-11-01%2014%3A00%3A00&e[0][date_end]=2026-11-01%2016%3A00%3A00&e[0][timezone]=America%2FChicago&e[0][title]=Calling%20all%20Writers%20for%20Youth!%20-%20First%20Pages&e[0][location]=The%20Urbana%20Free%20Library%20-%20The%20Lewis%20Auditorium",FAILED,""
"https://urbanafreelibrary.libnet.info/event/16909618","https://addtocalendar.com/atc/google?utz=0&uln=en-US@posix&vjs=1.5&e[0][date_start]=2026-11-01%2014%3A00%3A00&e[0][date_end]=2026-11-01%2016%3A00%3A00&e[0][timezone]=America%2FChicago&e[0][title]=Calling%20all%20Writers%20for%20Youth!%20-%20First%20Pages&e[0][location]=The%20Urbana%20Free%20Library%20-%20The%20Lewis%20Auditorium",FAILED,""
"https://urbanafreelibrary.libnet.info/event/16909618","https://addtocalendar.com/atc/outlook?utz=0&uln=en-US@posix&vjs=1.5&e[0][date_start]=2026-11-01%2014%3A00%3A00&e[0][date_end]=2026-11-01%2016%3A00%3A00&e[0][timezone]=America%2FChicago&e[0][title]=Calling%20all%20Writers%20for%20Youth!%20-%20First%20Pages&e[0][location]=The%20Urbana%20Free%20Library%20-%20The%20Lewis%20Auditorium",FAILED,""
"https://urbanafreelibrary.libnet.info/event/16909618","https://addtocalendar.com/atc/outlookonline?utz=0&uln=en-US@posix&vjs=1.5&e[0][date_start]=2026-11-01%2014%3A00%3A00&e[0][date_end]=2026-11-01%2016%3A00%3A00&e[0][timezone]=America%2FChicago&e[0][title]=Calling%20all%20Writers%20for%20Youth!%20-%20First%20Pages&e[0][location]=The%20Urbana%20Free%20Library%20-%20The%20Lewis%20Auditorium",FAILED,""
"https://urbanafreelibrary.libnet.info/event/16909618","https://addtocalendar.com/atc/yahoo?utz=0&uln=en-US@posix&vjs=1.5&e[0][date_start]=2026-11-01%2014%3A00%3A00&e[0][date_end]=2026-11-01%2016%3A00%3A00&e[0][timezone]=America%2FChicago&e[0][title]=Calling%20all%20Writers%20for%20Youth!%20-%20First%20Pages&e[0][location]=The%20Urbana%20Free%20Library%20-%20The%20Lewis%20Auditorium",FAILED,""
"https://urbanafreelibrary.libnet.info/event/16603861","https://addtocalendar.com/atc/ical?utz=0&uln=en-US@posix&vjs=1.5&e[0][date_start]=2026-11-02%2010%3A00%3A00&e[0][date_end]=2026-11-02%2012%3A00%3A00&e[0][timezone]=America%2FChicago&e[0][title]=Project%20Read&e[0][location]=The%20Urbana%20Free%20Library%20-%20The%20Lewis%20Auditorium",FAILED,""
"https://urbanafreelibrary.libnet.info/event/16603861","https://addtocalendar.com/atc/google?utz=0&uln=en-US@posix&vjs=1.5&e[0][date_start]=2026-11-02%2010%3A00%3A00&e[0][date_end]=2026-11-02%2012%3A00%3A00&e[0][timezone]=America%2FChicago&e[0][title]=Project%20Read&e[0][location]=The%20Urbana%20Free%20Library%20-%20The%20Lewis%20Auditorium",FAILED,""
"https://urbanafreelibrary.libnet.info/event/16603861","https://addtocalendar.com/atc/outlook?utz=0&uln=en-US@posix&vjs=1.5&e[0][date_start]=2026-11-02%2010%3A00%3A00&e[0][date_end]=2026-11-02%2012%3A00%3A00&e[0][timezone]=America%2FChicago&e[0][title]=Project%20Read&e[0][location]=The%20Urbana%20Free%20Library%20-%20The%20Lewis%20Auditorium",FAILED,""
"https://urbanafreelibrary.libnet.info/event/16603861","https://addtocalendar.com/atc/outlookonline?utz=0&uln=en-US@posix&vjs=1.5&e[0][date_start]=2026-11-02%2010%3A00%3A00&e[0][date_end]=2026-11-02%2012%3A00%3A00&e[0][timezone]=America%2FChicago&e[0][title]=Project%20Read&e[0][location]=The%20Urbana%20Free%20Library%20-%20The%20Lewis%20Auditorium",FAILED,""
"https://urbanafreelibrary.libnet.info/event/16603861","https://addtocalendar.com/atc/yahoo?utz=0&uln=en-US@posix&vjs=1.5&e[0][date_start]=2026-11-02%2010%3A00%3A00&e[0][date_end]=2026-11-02%2012%3A00%3A00&e[0][timezone]=America%2FChicago&e[0][title]=Project%20Read&e[0][location]=The%20Urbana%20Free%20Library%20-%20The%20Lewis%20Auditorium",FAILED,""
"https://urbanafreelibrary.libnet.info/event/16373766","https://addtocalendar.com/atc/ical?utz=0&uln=en-US@posix&vjs=1.5&e[0][date_start]=2026-11-02%2010%3A30%3A00&e[0][date_end]=2026-11-02%2012%3A00%3A00&e[0][timezone]=America%2FChicago&e[0][title]=Project%20READ%20-%20Introduction%20to%20Tutoring&e[0][location]=The%20Urbana%20Free%20Library%20-%20The%20Satterthwaite%20Conference%20Room",FAILED,""
"https://urbanafreelibrary.libnet.info/event/16373766","https://addtocalendar.com/atc/google?utz=0&uln=en-US@posix&vjs=1.5&e[0][date_start]=2026-11-02%2010%3A30%3A00&e[0][date_end]=2026-11-02%2012%3A00%3A00&e[0][timezone]=America%2FChicago&e[0][title]=Project%20READ%20-%20Introduction%20to%20Tutoring&e[0][location]=The%20Urbana%20Free%20Library%20-%20The%20Satterthwaite%20Conference%20Room",FAILED,""
"https://urbanafreelibrary.libnet.info/event/16373766","https://addtocalendar.com/atc/outlook?utz=0&uln=en-US@posix&vjs=1.5&e[0][date_start]=2026-11-02%2010%3A30%3A00&e[0][date_end]=2026-11-02%2012%3A00%3A00&e[0][timezone]=America%2FChicago&e[0][title]=Project%20READ%20-%20Introduction%20to%20Tutoring&e[0][location]=The%20Urbana%20Free%20Library%20-%20The%20Satterthwaite%20Conference%20Room",FAILED,""
"https://urbanafreelibrary.libnet.info/event/16373766","https://addtocalendar.com/atc/outlookonline?utz=0&uln=en-US@posix&vjs=1.5&e[0][date_start]=2026-11-02%2010%3A30%3A00&e[0][date_end]=2026-11-02%2012%3A00%3A00&e[0][timezone]=America%2FChicago&e[0][title]=Project%20READ%20-%20Introduction%20to%20Tutoring&e[0][location]=The%20Urbana%20Free%20Library%20-%20The%20Satterthwaite%20Conference%20Room",FAILED,""
"https://urbanafreelibrary.libnet.info/event/16373766","https://addtocalendar.com/atc/yahoo?utz=0&uln=en-US@posix&vjs=1.5&e[0][date_start]=2026-11-02%2010%3A30%3A00&e[0][date_end]=2026-11-02%2012%3A00%3A00&e[0][timezone]=America%2FChicago&e[0][title]=Project%20READ%20-%20Introduction%20to%20Tutoring&e[0][location]=The%20Urbana%20Free%20Library%20-%20The%20Satterthwaite%20Conference%20Room",FAILED,""
"https://urbanafreelibrary.libnet.info/event/16826556","https://addtocalendar.com/atc/ical?utz=0&uln=en-US@posix&vjs=1.5&e[0][date_start]=2026-11-02%2015%3A45%3A00&e[0][date_end]=2026-11-02%2018%3A00%3A00&e[0][timezone]=America%2FChicago&e[0][title]=Teen%20Movie%20Monday&e[0][location]=The%20Urbana%20Free%20Library%20-%20The%20Lewis%20Auditorium",FAILED,""
"https://urbanafreelibrary.libnet.info/event/16826556","https://addtocalendar.com/atc/google?utz=0&uln=en-US@posix&vjs=1.5&e[0][date_start]=2026-11-02%2015%3A45%3A00&e[0][date_end]=2026-11-02%2018%3A00%3A00&e[0][timezone]=America%2FChicago&e[0][title]=Teen%20Movie%20Monday&e[0][location]=The%20Urbana%20Free%20Library%20-%20The%20Lewis%20Auditorium",FAILED,""
"https://urbanafreelibrary.libnet.info/event/16826556","https://addtocalendar.com/atc/outlook?utz=0&uln=en-US@posix&vjs=1.5&e[0][date_start]=2026-11-02%2015%3A45%3A00&e[0][date_end]=2026-11-02%2018%3A00%3A00&e[0][timezone]=America%2FChicago&e[0][title]=Teen%20Movie%20Monday&e[0][location]=The%20Urbana%20Free%20Library%20-%20The%20Lewis%20Auditorium",FAILED,""
"https://urbanafreelibrary.libnet.info/event/16826556","https://addtocalendar.com/atc/outlookonline?utz=0&uln=en-US@posix&vjs=1.5&e[0][date_start]=2026-11-02%2015%3A45%3A00&e[0][date_end]=2026-11-02%2018%3A00%3A00&e[0][timezone]=America%2FChicago&e[0][title]=Teen%20Movie%20Monday&e[0][location]=The%20Urbana%20Free%20Library%20-%20The%20Lewis%20Auditorium",FAILED,""
"https://urbanafreelibrary.libnet.info/event/16826556","https://addtocalendar.com/atc/yahoo?utz=0&uln=en-US@posix&vjs=1.5&e[0][date_start]=2026-11-02%2015%3A45%3A00&e[0][date_end]=2026-11-02%2018%3A00%3A00&e[0][timezone]=America%2FChicago&e[0][title]=Teen%20Movie%20Monday&e[0][location]=The%20Urbana%20Free%20Library%20-%20The%20Lewis%20Auditorium",FAILED,""
"https://urbanafreelibrary.libnet.info/event/17217960","https://addtocalendar.com/atc/ical?utz=0&uln=en-US@posix&vjs=1.5&e[0][date_start]=2026-11-02%2018%3A00%3A00&e[0][date_end]=2026-11-02%2019%3A00%3A00&e[0][timezone]=America%2FChicago&e[0][title]=Quiet%20Book%20Club&e[0][location]=The%20Urbana%20Free%20Library%20-%20Busey-Mills%20Reading%20Room",FAILED,""
"https://urbanafreelibrary.libnet.info/event/17217960","https://addtocalendar.com/atc/google?utz=0&uln=en-US@posix&vjs=1.5&e[0][date_start]=2026-11-02%2018%3A00%3A00&e[0][date_end]=2026-11-02%2019%3A00%3A00&e[0][timezone]=America%2FChicago&e[0][title]=Quiet%20Book%20Club&e[0][location]=The%20Urbana%20Free%20Library%20-%20Busey-Mills%20Reading%20Room",FAILED,""
"https://urbanafreelibrary.libnet.info/event/17217960","https://addtocalendar.com/atc/outlook?utz=0&uln=en-US@posix&vjs=1.5&e[0][date_start]=2026-11-02%2018%3A00%3A00&e[0][date_end]=2026-11-02%2019%3A00%3A00&e[0][timezone]=America%2FChicago&e[0][title]=Quiet%20Book%20Club&e[0][location]=The%20Urbana%20Free%20Library%20-%20Busey-Mills%20Reading%20Room",FAILED,""
"https://urbanafreelibrary.libnet.info/event/17217960","https://addtocalendar.com/atc/outlookonline?utz=0&uln=en-US@posix&vjs=1.5&e[0][date_start]=2026-11-02%2018%3A00%3A00&e[0][date_end]=2026-11-02%2019%3A00%3A00&e[0][timezone]=America%2FChicago&e[0][title]=Quiet%20Book%20Club&e[0][location]=The%20Urbana%20Free%20Library%20-%20Busey-Mills%20Reading%20Room",FAILED,""
"https://urbanafreelibrary.libnet.info/event/17217960","https://addtocalendar.com/atc/yahoo?utz=0&uln=en-US@posix&vjs=1.5&e[0][date_start]=2026-11-02%2018%3A00%3A00&e[0][date_end]=2026-11-02%2019%3A00%3A00&e[0][timezone]=America%2FChicago&e[0][title]=Quiet%20Book%20Club&e[0][location]=The%20Urbana%20Free%20Library%20-%20Busey-Mills%20Reading%20Room",FAILED,""
"https://urbanafreelibrary.libnet.info/event/14621693","https://addtocalendar.com/atc/ical?utz=0&uln=en-US@posix&vjs=1.5&e[0][date_start]=2026-11-03%2006%3A00%3A00&e[0][date_end]=2026-11-03%2019%3A00%3A00&e[0][timezone]=America%2FChicago&e[0][title]=2026%20General%20Election&e[0][location]=The%20Urbana%20Free%20Library%20-%20MacFarlane-Hood%20Reading%20Room",FAILED,""
"https://urbanafreelibrary.libnet.info/event/14621693","https://addtocalendar.com/atc/google?utz=0&uln=en-US@posix&vjs=1.5&e[0][date_start]=2026-11-03%2006%3A00%3A00&e[0][date_end]=2026-11-03%2019%3A00%3A00&e[0][timezone]=America%2FChicago&e[0][title]=2026%20General%20Election&e[0][location]=The%20Urbana%20Free%20Library%20-%20MacFarlane-Hood%20Reading%20Room",FAILED,""
"https://urbanafreelibrary.libnet.info/event/14621693","https://addtocalendar.com/atc/outlook?utz=0&uln=en-US@posix&vjs=1.5&e[0][date_start]=2026-11-03%2006%3A00%3A00&e[0][date_end]=2026-11-03%2019%3A00%3A00&e[0][timezone]=America%2FChicago&e[0][title]=2026%20General%20Election&e[0][location]=The%20Urbana%20Free%20Library%20-%20MacFarlane-Hood%20Reading%20Room",FAILED,""
"https://urbanafreelibrary.libnet.info/event/14621693","https://addtocalendar.com/atc/outlookonline?utz=0&uln=en-US@posix&vjs=1.5&e[0][date_start]=2026-11-03%2006%3A00%3A00&e[0][date_end]=2026-11-03%2019%3A00%3A00&e[0][timezone]=America%2FChicago&e[0][title]=2026%20General%20Election&e[0][location]=The%20Urbana%20Free%20Library%20-%20MacFarlane-Hood%20Reading%20Room",FAILED,""
"https://urbanafreelibrary.libnet.info/event/14621693","https://addtocalendar.com/atc/yahoo?utz=0&uln=en-US@posix&vjs=1.5&e[0][date_start]=2026-11-03%2006%3A00%3A00&e[0][date_end]=2026-11-03%2019%3A00%3A00&e[0][timezone]=America%2FChicago&e[0][title]=2026%20General%20Election&e[0][location]=The%20Urbana%20Free%20Library%20-%20MacFarlane-Hood%20Reading%20Room",FAILED,""
"https://urbanafreelibrary.libnet.info/event/13876101","https://addtocalendar.com/atc/ical?utz=0&uln=en-US@posix&vjs=1.5&e[0][date_start]=2026-11-03%2010%3A15%3A00&e[0][date_end]=2026-11-03%2010%3A40%3A00&e[0][timezone]=America%2FChicago&e[0][title]=Books%20and%20Bounces!&e[0][location]=The%20Urbana%20Free%20Library%20-%20The%20Lewis%20Auditorium",FAILED,""
"https://urbanafreelibrary.libnet.info/event/13876101","https://addtocalendar.com/atc/google?utz=0&uln=en-US@posix&vjs=1.5&e[0][date_start]=2026-11-03%2010%3A15%3A00&e[0][date_end]=2026-11-03%2010%3A40%3A00&e[0][timezone]=America%2FChicago&e[0][title]=Books%20and%20Bounces!&e[0][location]=The%20Urbana%20Free%20Library%20-%20The%20Lewis%20Auditorium",FAILED,""
"https://urbanafreelibrary.libnet.info/event/13876101","https://addtocalendar.com/atc/outlook?utz=0&uln=en-US@posix&vjs=1.5&e[0][date_start]=2026-11-03%2010%3A15%3A00&e[0][date_end]=2026-11-03%2010%3A40%3A00&e[0][timezone]=America%2FChicago&e[0][title]=Books%20and%20Bounces!&e[0][location]=The%20Urbana%20Free%20Library%20-%20The%20Lewis%20Auditorium",FAILED,""
"https://urbanafreelibrary.libnet.info/event/13876101","https://addtocalendar.com/atc/outlookonline?utz=0&uln=en-US@posix&vjs=1.5&e[0][date_start]=2026-11-03%2010%3A15%3A00&e[0][date_end]=2026-11-03%2010%3A40%3A00&e[0][timezone]=America%2FChicago&e[0][title]=Books%20and%20Bounces!&e[0][location]=The%20Urbana%20Free%20Library%20-%20The%20Lewis%20Auditorium",FAILED,""
"https://urbanafreelibrary.libnet.info/event/13876101","https://addtocalendar.com/atc/yahoo?utz=0&uln=en-US@posix&vjs=1.5&e[0][date_start]=2026-11-03%2010%3A15%3A00&e[0][date_end]=2026-11-03%2010%3A40%3A00&e[0][timezone]=America%2FChicago&e[0][title]=Books%20and%20Bounces!&e[0][location]=The%20Urbana%20Free%20Library%20-%20The%20Lewis%20Auditorium",FAILED,""
"https://urbanafreelibrary.libnet.info/event/17265136","https://addtocalendar.com/atc/ical?utz=0&uln=en-US@posix&vjs=1.5&e[0][date_start]=2026-11-03%2015%3A00%3A00&e[0][date_end]=2026-11-03%2017%3A30%3A00&e[0][timezone]=America%2FChicago&e[0][title]=Teen%20Open%20Lab&e[0][location]=The%20Urbana%20Free%20Library%20-%20The%20Lewis%20Auditorium",FAILED,""
"https://urbanafreelibrary.libnet.info/event/17265136","https://addtocalendar.com/atc/google?utz=0&uln=en-US@posix&vjs=1.5&e[0][date_start]=2026-11-03%2015%3A00%3A00&e[0][date_end]=2026-11-03%2017%3A30%3A00&e[0][timezone]=America%2FChicago&e[0][title]=Teen%20Open%20Lab&e[0][location]=The%20Urbana%20Free%20Library%20-%20The%20Lewis%20Auditorium",FAILED,""
"https://urbanafreelibrary.libnet.info/event/17265136","https://addtocalendar.com/atc/outlook?utz=0&uln=en-US@posix&vjs=1.5&e[0][date_start]=2026-11-03%2015%3A00%3A00&e[0][date_end]=2026-11-03%2017%3A30%3A00&e[0][timezone]=America%2FChicago&e[0][title]=Teen%20Open%20Lab&e[0][location]=The%20Urbana%20Free%20Library%20-%20The%20Lewis%20Auditorium",FAILED,""
"https://urbanafreelibrary.libnet.info/event/17265136","https://addtocalendar.com/atc/outlookonline?utz=0&uln=en-US@posix&vjs=1.5&e[0][date_start]=2026-11-03%2015%3A00%3A00&e[0][date_end]=2026-11-03%2017%3A30%3A00&e[0][timezone]=America%2FChicago&e[0][title]=Teen%20Open%20Lab&e[0][location]=The%20Urbana%20Free%20Library%20-%20The%20Lewis%20Auditorium",FAILED,""
"https://urbanafreelibrary.libnet.info/event/17265136","https://addtocalendar.com/atc/yahoo?utz=0&uln=en-US@posix&vjs=1.5&e[0][date_start]=2026-11-03%2015%3A00%3A00&e[0][date_end]=2026-11-03%2017%3A30%3A00&e[0][timezone]=America%2FChicago&e[0][title]=Teen%20Open%20Lab&e[0][location]=The%20Urbana%20Free%20Library%20-%20The%20Lewis%20Auditorium",FAILED,""
"https://urbanafreelibrary.libnet.info/event/17471701","https://addtocalendar.com/atc/ical?utz=0&uln=en-US@posix&vjs=1.5&e[0][date_start]=2026-11-03%2018%3A00%3A00&e[0][date_end]=2026-11-03%2019%3A00%3A00&e[0][timezone]=America%2FChicago&e[0][title]=Craft%20Happy%20Hour%3A%20Eraser%20Prints!&e[0][location]=The%20Urbana%20Free%20Library%20-%20The%20Lewis%20Auditorium",FAILED,""
"https://urbanafreelibrary.libnet.info/event/17471701","https://addtocalendar.com/atc/google?utz=0&uln=en-US@posix&vjs=1.5&e[0][date_start]=2026-11-03%2018%3A00%3A00&e[0][date_end]=2026-11-03%2019%3A00%3A00&e[0][timezone]=America%2FChicago&e[0][title]=Craft%20Happy%20Hour%3A%20Eraser%20Prints!&e[0][location]=The%20Urbana%20Free%20Library%20-%20The%20Lewis%20Auditorium",FAILED,""
"https://urbanafreelibrary.libnet.info/event/17471701","https://addtocalendar.com/atc/outlook?utz=0&uln=en-US@posix&vjs=1.5&e[0][date_start]=2026-11-03%2018%3A00%3A00&e[0][date_end]=2026-11-03%2019%3A00%3A00&e[0][timezone]=America%2FChicago&e[0][title]=Craft%20Happy%20Hour%3A%20Eraser%20Prints!&e[0][location]=The%20Urbana%20Free%20Library%20-%20The%20Lewis%20Auditorium",FAILED,""
"https://urbanafreelibrary.libnet.info/event/17471701","https://addtocalendar.com/atc/outlookonline?utz=0&uln=en-US@posix&vjs=1.5&e[0][date_start]=2026-11-03%2018%3A00%3A00&e[0][date_end]=2026-11-03%2019%3A00%3A00&e[0][timezone]=America%2FChicago&e[0][title]=Craft%20Happy%20Hour%3A%20Eraser%20Prints!&e[0][location]=The%20Urbana%20Free%20Library%20-%20The%20Lewis%20Auditorium",FAILED,""
"https://urbanafreelibrary.libnet.info/event/17471701","https://addtocalendar.com/atc/yahoo?utz=0&uln=en-US@posix&vjs=1.5&e[0][date_start]=2026-11-03%2018%3A00%3A00&e[0][date_end]=2026-11-03%2019%3A00%3A00&e[0][timezone]=America%2FChicago&e[0][title]=Craft%20Happy%20Hour%3A%20Eraser%20Prints!&e[0][location]=The%20Urbana%20Free%20Library%20-%20The%20Lewis%20Auditorium",FAILED,""
"https://urbanafreelibrary.libnet.info/event/17264236","https://addtocalendar.com/atc/ical?utz=0&uln=en-US@posix&vjs=1.5&e[0][date_start]=2026-11-04%2015%3A00%3A00&e[0][date_end]=2026-11-04%2017%3A30%3A00&e[0][timezone]=America%2FChicago&e[0][title]=Teen%20Open%20Lab&e[0][location]=The%20Urbana%20Free%20Library%20-%20The%20Lewis%20Auditorium",FAILED,""
"https://urbanafreelibrary.libnet.info/event/17264236","https://addtocalendar.com/atc/google?utz=0&uln=en-US@posix&vjs=1.5&e[0][date_start]=2026-11-04%2015%3A00%3A00&e[0][date_end]=2026-11-04%2017%3A30%3A00&e[0][timezone]=America%2FChicago&e[0][title]=Teen%20Open%20Lab&e[0][location]=The%20Urbana%20Free%20Library%20-%20The%20Lewis%20Auditorium",FAILED,""
"https://urbanafreelibrary.libnet.info/event/17264236","https://addtocalendar.com/atc/outlook?utz=0&uln=en-US@posix&vjs=1.5&e[0][date_start]=2026-11-04%2015%3A00%3A00&e[0][date_end]=2026-11-04%2017%3A30%3A00&e[0][timezone]=America%2FChicago&e[0][title]=Teen%20Open%20Lab&e[0][location]=The%20Urbana%20Free%20Library%20-%20The%20Lewis%20Auditorium",FAILED,""
"https://urbanafreelibrary.libnet.info/event/17264236","https://addtocalendar.com/atc/outlookonline?utz=0&uln=en-US@posix&vjs=1.5&e[0][date_start]=2026-11-04%2015%3A00%3A00&e[0][date_end]=2026-11-04%2017%3A30%3A00&e[0][timezone]=America%2FChicago&e[0][title]=Teen%20Open%20Lab&e[0][location]=The%20Urbana%20Free%20Library%20-%20The%20Lewis%20Auditorium",FAILED,""
"https://urbanafreelibrary.libnet.info/event/17264236","https://addtocalendar.com/atc/yahoo?utz=0&uln=en-US@posix&vjs=1.5&e[0][date_start]=2026-11-04%2015%3A00%3A00&e[0][date_end]=2026-11-04%2017%3A30%3A00&e[0][timezone]=America%2FChicago&e[0][title]=Teen%20Open%20Lab&e[0][location]=The%20Urbana%20Free%20Library%20-%20The%20Lewis%20Auditorium",FAILED,""
"https://urbanafreelibrary.libnet.info/event/13876149","https://addtocalendar.com/atc/ical?utz=0&uln=en-US@posix&vjs=1.5&e[0][date_start]=2026-11-05%2010%3A15%3A00&e[0][date_end]=2026-11-05%2010%3A45%3A00&e[0][timezone]=America%2FChicago&e[0][title]=Crafty%20Tales&e[0][location]=The%20Urbana%20Free%20Library%20-%20The%20Lewis%20Auditorium",FAILED,""
"https://urbanafreelibrary.libnet.info/event/13876149","https://addtocalendar.com/atc/google?utz=0&uln=en-US@posix&vjs=1.5&e[0][date_start]=2026-11-05%2010%3A15%3A00&e[0][date_end]=2026-11-05%2010%3A45%3A00&e[0][timezone]=America%2FChicago&e[0][title]=Crafty%20Tales&e[0][location]=The%20Urbana%20Free%20Library%20-%20The%20Lewis%20Auditorium",FAILED,""
"https://urbanafreelibrary.libnet.info/event/13876149","https://addtocalendar.com/atc/outlook?utz=0&uln=en-US@posix&vjs=1.5&e[0][date_start]=2026-11-05%2010%3A15%3A00&e[0][date_end]=2026-11-05%2010%3A45%3A00&e[0][timezone]=America%2FChicago&e[0][title]=Crafty%20Tales&e[0][location]=The%20Urbana%20Free%20Library%20-%20The%20Lewis%20Auditorium",FAILED,""
"https://urbanafreelibrary.libnet.info/event/13876149","https://addtocalendar.com/atc/outlookonline?utz=0&uln=en-US@posix&vjs=1.5&e[0][date_start]=2026-11-05%2010%3A15%3A00&e[0][date_end]=2026-11-05%2010%3A45%3A00&e[0][timezone]=America%2FChicago&e[0][title]=Crafty%20Tales&e[0][location]=The%20Urbana%20Free%20Library%20-%20The%20Lewis%20Auditorium",FAILED,""
"https://urbanafreelibrary.libnet.info/event/13876149","https://addtocalendar.com/atc/yahoo?utz=0&uln=en-US@posix&vjs=1.5&e[0][date_start]=2026-11-05%2010%3A15%3A00&e[0][date_end]=2026-11-05%2010%3A45%3A00&e[0][timezone]=America%2FChicago&e[0][title]=Crafty%20Tales&e[0][location]=The%20Urbana%20Free%20Library%20-%20The%20Lewis%20Auditorium",FAILED,""
"https://urbanafreelibrary.libnet.info/event/17446166","https://addtocalendar.com/atc/ical?utz=0&uln=en-US@posix&vjs=1.5&e[0][date_start]=2026-11-05%2012%3A00%3A00&e[0][date_end]=2026-11-05%2013%3A30%3A00&e[0][timezone]=America%2FChicago&e[0][title]=Senior%20Happy%20Hour&e[0][location]=The%20Urbana%20Free%20Library%20-%20MacFarlane-Hood%20Reading%20Room",FAILED,""
"https://urbanafreelibrary.libnet.info/event/17446166","https://addtocalendar.com/atc/google?utz=0&uln=en-US@posix&vjs=1.5&e[0][date_start]=2026-11-05%2012%3A00%3A00&e[0][date_end]=2026-11-05%2013%3A30%3A00&e[0][timezone]=America%2FChicago&e[0][title]=Senior%20Happy%20Hour&e[0][location]=The%20Urbana%20Free%20Library%20-%20MacFarlane-Hood%20Reading%20Room",FAILED,""
"https://urbanafreelibrary.libnet.info/event/17446166","https://addtocalendar.com/atc/outlook?utz=0&uln=en-US@posix&vjs=1.5&e[0][date_start]=2026-11-05%2012%3A00%3A00&e[0][date_end]=2026-11-05%2013%3A30%3A00&e[0][timezone]=America%2FChicago&e[0][title]=Senior%20Happy%20Hour&e[0][location]=The%20Urbana%20Free%20Library%20-%20MacFarlane-Hood%20Reading%20Room",FAILED,""
"https://urbanafreelibrary.libnet.info/event/17446166","https://addtocalendar.com/atc/outlookonline?utz=0&uln=en-US@posix&vjs=1.5&e[0][date_start]=2026-11-05%2012%3A00%3A00&e[0][date_end]=2026-11-05%2013%3A30%3A00&e[0][timezone]=America%2FChicago&e[0][title]=Senior%20Happy%20Hour&e[0][location]=The%20Urbana%20Free%20Library%20-%20MacFarlane-Hood%20Reading%20Room",FAILED,""
"https://urbanafreelibrary.libnet.info/event/17446166","https://addtocalendar.com/atc/yahoo?utz=0&uln=en-US@posix&vjs=1.5&e[0][date_start]=2026-11-05%2012%3A00%3A00&e[0][date_end]=2026-11-05%2013%3A30%3A00&e[0][timezone]=America%2FChicago&e[0][title]=Senior%20Happy%20Hour&e[0][location]=The%20Urbana%20Free%20Library%20-%20MacFarlane-Hood%20Reading%20Room",FAILED,""
"https://urbanafreelibrary.libnet.info/event/17269117","https://addtocalendar.com/atc/ical?utz=0&uln=en-US@posix&vjs=1.5&e[0][date_start]=2026-11-05%2015%3A00%3A00&e[0][date_end]=2026-11-05%2017%3A00%3A00&e[0][timezone]=America%2FChicago&e[0][title]=Teen%20Open%20Lab&e[0][location]=The%20Urbana%20Free%20Library%20-%20The%20Lewis%20Auditorium",FAILED,""
"https://urbanafreelibrary.libnet.info/event/17269117","https://addtocalendar.com/atc/google?utz=0&uln=en-US@posix&vjs=1.5&e[0][date_start]=2026-11-05%2015%3A00%3A00&e[0][date_end]=2026-11-05%2017%3A00%3A00&e[0][timezone]=America%2FChicago&e[0][title]=Teen%20Open%20Lab&e[0][location]=The%20Urbana%20Free%20Library%20-%20The%20Lewis%20Auditorium",FAILED,""
"https://urbanafreelibrary.libnet.info/event/17269117","https://addtocalendar.com/atc/outlook?utz=0&uln=en-US@posix&vjs=1.5&e[0][date_start]=2026-11-05%2015%3A00%3A00&e[0][date_end]=2026-11-05%2017%3A00%3A00&e[0][timezone]=America%2FChicago&e[0][title]=Teen%20Open%20Lab&e[0][location]=The%20Urbana%20Free%20Library%20-%20The%20Lewis%20Auditorium",FAILED,""
"https://urbanafreelibrary.libnet.info/event/17269117","https://addtocalendar.com/atc/outlookonline?utz=0&uln=en-US@posix&vjs=1.5&e[0][date_start]=2026-11-05%2015%3A00%3A00&e[0][date_end]=2026-11-05%2017%3A00%3A00&e[0][timezone]=America%2FChicago&e[0][title]=Teen%20Open%20Lab&e[0][location]=The%20Urbana%20Free%20Library%20-%20The%20Lewis%20Auditorium",FAILED,""
"https://urbanafreelibrary.libnet.info/event/17269117","https://addtocalendar.com/atc/yahoo?utz=0&uln=en-US@posix&vjs=1.5&e[0][date_start]=2026-11-05%2015%3A00%3A00&e[0][date_end]=2026-11-05%2017%3A00%3A00&e[0][timezone]=America%2FChicago&e[0][title]=Teen%20Open%20Lab&e[0][location]=The%20Urbana%20Free%20Library%20-%20The%20Lewis%20Auditorium",FAILED,""
"https://urbanafreelibrary.libnet.info/event/16857849","https://addtocalendar.com/atc/ical?utz=0&uln=en-US@posix&vjs=1.5&e[0][date_start]=2026-11-05%2017%3A30%3A00&e[0][date_end]=2026-11-05%2018%3A30%3A00&e[0][timezone]=America%2FChicago&e[0][title]=Conversation%20Caf%C3%A9%20%40%20Health%20and%20Wellness%20Center&e[0][location]=Health%20and%20Wellness%20Center%20-%20",FAILED,""
"https://urbanafreelibrary.libnet.info/event/16857849","https://addtocalendar.com/atc/google?utz=0&uln=en-US@posix&vjs=1.5&e[0][date_start]=2026-11-05%2017%3A30%3A00&e[0][date_end]=2026-11-05%2018%3A30%3A00&e[0][timezone]=America%2FChicago&e[0][title]=Conversation%20Caf%C3%A9%20%40%20Health%20and%20Wellness%20Center&e[0][location]=Health%20and%20Wellness%20Center%20-%20",FAILED,""
"https://urbanafreelibrary.libnet.info/event/16857849","https://addtocalendar.com/atc/outlook?utz=0&uln=en-US@posix&vjs=1.5&e[0][date_start]=2026-11-05%2017%3A30%3A00&e[0][date_end]=2026-11-05%2018%3A30%3A00&e[0][timezone]=America%2FChicago&e[0][title]=Conversation%20Caf%C3%A9%20%40%20Health%20and%20Wellness%20Center&e[0][location]=Health%20and%20Wellness%20Center%20-%20",FAILED,""
"https://urbanafreelibrary.libnet.info/event/16857849","https://addtocalendar.com/atc/outlookonline?utz=0&uln=en-US@posix&vjs=1.5&e[0][date_start]=2026-11-05%2017%3A30%3A00&e[0][date_end]=2026-11-05%2018%3A30%3A00&e[0][timezone]=America%2FChicago&e[0][title]=Conversation%20Caf%C3%A9%20%40%20Health%20and%20Wellness%20Center&e[0][location]=Health%20and%20Wellness%20Center%20-%20",FAILED,""
"https://urbanafreelibrary.libnet.info/event/16857849","https://addtocalendar.com/atc/yahoo?utz=0&uln=en-US@posix&vjs=1.5&e[0][date_start]=2026-11-05%2017%3A30%3A00&e[0][date_end]=2026-11-05%2018%3A30%3A00&e[0][timezone]=America%2FChicago&e[0][title]=Conversation%20Caf%C3%A9%20%40%20Health%20and%20Wellness%20Center&e[0][location]=Health%20and%20Wellness%20Center%20-%20",FAILED,""
"https://urbanafreelibrary.libnet.info/event/17383766","https://addtocalendar.com/atc/ical?utz=0&uln=en-US@posix&vjs=1.5&e[0][date_start]=2026-11-05%2018%3A00%3A00&e[0][date_end]=2026-11-05%2019%3A00%3A00&e[0][timezone]=America%2FChicago&e[0][title]=Strike!%20Stories%20of%20Illinois%20Labor%20History%20&e[0][location]=The%20Urbana%20Free%20Library%20-%20The%20Lewis%20Auditorium",FAILED,""
"https://urbanafreelibrary.libnet.info/event/17383766","https://addtocalendar.com/atc/google?utz=0&uln=en-US@posix&vjs=1.5&e[0][date_start]=2026-11-05%2018%3A00%3A00&e[0][date_end]=2026-11-05%2019%3A00%3A00&e[0][timezone]=America%2FChicago&e[0][title]=Strike!%20Stories%20of%20Illinois%20Labor%20History%20&e[0][location]=The%20Urbana%20Free%20Library%20-%20The%20Lewis%20Auditorium",FAILED,""
"https://urbanafreelibrary.libnet.info/event/17383766","https://addtocalendar.com/atc/outlook?utz=0&uln=en-US@posix&vjs=1.5&e[0][date_start]=2026-11-05%2018%3A00%3A00&e[0][date_end]=2026-11-05%2019%3A00%3A00&e[0][timezone]=America%2FChicago&e[0][title]=Strike!%20Stories%20of%20Illinois%20Labor%20History%20&e[0][location]=The%20Urbana%20Free%20Library%20-%20The%20Lewis%20Auditorium",FAILED,""
"https://urbanafreelibrary.libnet.info/event/17383766","https://addtocalendar.com/atc/outlookonline?utz=0&uln=en-US@posix&vjs=1.5&e[0][date_start]=2026-11-05%2018%3A00%3A00&e[0][date_end]=2026-11-05%2019%3A00%3A00&e[0][timezone]=America%2FChicago&e[0][title]=Strike!%20Stories%20of%20Illinois%20Labor%20History%20&e[0][location]=The%20Urbana%20Free%20Library%20-%20The%20Lewis%20Auditorium",FAILED,""
"https://urbanafreelibrary.libnet.info/event/17383766","https://addtocalendar.com/atc/yahoo?utz=0&uln=en-US@posix&vjs=1.5&e[0][date_start]=2026-11-05%2018%3A00%3A00&e[0][date_end]=2026-11-05%2019%3A00%3A00&e[0][timezone]=America%2FChicago&e[0][title]=Strike!%20Stories%20of%20Illinois%20Labor%20History%20&e[0][location]=The%20Urbana%20Free%20Library%20-%20The%20Lewis%20Auditorium",FAILED,""
"https://urbanafreelibrary.libnet.info/event/17280749","https://addtocalendar.com/atc/ical?utz=0&uln=en-US@posix&vjs=1.5&e[0][date_start]=2026-11-07%2014%3A00%3A00&e[0][date_end]=2026-11-07%2015%3A00%3A00&e[0][timezone]=America%2FChicago&e[0][title]=Drag%20Story%20Hour%20with%20Merah&e[0][location]=The%20Urbana%20Free%20Library%20-%20The%20Lewis%20Auditorium",FAILED,""
"https://urbanafreelibrary.libnet.info/event/17280749","https://addtocalendar.com/atc/google?utz=0&uln=en-US@posix&vjs=1.5&e[0][date_start]=2026-11-07%2014%3A00%3A00&e[0][date_end]=2026-11-07%2015%3A00%3A00&e[0][timezone]=America%2FChicago&e[0][title]=Drag%20Story%20Hour%20with%20Merah&e[0][location]=The%20Urbana%20Free%20Library%20-%20The%20Lewis%20Auditorium",FAILED,""
"https://urbanafreelibrary.libnet.info/event/17280749","https://addtocalendar.com/atc/outlook?utz=0&uln=en-US@posix&vjs=1.5&e[0][date_start]=2026-11-07%2014%3A00%3A00&e[0][date_end]=2026-11-07%2015%3A00%3A00&e[0][timezone]=America%2FChicago&e[0][title]=Drag%20Story%20Hour%20with%20Merah&e[0][location]=The%20Urbana%20Free%20Library%20-%20The%20Lewis%20Auditorium",FAILED,""
"https://urbanafreelibrary.libnet.info/event/17280749","https://addtocalendar.com/atc/outlookonline?utz=0&uln=en-US@posix&vjs=1.5&e[0][date_start]=2026-11-07%2014%3A00%3A00&e[0][date_end]=2026-11-07%2015%3A00%3A00&e[0][timezone]=America%2FChicago&e[0][title]=Drag%20Story%20Hour%20with%20Merah&e[0][location]=The%20Urbana%20Free%20Library%20-%20The%20Lewis%20Auditorium",FAILED,""
"https://urbanafreelibrary.libnet.info/event/17280749","https://addtocalendar.com/atc/yahoo?utz=0&uln=en-US@posix&vjs=1.5&e[0][date_start]=2026-11-07%2014%3A00%3A00&e[0][date_end]=2026-11-07%2015%3A00%3A00&e[0][timezone]=America%2FChicago&e[0][title]=Drag%20Story%20Hour%20with%20Merah&e[0][location]=The%20Urbana%20Free%20Library%20-%20The%20Lewis%20Auditorium",FAILED,""
"https://urbanafreelibrary.libnet.info/event/17255223","https://addtocalendar.com/atc/ical?utz=0&uln=en-US@posix&vjs=1.5&e[0][date_start]=2026-11-08%2014%3A00%3A00&e[0][date_end]=2026-11-08%2015%3A00%3A00&e[0][timezone]=America%2FChicago&e[0][title]=Writer%27s%20Workshop&e[0][location]=The%20Urbana%20Free%20Library%20-%20The%20Lewis%20Auditorium",FAILED,""
"https://urbanafreelibrary.libnet.info/event/17255223","https://addtocalendar.com/atc/google?utz=0&uln=en-US@posix&vjs=1.5&e[0][date_start]=2026-11-08%2014%3A00%3A00&e[0][date_end]=2026-11-08%2015%3A00%3A00&e[0][timezone]=America%2FChicago&e[0][title]=Writer%27s%20Workshop&e[0][location]=The%20Urbana%20Free%20Library%20-%20The%20Lewis%20Auditorium",FAILED,""
"https://urbanafreelibrary.libnet.info/event/17255223","https://addtocalendar.com/atc/outlook?utz=0&uln=en-US@posix&vjs=1.5&e[0][date_start]=2026-11-08%2014%3A00%3A00&e[0][date_end]=2026-11-08%2015%3A00%3A00&e[0][timezone]=America%2FChicago&e[0][title]=Writer%27s%20Workshop&e[0][location]=The%20Urbana%20Free%20Library%20-%20The%20Lewis%20Auditorium",FAILED,""
"https://urbanafreelibrary.libnet.info/event/17255223","https://addtocalendar.com/atc/outlookonline?utz=0&uln=en-US@posix&vjs=1.5&e[0][date_start]=2026-11-08%2014%3A00%3A00&e[0][date_end]=2026-11-08%2015%3A00%3A00&e[0][timezone]=America%2FChicago&e[0][title]=Writer%27s%20Workshop&e[0][location]=The%20Urbana%20Free%20Library%20-%20The%20Lewis%20Auditorium",FAILED,""
"https://urbanafreelibrary.libnet.info/event/17255223","https://addtocalendar.com/atc/yahoo?utz=0&uln=en-US@posix&vjs=1.5&e[0][date_start]=2026-11-08%2014%3A00%3A00&e[0][date_end]=2026-11-08%2015%3A00%3A00&e[0][timezone]=America%2FChicago&e[0][title]=Writer%27s%20Workshop&e[0][location]=The%20Urbana%20Free%20Library%20-%20The%20Lewis%20Auditorium",FAILED,""
"https://urbanafreelibrary.libnet.info/event/17255233","https://addtocalendar.com/atc/ical?utz=0&uln=en-US@posix&vjs=1.5&e[0][date_start]=2026-11-08%2015%3A00%3A00&e[0][date_end]=2026-11-08%2017%3A00%3A00&e[0][timezone]=America%2FChicago&e[0][title]=Writer%27s%20Critique%20Session&e[0][location]=The%20Urbana%20Free%20Library%20-%20The%20Satterthwaite%20Conference%20Room",FAILED,""
"https://urbanafreelibrary.libnet.info/event/17255233","https://addtocalendar.com/atc/google?utz=0&uln=en-US@posix&vjs=1.5&e[0][date_start]=2026-11-08%2015%3A00%3A00&e[0][date_end]=2026-11-08%2017%3A00%3A00&e[0][timezone]=America%2FChicago&e[0][title]=Writer%27s%20Critique%20Session&e[0][location]=The%20Urbana%20Free%20Library%20-%20The%20Satterthwaite%20Conference%20Room",FAILED,""
"https://urbanafreelibrary.libnet.info/event/17255233","https://addtocalendar.com/atc/outlook?utz=0&uln=en-US@posix&vjs=1.5&e[0][date_start]=2026-11-08%2015%3A00%3A00&e[0][date_end]=2026-11-08%2017%3A00%3A00&e[0][timezone]=America%2FChicago&e[0][title]=Writer%27s%20Critique%20Session&e[0][location]=The%20Urbana%20Free%20Library%20-%20The%20Satterthwaite%20Conference%20Room",FAILED,""
"https://urbanafreelibrary.libnet.info/event/17255233","https://addtocalendar.com/atc/outlookonline?utz=0&uln=en-US@posix&vjs=1.5&e[0][date_start]=2026-11-08%2015%3A00%3A00&e[0][date_end]=2026-11-08%2017%3A00%3A00&e[0][timezone]=America%2FChicago&e[0][title]=Writer%27s%20Critique%20Session&e[0][location]=The%20Urbana%20Free%20Library%20-%20The%20Satterthwaite%20Conference%20Room",FAILED,""
"https://urbanafreelibrary.libnet.info/event/17255233","https://addtocalendar.com/atc/yahoo?utz=0&uln=en-US@posix&vjs=1.5&e[0][date_start]=2026-11-08%2015%3A00%3A00&e[0][date_end]=2026-11-08%2017%3A00%3A00&e[0][timezone]=America%2FChicago&e[0][title]=Writer%27s%20Critique%20Session&e[0][location]=The%20Urbana%20Free%20Library%20-%20The%20Satterthwaite%20Conference%20Room",FAILED,""
"https://urbanafreelibrary.libnet.info/event/16603862","https://addtocalendar.com/atc/ical?utz=0&uln=en-US@posix&vjs=1.5&e[0][date_start]=2026-11-09%2010%3A00%3A00&e[0][date_end]=2026-11-09%2012%3A00%3A00&e[0][timezone]=America%2FChicago&e[0][title]=Project%20Read&e[0][location]=The%20Urbana%20Free%20Library%20-%20The%20Lewis%20Auditorium",FAILED,""
"https://urbanafreelibrary.libnet.info/event/16603862","https://addtocalendar.com/atc/google?utz=0&uln=en-US@posix&vjs=1.5&e[0][date_start]=2026-11-09%2010%3A00%3A00&e[0][date_end]=2026-11-09%2012%3A00%3A00&e[0][timezone]=America%2FChicago&e[0][title]=Project%20Read&e[0][location]=The%20Urbana%20Free%20Library%20-%20The%20Lewis%20Auditorium",FAILED,""
"https://urbanafreelibrary.libnet.info/event/16603862","https://addtocalendar.com/atc/outlook?utz=0&uln=en-US@posix&vjs=1.5&e[0][date_start]=2026-11-09%2010%3A00%3A00&e[0][date_end]=2026-11-09%2012%3A00%3A00&e[0][timezone]=America%2FChicago&e[0][title]=Project%20Read&e[0][location]=The%20Urbana%20Free%20Library%20-%20The%20Lewis%20Auditorium",FAILED,""
"https://urbanafreelibrary.libnet.info/event/16603862","https://addtocalendar.com/atc/outlookonline?utz=0&uln=en-US@posix&vjs=1.5&e[0][date_start]=2026-11-09%2010%3A00%3A00&e[0][date_end]=2026-11-09%2012%3A00%3A00&e[0][timezone]=America%2FChicago&e[0][title]=Project%20Read&e[0][location]=The%20Urbana%20Free%20Library%20-%20The%20Lewis%20Auditorium",FAILED,""
"https://urbanafreelibrary.libnet.info/event/16603862","https://addtocalendar.com/atc/yahoo?utz=0&uln=en-US@posix&vjs=1.5&e[0][date_start]=2026-11-09%2010%3A00%3A00&e[0][date_end]=2026-11-09%2012%3A00%3A00&e[0][timezone]=America%2FChicago&e[0][title]=Project%20Read&e[0][location]=The%20Urbana%20Free%20Library%20-%20The%20Lewis%20Auditorium",FAILED,""
"https://urbanafreelibrary.libnet.info/event/15345005","https://addtocalendar.com/atc/ical?utz=0&uln=en-US@posix&vjs=1.5&e[0][date_start]=2026-11-09%2013%3A00%3A00&e[0][date_end]=2026-11-09%2016%3A30%3A00&e[0][timezone]=America%2FChicago&e[0][title]=Senior%20Movies%20and%20Sharing%20&e[0][location]=The%20Urbana%20Free%20Library%20-%20The%20Lewis%20Auditorium",FAILED,""
"https://urbanafreelibrary.libnet.info/event/15345005","https://addtocalendar.com/atc/google?utz=0&uln=en-US@posix&vjs=1.5&e[0][date_start]=2026-11-09%2013%3A00%3A00&e[0][date_end]=2026-11-09%2016%3A30%3A00&e[0][timezone]=America%2FChicago&e[0][title]=Senior%20Movies%20and%20Sharing%20&e[0][location]=The%20Urbana%20Free%20Library%20-%20The%20Lewis%20Auditorium",FAILED,""
"https://urbanafreelibrary.libnet.info/event/15345005","https://addtocalendar.com/atc/outlook?utz=0&uln=en-US@posix&vjs=1.5&e[0][date_start]=2026-11-09%2013%3A00%3A00&e[0][date_end]=2026-11-09%2016%3A30%3A00&e[0][timezone]=America%2FChicago&e[0][title]=Senior%20Movies%20and%20Sharing%20&e[0][location]=The%20Urbana%20Free%20Library%20-%20The%20Lewis%20Auditorium",FAILED,""
"https://urbanafreelibrary.libnet.info/event/15345005","https://addtocalendar.com/atc/outlookonline?utz=0&uln=en-US@posix&vjs=1.5&e[0][date_start]=2026-11-09%2013%3A00%3A00&e[0][date_end]=2026-11-09%2016%3A30%3A00&e[0][timezone]=America%2FChicago&e[0][title]=Senior%20Movies%20and%20Sharing%20&e[0][location]=The%20Urbana%20Free%20Library%20-%20The%20Lewis%20Auditorium",FAILED,""
"https://urbanafreelibrary.libnet.info/event/15345005","https://addtocalendar.com/atc/yahoo?utz=0&uln=en-US@posix&vjs=1.5&e[0][date_start]=2026-11-09%2013%3A00%3A00&e[0][date_end]=2026-11-09%2016%3A30%3A00&e[0][timezone]=America%2FChicago&e[0][title]=Senior%20Movies%20and%20Sharing%20&e[0][location]=The%20Urbana%20Free%20Library%20-%20The%20Lewis%20Auditorium",FAILED,""
"https://urbanafreelibrary.libnet.info/event/17033385","https://addtocalendar.com/atc/ical?utz=0&uln=en-US@posix&vjs=1.5&e[0][date_start]=2026-11-09%2018%3A30%3A00&e[0][date_end]=2026-11-09%2019%3A30%3A00&e[0][timezone]=America%2FChicago&e[0][title]=Fast%20Firsts%20(Adult%20and%20YA%20fantasy%20edition)&e[0][location]=The%20Urbana%20Free%20Library%20-%20MacFarlane-Hood%20Reading%20Room",FAILED,""
"https://urbanafreelibrary.libnet.info/event/17033385","https://addtocalendar.com/atc/google?utz=0&uln=en-US@posix&vjs=1.5&e[0][date_start]=2026-11-09%2018%3A30%3A00&e[0][date_end]=2026-11-09%2019%3A30%3A00&e[0][timezone]=America%2FChicago&e[0][title]=Fast%20Firsts%20(Adult%20and%20YA%20fantasy%20edition)&e[0][location]=The%20Urbana%20Free%20Library%20-%20MacFarlane-Hood%20Reading%20Room",FAILED,""
"https://urbanafreelibrary.libnet.info/event/17033385","https://addtocalendar.com/atc/outlook?utz=0&uln=en-US@posix&vjs=1.5&e[0][date_start]=2026-11-09%2018%3A30%3A00&e[0][date_end]=2026-11-09%2019%3A30%3A00&e[0][timezone]=America%2FChicago&e[0][title]=Fast%20Firsts%20(Adult%20and%20YA%20fantasy%20edition)&e[0][location]=The%20Urbana%20Free%20Library%20-%20MacFarlane-Hood%20Reading%20Room",FAILED,""
"https://urbanafreelibrary.libnet.info/event/17033385","https://addtocalendar.com/atc/outlookonline?utz=0&uln=en-US@posix&vjs=1.5&e[0][date_start]=2026-11-09%2018%3A30%3A00&e[0][date_end]=2026-11-09%2019%3A30%3A00&e[0][timezone]=America%2FChicago&e[0][title]=Fast%20Firsts%20(Adult%20and%20YA%20fantasy%20edition)&e[0][location]=The%20Urbana%20Free%20Library%20-%20MacFarlane-Hood%20Reading%20Room",FAILED,""
"https://urbanafreelibrary.libnet.info/event/17033385","https://addtocalendar.com/atc/yahoo?utz=0&uln=en-US@posix&vjs=1.5&e[0][date_start]=2026-11-09%2018%3A30%3A00&e[0][date_end]=2026-11-09%2019%3A30%3A00&e[0][timezone]=America%2FChicago&e[0][title]=Fast%20Firsts%20(Adult%20and%20YA%20fantasy%20edition)&e[0][location]=The%20Urbana%20Free%20Library%20-%20MacFarlane-Hood%20Reading%20Room",FAILED,""
"https://urbanafreelibrary.libnet.info/event/13876102","https://addtocalendar.com/atc/ical?utz=0&uln=en-US@posix&vjs=1.5&e[0][date_start]=2026-11-10%2010%3A15%3A00&e[0][date_end]=2026-11-10%2010%3A40%3A00&e[0][timezone]=America%2FChicago&e[0][title]=Books%20and%20Bounces!&e[0][location]=The%20Urbana%20Free%20Library%20-%20The%20Lewis%20Auditorium",FAILED,""
"https://urbanafreelibrary.libnet.info/event/13876102","https://addtocalendar.com/atc/google?utz=0&uln=en-US@posix&vjs=1.5&e[0][date_start]=2026-11-10%2010%3A15%3A00&e[0][date_end]=2026-11-10%2010%3A40%3A00&e[0][timezone]=America%2FChicago&e[0][title]=Books%20and%20Bounces!&e[0][location]=The%20Urbana%20Free%20Library%20-%20The%20Lewis%20Auditorium",FAILED,""
"https://urbanafreelibrary.libnet.info/event/13876102","https://addtocalendar.com/atc/outlook?utz=0&uln=en-US@posix&vjs=1.5&e[0][date_start]=2026-11-10%2010%3A15%3A00&e[0][date_end]=2026-11-10%2010%3A40%3A00&e[0][timezone]=America%2FChicago&e[0][title]=Books%20and%20Bounces!&e[0][location]=The%20Urbana%20Free%20Library%20-%20The%20Lewis%20Auditorium",FAILED,""
"https://urbanafreelibrary.libnet.info/event/13876102","https://addtocalendar.com/atc/outlookonline?utz=0&uln=en-US@posix&vjs=1.5&e[0][date_start]=2026-11-10%2010%3A15%3A00&e[0][date_end]=2026-11-10%2010%3A40%3A00&e[0][timezone]=America%2FChicago&e[0][title]=Books%20and%20Bounces!&e[0][location]=The%20Urbana%20Free%20Library%20-%20The%20Lewis%20Auditorium",FAILED,""
"https://urbanafreelibrary.libnet.info/event/13876102","https://addtocalendar.com/atc/yahoo?utz=0&uln=en-US@posix&vjs=1.5&e[0][date_start]=2026-11-10%2010%3A15%3A00&e[0][date_end]=2026-11-10%2010%3A40%3A00&e[0][timezone]=America%2FChicago&e[0][title]=Books%20and%20Bounces!&e[0][location]=The%20Urbana%20Free%20Library%20-%20The%20Lewis%20Auditorium",FAILED,""
"https://urbanafreelibrary.libnet.info/event/16318094","https://addtocalendar.com/atc/ical?utz=0&uln=en-US@posix&vjs=1.5&e[0][date_start]=2026-11-10%2011%3A00%3A00&e[0][date_end]=2026-11-10%2013%3A00%3A00&e[0][timezone]=America%2FChicago&e[0][title]=Champaign%20County%20Health%20Care%20Consumers%20&e[0][location]=The%20Urbana%20Free%20Library%20-%20",FAILED,""
"https://urbanafreelibrary.libnet.info/event/16318094","https://addtocalendar.com/atc/google?utz=0&uln=en-US@posix&vjs=1.5&e[0][date_start]=2026-11-10%2011%3A00%3A00&e[0][date_end]=2026-11-10%2013%3A00%3A00&e[0][timezone]=America%2FChicago&e[0][title]=Champaign%20County%20Health%20Care%20Consumers%20&e[0][location]=The%20Urbana%20Free%20Library%20-%20",FAILED,""
"https://urbanafreelibrary.libnet.info/event/16318094","https://addtocalendar.com/atc/outlook?utz=0&uln=en-US@posix&vjs=1.5&e[0][date_start]=2026-11-10%2011%3A00%3A00&e[0][date_end]=2026-11-10%2013%3A00%3A00&e[0][timezone]=America%2FChicago&e[0][title]=Champaign%20County%20Health%20Care%20Consumers%20&e[0][location]=The%20Urbana%20Free%20Library%20-%20",FAILED,""
"https://urbanafreelibrary.libnet.info/event/16318094","https://addtocalendar.com/atc/outlookonline?utz=0&uln=en-US@posix&vjs=1.5&e[0][date_start]=2026-11-10%2011%3A00%3A00&e[0][date_end]=2026-11-10%2013%3A00%3A00&e[0][timezone]=America%2FChicago&e[0][title]=Champaign%20County%20Health%20Care%20Consumers%20&e[0][location]=The%20Urbana%20Free%20Library%20-%20",FAILED,""
"https://urbanafreelibrary.libnet.info/event/16318094","https://addtocalendar.com/atc/yahoo?utz=0&uln=en-US@posix&vjs=1.5&e[0][date_start]=2026-11-10%2011%3A00%3A00&e[0][date_end]=2026-11-10%2013%3A00%3A00&e[0][timezone]=America%2FChicago&e[0][title]=Champaign%20County%20Health%20Care%20Consumers%20&e[0][location]=The%20Urbana%20Free%20Library%20-%20",FAILED,""
"https://urbanafreelibrary.libnet.info/event/17265137","https://addtocalendar.com/atc/ical?utz=0&uln=en-US@posix&vjs=1.5&e[0][date_start]=2026-11-10%2015%3A00%3A00&e[0][date_end]=2026-11-10%2017%3A30%3A00&e[0][timezone]=America%2FChicago&e[0][title]=Teen%20Open%20Lab&e[0][location]=The%20Urbana%20Free%20Library%20-%20The%20Lewis%20Auditorium",FAILED,""
"https://urbanafreelibrary.libnet.info/event/17265137","https://addtocalendar.com/atc/google?utz=0&uln=en-US@posix&vjs=1.5&e[0][date_start]=2026-11-10%2015%3A00%3A00&e[0][date_end]=2026-11-10%2017%3A30%3A00&e[0][timezone]=America%2FChicago&e[0][title]=Teen%20Open%20Lab&e[0][location]=The%20Urbana%20Free%20Library%20-%20The%20Lewis%20Auditorium",FAILED,""
"https://urbanafreelibrary.libnet.info/event/17265137","https://addtocalendar.com/atc/outlook?utz=0&uln=en-US@posix&vjs=1.5&e[0][date_start]=2026-11-10%2015%3A00%3A00&e[0][date_end]=2026-11-10%2017%3A30%3A00&e[0][timezone]=America%2FChicago&e[0][title]=Teen%20Open%20Lab&e[0][location]=The%20Urbana%20Free%20Library%20-%20The%20Lewis%20Auditorium",FAILED,""
"https://urbanafreelibrary.libnet.info/event/17265137","https://addtocalendar.com/atc/outlookonline?utz=0&uln=en-US@posix&vjs=1.5&e[0][date_start]=2026-11-10%2015%3A00%3A00&e[0][date_end]=2026-11-10%2017%3A30%3A00&e[0][timezone]=America%2FChicago&e[0][title]=Teen%20Open%20Lab&e[0][location]=The%20Urbana%20Free%20Library%20-%20The%20Lewis%20Auditorium",FAILED,""
"https://urbanafreelibrary.libnet.info/event/17265137","https://addtocalendar.com/atc/yahoo?utz=0&uln=en-US@posix&vjs=1.5&e[0][date_start]=2026-11-10%2015%3A00%3A00&e[0][date_end]=2026-11-10%2017%3A30%3A00&e[0][timezone]=America%2FChicago&e[0][title]=Teen%20Open%20Lab&e[0][location]=The%20Urbana%20Free%20Library%20-%20The%20Lewis%20Auditorium",FAILED,""
"https://urbanafreelibrary.libnet.info/event/17127374","https://addtocalendar.com/atc/ical?utz=0&uln=en-US@posix&vjs=1.5&e[0][date_start]=2026-11-10%2017%3A00%3A00&e[0][date_end]=2026-11-10%2019%3A30%3A00&e[0][timezone]=America%2FChicago&e[0][title]=Stitching%20Circle&e[0][location]=The%20Urbana%20Free%20Library%20-%20MacFarlane-Hood%20Reading%20Room",FAILED,""
"https://urbanafreelibrary.libnet.info/event/17127374","https://addtocalendar.com/atc/google?utz=0&uln=en-US@posix&vjs=1.5&e[0][date_start]=2026-11-10%2017%3A00%3A00&e[0][date_end]=2026-11-10%2019%3A30%3A00&e[0][timezone]=America%2FChicago&e[0][title]=Stitching%20Circle&e[0][location]=The%20Urbana%20Free%20Library%20-%20MacFarlane-Hood%20Reading%20Room",FAILED,""
"https://urbanafreelibrary.libnet.info/event/17127374","https://addtocalendar.com/atc/outlook?utz=0&uln=en-US@posix&vjs=1.5&e[0][date_start]=2026-11-10%2017%3A00%3A00&e[0][date_end]=2026-11-10%2019%3A30%3A00&e[0][timezone]=America%2FChicago&e[0][title]=Stitching%20Circle&e[0][location]=The%20Urbana%20Free%20Library%20-%20MacFarlane-Hood%20Reading%20Room",FAILED,""
"https://urbanafreelibrary.libnet.info/event/17127374","https://addtocalendar.com/atc/outlookonline?utz=0&uln=en-US@posix&vjs=1.5&e[0][date_start]=2026-11-10%2017%3A00%3A00&e[0][date_end]=2026-11-10%2019%3A30%3A00&e[0][timezone]=America%2FChicago&e[0][title]=Stitching%20Circle&e[0][location]=The%20Urbana%20Free%20Library%20-%20MacFarlane-Hood%20Reading%20Room",FAILED,""
"https://urbanafreelibrary.libnet.info/event/17127374","https://addtocalendar.com/atc/yahoo?utz=0&uln=en-US@posix&vjs=1.5&e[0][date_start]=2026-11-10%2017%3A00%3A00&e[0][date_end]=2026-11-10%2019%3A30%3A00&e[0][timezone]=America%2FChicago&e[0][title]=Stitching%20Circle&e[0][location]=The%20Urbana%20Free%20Library%20-%20MacFarlane-Hood%20Reading%20Room",FAILED,""
"https://urbanafreelibrary.libnet.info/event/12816280","https://addtocalendar.com/atc/ical?utz=0&uln=en-US@posix&vjs=1.5&e[0][date_start]=2026-11-10%2019%3A00%3A00&e[0][date_end]=2026-11-10%2021%3A00%3A00&e[0][timezone]=America%2FChicago&e[0][title]=The%20Urbana%20Free%20Library%20Board%20Meeting&e[0][location]=The%20Urbana%20Free%20Library%20-%20The%20Lewis%20Auditorium",FAILED,""
"https://urbanafreelibrary.libnet.info/event/12816280","https://addtocalendar.com/atc/google?utz=0&uln=en-US@posix&vjs=1.5&e[0][date_start]=2026-11-10%2019%3A00%3A00&e[0][date_end]=2026-11-10%2021%3A00%3A00&e[0][timezone]=America%2FChicago&e[0][title]=The%20Urbana%20Free%20Library%20Board%20Meeting&e[0][location]=The%20Urbana%20Free%20Library%20-%20The%20Lewis%20Auditorium",FAILED,""
"https://urbanafreelibrary.libnet.info/event/12816280","https://addtocalendar.com/atc/outlook?utz=0&uln=en-US@posix&vjs=1.5&e[0][date_start]=2026-11-10%2019%3A00%3A00&e[0][date_end]=2026-11-10%2021%3A00%3A00&e[0][timezone]=America%2FChicago&e[0][title]=The%20Urbana%20Free%20Library%20Board%20Meeting&e[0][location]=The%20Urbana%20Free%20Library%20-%20The%20Lewis%20Auditorium",FAILED,""
"https://urbanafreelibrary.libnet.info/event/12816280","https://addtocalendar.com/atc/outlookonline?utz=0&uln=en-US@posix&vjs=1.5&e[0][date_start]=2026-11-10%2019%3A00%3A00&e[0][date_end]=2026-11-10%2021%3A00%3A00&e[0][timezone]=America%2FChicago&e[0][title]=The%20Urbana%20Free%20Library%20Board%20Meeting&e[0][location]=The%20Urbana%20Free%20Library%20-%20The%20Lewis%20Auditorium",FAILED,""
"https://urbanafreelibrary.libnet.info/event/12816280","https://addtocalendar.com/atc/yahoo?utz=0&uln=en-US@posix&vjs=1.5&e[0][date_start]=2026-11-10%2019%3A00%3A00&e[0][date_end]=2026-11-10%2021%3A00%3A00&e[0][timezone]=America%2FChicago&e[0][title]=The%20Urbana%20Free%20Library%20Board%20Meeting&e[0][location]=The%20Urbana%20Free%20Library%20-%20The%20Lewis%20Auditorium",FAILED,""
"https://urbanafreelibrary.libnet.info/event/17369823","https://addtocalendar.com/atc/ical?utz=0&uln=en-US@posix&vjs=1.5&e[0][date_start]=2026-11-10%2019%3A00%3A00&e[0][date_end]=2026-11-10%2020%3A00%3A00&e[0][timezone]=America%2FChicago&e[0][title]=Champaign%20County%20Newspaper%20Digitization%20Initiative&e[0][location]=Online%20-%20",FAILED,""
"https://urbanafreelibrary.libnet.info/event/17369823","https://addtocalendar.com/atc/google?utz=0&uln=en-US@posix&vjs=1.5&e[0][date_start]=2026-11-10%2019%3A00%3A00&e[0][date_end]=2026-11-10%2020%3A00%3A00&e[0][timezone]=America%2FChicago&e[0][title]=Champaign%20County%20Newspaper%20Digitization%20Initiative&e[0][location]=Online%20-%20",FAILED,""
"https://urbanafreelibrary.libnet.info/event/17369823","https://addtocalendar.com/atc/outlook?utz=0&uln=en-US@posix&vjs=1.5&e[0][date_start]=2026-11-10%2019%3A00%3A00&e[0][date_end]=2026-11-10%2020%3A00%3A00&e[0][timezone]=America%2FChicago&e[0][title]=Champaign%20County%20Newspaper%20Digitization%20Initiative&e[0][location]=Online%20-%20",FAILED,""
"https://urbanafreelibrary.libnet.info/event/17369823","https://addtocalendar.com/atc/outlookonline?utz=0&uln=en-US@posix&vjs=1.5&e[0][date_start]=2026-11-10%2019%3A00%3A00&e[0][date_end]=2026-11-10%2020%3A00%3A00&e[0][timezone]=America%2FChicago&e[0][title]=Champaign%20County%20Newspaper%20Digitization%20Initiative&e[0][location]=Online%20-%20",FAILED,""
"https://urbanafreelibrary.libnet.info/event/17369823","https://addtocalendar.com/atc/yahoo?utz=0&uln=en-US@posix&vjs=1.5&e[0][date_start]=2026-11-10%2019%3A00%3A00&e[0][date_end]=2026-11-10%2020%3A00%3A00&e[0][timezone]=America%2FChicago&e[0][title]=Champaign%20County%20Newspaper%20Digitization%20Initiative&e[0][location]=Online%20-%20",FAILED,""
"https://urbanafreelibrary.libnet.info/event/17264237","https://addtocalendar.com/atc/ical?utz=0&uln=en-US@posix&vjs=1.5&e[0][date_start]=2026-11-11%2015%3A00%3A00&e[0][date_end]=2026-11-11%2017%3A30%3A00&e[0][timezone]=America%2FChicago&e[0][title]=Teen%20Open%20Lab&e[0][location]=The%20Urbana%20Free%20Library%20-%20The%20Lewis%20Auditorium",FAILED,""
"https://urbanafreelibrary.libnet.info/event/17264237","https://addtocalendar.com/atc/google?utz=0&uln=en-US@posix&vjs=1.5&e[0][date_start]=2026-11-11%2015%3A00%3A00&e[0][date_end]=2026-11-11%2017%3A30%3A00&e[0][timezone]=America%2FChicago&e[0][title]=Teen%20Open%20Lab&e[0][location]=The%20Urbana%20Free%20Library%20-%20The%20Lewis%20Auditorium",FAILED,""
"https://urbanafreelibrary.libnet.info/event/17264237","https://addtocalendar.com/atc/outlook?utz=0&uln=en-US@posix&vjs=1.5&e[0][date_start]=2026-11-11%2015%3A00%3A00&e[0][date_end]=2026-11-11%2017%3A30%3A00&e[0][timezone]=America%2FChicago&e[0][title]=Teen%20Open%20Lab&e[0][location]=The%20Urbana%20Free%20Library%20-%20The%20Lewis%20Auditorium",FAILED,""
"https://urbanafreelibrary.libnet.info/event/17264237","https://addtocalendar.com/atc/outlookonline?utz=0&uln=en-US@posix&vjs=1.5&e[0][date_start]=2026-11-11%2015%3A00%3A00&e[0][date_end]=2026-11-11%2017%3A30%3A00&e[0][timezone]=America%2FChicago&e[0][title]=Teen%20Open%20Lab&e[0][location]=The%20Urbana%20Free%20Library%20-%20The%20Lewis%20Auditorium",FAILED,""
"https://urbanafreelibrary.libnet.info/event/17264237","https://addtocalendar.com/atc/yahoo?utz=0&uln=en-US@posix&vjs=1.5&e[0][date_start]=2026-11-11%2015%3A00%3A00&e[0][date_end]=2026-11-11%2017%3A30%3A00&e[0][timezone]=America%2FChicago&e[0][title]=Teen%20Open%20Lab&e[0][location]=The%20Urbana%20Free%20Library%20-%20The%20Lewis%20Auditorium",FAILED,""
"https://urbanafreelibrary.libnet.info/event/13876150","https://addtocalendar.com/atc/ical?utz=0&uln=en-US@posix&vjs=1.5&e[0][date_start]=2026-11-12%2010%3A15%3A00&e[0][date_end]=2026-11-12%2010%3A45%3A00&e[0][timezone]=America%2FChicago&e[0][title]=Crafty%20Tales&e[0][location]=The%20Urbana%20Free%20Library%20-%20The%20Lewis%20Auditorium",FAILED,""
"https://urbanafreelibrary.libnet.info/event/13876150","https://addtocalendar.com/atc/google?utz=0&uln=en-US@posix&vjs=1.5&e[0][date_start]=2026-11-12%2010%3A15%3A00&e[0][date_end]=2026-11-12%2010%3A45%3A00&e[0][timezone]=America%2FChicago&e[0][title]=Crafty%20Tales&e[0][location]=The%20Urbana%20Free%20Library%20-%20The%20Lewis%20Auditorium",FAILED,""
"https://urbanafreelibrary.libnet.info/event/13876150","https://addtocalendar.com/atc/outlook?utz=0&uln=en-US@posix&vjs=1.5&e[0][date_start]=2026-11-12%2010%3A15%3A00&e[0][date_end]=2026-11-12%2010%3A45%3A00&e[0][timezone]=America%2FChicago&e[0][title]=Crafty%20Tales&e[0][location]=The%20Urbana%20Free%20Library%20-%20The%20Lewis%20Auditorium",FAILED,""
"https://urbanafreelibrary.libnet.info/event/13876150","https://addtocalendar.com/atc/outlookonline?utz=0&uln=en-US@posix&vjs=1.5&e[0][date_start]=2026-11-12%2010%3A15%3A00&e[0][date_end]=2026-11-12%2010%3A45%3A00&e[0][timezone]=America%2FChicago&e[0][title]=Crafty%20Tales&e[0][location]=The%20Urbana%20Free%20Library%20-%20The%20Lewis%20Auditorium",FAILED,""
"https://urbanafreelibrary.libnet.info/event/13876150","https://addtocalendar.com/atc/yahoo?utz=0&uln=en-US@posix&vjs=1.5&e[0][date_start]=2026-11-12%2010%3A15%3A00&e[0][date_end]=2026-11-12%2010%3A45%3A00&e[0][timezone]=America%2FChicago&e[0][title]=Crafty%20Tales&e[0][location]=The%20Urbana%20Free%20Library%20-%20The%20Lewis%20Auditorium",FAILED,""
"https://urbanafreelibrary.libnet.info/event/17264609","https://addtocalendar.com/atc/ical?utz=0&uln=en-US@posix&vjs=1.5&e[0][date_start]=2026-11-12%2015%3A00%3A00&e[0][date_end]=2026-11-12%2017%3A30%3A00&e[0][timezone]=America%2FChicago&e[0][title]=Teen%20Open%20Lab&e[0][location]=The%20Urbana%20Free%20Library%20-%20The%20Lewis%20Auditorium",FAILED,""
"https://urbanafreelibrary.libnet.info/event/17264609","https://addtocalendar.com/atc/google?utz=0&uln=en-US@posix&vjs=1.5&e[0][date_start]=2026-11-12%2015%3A00%3A00&e[0][date_end]=2026-11-12%2017%3A30%3A00&e[0][timezone]=America%2FChicago&e[0][title]=Teen%20Open%20Lab&e[0][location]=The%20Urbana%20Free%20Library%20-%20The%20Lewis%20Auditorium",FAILED,""
"https://urbanafreelibrary.libnet.info/event/17264609","https://addtocalendar.com/atc/outlook?utz=0&uln=en-US@posix&vjs=1.5&e[0][date_start]=2026-11-12%2015%3A00%3A00&e[0][date_end]=2026-11-12%2017%3A30%3A00&e[0][timezone]=America%2FChicago&e[0][title]=Teen%20Open%20Lab&e[0][location]=The%20Urbana%20Free%20Library%20-%20The%20Lewis%20Auditorium",FAILED,""
"https://urbanafreelibrary.libnet.info/event/17264609","https://addtocalendar.com/atc/outlookonline?utz=0&uln=en-US@posix&vjs=1.5&e[0][date_start]=2026-11-12%2015%3A00%3A00&e[0][date_end]=2026-11-12%2017%3A30%3A00&e[0][timezone]=America%2FChicago&e[0][title]=Teen%20Open%20Lab&e[0][location]=The%20Urbana%20Free%20Library%20-%20The%20Lewis%20Auditorium",FAILED,""
"https://urbanafreelibrary.libnet.info/event/17264609","https://addtocalendar.com/atc/yahoo?utz=0&uln=en-US@posix&vjs=1.5&e[0][date_start]=2026-11-12%2015%3A00%3A00&e[0][date_end]=2026-11-12%2017%3A30%3A00&e[0][timezone]=America%2FChicago&e[0][title]=Teen%20Open%20Lab&e[0][location]=The%20Urbana%20Free%20Library%20-%20The%20Lewis%20Auditorium",FAILED,""
"https://urbanafreelibrary.libnet.info/event/17453018","https://addtocalendar.com/atc/ical?utz=0&uln=en-US@posix&vjs=1.5&e[0][date_start]=2026-11-12%2019%3A00%3A00&e[0][date_end]=2026-11-12%2020%3A00%3A00&e[0][timezone]=America%2FChicago&e[0][title]=Words%2C%20Power%2C%20and%20Community%3A%20Dr.%20Eve%20L.%20Ewing%20(Virtual)&e[0][location]=The%20Urbana%20Free%20Library%20-%20Online",FAILED,""
"https://urbanafreelibrary.libnet.info/event/17453018","https://addtocalendar.com/atc/google?utz=0&uln=en-US@posix&vjs=1.5&e[0][date_start]=2026-11-12%2019%3A00%3A00&e[0][date_end]=2026-11-12%2020%3A00%3A00&e[0][timezone]=America%2FChicago&e[0][title]=Words%2C%20Power%2C%20and%20Community%3A%20Dr.%20Eve%20L.%20Ewing%20(Virtual)&e[0][location]=The%20Urbana%20Free%20Library%20-%20Online",FAILED,""
"https://urbanafreelibrary.libnet.info/event/17453018","https://addtocalendar.com/atc/outlook?utz=0&uln=en-US@posix&vjs=1.5&e[0][date_start]=2026-11-12%2019%3A00%3A00&e[0][date_end]=2026-11-12%2020%3A00%3A00&e[0][timezone]=America%2FChicago&e[0][title]=Words%2C%20Power%2C%20and%20Community%3A%20Dr.%20Eve%20L.%20Ewing%20(Virtual)&e[0][location]=The%20Urbana%20Free%20Library%20-%20Online",FAILED,""
"https://urbanafreelibrary.libnet.info/event/17453018","https://addtocalendar.com/atc/outlookonline?utz=0&uln=en-US@posix&vjs=1.5&e[0][date_start]=2026-11-12%2019%3A00%3A00&e[0][date_end]=2026-11-12%2020%3A00%3A00&e[0][timezone]=America%2FChicago&e[0][title]=Words%2C%20Power%2C%20and%20Community%3A%20Dr.%20Eve%20L.%20Ewing%20(Virtual)&e[0][location]=The%20Urbana%20Free%20Library%20-%20Online",FAILED,""
"https://urbanafreelibrary.libnet.info/event/17453018","https://addtocalendar.com/atc/yahoo?utz=0&uln=en-US@posix&vjs=1.5&e[0][date_start]=2026-11-12%2019%3A00%3A00&e[0][date_end]=2026-11-12%2020%3A00%3A00&e[0][timezone]=America%2FChicago&e[0][title]=Words%2C%20Power%2C%20and%20Community%3A%20Dr.%20Eve%20L.%20Ewing%20(Virtual)&e[0][location]=The%20Urbana%20Free%20Library%20-%20Online",FAILED,""
"https://urbanafreelibrary.libnet.info/event/17042093","https://addtocalendar.com/atc/ical?utz=0&uln=en-US@posix&vjs=1.5&e[0][date_start]=2026-11-14%2011%3A00%3A00&e[0][date_end]=2026-11-14%2011%3A30%3A00&e[0][timezone]=America%2FChicago&e[0][title]=Concert%20for%20Kids&e[0][location]=The%20Urbana%20Free%20Library%20-%20The%20Lewis%20Auditorium",FAILED,""
"https://urbanafreelibrary.libnet.info/event/17042093","https://addtocalendar.com/atc/google?utz=0&uln=en-US@posix&vjs=1.5&e[0][date_start]=2026-11-14%2011%3A00%3A00&e[0][date_end]=2026-11-14%2011%3A30%3A00&e[0][timezone]=America%2FChicago&e[0][title]=Concert%20for%20Kids&e[0][location]=The%20Urbana%20Free%20Library%20-%20The%20Lewis%20Auditorium",FAILED,""
"https://urbanafreelibrary.libnet.info/event/17042093","https://addtocalendar.com/atc/outlook?utz=0&uln=en-US@posix&vjs=1.5&e[0][date_start]=2026-11-14%2011%3A00%3A00&e[0][date_end]=2026-11-14%2011%3A30%3A00&e[0][timezone]=America%2FChicago&e[0][title]=Concert%20for%20Kids&e[0][location]=The%20Urbana%20Free%20Library%20-%20The%20Lewis%20Auditorium",FAILED,""
"https://urbanafreelibrary.libnet.info/event/17042093","https://addtocalendar.com/atc/outlookonline?utz=0&uln=en-US@posix&vjs=1.5&e[0][date_start]=2026-11-14%2011%3A00%3A00&e[0][date_end]=2026-11-14%2011%3A30%3A00&e[0][timezone]=America%2FChicago&e[0][title]=Concert%20for%20Kids&e[0][location]=The%20Urbana%20Free%20Library%20-%20The%20Lewis%20Auditorium",FAILED,""
"https://urbanafreelibrary.libnet.info/event/17042093","https://addtocalendar.com/atc/yahoo?utz=0&uln=en-US@posix&vjs=1.5&e[0][date_start]=2026-11-14%2011%3A00%3A00&e[0][date_end]=2026-11-14%2011%3A30%3A00&e[0][timezone]=America%2FChicago&e[0][title]=Concert%20for%20Kids&e[0][location]=The%20Urbana%20Free%20Library%20-%20The%20Lewis%20Auditorium",FAILED,""
"https://urbanafreelibrary.libnet.info/event/16857853","https://addtocalendar.com/atc/ical?utz=0&uln=en-US@posix&vjs=1.5&e[0][date_start]=2026-11-14%2011%3A00%3A00&e[0][date_end]=2026-11-14%2012%3A00%3A00&e[0][timezone]=America%2FChicago&e[0][title]=Conversation%20Caf%C3%A9&e[0][location]=The%20Urbana%20Free%20Library%20-%20Busey-Mills%20Reading%20Room%2C%20Library%20Gallery",FAILED,""
"https://urbanafreelibrary.libnet.info/event/16857853","https://addtocalendar.com/atc/google?utz=0&uln=en-US@posix&vjs=1.5&e[0][date_start]=2026-11-14%2011%3A00%3A00&e[0][date_end]=2026-11-14%2012%3A00%3A00&e[0][timezone]=America%2FChicago&e[0][title]=Conversation%20Caf%C3%A9&e[0][location]=The%20Urbana%20Free%20Library%20-%20Busey-Mills%20Reading%20Room%2C%20Library%20Gallery",FAILED,""
"https://urbanafreelibrary.libnet.info/event/16857853","https://addtocalendar.com/atc/outlook?utz=0&uln=en-US@posix&vjs=1.5&e[0][date_start]=2026-11-14%2011%3A00%3A00&e[0][date_end]=2026-11-14%2012%3A00%3A00&e[0][timezone]=America%2FChicago&e[0][title]=Conversation%20Caf%C3%A9&e[0][location]=The%20Urbana%20Free%20Library%20-%20Busey-Mills%20Reading%20Room%2C%20Library%20Gallery",FAILED,""
"https://urbanafreelibrary.libnet.info/event/16857853","https://addtocalendar.com/atc/outlookonline?utz=0&uln=en-US@posix&vjs=1.5&e[0][date_start]=2026-11-14%2011%3A00%3A00&e[0][date_end]=2026-11-14%2012%3A00%3A00&e[0][timezone]=America%2FChicago&e[0][title]=Conversation%20Caf%C3%A9&e[0][location]=The%20Urbana%20Free%20Library%20-%20Busey-Mills%20Reading%20Room%2C%20Library%20Gallery",FAILED,""
"https://urbanafreelibrary.libnet.info/event/16857853","https://addtocalendar.com/atc/yahoo?utz=0&uln=en-US@posix&vjs=1.5&e[0][date_start]=2026-11-14%2011%3A00%3A00&e[0][date_end]=2026-11-14%2012%3A00%3A00&e[0][timezone]=America%2FChicago&e[0][title]=Conversation%20Caf%C3%A9&e[0][location]=The%20Urbana%20Free%20Library%20-%20Busey-Mills%20Reading%20Room%2C%20Library%20Gallery",FAILED,""
"https://urbanafreelibrary.libnet.info/event/15954235","https://addtocalendar.com/atc/ical?utz=0&uln=en-US@posix&vjs=1.5&e[0][date_start]=2026-11-14%2014%3A00%3A00&e[0][date_end]=2026-11-14%2015%3A00%3A00&e[0][timezone]=America%2FChicago&e[0][title]=Latin%20American%20Story%20Time&e[0][location]=The%20Urbana%20Free%20Library%20-%20The%20Lewis%20Auditorium",FAILED,""
"https://urbanafreelibrary.libnet.info/event/15954235","https://addtocalendar.com/atc/google?utz=0&uln=en-US@posix&vjs=1.5&e[0][date_start]=2026-11-14%2014%3A00%3A00&e[0][date_end]=2026-11-14%2015%3A00%3A00&e[0][timezone]=America%2FChicago&e[0][title]=Latin%20American%20Story%20Time&e[0][location]=The%20Urbana%20Free%20Library%20-%20The%20Lewis%20Auditorium",FAILED,""
"https://urbanafreelibrary.libnet.info/event/15954235","https://addtocalendar.com/atc/outlook?utz=0&uln=en-US@posix&vjs=1.5&e[0][date_start]=2026-11-14%2014%3A00%3A00&e[0][date_end]=2026-11-14%2015%3A00%3A00&e[0][timezone]=America%2FChicago&e[0][title]=Latin%20American%20Story%20Time&e[0][location]=The%20Urbana%20Free%20Library%20-%20The%20Lewis%20Auditorium",FAILED,""
"https://urbanafreelibrary.libnet.info/event/15954235","https://addtocalendar.com/atc/outlookonline?utz=0&uln=en-US@posix&vjs=1.5&e[0][date_start]=2026-11-14%2014%3A00%3A00&e[0][date_end]=2026-11-14%2015%3A00%3A00&e[0][timezone]=America%2FChicago&e[0][title]=Latin%20American%20Story%20Time&e[0][location]=The%20Urbana%20Free%20Library%20-%20The%20Lewis%20Auditorium",FAILED,""
"https://urbanafreelibrary.libnet.info/event/15954235","https://addtocalendar.com/atc/yahoo?utz=0&uln=en-US@posix&vjs=1.5&e[0][date_start]=2026-11-14%2014%3A00%3A00&e[0][date_end]=2026-11-14%2015%3A00%3A00&e[0][timezone]=America%2FChicago&e[0][title]=Latin%20American%20Story%20Time&e[0][location]=The%20Urbana%20Free%20Library%20-%20The%20Lewis%20Auditorium",FAILED,""
"https://urbanafreelibrary.libnet.info/event/16603863","https://addtocalendar.com/atc/ical?utz=0&uln=en-US@posix&vjs=1.5&e[0][date_start]=2026-11-16%2010%3A00%3A00&e[0][date_end]=2026-11-16%2012%3A00%3A00&e[0][timezone]=America%2FChicago&e[0][title]=Project%20Read&e[0][location]=The%20Urbana%20Free%20Library%20-%20The%20Lewis%20Auditorium",FAILED,""
"https://urbanafreelibrary.libnet.info/event/16603863","https://addtocalendar.com/atc/google?utz=0&uln=en-US@posix&vjs=1.5&e[0][date_start]=2026-11-16%2010%3A00%3A00&e[0][date_end]=2026-11-16%2012%3A00%3A00&e[0][timezone]=America%2FChicago&e[0][title]=Project%20Read&e[0][location]=The%20Urbana%20Free%20Library%20-%20The%20Lewis%20Auditorium",FAILED,""
"https://urbanafreelibrary.libnet.info/event/16603863","https://addtocalendar.com/atc/outlook?utz=0&uln=en-US@posix&vjs=1.5&e[0][date_start]=2026-11-16%2010%3A00%3A00&e[0][date_end]=2026-11-16%2012%3A00%3A00&e[0][timezone]=America%2FChicago&e[0][title]=Project%20Read&e[0][location]=The%20Urbana%20Free%20Library%20-%20The%20Lewis%20Auditorium",FAILED,""
"https://urbanafreelibrary.libnet.info/event/16603863","https://addtocalendar.com/atc/outlookonline?utz=0&uln=en-US@posix&vjs=1.5&e[0][date_start]=2026-11-16%2010%3A00%3A00&e[0][date_end]=2026-11-16%2012%3A00%3A00&e[0][timezone]=America%2FChicago&e[0][title]=Project%20Read&e[0][location]=The%20Urbana%20Free%20Library%20-%20The%20Lewis%20Auditorium",FAILED,""
"https://urbanafreelibrary.libnet.info/event/16603863","https://addtocalendar.com/atc/yahoo?utz=0&uln=en-US@posix&vjs=1.5&e[0][date_start]=2026-11-16%2010%3A00%3A00&e[0][date_end]=2026-11-16%2012%3A00%3A00&e[0][timezone]=America%2FChicago&e[0][title]=Project%20Read&e[0][location]=The%20Urbana%20Free%20Library%20-%20The%20Lewis%20Auditorium",FAILED,""
"https://urbanafreelibrary.libnet.info/event/16826558","https://addtocalendar.com/atc/ical?utz=0&uln=en-US@posix&vjs=1.5&e[0][date_start]=2026-11-16%2015%3A45%3A00&e[0][date_end]=2026-11-16%2018%3A00%3A00&e[0][timezone]=America%2FChicago&e[0][title]=Teen%20Movie%20Monday&e[0][location]=The%20Urbana%20Free%20Library%20-%20The%20Lewis%20Auditorium",FAILED,""
"https://urbanafreelibrary.libnet.info/event/16826558","https://addtocalendar.com/atc/google?utz=0&uln=en-US@posix&vjs=1.5&e[0][date_start]=2026-11-16%2015%3A45%3A00&e[0][date_end]=2026-11-16%2018%3A00%3A00&e[0][timezone]=America%2FChicago&e[0][title]=Teen%20Movie%20Monday&e[0][location]=The%20Urbana%20Free%20Library%20-%20The%20Lewis%20Auditorium",FAILED,""
"https://urbanafreelibrary.libnet.info/event/16826558","https://addtocalendar.com/atc/outlook?utz=0&uln=en-US@posix&vjs=1.5&e[0][date_start]=2026-11-16%2015%3A45%3A00&e[0][date_end]=2026-11-16%2018%3A00%3A00&e[0][timezone]=America%2FChicago&e[0][title]=Teen%20Movie%20Monday&e[0][location]=The%20Urbana%20Free%20Library%20-%20The%20Lewis%20Auditorium",FAILED,""
"https://urbanafreelibrary.libnet.info/event/16826558","https://addtocalendar.com/atc/outlookonline?utz=0&uln=en-US@posix&vjs=1.5&e[0][date_start]=2026-11-16%2015%3A45%3A00&e[0][date_end]=2026-11-16%2018%3A00%3A00&e[0][timezone]=America%2FChicago&e[0][title]=Teen%20Movie%20Monday&e[0][location]=The%20Urbana%20Free%20Library%20-%20The%20Lewis%20Auditorium",FAILED,""
"https://urbanafreelibrary.libnet.info/event/16826558","https://addtocalendar.com/atc/yahoo?utz=0&uln=en-US@posix&vjs=1.5&e[0][date_start]=2026-11-16%2015%3A45%3A00&e[0][date_end]=2026-11-16%2018%3A00%3A00&e[0][timezone]=America%2FChicago&e[0][title]=Teen%20Movie%20Monday&e[0][location]=The%20Urbana%20Free%20Library%20-%20The%20Lewis%20Auditorium",FAILED,""
"https://urbanafreelibrary.libnet.info/event/16165647","https://addtocalendar.com/atc/ical?utz=0&uln=en-US@posix&vjs=1.5&e[0][date_start]=2026-11-16%2018%3A00%3A00&e[0][date_end]=2026-11-16%2019%3A30%3A00&e[0][timezone]=America%2FChicago&e[0][title]=Death%20Cafe&e[0][location]=The%20Urbana%20Free%20Library%20-%20MacFarlane-Hood%20Reading%20Room",FAILED,""
"https://urbanafreelibrary.libnet.info/event/16165647","https://addtocalendar.com/atc/google?utz=0&uln=en-US@posix&vjs=1.5&e[0][date_start]=2026-11-16%2018%3A00%3A00&e[0][date_end]=2026-11-16%2019%3A30%3A00&e[0][timezone]=America%2FChicago&e[0][title]=Death%20Cafe&e[0][location]=The%20Urbana%20Free%20Library%20-%20MacFarlane-Hood%20Reading%20Room",FAILED,""
"https://urbanafreelibrary.libnet.info/event/16165647","https://addtocalendar.com/atc/outlook?utz=0&uln=en-US@posix&vjs=1.5&e[0][date_start]=2026-11-16%2018%3A00%3A00&e[0][date_end]=2026-11-16%2019%3A30%3A00&e[0][timezone]=America%2FChicago&e[0][title]=Death%20Cafe&e[0][location]=The%20Urbana%20Free%20Library%20-%20MacFarlane-Hood%20Reading%20Room",FAILED,""
"https://urbanafreelibrary.libnet.info/event/16165647","https://addtocalendar.com/atc/outlookonline?utz=0&uln=en-US@posix&vjs=1.5&e[0][date_start]=2026-11-16%2018%3A00%3A00&e[0][date_end]=2026-11-16%2019%3A30%3A00&e[0][timezone]=America%2FChicago&e[0][title]=Death%20Cafe&e[0][location]=The%20Urbana%20Free%20Library%20-%20MacFarlane-Hood%20Reading%20Room",FAILED,""
"https://urbanafreelibrary.libnet.info/event/16165647","https://addtocalendar.com/atc/yahoo?utz=0&uln=en-US@posix&vjs=1.5&e[0][date_start]=2026-11-16%2018%3A00%3A00&e[0][date_end]=2026-11-16%2019%3A30%3A00&e[0][timezone]=America%2FChicago&e[0][title]=Death%20Cafe&e[0][location]=The%20Urbana%20Free%20Library%20-%20MacFarlane-Hood%20Reading%20Room",FAILED,""
"https://urbanafreelibrary.libnet.info/event/13876103","https://addtocalendar.com/atc/ical?utz=0&uln=en-US@posix&vjs=1.5&e[0][date_start]=2026-11-17%2010%3A15%3A00&e[0][date_end]=2026-11-17%2010%3A40%3A00&e[0][timezone]=America%2FChicago&e[0][title]=Books%20and%20Bounces!&e[0][location]=The%20Urbana%20Free%20Library%20-%20The%20Lewis%20Auditorium",FAILED,""
"https://urbanafreelibrary.libnet.info/event/13876103","https://addtocalendar.com/atc/google?utz=0&uln=en-US@posix&vjs=1.5&e[0][date_start]=2026-11-17%2010%3A15%3A00&e[0][date_end]=2026-11-17%2010%3A40%3A00&e[0][timezone]=America%2FChicago&e[0][title]=Books%20and%20Bounces!&e[0][location]=The%20Urbana%20Free%20Library%20-%20The%20Lewis%20Auditorium",FAILED,""
"https://urbanafreelibrary.libnet.info/event/13876103","https://addtocalendar.com/atc/outlook?utz=0&uln=en-US@posix&vjs=1.5&e[0][date_start]=2026-11-17%2010%3A15%3A00&e[0][date_end]=2026-11-17%2010%3A40%3A00&e[0][timezone]=America%2FChicago&e[0][title]=Books%20and%20Bounces!&e[0][location]=The%20Urbana%20Free%20Library%20-%20The%20Lewis%20Auditorium",FAILED,""
"https://urbanafreelibrary.libnet.info/event/13876103","https://addtocalendar.com/atc/outlookonline?utz=0&uln=en-US@posix&vjs=1.5&e[0][date_start]=2026-11-17%2010%3A15%3A00&e[0][date_end]=2026-11-17%2010%3A40%3A00&e[0][timezone]=America%2FChicago&e[0][title]=Books%20and%20Bounces!&e[0][location]=The%20Urbana%20Free%20Library%20-%20The%20Lewis%20Auditorium",FAILED,""
"https://urbanafreelibrary.libnet.info/event/13876103","https://addtocalendar.com/atc/yahoo?utz=0&uln=en-US@posix&vjs=1.5&e[0][date_start]=2026-11-17%2010%3A15%3A00&e[0][date_end]=2026-11-17%2010%3A40%3A00&e[0][timezone]=America%2FChicago&e[0][title]=Books%20and%20Bounces!&e[0][location]=The%20Urbana%20Free%20Library%20-%20The%20Lewis%20Auditorium",FAILED,""
"https://urbanafreelibrary.libnet.info/event/17265138","https://addtocalendar.com/atc/ical?utz=0&uln=en-US@posix&vjs=1.5&e[0][date_start]=2026-11-17%2015%3A00%3A00&e[0][date_end]=2026-11-17%2017%3A30%3A00&e[0][timezone]=America%2FChicago&e[0][title]=Teen%20Open%20Lab&e[0][location]=The%20Urbana%20Free%20Library%20-%20The%20Lewis%20Auditorium",FAILED,""
"https://urbanafreelibrary.libnet.info/event/17265138","https://addtocalendar.com/atc/google?utz=0&uln=en-US@posix&vjs=1.5&e[0][date_start]=2026-11-17%2015%3A00%3A00&e[0][date_end]=2026-11-17%2017%3A30%3A00&e[0][timezone]=America%2FChicago&e[0][title]=Teen%20Open%20Lab&e[0][location]=The%20Urbana%20Free%20Library%20-%20The%20Lewis%20Auditorium",FAILED,""
"https://urbanafreelibrary.libnet.info/event/17265138","https://addtocalendar.com/atc/outlook?utz=0&uln=en-US@posix&vjs=1.5&e[0][date_start]=2026-11-17%2015%3A00%3A00&e[0][date_end]=2026-11-17%2017%3A30%3A00&e[0][timezone]=America%2FChicago&e[0][title]=Teen%20Open%20Lab&e[0][location]=The%20Urbana%20Free%20Library%20-%20The%20Lewis%20Auditorium",FAILED,""
"https://urbanafreelibrary.libnet.info/event/17265138","https://addtocalendar.com/atc/outlookonline?utz=0&uln=en-US@posix&vjs=1.5&e[0][date_start]=2026-11-17%2015%3A00%3A00&e[0][date_end]=2026-11-17%2017%3A30%3A00&e[0][timezone]=America%2FChicago&e[0][title]=Teen%20Open%20Lab&e[0][location]=The%20Urbana%20Free%20Library%20-%20The%20Lewis%20Auditorium",FAILED,""
"https://urbanafreelibrary.libnet.info/event/17265138","https://addtocalendar.com/atc/yahoo?utz=0&uln=en-US@posix&vjs=1.5&e[0][date_start]=2026-11-17%2015%3A00%3A00&e[0][date_end]=2026-11-17%2017%3A30%3A00&e[0][timezone]=America%2FChicago&e[0][title]=Teen%20Open%20Lab&e[0][location]=The%20Urbana%20Free%20Library%20-%20The%20Lewis%20Auditorium",FAILED,""
"https://urbanafreelibrary.libnet.info/event/17127391","https://addtocalendar.com/atc/ical?utz=0&uln=en-US@posix&vjs=1.5&e[0][date_start]=2026-11-17%2017%3A00%3A00&e[0][date_end]=2026-11-17%2019%3A30%3A00&e[0][timezone]=America%2FChicago&e[0][title]=Stitching%20Circle&e[0][location]=The%20Urbana%20Free%20Library%20-%20",FAILED,""
"https://urbanafreelibrary.libnet.info/event/17127391","https://addtocalendar.com/atc/google?utz=0&uln=en-US@posix&vjs=1.5&e[0][date_start]=2026-11-17%2017%3A00%3A00&e[0][date_end]=2026-11-17%2019%3A30%3A00&e[0][timezone]=America%2FChicago&e[0][title]=Stitching%20Circle&e[0][location]=The%20Urbana%20Free%20Library%20-%20",FAILED,""
"https://urbanafreelibrary.libnet.info/event/17127391","https://addtocalendar.com/atc/outlook?utz=0&uln=en-US@posix&vjs=1.5&e[0][date_start]=2026-11-17%2017%3A00%3A00&e[0][date_end]=2026-11-17%2019%3A30%3A00&e[0][timezone]=America%2FChicago&e[0][title]=Stitching%20Circle&e[0][location]=The%20Urbana%20Free%20Library%20-%20",FAILED,""
"https://urbanafreelibrary.libnet.info/event/17127391","https://addtocalendar.com/atc/outlookonline?utz=0&uln=en-US@posix&vjs=1.5&e[0][date_start]=2026-11-17%2017%3A00%3A00&e[0][date_end]=2026-11-17%2019%3A30%3A00&e[0][timezone]=America%2FChicago&e[0][title]=Stitching%20Circle&e[0][location]=The%20Urbana%20Free%20Library%20-%20",FAILED,""
"https://urbanafreelibrary.libnet.info/event/17127391","https://addtocalendar.com/atc/yahoo?utz=0&uln=en-US@posix&vjs=1.5&e[0][date_start]=2026-11-17%2017%3A00%3A00&e[0][date_end]=2026-11-17%2019%3A30%3A00&e[0][timezone]=America%2FChicago&e[0][title]=Stitching%20Circle&e[0][location]=The%20Urbana%20Free%20Library%20-%20",FAILED,""
"https://urbanafreelibrary.libnet.info/event/17264238","https://addtocalendar.com/atc/ical?utz=0&uln=en-US@posix&vjs=1.5&e[0][date_start]=2026-11-18%2015%3A00%3A00&e[0][date_end]=2026-11-18%2017%3A30%3A00&e[0][timezone]=America%2FChicago&e[0][title]=Teen%20Open%20Lab&e[0][location]=The%20Urbana%20Free%20Library%20-%20The%20Lewis%20Auditorium",FAILED,""
"https://urbanafreelibrary.libnet.info/event/17264238","https://addtocalendar.com/atc/google?utz=0&uln=en-US@posix&vjs=1.5&e[0][date_start]=2026-11-18%2015%3A00%3A00&e[0][date_end]=2026-11-18%2017%3A30%3A00&e[0][timezone]=America%2FChicago&e[0][title]=Teen%20Open%20Lab&e[0][location]=The%20Urbana%20Free%20Library%20-%20The%20Lewis%20Auditorium",FAILED,""
"https://urbanafreelibrary.libnet.info/event/17264238","https://addtocalendar.com/atc/outlook?utz=0&uln=en-US@posix&vjs=1.5&e[0][date_start]=2026-11-18%2015%3A00%3A00&e[0][date_end]=2026-11-18%2017%3A30%3A00&e[0][timezone]=America%2FChicago&e[0][title]=Teen%20Open%20Lab&e[0][location]=The%20Urbana%20Free%20Library%20-%20The%20Lewis%20Auditorium",FAILED,""
"https://urbanafreelibrary.libnet.info/event/17264238","https://addtocalendar.com/atc/outlookonline?utz=0&uln=en-US@posix&vjs=1.5&e[0][date_start]=2026-11-18%2015%3A00%3A00&e[0][date_end]=2026-11-18%2017%3A30%3A00&e[0][timezone]=America%2FChicago&e[0][title]=Teen%20Open%20Lab&e[0][location]=The%20Urbana%20Free%20Library%20-%20The%20Lewis%20Auditorium",FAILED,""
"https://urbanafreelibrary.libnet.info/event/17264238","https://addtocalendar.com/atc/yahoo?utz=0&uln=en-US@posix&vjs=1.5&e[0][date_start]=2026-11-18%2015%3A00%3A00&e[0][date_end]=2026-11-18%2017%3A30%3A00&e[0][timezone]=America%2FChicago&e[0][title]=Teen%20Open%20Lab&e[0][location]=The%20Urbana%20Free%20Library%20-%20The%20Lewis%20Auditorium",FAILED,""
"https://urbanafreelibrary.libnet.info/event/17370183","https://addtocalendar.com/atc/ical?utz=0&uln=en-US@posix&vjs=1.5&e[0][date_start]=2026-11-18%2019%3A00%3A00&e[0][date_end]=2026-11-18%2020%3A00%3A00&e[0][timezone]=America%2FChicago&e[0][title]=Genealogy%20Research%20Discussion%20Hour&e[0][location]=Online%20-%20",FAILED,""
"https://urbanafreelibrary.libnet.info/event/17370183","https://addtocalendar.com/atc/google?utz=0&uln=en-US@posix&vjs=1.5&e[0][date_start]=2026-11-18%2019%3A00%3A00&e[0][date_end]=2026-11-18%2020%3A00%3A00&e[0][timezone]=America%2FChicago&e[0][title]=Genealogy%20Research%20Discussion%20Hour&e[0][location]=Online%20-%20",FAILED,""
"https://urbanafreelibrary.libnet.info/event/17370183","https://addtocalendar.com/atc/outlook?utz=0&uln=en-US@posix&vjs=1.5&e[0][date_start]=2026-11-18%2019%3A00%3A00&e[0][date_end]=2026-11-18%2020%3A00%3A00&e[0][timezone]=America%2FChicago&e[0][title]=Genealogy%20Research%20Discussion%20Hour&e[0][location]=Online%20-%20",FAILED,""
"https://urbanafreelibrary.libnet.info/event/17370183","https://addtocalendar.com/atc/outlookonline?utz=0&uln=en-US@posix&vjs=1.5&e[0][date_start]=2026-11-18%2019%3A00%3A00&e[0][date_end]=2026-11-18%2020%3A00%3A00&e[0][timezone]=America%2FChicago&e[0][title]=Genealogy%20Research%20Discussion%20Hour&e[0][location]=Online%20-%20",FAILED,""
"https://urbanafreelibrary.libnet.info/event/17370183","https://addtocalendar.com/atc/yahoo?utz=0&uln=en-US@posix&vjs=1.5&e[0][date_start]=2026-11-18%2019%3A00%3A00&e[0][date_end]=2026-11-18%2020%3A00%3A00&e[0][timezone]=America%2FChicago&e[0][title]=Genealogy%20Research%20Discussion%20Hour&e[0][location]=Online%20-%20",FAILED,""
"https://urbanafreelibrary.libnet.info/event/13876151","https://addtocalendar.com/atc/ical?utz=0&uln=en-US@posix&vjs=1.5&e[0][date_start]=2026-11-19%2010%3A15%3A00&e[0][date_end]=2026-11-19%2010%3A45%3A00&e[0][timezone]=America%2FChicago&e[0][title]=Crafty%20Tales&e[0][location]=The%20Urbana%20Free%20Library%20-%20The%20Lewis%20Auditorium",FAILED,""
"https://urbanafreelibrary.libnet.info/event/13876151","https://addtocalendar.com/atc/google?utz=0&uln=en-US@posix&vjs=1.5&e[0][date_start]=2026-11-19%2010%3A15%3A00&e[0][date_end]=2026-11-19%2010%3A45%3A00&e[0][timezone]=America%2FChicago&e[0][title]=Crafty%20Tales&e[0][location]=The%20Urbana%20Free%20Library%20-%20The%20Lewis%20Auditorium",FAILED,""
"https://urbanafreelibrary.libnet.info/event/13876151","https://addtocalendar.com/atc/outlook?utz=0&uln=en-US@posix&vjs=1.5&e[0][date_start]=2026-11-19%2010%3A15%3A00&e[0][date_end]=2026-11-19%2010%3A45%3A00&e[0][timezone]=America%2FChicago&e[0][title]=Crafty%20Tales&e[0][location]=The%20Urbana%20Free%20Library%20-%20The%20Lewis%20Auditorium",FAILED,""
"https://urbanafreelibrary.libnet.info/event/13876151","https://addtocalendar.com/atc/outlookonline?utz=0&uln=en-US@posix&vjs=1.5&e[0][date_start]=2026-11-19%2010%3A15%3A00&e[0][date_end]=2026-11-19%2010%3A45%3A00&e[0][timezone]=America%2FChicago&e[0][title]=Crafty%20Tales&e[0][location]=The%20Urbana%20Free%20Library%20-%20The%20Lewis%20Auditorium",FAILED,""
"https://urbanafreelibrary.libnet.info/event/13876151","https://addtocalendar.com/atc/yahoo?utz=0&uln=en-US@posix&vjs=1.5&e[0][date_start]=2026-11-19%2010%3A15%3A00&e[0][date_end]=2026-11-19%2010%3A45%3A00&e[0][timezone]=America%2FChicago&e[0][title]=Crafty%20Tales&e[0][location]=The%20Urbana%20Free%20Library%20-%20The%20Lewis%20Auditorium",FAILED,""
"https://urbanafreelibrary.libnet.info/event/17264610","https://addtocalendar.com/atc/ical?utz=0&uln=en-US@posix&vjs=1.5&e[0][date_start]=2026-11-19%2015%3A00%3A00&e[0][date_end]=2026-11-19%2017%3A00%3A00&e[0][timezone]=America%2FChicago&e[0][title]=Teen%20Open%20Lab&e[0][location]=The%20Urbana%20Free%20Library%20-%20The%20Lewis%20Auditorium",FAILED,""
"https://urbanafreelibrary.libnet.info/event/17264610","https://addtocalendar.com/atc/google?utz=0&uln=en-US@posix&vjs=1.5&e[0][date_start]=2026-11-19%2015%3A00%3A00&e[0][date_end]=2026-11-19%2017%3A00%3A00&e[0][timezone]=America%2FChicago&e[0][title]=Teen%20Open%20Lab&e[0][location]=The%20Urbana%20Free%20Library%20-%20The%20Lewis%20Auditorium",FAILED,""
"https://urbanafreelibrary.libnet.info/event/17264610","https://addtocalendar.com/atc/outlook?utz=0&uln=en-US@posix&vjs=1.5&e[0][date_start]=2026-11-19%2015%3A00%3A00&e[0][date_end]=2026-11-19%2017%3A00%3A00&e[0][timezone]=America%2FChicago&e[0][title]=Teen%20Open%20Lab&e[0][location]=The%20Urbana%20Free%20Library%20-%20The%20Lewis%20Auditorium",FAILED,""
"https://urbanafreelibrary.libnet.info/event/17264610","https://addtocalendar.com/atc/outlookonline?utz=0&uln=en-US@posix&vjs=1.5&e[0][date_start]=2026-11-19%2015%3A00%3A00&e[0][date_end]=2026-11-19%2017%3A00%3A00&e[0][timezone]=America%2FChicago&e[0][title]=Teen%20Open%20Lab&e[0][location]=The%20Urbana%20Free%20Library%20-%20The%20Lewis%20Auditorium",FAILED,""
"https://urbanafreelibrary.libnet.info/event/17264610","https://addtocalendar.com/atc/yahoo?utz=0&uln=en-US@posix&vjs=1.5&e[0][date_start]=2026-11-19%2015%3A00%3A00&e[0][date_end]=2026-11-19%2017%3A00%3A00&e[0][timezone]=America%2FChicago&e[0][title]=Teen%20Open%20Lab&e[0][location]=The%20Urbana%20Free%20Library%20-%20The%20Lewis%20Auditorium",FAILED,""
"https://urbanafreelibrary.libnet.info/event/17470757","https://addtocalendar.com/atc/ical?utz=0&uln=en-US@posix&vjs=1.5&e[0][date_start]=2026-11-19%2017%3A30%3A00&e[0][date_end]=2026-11-19%2019%3A00%3A00&e[0][timezone]=America%2FChicago&e[0][title]=Family%20Reading%20Night&e[0][location]=The%20Urbana%20Free%20Library%20-%20The%20Satterthwaite%20Conference%20Room%2C%20Children%27s%20Area%2C%20The%20Lewis%20Auditorium",FAILED,""
"https://urbanafreelibrary.libnet.info/event/17470757","https://addtocalendar.com/atc/google?utz=0&uln=en-US@posix&vjs=1.5&e[0][date_start]=2026-11-19%2017%3A30%3A00&e[0][date_end]=2026-11-19%2019%3A00%3A00&e[0][timezone]=America%2FChicago&e[0][title]=Family%20Reading%20Night&e[0][location]=The%20Urbana%20Free%20Library%20-%20The%20Satterthwaite%20Conference%20Room%2C%20Children%27s%20Area%2C%20The%20Lewis%20Auditorium",FAILED,""
"https://urbanafreelibrary.libnet.info/event/17470757","https://addtocalendar.com/atc/outlook?utz=0&uln=en-US@posix&vjs=1.5&e[0][date_start]=2026-11-19%2017%3A30%3A00&e[0][date_end]=2026-11-19%2019%3A00%3A00&e[0][timezone]=America%2FChicago&e[0][title]=Family%20Reading%20Night&e[0][location]=The%20Urbana%20Free%20Library%20-%20The%20Satterthwaite%20Conference%20Room%2C%20Children%27s%20Area%2C%20The%20Lewis%20Auditorium",FAILED,""
"https://urbanafreelibrary.libnet.info/event/17470757","https://addtocalendar.com/atc/outlookonline?utz=0&uln=en-US@posix&vjs=1.5&e[0][date_start]=2026-11-19%2017%3A30%3A00&e[0][date_end]=2026-11-19%2019%3A00%3A00&e[0][timezone]=America%2FChicago&e[0][title]=Family%20Reading%20Night&e[0][location]=The%20Urbana%20Free%20Library%20-%20The%20Satterthwaite%20Conference%20Room%2C%20Children%27s%20Area%2C%20The%20Lewis%20Auditorium",FAILED,""
"https://urbanafreelibrary.libnet.info/event/17470757","https://addtocalendar.com/atc/yahoo?utz=0&uln=en-US@posix&vjs=1.5&e[0][date_start]=2026-11-19%2017%3A30%3A00&e[0][date_end]=2026-11-19%2019%3A00%3A00&e[0][timezone]=America%2FChicago&e[0][title]=Family%20Reading%20Night&e[0][location]=The%20Urbana%20Free%20Library%20-%20The%20Satterthwaite%20Conference%20Room%2C%20Children%27s%20Area%2C%20The%20Lewis%20Auditorium",FAILED,""
"https://urbanafreelibrary.libnet.info/event/16897103","https://addtocalendar.com/atc/ical?utz=0&uln=en-US@posix&vjs=1.5&e[0][date_start]=2026-11-20%2016%3A00%3A00&e[0][date_end]=2026-11-20%2017%3A00%3A00&e[0][timezone]=America%2FChicago&e[0][title]=Write%20On!&e[0][location]=The%20Urbana%20Free%20Library%20-%20The%20Lewis%20Auditorium",FAILED,""
"https://urbanafreelibrary.libnet.info/event/16897103","https://addtocalendar.com/atc/google?utz=0&uln=en-US@posix&vjs=1.5&e[0][date_start]=2026-11-20%2016%3A00%3A00&e[0][date_end]=2026-11-20%2017%3A00%3A00&e[0][timezone]=America%2FChicago&e[0][title]=Write%20On!&e[0][location]=The%20Urbana%20Free%20Library%20-%20The%20Lewis%20Auditorium",FAILED,""
"https://urbanafreelibrary.libnet.info/event/16897103","https://addtocalendar.com/atc/outlook?utz=0&uln=en-US@posix&vjs=1.5&e[0][date_start]=2026-11-20%2016%3A00%3A00&e[0][date_end]=2026-11-20%2017%3A00%3A00&e[0][timezone]=America%2FChicago&e[0][title]=Write%20On!&e[0][location]=The%20Urbana%20Free%20Library%20-%20The%20Lewis%20Auditorium",FAILED,""
"https://urbanafreelibrary.libnet.info/event/16897103","https://addtocalendar.com/atc/outlookonline?utz=0&uln=en-US@posix&vjs=1.5&e[0][date_start]=2026-11-20%2016%3A00%3A00&e[0][date_end]=2026-11-20%2017%3A00%3A00&e[0][timezone]=America%2FChicago&e[0][title]=Write%20On!&e[0][location]=The%20Urbana%20Free%20Library%20-%20The%20Lewis%20Auditorium",FAILED,""
"https://urbanafreelibrary.libnet.info/event/16897103","https://addtocalendar.com/atc/yahoo?utz=0&uln=en-US@posix&vjs=1.5&e[0][date_start]=2026-11-20%2016%3A00%3A00&e[0][date_end]=2026-11-20%2017%3A00%3A00&e[0][timezone]=America%2FChicago&e[0][title]=Write%20On!&e[0][location]=The%20Urbana%20Free%20Library%20-%20The%20Lewis%20Auditorium",FAILED,""
"https://urbanafreelibrary.libnet.info/event/16603864","https://addtocalendar.com/atc/ical?utz=0&uln=en-US@posix&vjs=1.5&e[0][date_start]=2026-11-23%2010%3A00%3A00&e[0][date_end]=2026-11-23%2012%3A00%3A00&e[0][timezone]=America%2FChicago&e[0][title]=Project%20Read&e[0][location]=The%20Urbana%20Free%20Library%20-%20The%20Lewis%20Auditorium",FAILED,""
"https://urbanafreelibrary.libnet.info/event/16603864","https://addtocalendar.com/atc/google?utz=0&uln=en-US@posix&vjs=1.5&e[0][date_start]=2026-11-23%2010%3A00%3A00&e[0][date_end]=2026-11-23%2012%3A00%3A00&e[0][timezone]=America%2FChicago&e[0][title]=Project%20Read&e[0][location]=The%20Urbana%20Free%20Library%20-%20The%20Lewis%20Auditorium",FAILED,""
"https://urbanafreelibrary.libnet.info/event/16603864","https://addtocalendar.com/atc/outlook?utz=0&uln=en-US@posix&vjs=1.5&e[0][date_start]=2026-11-23%2010%3A00%3A00&e[0][date_end]=2026-11-23%2012%3A00%3A00&e[0][timezone]=America%2FChicago&e[0][title]=Project%20Read&e[0][location]=The%20Urbana%20Free%20Library%20-%20The%20Lewis%20Auditorium",FAILED,""
"https://urbanafreelibrary.libnet.info/event/16603864","https://addtocalendar.com/atc/outlookonline?utz=0&uln=en-US@posix&vjs=1.5&e[0][date_start]=2026-11-23%2010%3A00%3A00&e[0][date_end]=2026-11-23%2012%3A00%3A00&e[0][timezone]=America%2FChicago&e[0][title]=Project%20Read&e[0][location]=The%20Urbana%20Free%20Library%20-%20The%20Lewis%20Auditorium",FAILED,""
"https://urbanafreelibrary.libnet.info/event/16603864","https://addtocalendar.com/atc/yahoo?utz=0&uln=en-US@posix&vjs=1.5&e[0][date_start]=2026-11-23%2010%3A00%3A00&e[0][date_end]=2026-11-23%2012%3A00%3A00&e[0][timezone]=America%2FChicago&e[0][title]=Project%20Read&e[0][location]=The%20Urbana%20Free%20Library%20-%20The%20Lewis%20Auditorium",FAILED,""
"https://urbanafreelibrary.libnet.info/event/17398863","https://addtocalendar.com/atc/ical?utz=0&uln=en-US@posix&vjs=1.5&e[0][date_start]=2026-11-23%2016%3A00%3A00&e[0][date_end]=2026-11-23%2017%3A00%3A00&e[0][timezone]=America%2FChicago&e[0][title]=Teen%20Advisory%20Group%20(TAG)&e[0][location]=The%20Urbana%20Free%20Library%20-%20MacFarlane-Hood%20Reading%20Room",FAILED,""
"https://urbanafreelibrary.libnet.info/event/17398863","https://addtocalendar.com/atc/google?utz=0&uln=en-US@posix&vjs=1.5&e[0][date_start]=2026-11-23%2016%3A00%3A00&e[0][date_end]=2026-11-23%2017%3A00%3A00&e[0][timezone]=America%2FChicago&e[0][title]=Teen%20Advisory%20Group%20(TAG)&e[0][location]=The%20Urbana%20Free%20Library%20-%20MacFarlane-Hood%20Reading%20Room",FAILED,""
"https://urbanafreelibrary.libnet.info/event/17398863","https://addtocalendar.com/atc/outlook?utz=0&uln=en-US@posix&vjs=1.5&e[0][date_start]=2026-11-23%2016%3A00%3A00&e[0][date_end]=2026-11-23%2017%3A00%3A00&e[0][timezone]=America%2FChicago&e[0][title]=Teen%20Advisory%20Group%20(TAG)&e[0][location]=The%20Urbana%20Free%20Library%20-%20MacFarlane-Hood%20Reading%20Room",FAILED,""
"https://urbanafreelibrary.libnet.info/event/17398863","https://addtocalendar.com/atc/outlookonline?utz=0&uln=en-US@posix&vjs=1.5&e[0][date_start]=2026-11-23%2016%3A00%3A00&e[0][date_end]=2026-11-23%2017%3A00%3A00&e[0][timezone]=America%2FChicago&e[0][title]=Teen%20Advisory%20Group%20(TAG)&e[0][location]=The%20Urbana%20Free%20Library%20-%20MacFarlane-Hood%20Reading%20Room",FAILED,""
"https://urbanafreelibrary.libnet.info/event/17398863","https://addtocalendar.com/atc/yahoo?utz=0&uln=en-US@posix&vjs=1.5&e[0][date_start]=2026-11-23%2016%3A00%3A00&e[0][date_end]=2026-11-23%2017%3A00%3A00&e[0][timezone]=America%2FChicago&e[0][title]=Teen%20Advisory%20Group%20(TAG)&e[0][location]=The%20Urbana%20Free%20Library%20-%20MacFarlane-Hood%20Reading%20Room",FAILED,""
"https://urbanafreelibrary.libnet.info/event/15337276","https://addtocalendar.com/atc/ical?utz=0&uln=en-US@posix&vjs=1.5&e[0][date_start]=2026-11-23%2018%3A30%3A00&e[0][date_end]=2026-11-23%2019%3A30%3A00&e[0][timezone]=America%2FChicago&e[0][title]=Swipe%20Right%3A%20A%20Romance%20Book%20Club&e[0][location]=The%20Urbana%20Free%20Library%20-%20The%20Lewis%20Auditorium",FAILED,""
"https://urbanafreelibrary.libnet.info/event/15337276","https://addtocalendar.com/atc/google?utz=0&uln=en-US@posix&vjs=1.5&e[0][date_start]=2026-11-23%2018%3A30%3A00&e[0][date_end]=2026-11-23%2019%3A30%3A00&e[0][timezone]=America%2FChicago&e[0][title]=Swipe%20Right%3A%20A%20Romance%20Book%20Club&e[0][location]=The%20Urbana%20Free%20Library%20-%20The%20Lewis%20Auditorium",FAILED,""
"https://urbanafreelibrary.libnet.info/event/15337276","https://addtocalendar.com/atc/outlook?utz=0&uln=en-US@posix&vjs=1.5&e[0][date_start]=2026-11-23%2018%3A30%3A00&e[0][date_end]=2026-11-23%2019%3A30%3A00&e[0][timezone]=America%2FChicago&e[0][title]=Swipe%20Right%3A%20A%20Romance%20Book%20Club&e[0][location]=The%20Urbana%20Free%20Library%20-%20The%20Lewis%20Auditorium",FAILED,""
"https://urbanafreelibrary.libnet.info/event/15337276","https://addtocalendar.com/atc/outlookonline?utz=0&uln=en-US@posix&vjs=1.5&e[0][date_start]=2026-11-23%2018%3A30%3A00&e[0][date_end]=2026-11-23%2019%3A30%3A00&e[0][timezone]=America%2FChicago&e[0][title]=Swipe%20Right%3A%20A%20Romance%20Book%20Club&e[0][location]=The%20Urbana%20Free%20Library%20-%20The%20Lewis%20Auditorium",FAILED,""
"https://urbanafreelibrary.libnet.info/event/15337276","https://addtocalendar.com/atc/yahoo?utz=0&uln=en-US@posix&vjs=1.5&e[0][date_start]=2026-11-23%2018%3A30%3A00&e[0][date_end]=2026-11-23%2019%3A30%3A00&e[0][timezone]=America%2FChicago&e[0][title]=Swipe%20Right%3A%20A%20Romance%20Book%20Club&e[0][location]=The%20Urbana%20Free%20Library%20-%20The%20Lewis%20Auditorium",FAILED,""
"https://urbanafreelibrary.libnet.info/event/13876104","https://addtocalendar.com/atc/ical?utz=0&uln=en-US@posix&vjs=1.5&e[0][date_start]=2026-11-24%2010%3A15%3A00&e[0][date_end]=2026-11-24%2010%3A40%3A00&e[0][timezone]=America%2FChicago&e[0][title]=Books%20and%20Bounces!&e[0][location]=The%20Urbana%20Free%20Library%20-%20The%20Lewis%20Auditorium",FAILED,""
"https://urbanafreelibrary.libnet.info/event/13876104","https://addtocalendar.com/atc/google?utz=0&uln=en-US@posix&vjs=1.5&e[0][date_start]=2026-11-24%2010%3A15%3A00&e[0][date_end]=2026-11-24%2010%3A40%3A00&e[0][timezone]=America%2FChicago&e[0][title]=Books%20and%20Bounces!&e[0][location]=The%20Urbana%20Free%20Library%20-%20The%20Lewis%20Auditorium",FAILED,""
"https://urbanafreelibrary.libnet.info/event/13876104","https://addtocalendar.com/atc/outlook?utz=0&uln=en-US@posix&vjs=1.5&e[0][date_start]=2026-11-24%2010%3A15%3A00&e[0][date_end]=2026-11-24%2010%3A40%3A00&e[0][timezone]=America%2FChicago&e[0][title]=Books%20and%20Bounces!&e[0][location]=The%20Urbana%20Free%20Library%20-%20The%20Lewis%20Auditorium",FAILED,""
"https://urbanafreelibrary.libnet.info/event/13876104","https://addtocalendar.com/atc/outlookonline?utz=0&uln=en-US@posix&vjs=1.5&e[0][date_start]=2026-11-24%2010%3A15%3A00&e[0][date_end]=2026-11-24%2010%3A40%3A00&e[0][timezone]=America%2FChicago&e[0][title]=Books%20and%20Bounces!&e[0][location]=The%20Urbana%20Free%20Library%20-%20The%20Lewis%20Auditorium",FAILED,""
"https://urbanafreelibrary.libnet.info/event/13876104","https://addtocalendar.com/atc/yahoo?utz=0&uln=en-US@posix&vjs=1.5&e[0][date_start]=2026-11-24%2010%3A15%3A00&e[0][date_end]=2026-11-24%2010%3A40%3A00&e[0][timezone]=America%2FChicago&e[0][title]=Books%20and%20Bounces!&e[0][location]=The%20Urbana%20Free%20Library%20-%20The%20Lewis%20Auditorium",FAILED,""
"https://urbanafreelibrary.libnet.info/event/16318095","https://addtocalendar.com/atc/ical?utz=0&uln=en-US@posix&vjs=1.5&e[0][date_start]=2026-11-24%2011%3A00%3A00&e[0][date_end]=2026-11-24%2013%3A00%3A00&e[0][timezone]=America%2FChicago&e[0][title]=Champaign%20County%20Health%20Care%20Consumers%20&e[0][location]=The%20Urbana%20Free%20Library%20-%20",FAILED,""
"https://urbanafreelibrary.libnet.info/event/16318095","https://addtocalendar.com/atc/google?utz=0&uln=en-US@posix&vjs=1.5&e[0][date_start]=2026-11-24%2011%3A00%3A00&e[0][date_end]=2026-11-24%2013%3A00%3A00&e[0][timezone]=America%2FChicago&e[0][title]=Champaign%20County%20Health%20Care%20Consumers%20&e[0][location]=The%20Urbana%20Free%20Library%20-%20",FAILED,""
"https://urbanafreelibrary.libnet.info/event/16318095","https://addtocalendar.com/atc/outlook?utz=0&uln=en-US@posix&vjs=1.5&e[0][date_start]=2026-11-24%2011%3A00%3A00&e[0][date_end]=2026-11-24%2013%3A00%3A00&e[0][timezone]=America%2FChicago&e[0][title]=Champaign%20County%20Health%20Care%20Consumers%20&e[0][location]=The%20Urbana%20Free%20Library%20-%20",FAILED,""
"https://urbanafreelibrary.libnet.info/event/16318095","https://addtocalendar.com/atc/outlookonline?utz=0&uln=en-US@posix&vjs=1.5&e[0][date_start]=2026-11-24%2011%3A00%3A00&e[0][date_end]=2026-11-24%2013%3A00%3A00&e[0][timezone]=America%2FChicago&e[0][title]=Champaign%20County%20Health%20Care%20Consumers%20&e[0][location]=The%20Urbana%20Free%20Library%20-%20",FAILED,""
"https://urbanafreelibrary.libnet.info/event/16318095","https://addtocalendar.com/atc/yahoo?utz=0&uln=en-US@posix&vjs=1.5&e[0][date_start]=2026-11-24%2011%3A00%3A00&e[0][date_end]=2026-11-24%2013%3A00%3A00&e[0][timezone]=America%2FChicago&e[0][title]=Champaign%20County%20Health%20Care%20Consumers%20&e[0][location]=The%20Urbana%20Free%20Library%20-%20",FAILED,""
"https://urbanafreelibrary.libnet.info/event/17265139","https://addtocalendar.com/atc/ical?utz=0&uln=en-US@posix&vjs=1.5&e[0][date_start]=2026-11-24%2015%3A00%3A00&e[0][date_end]=2026-11-24%2017%3A30%3A00&e[0][timezone]=America%2FChicago&e[0][title]=Teen%20Open%20Lab&e[0][location]=The%20Urbana%20Free%20Library%20-%20The%20Lewis%20Auditorium",FAILED,""
"https://urbanafreelibrary.libnet.info/event/17265139","https://addtocalendar.com/atc/google?utz=0&uln=en-US@posix&vjs=1.5&e[0][date_start]=2026-11-24%2015%3A00%3A00&e[0][date_end]=2026-11-24%2017%3A30%3A00&e[0][timezone]=America%2FChicago&e[0][title]=Teen%20Open%20Lab&e[0][location]=The%20Urbana%20Free%20Library%20-%20The%20Lewis%20Auditorium",FAILED,""
"https://urbanafreelibrary.libnet.info/event/17265139","https://addtocalendar.com/atc/outlook?utz=0&uln=en-US@posix&vjs=1.5&e[0][date_start]=2026-11-24%2015%3A00%3A00&e[0][date_end]=2026-11-24%2017%3A30%3A00&e[0][timezone]=America%2FChicago&e[0][title]=Teen%20Open%20Lab&e[0][location]=The%20Urbana%20Free%20Library%20-%20The%20Lewis%20Auditorium",FAILED,""
"https://urbanafreelibrary.libnet.info/event/17265139","https://addtocalendar.com/atc/outlookonline?utz=0&uln=en-US@posix&vjs=1.5&e[0][date_start]=2026-11-24%2015%3A00%3A00&e[0][date_end]=2026-11-24%2017%3A30%3A00&e[0][timezone]=America%2FChicago&e[0][title]=Teen%20Open%20Lab&e[0][location]=The%20Urbana%20Free%20Library%20-%20The%20Lewis%20Auditorium",FAILED,""
"https://urbanafreelibrary.libnet.info/event/17265139","https://addtocalendar.com/atc/yahoo?utz=0&uln=en-US@posix&vjs=1.5&e[0][date_start]=2026-11-24%2015%3A00%3A00&e[0][date_end]=2026-11-24%2017%3A30%3A00&e[0][timezone]=America%2FChicago&e[0][title]=Teen%20Open%20Lab&e[0][location]=The%20Urbana%20Free%20Library%20-%20The%20Lewis%20Auditorium",FAILED,""
"https://urbanafreelibrary.libnet.info/event/17120422","https://addtocalendar.com/atc/ical?utz=0&uln=en-US@posix&vjs=1.5&e[0][date_start]=2026-11-24%2018%3A00%3A00&e[0][date_end]=2026-11-24%2019%3A30%3A00&e[0][timezone]=America%2FChicago&e[0][title]=Puzzling%20Colors%20Club&e[0][location]=The%20Urbana%20Free%20Library%20-%20The%20Lewis%20Auditorium",FAILED,""
"https://urbanafreelibrary.libnet.info/event/17120422","https://addtocalendar.com/atc/google?utz=0&uln=en-US@posix&vjs=1.5&e[0][date_start]=2026-11-24%2018%3A00%3A00&e[0][date_end]=2026-11-24%2019%3A30%3A00&e[0][timezone]=America%2FChicago&e[0][title]=Puzzling%20Colors%20Club&e[0][location]=The%20Urbana%20Free%20Library%20-%20The%20Lewis%20Auditorium",FAILED,""
"https://urbanafreelibrary.libnet.info/event/17120422","https://addtocalendar.com/atc/outlook?utz=0&uln=en-US@posix&vjs=1.5&e[0][date_start]=2026-11-24%2018%3A00%3A00&e[0][date_end]=2026-11-24%2019%3A30%3A00&e[0][timezone]=America%2FChicago&e[0][title]=Puzzling%20Colors%20Club&e[0][location]=The%20Urbana%20Free%20Library%20-%20The%20Lewis%20Auditorium",FAILED,""
"https://urbanafreelibrary.libnet.info/event/17120422","https://addtocalendar.com/atc/outlookonline?utz=0&uln=en-US@posix&vjs=1.5&e[0][date_start]=2026-11-24%2018%3A00%3A00&e[0][date_end]=2026-11-24%2019%3A30%3A00&e[0][timezone]=America%2FChicago&e[0][title]=Puzzling%20Colors%20Club&e[0][location]=The%20Urbana%20Free%20Library%20-%20The%20Lewis%20Auditorium",FAILED,""
"https://urbanafreelibrary.libnet.info/event/17120422","https://addtocalendar.com/atc/yahoo?utz=0&uln=en-US@posix&vjs=1.5&e[0][date_start]=2026-11-24%2018%3A00%3A00&e[0][date_end]=2026-11-24%2019%3A30%3A00&e[0][timezone]=America%2FChicago&e[0][title]=Puzzling%20Colors%20Club&e[0][location]=The%20Urbana%20Free%20Library%20-%20The%20Lewis%20Auditorium",FAILED,""
"https://urbanafreelibrary.libnet.info/event/3300502","https://addtocalendar.com/atc/ical?utz=0&uln=en-US@posix&vjs=1.5&e[0][date_start]=2026-11-25%2000%3A00%3A00&e[0][date_end]=2026-11-25%2023%3A59%3A00&e[0][timezone]=America%2FChicago&e[0][title]=Thanksgiving%20Eve&e[0][location]=The%20Urbana%20Free%20Library%20-%20",FAILED,""
"https://urbanafreelibrary.libnet.info/event/3300502","https://addtocalendar.com/atc/google?utz=0&uln=en-US@posix&vjs=1.5&e[0][date_start]=2026-11-25%2000%3A00%3A00&e[0][date_end]=2026-11-25%2023%3A59%3A00&e[0][timezone]=America%2FChicago&e[0][title]=Thanksgiving%20Eve&e[0][location]=The%20Urbana%20Free%20Library%20-%20",FAILED,""
"https://urbanafreelibrary.libnet.info/event/3300502","https://addtocalendar.com/atc/outlook?utz=0&uln=en-US@posix&vjs=1.5&e[0][date_start]=2026-11-25%2000%3A00%3A00&e[0][date_end]=2026-11-25%2023%3A59%3A00&e[0][timezone]=America%2FChicago&e[0][title]=Thanksgiving%20Eve&e[0][location]=The%20Urbana%20Free%20Library%20-%20",FAILED,""
"https://urbanafreelibrary.libnet.info/event/3300502","https://addtocalendar.com/atc/outlookonline?utz=0&uln=en-US@posix&vjs=1.5&e[0][date_start]=2026-11-25%2000%3A00%3A00&e[0][date_end]=2026-11-25%2023%3A59%3A00&e[0][timezone]=America%2FChicago&e[0][title]=Thanksgiving%20Eve&e[0][location]=The%20Urbana%20Free%20Library%20-%20",FAILED,""
"https://urbanafreelibrary.libnet.info/event/3300502","https://addtocalendar.com/atc/yahoo?utz=0&uln=en-US@posix&vjs=1.5&e[0][date_start]=2026-11-25%2000%3A00%3A00&e[0][date_end]=2026-11-25%2023%3A59%3A00&e[0][timezone]=America%2FChicago&e[0][title]=Thanksgiving%20Eve&e[0][location]=The%20Urbana%20Free%20Library%20-%20",FAILED,""
"https://urbanafreelibrary.libnet.info/event/15606581","https://addtocalendar.com/atc/ical?utz=0&uln=en-US@posix&vjs=1.5&e[0][date_start]=2026-11-25%2010%3A00%3A00&e[0][date_end]=2026-11-25%2011%3A30%3A00&e[0][timezone]=America%2FChicago&e[0][title]=Project%20READ%20Conversation%20Group&e[0][location]=The%20Urbana%20Free%20Library%20-%20The%20Lewis%20Auditorium",FAILED,""
"https://urbanafreelibrary.libnet.info/event/15606581","https://addtocalendar.com/atc/google?utz=0&uln=en-US@posix&vjs=1.5&e[0][date_start]=2026-11-25%2010%3A00%3A00&e[0][date_end]=2026-11-25%2011%3A30%3A00&e[0][timezone]=America%2FChicago&e[0][title]=Project%20READ%20Conversation%20Group&e[0][location]=The%20Urbana%20Free%20Library%20-%20The%20Lewis%20Auditorium",FAILED,""
"https://urbanafreelibrary.libnet.info/event/15606581","https://addtocalendar.com/atc/outlook?utz=0&uln=en-US@posix&vjs=1.5&e[0][date_start]=2026-11-25%2010%3A00%3A00&e[0][date_end]=2026-11-25%2011%3A30%3A00&e[0][timezone]=America%2FChicago&e[0][title]=Project%20READ%20Conversation%20Group&e[0][location]=The%20Urbana%20Free%20Library%20-%20The%20Lewis%20Auditorium",FAILED,""
"https://urbanafreelibrary.libnet.info/event/15606581","https://addtocalendar.com/atc/outlookonline?utz=0&uln=en-US@posix&vjs=1.5&e[0][date_start]=2026-11-25%2010%3A00%3A00&e[0][date_end]=2026-11-25%2011%3A30%3A00&e[0][timezone]=America%2FChicago&e[0][title]=Project%20READ%20Conversation%20Group&e[0][location]=The%20Urbana%20Free%20Library%20-%20The%20Lewis%20Auditorium",FAILED,""
"https://urbanafreelibrary.libnet.info/event/15606581","https://addtocalendar.com/atc/yahoo?utz=0&uln=en-US@posix&vjs=1.5&e[0][date_start]=2026-11-25%2010%3A00%3A00&e[0][date_end]=2026-11-25%2011%3A30%3A00&e[0][timezone]=America%2FChicago&e[0][title]=Project%20READ%20Conversation%20Group&e[0][location]=The%20Urbana%20Free%20Library%20-%20The%20Lewis%20Auditorium",FAILED,""
"https://urbanafreelibrary.libnet.info/event/17264239","https://addtocalendar.com/atc/ical?utz=0&uln=en-US@posix&vjs=1.5&e[0][date_start]=2026-11-25%2015%3A00%3A00&e[0][date_end]=2026-11-25%2017%3A30%3A00&e[0][timezone]=America%2FChicago&e[0][title]=Teen%20Open%20Lab&e[0][location]=The%20Urbana%20Free%20Library%20-%20The%20Lewis%20Auditorium",FAILED,""
"https://urbanafreelibrary.libnet.info/event/17264239","https://addtocalendar.com/atc/google?utz=0&uln=en-US@posix&vjs=1.5&e[0][date_start]=2026-11-25%2015%3A00%3A00&e[0][date_end]=2026-11-25%2017%3A30%3A00&e[0][timezone]=America%2FChicago&e[0][title]=Teen%20Open%20Lab&e[0][location]=The%20Urbana%20Free%20Library%20-%20The%20Lewis%20Auditorium",FAILED,""
"https://urbanafreelibrary.libnet.info/event/17264239","https://addtocalendar.com/atc/outlook?utz=0&uln=en-US@posix&vjs=1.5&e[0][date_start]=2026-11-25%2015%3A00%3A00&e[0][date_end]=2026-11-25%2017%3A30%3A00&e[0][timezone]=America%2FChicago&e[0][title]=Teen%20Open%20Lab&e[0][location]=The%20Urbana%20Free%20Library%20-%20The%20Lewis%20Auditorium",FAILED,""
"https://urbanafreelibrary.libnet.info/event/17264239","https://addtocalendar.com/atc/outlookonline?utz=0&uln=en-US@posix&vjs=1.5&e[0][date_start]=2026-11-25%2015%3A00%3A00&e[0][date_end]=2026-11-25%2017%3A30%3A00&e[0][timezone]=America%2FChicago&e[0][title]=Teen%20Open%20Lab&e[0][location]=The%20Urbana%20Free%20Library%20-%20The%20Lewis%20Auditorium",FAILED,""
"https://urbanafreelibrary.libnet.info/event/17264239","https://addtocalendar.com/atc/yahoo?utz=0&uln=en-US@posix&vjs=1.5&e[0][date_start]=2026-11-25%2015%3A00%3A00&e[0][date_end]=2026-11-25%2017%3A30%3A00&e[0][timezone]=America%2FChicago&e[0][title]=Teen%20Open%20Lab&e[0][location]=The%20Urbana%20Free%20Library%20-%20The%20Lewis%20Auditorium",FAILED,""
"https://urbanafreelibrary.libnet.info/event/3300478","https://addtocalendar.com/atc/ical?utz=0&uln=en-US@posix&vjs=1.5&e[0][date_start]=2026-11-26%2000%3A00%3A00&e[0][date_end]=2026-11-26%2023%3A59%3A00&e[0][timezone]=America%2FChicago&e[0][title]=Thanksgiving%20Day&e[0][location]=The%20Urbana%20Free%20Library%20-%20",FAILED,""
"https://urbanafreelibrary.libnet.info/event/3300478","https://addtocalendar.com/atc/google?utz=0&uln=en-US@posix&vjs=1.5&e[0][date_start]=2026-11-26%2000%3A00%3A00&e[0][date_end]=2026-11-26%2023%3A59%3A00&e[0][timezone]=America%2FChicago&e[0][title]=Thanksgiving%20Day&e[0][location]=The%20Urbana%20Free%20Library%20-%20",FAILED,""
"https://urbanafreelibrary.libnet.info/event/3300478","https://addtocalendar.com/atc/outlook?utz=0&uln=en-US@posix&vjs=1.5&e[0][date_start]=2026-11-26%2000%3A00%3A00&e[0][date_end]=2026-11-26%2023%3A59%3A00&e[0][timezone]=America%2FChicago&e[0][title]=Thanksgiving%20Day&e[0][location]=The%20Urbana%20Free%20Library%20-%20",FAILED,""
"https://urbanafreelibrary.libnet.info/event/3300478","https://addtocalendar.com/atc/outlookonline?utz=0&uln=en-US@posix&vjs=1.5&e[0][date_start]=2026-11-26%2000%3A00%3A00&e[0][date_end]=2026-11-26%2023%3A59%3A00&e[0][timezone]=America%2FChicago&e[0][title]=Thanksgiving%20Day&e[0][location]=The%20Urbana%20Free%20Library%20-%20",FAILED,""
"https://urbanafreelibrary.libnet.info/event/3300478","https://addtocalendar.com/atc/yahoo?utz=0&uln=en-US@posix&vjs=1.5&e[0][date_start]=2026-11-26%2000%3A00%3A00&e[0][date_end]=2026-11-26%2023%3A59%3A00&e[0][timezone]=America%2FChicago&e[0][title]=Thanksgiving%20Day&e[0][location]=The%20Urbana%20Free%20Library%20-%20",FAILED,""
"https://urbanafreelibrary.libnet.info/event/17387925","https://addtocalendar.com/atc/ical?utz=0&uln=en-US@posix&vjs=1.5&e[0][date_start]=2026-11-28%2010%3A30%3A00&e[0][date_end]=2026-11-28%2011%3A00%3A00&e[0][timezone]=America%2FChicago&e[0][title]=Saturday%20Story%20Time&e[0][location]=The%20Urbana%20Free%20Library%20-%20The%20Lewis%20Auditorium",FAILED,""
"https://urbanafreelibrary.libnet.info/event/17387925","https://addtocalendar.com/atc/google?utz=0&uln=en-US@posix&vjs=1.5&e[0][date_start]=2026-11-28%2010%3A30%3A00&e[0][date_end]=2026-11-28%2011%3A00%3A00&e[0][timezone]=America%2FChicago&e[0][title]=Saturday%20Story%20Time&e[0][location]=The%20Urbana%20Free%20Library%20-%20The%20Lewis%20Auditorium",FAILED,""
"https://urbanafreelibrary.libnet.info/event/17387925","https://addtocalendar.com/atc/outlook?utz=0&uln=en-US@posix&vjs=1.5&e[0][date_start]=2026-11-28%2010%3A30%3A00&e[0][date_end]=2026-11-28%2011%3A00%3A00&e[0][timezone]=America%2FChicago&e[0][title]=Saturday%20Story%20Time&e[0][location]=The%20Urbana%20Free%20Library%20-%20The%20Lewis%20Auditorium",FAILED,""
"https://urbanafreelibrary.libnet.info/event/17387925","https://addtocalendar.com/atc/outlookonline?utz=0&uln=en-US@posix&vjs=1.5&e[0][date_start]=2026-11-28%2010%3A30%3A00&e[0][date_end]=2026-11-28%2011%3A00%3A00&e[0][timezone]=America%2FChicago&e[0][title]=Saturday%20Story%20Time&e[0][location]=The%20Urbana%20Free%20Library%20-%20The%20Lewis%20Auditorium",FAILED,""
"https://urbanafreelibrary.libnet.info/event/17387925","https://addtocalendar.com/atc/yahoo?utz=0&uln=en-US@posix&vjs=1.5&e[0][date_start]=2026-11-28%2010%3A30%3A00&e[0][date_end]=2026-11-28%2011%3A00%3A00&e[0][timezone]=America%2FChicago&e[0][title]=Saturday%20Story%20Time&e[0][location]=The%20Urbana%20Free%20Library%20-%20The%20Lewis%20Auditorium",FAILED,""
"https://urbanafreelibrary.libnet.info/event/16603865","https://addtocalendar.com/atc/ical?utz=0&uln=en-US@posix&vjs=1.5&e[0][date_start]=2026-11-30%2010%3A00%3A00&e[0][date_end]=2026-11-30%2012%3A00%3A00&e[0][timezone]=America%2FChicago&e[0][title]=Project%20Read&e[0][location]=The%20Urbana%20Free%20Library%20-%20The%20Lewis%20Auditorium",FAILED,""
"https://urbanafreelibrary.libnet.info/event/16603865","https://addtocalendar.com/atc/google?utz=0&uln=en-US@posix&vjs=1.5&e[0][date_start]=2026-11-30%2010%3A00%3A00&e[0][date_end]=2026-11-30%2012%3A00%3A00&e[0][timezone]=America%2FChicago&e[0][title]=Project%20Read&e[0][location]=The%20Urbana%20Free%20Library%20-%20The%20Lewis%20Auditorium",FAILED,""
"https://urbanafreelibrary.libnet.info/event/16603865","https://addtocalendar.com/atc/outlook?utz=0&uln=en-US@posix&vjs=1.5&e[0][date_start]=2026-11-30%2010%3A00%3A00&e[0][date_end]=2026-11-30%2012%3A00%3A00&e[0][timezone]=America%2FChicago&e[0][title]=Project%20Read&e[0][location]=The%20Urbana%20Free%20Library%20-%20The%20Lewis%20Auditorium",FAILED,""
"https://urbanafreelibrary.libnet.info/event/16603865","https://addtocalendar.com/atc/outlookonline?utz=0&uln=en-US@posix&vjs=1.5&e[0][date_start]=2026-11-30%2010%3A00%3A00&e[0][date_end]=2026-11-30%2012%3A00%3A00&e[0][timezone]=America%2FChicago&e[0][title]=Project%20Read&e[0][location]=The%20Urbana%20Free%20Library%20-%20The%20Lewis%20Auditorium",FAILED,""
"https://urbanafreelibrary.libnet.info/event/16603865","https://addtocalendar.com/atc/yahoo?utz=0&uln=en-US@posix&vjs=1.5&e[0][date_start]=2026-11-30%2010%3A00%3A00&e[0][date_end]=2026-11-30%2012%3A00%3A00&e[0][timezone]=America%2FChicago&e[0][title]=Project%20Read&e[0][location]=The%20Urbana%20Free%20Library%20-%20The%20Lewis%20Auditorium",FAILED,""